ISO-10303-21;
HEADER;
FILE_DESCRIPTION((''),'2;1');
FILE_NAME('C-T4041017031-000','2017-02-06T',('workeradm'),(
'Tyco Electronics Ltd.'),'CREO PARAMETRIC BY PTC INC, 2016050',
'CREO PARAMETRIC BY PTC INC, 2016050','');
FILE_SCHEMA(('AUTOMOTIVE_DESIGN { 1 0 10303 214 1 1 1 1 }'));
ENDSEC;
DATA;
#134=CARTESIAN_POINT('',(4.5E0,1.789965859801E0,-1.342930701471E0));
#135=CARTESIAN_POINT('',(4.5E0,1.664247545794E0,-1.296464727891E0));
#136=CARTESIAN_POINT('',(4.5E0,1.416013357699E0,-1.213216596140E0));
#137=CARTESIAN_POINT('',(4.5E0,1.055269284362E0,-1.117713884886E0));
#138=CARTESIAN_POINT('',(4.5E0,7.004590034169E-1,-1.049743570899E0));
#139=CARTESIAN_POINT('',(4.5E0,3.495338529667E-1,-1.009047191189E0));
#140=CARTESIAN_POINT('',(4.5E0,1.162890268469E-1,-1.E0));
#141=CARTESIAN_POINT('',(4.5E0,0.E0,-1.E0));
#143=CARTESIAN_POINT('',(0.E0,0.E0,-1.E0));
#144=DIRECTION('',(0.E0,0.E0,1.E0));
#145=DIRECTION('',(1.E0,0.E0,0.E0));
#146=AXIS2_PLACEMENT_3D('',#143,#144,#145);
#148=CARTESIAN_POINT('',(-4.5E0,0.E0,-1.E0));
#149=CARTESIAN_POINT('',(-4.5E0,9.612658013275E-2,-1.E0));
#150=CARTESIAN_POINT('',(-4.5E0,2.887682242748E-1,-1.006177312432E0));
#151=CARTESIAN_POINT('',(-4.5E0,5.782461594470E-1,-1.033946700910E0));
#152=CARTESIAN_POINT('',(-4.5E0,7.728750610695E-1,-1.064882209317E0));
#153=CARTESIAN_POINT('',(-4.5E0,8.704969335800E-1,-1.083422837942E0));
#155=CARTESIAN_POINT('',(-4.5E0,8.704969335800E-1,-1.083422837942E0));
#156=CARTESIAN_POINT('',(-4.473361696279E0,1.026547825982E0,-1.086907014973E0));
#157=CARTESIAN_POINT('',(-4.403851318764E0,1.336153854220E0,-1.093873398846E0));
#158=CARTESIAN_POINT('',(-4.251866066480E0,1.788062981205E0,-1.104317062066E0));
#159=CARTESIAN_POINT('',(-4.053657477878E0,2.222584019618E0,-1.114754818777E0));
#160=CARTESIAN_POINT('',(-3.811219886042E0,2.635008480053E0,-1.125186698440E0));
#161=CARTESIAN_POINT('',(-3.527025714281E0,3.020855422944E0,-1.135612700645E0));
#162=CARTESIAN_POINT('',(-3.203997697096E0,3.375922333847E0,-1.146032861259E0));
#163=CARTESIAN_POINT('',(-2.845477885328E0,3.696328830487E0,-1.156447229270E0));
#164=CARTESIAN_POINT('',(-2.455195073731E0,3.978556113466E0,-1.166855790984E0));
#165=CARTESIAN_POINT('',(-2.037224320957E0,4.219487054536E0,-1.177258516470E0));
#166=CARTESIAN_POINT('',(-1.595940253826E0,4.416441257873E0,-1.187655437485E0));
#167=CARTESIAN_POINT('',(-1.135971481626E0,4.567202227268E0,-1.198046612825E0));
#168=CARTESIAN_POINT('',(-6.621524581357E-1,4.670039582296E0,
-1.208432103479E0));
#169=CARTESIAN_POINT('',(-1.794843617741E-1,4.723728715287E0,
-1.218811723461E0));
#170=CARTESIAN_POINT('',(3.069609222022E-1,4.727566057002E0,-1.229185959836E0));
#171=CARTESIAN_POINT('',(7.920249024971E-1,4.681371363982E0,-1.239554480438E0));
#172=CARTESIAN_POINT('',(1.270574946483E0,4.585496673483E0,-1.249917379358E0));
#173=CARTESIAN_POINT('',(1.737534049376E0,4.440819147887E0,-1.260274647471E0));
#174=CARTESIAN_POINT('',(2.187938263109E0,4.248734579513E0,-1.270626245805E0));
#175=CARTESIAN_POINT('',(2.616996115695E0,4.011138477921E0,-1.280972271447E0));
#176=CARTESIAN_POINT('',(3.020127081316E0,3.730412113657E0,-1.291312673013E0));
#177=CARTESIAN_POINT('',(3.393021886048E0,3.409391025030E0,-1.301647543311E0));
#178=CARTESIAN_POINT('',(3.731676751425E0,3.051343220327E0,-1.311976828140E0));
#179=CARTESIAN_POINT('',(4.032445787989E0,2.659926918708E0,-1.322300603457E0));
#180=CARTESIAN_POINT('',(4.292072171797E0,2.239158201775E0,-1.332618876818E0));
#181=CARTESIAN_POINT('',(4.435840434167E0,1.941965704336E0,-1.339494039899E0));
#182=CARTESIAN_POINT('',(4.5E0,1.789965859801E0,-1.342930701471E0));
#184=CARTESIAN_POINT('',(4.5E0,0.E0,-1.E0));
#185=CARTESIAN_POINT('',(4.5E0,-1.073978126294E-1,-1.E0));
#186=CARTESIAN_POINT('',(4.5E0,-3.227030762808E-1,-1.007710216992E0));
#187=CARTESIAN_POINT('',(4.5E0,-6.465201344656E-1,-1.042411531702E0));
#188=CARTESIAN_POINT('',(4.5E0,-9.732056131525E-1,-1.100287256057E0));
#189=CARTESIAN_POINT('',(4.5E0,-1.304842489968E0,-1.181690559936E0));
#190=CARTESIAN_POINT('',(4.5E0,-1.643490533107E0,-1.287073859191E0));
#191=CARTESIAN_POINT('',(4.5E0,-1.878058077600E0,-1.374961692386E0));
#192=CARTESIAN_POINT('',(4.5E0,-1.997158289820E0,-1.423275457924E0));
#194=CARTESIAN_POINT('',(4.5E0,-1.997158289820E0,-1.423275457924E0));
#195=CARTESIAN_POINT('',(4.439528119500E0,-2.141309625129E0,-1.426478523076E0));
#196=CARTESIAN_POINT('',(4.304751606346E0,-2.424057117235E0,-1.432883082631E0));
#197=CARTESIAN_POINT('',(4.062824376658E0,-2.827620190926E0,-1.442485193525E0));
#198=CARTESIAN_POINT('',(3.783232835448E0,-3.206915204582E0,-1.452082624559E0));
#199=CARTESIAN_POINT('',(3.468416743326E0,-3.558448939109E0,-1.461675484607E0));
#200=CARTESIAN_POINT('',(3.121141381478E0,-3.878969667214E0,-1.471263770744E0));
#201=CARTESIAN_POINT('',(2.744472098836E0,-4.165500480095E0,-1.480847433466E0));
#202=CARTESIAN_POINT('',(2.341745799546E0,-4.415368287226E0,-1.490426409956E0));
#203=CARTESIAN_POINT('',(2.058271445454E0,-4.555943485074E0,-1.496809318623E0));
#204=CARTESIAN_POINT('',(1.913417161825E0,-4.619397662556E0,-1.5E0));
#206=CARTESIAN_POINT('',(0.E0,0.E0,-1.5E0));
#207=DIRECTION('',(0.E0,0.E0,-1.E0));
#208=DIRECTION('',(3.826834323651E-1,-9.238795325113E-1,0.E0));
#209=AXIS2_PLACEMENT_3D('',#206,#207,#208);
#211=CARTESIAN_POINT('',(-1.913417161825E0,-4.619397662556E0,-1.5E0));
#212=CARTESIAN_POINT('',(-1.753276601690E0,-4.672027576385E0,
-1.487340560971E0));
#213=CARTESIAN_POINT('',(-1.428558995824E0,-4.760733550184E0,
-1.461997546491E0));
#214=CARTESIAN_POINT('',(-9.333291530285E-1,-4.843218822082E0,
-1.423910156832E0));
#215=CARTESIAN_POINT('',(-4.351862720751E-1,-4.874747861791E0,
-1.385751275270E0));
#216=CARTESIAN_POINT('',(6.059906550416E-2,-4.855497371582E0,
-1.347524596427E0));
#217=CARTESIAN_POINT('',(5.490418518140E-1,-4.786146177932E0,
-1.309215743186E0));
#218=CARTESIAN_POINT('',(1.024950040308E0,-4.667917185467E0,-1.270834581192E0));
#219=CARTESIAN_POINT('',(1.483468120331E0,-4.502540559210E0,-1.232377479291E0));
#220=CARTESIAN_POINT('',(1.919905084502E0,-4.292240741658E0,-1.193844584108E0));
#221=CARTESIAN_POINT('',(2.329847703249E0,-4.039709326579E0,-1.155234933787E0));
#222=CARTESIAN_POINT('',(2.709190324608E0,-3.748075782147E0,-1.116547800463E0));
#223=CARTESIAN_POINT('',(3.054183025658E0,-3.420872831136E0,-1.077782367025E0));
#224=CARTESIAN_POINT('',(3.361470670258E0,-3.061997741648E0,-1.038937857724E0));
#225=CARTESIAN_POINT('',(3.539243672189E0,-2.804444047430E0,-1.012988144998E0));
#226=CARTESIAN_POINT('',(3.620947575528E0,-2.671841809554E0,-1.E0));
#228=CARTESIAN_POINT('',(0.E0,0.E0,-1.E0));
#229=DIRECTION('',(0.E0,0.E0,1.E0));
#230=DIRECTION('',(8.046550167840E-1,-5.937426243452E-1,0.E0));
#231=AXIS2_PLACEMENT_3D('',#228,#229,#230);
#233=CARTESIAN_POINT('',(-4.5E0,-6.677789671632E-1,-1.049277827193E0));
#234=CARTESIAN_POINT('',(-4.5E0,-5.559971591779E-1,-1.032869609643E0));
#235=CARTESIAN_POINT('',(-4.5E0,-3.329261080248E-1,-1.008198039362E0));
#236=CARTESIAN_POINT('',(-4.5E0,-1.108140816350E-1,-1.E0));
#237=CARTESIAN_POINT('',(-4.5E0,0.E0,-1.E0));
#239=CARTESIAN_POINT('',(0.E0,0.E0,-1.E0));
#240=DIRECTION('',(0.E0,0.E0,1.E0));
#241=DIRECTION('',(-1.E0,0.E0,0.E0));
#242=AXIS2_PLACEMENT_3D('',#239,#240,#241);
#244=CARTESIAN_POINT('',(-3.620947575528E0,-2.671841809554E0,-1.E0));
#245=CARTESIAN_POINT('',(-3.710704553227E0,-2.555741407117E0,
-1.003289644767E0));
#246=CARTESIAN_POINT('',(-3.878996119035E0,-2.314558580971E0,
-1.009867147747E0));
#247=CARTESIAN_POINT('',(-4.095254535669E0,-1.929231894284E0,
-1.019728019343E0));
#248=CARTESIAN_POINT('',(-4.273165756806E0,-1.523974857587E0,
-1.029583577716E0));
#249=CARTESIAN_POINT('',(-4.410923035677E0,-1.102609670429E0,
-1.039433795522E0));
#250=CARTESIAN_POINT('',(-4.475042058064E0,-8.136141679061E-1,
-1.045997073730E0));
#251=CARTESIAN_POINT('',(-4.5E0,-6.677789671632E-1,-1.049277827193E0));
#253=DIRECTION('',(0.E0,-1.E0,0.E0));
#254=VECTOR('',#253,2.595116313508E0);
#255=CARTESIAN_POINT('',(4.5E0,1.576396199721E0,-8.E0));
#256=LINE('',#255,#254);
#257=DIRECTION('',(0.E0,-1.E0,0.E0));
#258=VECTOR('',#257,2.595116313508E0);
#259=CARTESIAN_POINT('',(4.5E0,1.576396199721E0,-6.E0));
#260=LINE('',#259,#258);
#261=DIRECTION('',(2.131628207280E-14,-2.131628207280E-14,-1.E0));
#262=VECTOR('',#261,1.25E-1);
#263=CARTESIAN_POINT('',(-4.5E0,-2.179449471770E0,-1.615716853436E0));
#264=LINE('',#263,#262);
#265=CARTESIAN_POINT('',(-1.913417161825E0,-4.619397662556E0,-1.5E0));
#266=CARTESIAN_POINT('',(-2.052607444618E0,-4.561743159673E0,
-1.504795608249E0));
#267=CARTESIAN_POINT('',(-2.326457046166E0,-4.433569244454E0,
-1.514410170819E0));
#268=CARTESIAN_POINT('',(-2.720352135233E0,-4.203485604313E0,
-1.528915483585E0));
#269=CARTESIAN_POINT('',(-3.092715437458E0,-3.937623999274E0,
-1.543463973176E0));
#270=CARTESIAN_POINT('',(-3.438662844314E0,-3.639315505906E0,
-1.557989327851E0));
#271=CARTESIAN_POINT('',(-3.753970061574E0,-3.313023526385E0,
-1.572417626719E0));
#272=CARTESIAN_POINT('',(-4.038398974245E0,-2.959725299865E0,
-1.586840209659E0));
#273=CARTESIAN_POINT('',(-4.289965630555E0,-2.581644147738E0,
-1.601280643998E0));
#274=CARTESIAN_POINT('',(-4.434099778384E0,-2.315516401109E0,
-1.610904470237E0));
#275=CARTESIAN_POINT('',(-4.5E0,-2.179449471770E0,-1.615716853436E0));
#277=CARTESIAN_POINT('',(1.913417161825E0,-4.619397662556E0,-1.5E0));
#278=CARTESIAN_POINT('',(1.758182625942E0,-4.683697912668E0,-1.505348390749E0));
#279=CARTESIAN_POINT('',(1.441220314699E0,-4.796637454425E0,-1.516045367044E0));
#280=CARTESIAN_POINT('',(9.511147592166E-1,-4.917340793265E0,
-1.532091657139E0));
#281=CARTESIAN_POINT('',(4.513458099045E-1,-4.988097632511E0,
-1.548138049101E0));
#282=CARTESIAN_POINT('',(-5.292774157557E-2,-5.008198790137E0,
-1.564181919766E0));
#283=CARTESIAN_POINT('',(-5.568473914332E-1,-4.977430096720E0,
-1.580231648996E0));
#284=CARTESIAN_POINT('',(-1.055062204897E0,-4.896091682132E0,
-1.596279859015E0));
#285=CARTESIAN_POINT('',(-1.542569775291E0,-4.765013806345E0,
-1.612328429984E0));
#286=CARTESIAN_POINT('',(-2.014404612608E0,-4.585526052537E0,
-1.628376961231E0));
#287=CARTESIAN_POINT('',(-2.465772849200E0,-4.359454091042E0,
-1.644425427325E0));
#288=CARTESIAN_POINT('',(-2.892093108530E0,-4.089092117195E0,
-1.660473978786E0));
#289=CARTESIAN_POINT('',(-3.289034199964E0,-3.777185679062E0,
-1.676522633991E0));
#290=CARTESIAN_POINT('',(-3.652560463716E0,-3.426905136658E0,
-1.692571287319E0));
#291=CARTESIAN_POINT('',(-3.978976347304E0,-3.041812390842E0,
-1.708619814075E0));
#292=CARTESIAN_POINT('',(-4.264967888654E0,-2.625818847852E0,
-1.724668276854E0));
#293=CARTESIAN_POINT('',(-4.426744138479E0,-2.330703896852E0,
-1.735367322454E0));
#294=CARTESIAN_POINT('',(-4.5E0,-2.179449471770E0,-1.740716853436E0));
#296=CARTESIAN_POINT('',(4.5E0,2.179449471770E0,-2.115716853436E0));
#297=CARTESIAN_POINT('',(4.426048073589E0,2.332141090989E0,-2.110316492110E0));
#298=CARTESIAN_POINT('',(4.262586912947E0,2.629991488838E0,-2.099515704078E0));
#299=CARTESIAN_POINT('',(3.973258926471E0,3.049543888997E0,-2.083314298189E0));
#300=CARTESIAN_POINT('',(3.642790467387E0,3.437525785661E0,-2.067112751571E0));
#301=CARTESIAN_POINT('',(3.274601979049E0,3.789919382954E0,-2.050911060553E0));
#302=CARTESIAN_POINT('',(2.872506958787E0,4.103073393229E0,-2.034709312651E0));
#303=CARTESIAN_POINT('',(2.440669015825E0,4.373744648455E0,-2.018507530480E0));
#304=CARTESIAN_POINT('',(1.983561223637E0,4.599129477338E0,-2.002305782114E0));
#305=CARTESIAN_POINT('',(1.505916921043E0,4.776894441696E0,-1.986104076946E0));
#306=CARTESIAN_POINT('',(1.012684136418E0,4.905198820915E0,-1.969902492254E0));
#307=CARTESIAN_POINT('',(5.089724746395E-1,4.982715001937E0,-1.953701106422E0));
#308=CARTESIAN_POINT('',(-1.486613837587E-8,5.008642484031E0,
-1.937499999471E0));
#309=CARTESIAN_POINT('',(-5.089723156601E-1,4.982715061940E0,
-1.921298898862E0));
#310=CARTESIAN_POINT('',(-1.012686351578E0,4.905198416549E0,-1.905097436188E0));
#311=CARTESIAN_POINT('',(-1.505918508044E0,4.776893875047E0,-1.888895869600E0));
#312=CARTESIAN_POINT('',(-1.983561063900E0,4.599129499115E0,-1.872694222796E0));
#313=CARTESIAN_POINT('',(-2.440668598917E0,4.373744898918E0,-1.856492484922E0));
#314=CARTESIAN_POINT('',(-2.872507548803E0,4.103073060079E0,-1.840290665935E0));
#315=CARTESIAN_POINT('',(-3.274603962283E0,3.789917716280E0,-1.824088857135E0));
#316=CARTESIAN_POINT('',(-3.642792229444E0,3.437523898957E0,-1.807887166432E0));
#317=CARTESIAN_POINT('',(-3.973260296163E0,3.049542080251E0,-1.791685629712E0));
#318=CARTESIAN_POINT('',(-4.262587674083E0,2.629990184753E0,-1.775484247972E0));
#319=CARTESIAN_POINT('',(-4.426048320695E0,2.332140580779E0,-1.764683489845E0));
#320=CARTESIAN_POINT('',(-4.5E0,2.179449471770E0,-1.759283146564E0));
#322=DIRECTION('',(-2.131628207280E-14,-5.684341886081E-14,-1.E0));
#323=VECTOR('',#322,1.25E-1);
#324=CARTESIAN_POINT('',(-4.5E0,2.179449471770E0,-1.759283146564E0));
#325=LINE('',#324,#323);
#326=CARTESIAN_POINT('',(-4.5E0,2.179449471770E0,-1.884283146564E0));
#327=CARTESIAN_POINT('',(-4.426048187803E0,2.332140855166E0,-1.889683499550E0));
#328=CARTESIAN_POINT('',(-4.262587231242E0,2.629990940371E0,-1.900484275803E0));
#329=CARTESIAN_POINT('',(-3.973259475136E0,3.049543189859E0,-1.916685673559E0));
#330=CARTESIAN_POINT('',(-3.642790717514E0,3.437525530651E0,-1.932887237102E0));
#331=CARTESIAN_POINT('',(-3.274602368966E0,3.789919047255E0,-1.949088923073E0));
#332=CARTESIAN_POINT('',(-2.872507114337E0,4.103073292922E0,-1.965290681496E0));
#333=CARTESIAN_POINT('',(-2.440669160691E0,4.373744575396E0,-1.981492464350E0));
#334=CARTESIAN_POINT('',(-1.983561087351E0,4.599129535776E0,-1.997694222595E0));
#335=CARTESIAN_POINT('',(-1.505917324431E0,4.776894279661E0,-2.013895909282E0));
#336=CARTESIAN_POINT('',(-1.012685292205E0,4.905198580547E0,-2.030097470248E0));
#337=CARTESIAN_POINT('',(-5.089729716405E-1,4.982714985101E0,
-2.046298877815E0));
#338=CARTESIAN_POINT('',(1.686451704674E-7,5.008642486319E0,-2.062500005409E0));
#339=CARTESIAN_POINT('',(5.089721566308E-1,4.982715069625E0,-2.078701096080E0));
#340=CARTESIAN_POINT('',(1.012686278698E0,4.905198440237E0,-2.094902561401E0));
#341=CARTESIAN_POINT('',(1.505918624706E0,4.776893841540E0,-2.111104134249E0));
#342=CARTESIAN_POINT('',(1.983561141636E0,4.599129460815E0,-2.127305779955E0));
#343=CARTESIAN_POINT('',(2.440668545534E0,4.373744924228E0,-2.143507513199E0));
#344=CARTESIAN_POINT('',(2.872507431051E0,4.103073138626E0,-2.159709329589E0));
#345=CARTESIAN_POINT('',(3.274603943937E0,3.789917756747E0,-2.175911141559E0));
#346=CARTESIAN_POINT('',(3.642792582837E0,3.437523518348E0,-2.192112850095E0));
#347=CARTESIAN_POINT('',(3.973260226973E0,3.049542156998E0,-2.208314366986E0));
#348=CARTESIAN_POINT('',(4.262587811939E0,2.629989978910E0,-2.224515759921E0));
#349=CARTESIAN_POINT('',(4.426048359987E0,2.332140499651E0,-2.235316513024E0));
#350=CARTESIAN_POINT('',(4.5E0,2.179449471770E0,-2.240716853436E0));
#352=DIRECTION('',(0.E0,0.E0,-1.E0));
#353=VECTOR('',#352,1.25E-1);
#354=CARTESIAN_POINT('',(4.5E0,2.179449471770E0,-2.115716853436E0));
#355=LINE('',#354,#353);
#356=CARTESIAN_POINT('',(4.5E0,2.179449471770E0,-3.115716853436E0));
#357=CARTESIAN_POINT('',(4.426048360035E0,2.332140499551E0,-3.110316513027E0));
#358=CARTESIAN_POINT('',(4.262587812103E0,2.629989978622E0,-3.099515759931E0));
#359=CARTESIAN_POINT('',(3.973260227368E0,3.049542156466E0,-3.083314367007E0));
#360=CARTESIAN_POINT('',(3.642792583506E0,3.437523517619E0,-3.067112850127E0));
#361=CARTESIAN_POINT('',(3.274603944946E0,3.789917755873E0,-3.050911141601E0));
#362=CARTESIAN_POINT('',(2.872507432342E0,4.103073137665E0,-3.034709329640E0));
#363=CARTESIAN_POINT('',(2.440668547478E0,4.373744923259E0,-3.018507513269E0));
#364=CARTESIAN_POINT('',(1.983561142955E0,4.599129459856E0,-3.002305780003E0));
#365=CARTESIAN_POINT('',(1.505918630224E0,4.776893840848E0,-2.986104134429E0));
#366=CARTESIAN_POINT('',(1.012686270427E0,4.905198439196E0,-2.969902561141E0));
#367=CARTESIAN_POINT('',(5.089722016623E-1,4.982715070875E0,-2.953701097509E0));
#368=CARTESIAN_POINT('',(1.649994305075E-8,5.008642480345E0,-2.937500000583E0));
#369=CARTESIAN_POINT('',(-5.089723863016E-1,4.982715007747E0,
-2.921298896383E0));
#370=CARTESIAN_POINT('',(-1.012684027395E0,4.905198848760E0,-2.905097511320E0));
#371=CARTESIAN_POINT('',(-1.505917074356E0,4.776894401125E0,-2.888895918017E0));
#372=CARTESIAN_POINT('',(-1.983561433123E0,4.599129386780E0,-2.872694210641E0));
#373=CARTESIAN_POINT('',(-2.440669183208E0,4.373744551549E0,-2.856492463373E0));
#374=CARTESIAN_POINT('',(-2.872507020643E0,4.103073346378E0,-2.840290684883E0));
#375=CARTESIAN_POINT('',(-3.274602051907E0,3.789919325859E0,-2.824088936508E0));
#376=CARTESIAN_POINT('',(-3.642790657323E0,3.437525591532E0,-2.807887239800E0));
#377=CARTESIAN_POINT('',(-3.973259126527E0,3.049543628289E0,-2.791685691373E0));
#378=CARTESIAN_POINT('',(-4.262587051181E0,2.629991255615E0,-2.775484287310E0));
#379=CARTESIAN_POINT('',(-4.426048120752E0,2.332140993609E0,-2.764683504446E0));
#380=CARTESIAN_POINT('',(-4.5E0,2.179449471770E0,-2.759283146564E0));
#382=DIRECTION('',(0.E0,0.E0,-1.E0));
#383=VECTOR('',#382,1.25E-1);
#384=CARTESIAN_POINT('',(-4.5E0,2.179449471770E0,-2.759283146564E0));
#385=LINE('',#384,#383);
#386=CARTESIAN_POINT('',(-4.5E0,2.179449471770E0,-2.884283146564E0));
#387=CARTESIAN_POINT('',(-4.426047761785E0,2.332141734783E0,-2.889683530660E0));
#388=CARTESIAN_POINT('',(-4.262586017687E0,2.629992902542E0,-2.900484349111E0));
#389=CARTESIAN_POINT('',(-3.973258855853E0,3.049543926334E0,-2.916685704075E0));
#390=CARTESIAN_POINT('',(-3.642790294377E0,3.437525982492E0,-2.932887256802E0));
#391=CARTESIAN_POINT('',(-3.274601934977E0,3.789919413199E0,-2.949088941107E0));
#392=CARTESIAN_POINT('',(-2.872506820627E0,4.103073496600E0,-2.965290692839E0));
#393=CARTESIAN_POINT('',(-2.440668873483E0,4.373744722130E0,-2.981492474614E0));
#394=CARTESIAN_POINT('',(-1.983561193113E0,4.599129491122E0,-2.997694218920E0));
#395=CARTESIAN_POINT('',(-1.505917109198E0,4.776894345785E0,-3.013895916467E0));
#396=CARTESIAN_POINT('',(-1.012685498233E0,4.905198533822E0,-3.030097463511E0));
#397=CARTESIAN_POINT('',(-5.089728286693E-1,4.982715009691E0,
-3.046298882436E0));
#398=CARTESIAN_POINT('',(2.350576364107E-7,5.008642478841E0,-3.062500007494E0));
#399=CARTESIAN_POINT('',(5.089718021822E-1,4.982715074944E0,-3.078701084842E0));
#400=CARTESIAN_POINT('',(1.012684478744E0,4.905198748341E0,-3.094902503437E0));
#401=CARTESIAN_POINT('',(1.505915776996E0,4.776894751311E0,-3.111104039257E0));
#402=CARTESIAN_POINT('',(1.983559695034E0,4.599130128071E0,-3.127305729362E0));
#403=CARTESIAN_POINT('',(2.440667148652E0,4.373745671705E0,-3.143507462836E0));
#404=CARTESIAN_POINT('',(2.872505361490E0,4.103074561568E0,-3.159709249790E0));
#405=CARTESIAN_POINT('',(3.274602016296E0,3.789919440441E0,-3.175911060279E0));
#406=CARTESIAN_POINT('',(3.642791500034E0,3.437524746521E0,-3.192112798046E0));
#407=CARTESIAN_POINT('',(3.973259995206E0,3.049542438810E0,-3.208314355434E0));
#408=CARTESIAN_POINT('',(4.262586886163E0,2.629991448352E0,-3.224515704702E0));
#409=CARTESIAN_POINT('',(4.426048056079E0,2.332141127143E0,-3.235316490831E0));
#410=CARTESIAN_POINT('',(4.5E0,2.179449471770E0,-3.240716853436E0));
#412=DIRECTION('',(0.E0,0.E0,1.E0));
#413=VECTOR('',#412,1.25E-1);
#414=CARTESIAN_POINT('',(4.5E0,2.179449471770E0,-3.240716853436E0));
#415=LINE('',#414,#413);
#416=CARTESIAN_POINT('',(4.5E0,2.179449471770E0,-4.115716853436E0));
#417=CARTESIAN_POINT('',(4.426048056079E0,2.332141127143E0,-4.110316490831E0));
#418=CARTESIAN_POINT('',(4.262586886163E0,2.629991448352E0,-4.099515704702E0));
#419=CARTESIAN_POINT('',(3.973259995206E0,3.049542438810E0,-4.083314355434E0));
#420=CARTESIAN_POINT('',(3.642791500034E0,3.437524746521E0,-4.067112798046E0));
#421=CARTESIAN_POINT('',(3.274602016296E0,3.789919440441E0,-4.050911060279E0));
#422=CARTESIAN_POINT('',(2.872505361490E0,4.103074561568E0,-4.034709249790E0));
#423=CARTESIAN_POINT('',(2.440667148652E0,4.373745671705E0,-4.018507462836E0));
#424=CARTESIAN_POINT('',(1.983559695034E0,4.599130128071E0,-4.002305729362E0));
#425=CARTESIAN_POINT('',(1.505915776996E0,4.776894751311E0,-3.986104039257E0));
#426=CARTESIAN_POINT('',(1.012684478744E0,4.905198748341E0,-3.969902503437E0));
#427=CARTESIAN_POINT('',(5.089718021822E-1,4.982715074944E0,-3.953701084842E0));
#428=CARTESIAN_POINT('',(2.350576532306E-7,5.008642478841E0,-3.937500007494E0));
#429=CARTESIAN_POINT('',(-5.089728286693E-1,4.982715009691E0,
-3.921298882436E0));
#430=CARTESIAN_POINT('',(-1.012685498233E0,4.905198533822E0,-3.905097463511E0));
#431=CARTESIAN_POINT('',(-1.505917109198E0,4.776894345785E0,-3.888895916467E0));
#432=CARTESIAN_POINT('',(-1.983561193113E0,4.599129491122E0,-3.872694218920E0));
#433=CARTESIAN_POINT('',(-2.440668873483E0,4.373744722130E0,-3.856492474614E0));
#434=CARTESIAN_POINT('',(-2.872506820627E0,4.103073496600E0,-3.840290692839E0));
#435=CARTESIAN_POINT('',(-3.274601934977E0,3.789919413199E0,-3.824088941107E0));
#436=CARTESIAN_POINT('',(-3.642790294377E0,3.437525982492E0,-3.807887256802E0));
#437=CARTESIAN_POINT('',(-3.973258855853E0,3.049543926334E0,-3.791685704075E0));
#438=CARTESIAN_POINT('',(-4.262586017687E0,2.629992902542E0,-3.775484349111E0));
#439=CARTESIAN_POINT('',(-4.426047761785E0,2.332141734783E0,-3.764683530660E0));
#440=CARTESIAN_POINT('',(-4.5E0,2.179449471770E0,-3.759283146564E0));
#442=DIRECTION('',(1.421085471520E-14,4.263256414561E-14,-1.E0));
#443=VECTOR('',#442,1.25E-1);
#444=CARTESIAN_POINT('',(-4.5E0,2.179449471770E0,-3.759283146564E0));
#445=LINE('',#444,#443);
#446=CARTESIAN_POINT('',(-1.545084971875E0,4.755282581476E0,-4.0125E0));
#447=CARTESIAN_POINT('',(-1.704046602142E0,4.703632816856E0,-4.007179700147E0));
#448=CARTESIAN_POINT('',(-2.017082275195E0,4.584241153200E0,-3.996528650081E0));
#449=CARTESIAN_POINT('',(-2.465996080980E0,4.359291680649E0,-3.980565854871E0));
#450=CARTESIAN_POINT('',(-2.893275756532E0,4.088337583671E0,-3.964481446641E0));
#451=CARTESIAN_POINT('',(-3.291061479889E0,3.775427202736E0,-3.948392176457E0));
#452=CARTESIAN_POINT('',(-3.653244153574E0,3.426003446335E0,-3.932392927256E0));
#453=CARTESIAN_POINT('',(-3.977314664051E0,3.043872620347E0,-3.916464272263E0));
#454=CARTESIAN_POINT('',(-4.263831910430E0,2.627762058209E0,-3.900403136294E0));
#455=CARTESIAN_POINT('',(-4.426304036941E0,2.331612592807E0,-3.889664816091E0));
#456=CARTESIAN_POINT('',(-4.5E0,2.179449471770E0,-3.884283146564E0));
#458=CARTESIAN_POINT('',(-1.545084971875E0,4.755282581476E0,-4.0125E0));
#459=CARTESIAN_POINT('',(-1.382753626374E0,4.808027232945E0,-4.017933081129E0));
#460=CARTESIAN_POINT('',(-1.052681199043E0,4.896879504181E0,-4.028799371915E0));
#461=CARTESIAN_POINT('',(-5.464993424376E-1,4.978845064738E0,
-4.045100129606E0));
#462=CARTESIAN_POINT('',(-3.463652208273E-2,5.008629028380E0,
-4.061399401032E0));
#463=CARTESIAN_POINT('',(4.776618848312E-1,4.985922014258E0,-4.077700990399E0));
#464=CARTESIAN_POINT('',(9.849380171553E-1,4.910954179180E0,-4.094002075716E0));
#465=CARTESIAN_POINT('',(1.481905453750E0,4.784510036103E0,-4.110303646202E0));
#466=CARTESIAN_POINT('',(1.963343133507E0,4.607913160365E0,-4.126605335482E0));
#467=CARTESIAN_POINT('',(2.424203725025E0,4.383014662462E0,-4.142907122619E0));
#468=CARTESIAN_POINT('',(2.859655019027E0,4.112171510219E0,-4.159208971867E0));
#469=CARTESIAN_POINT('',(3.265130276400E0,3.798223963983E0,-4.175510802777E0));
#470=CARTESIAN_POINT('',(3.636378436650E0,3.444463918951E0,-4.191812575490E0));
#471=CARTESIAN_POINT('',(3.969506714832E0,3.054602216064E0,-4.208114201256E0));
#472=CARTESIAN_POINT('',(4.261024230104E0,2.632726437654E0,-4.224415671351E0));
#473=CARTESIAN_POINT('',(4.425591496928E0,2.333083803816E0,-4.235283150464E0));
#474=CARTESIAN_POINT('',(4.5E0,2.179449471770E0,-4.240716853436E0));
#476=DIRECTION('',(3.552713678801E-14,-8.171241461241E-14,-1.E0));
#477=VECTOR('',#476,1.25E-1);
#478=CARTESIAN_POINT('',(4.5E0,2.179449471770E0,-4.115716853436E0));
#479=LINE('',#478,#477);
#480=CARTESIAN_POINT('',(4.5E0,2.179449471770E0,-5.115716853436E0));
#481=CARTESIAN_POINT('',(4.425591496928E0,2.333083803816E0,-5.110283150464E0));
#482=CARTESIAN_POINT('',(4.261024230104E0,2.632726437654E0,-5.099415671351E0));
#483=CARTESIAN_POINT('',(3.969506714832E0,3.054602216064E0,-5.083114201256E0));
#484=CARTESIAN_POINT('',(3.636378436650E0,3.444463918951E0,-5.066812575490E0));
#485=CARTESIAN_POINT('',(3.265130276400E0,3.798223963983E0,-5.050510802777E0));
#486=CARTESIAN_POINT('',(2.859655019027E0,4.112171510219E0,-5.034208971867E0));
#487=CARTESIAN_POINT('',(2.424203725025E0,4.383014662462E0,-5.017907122619E0));
#488=CARTESIAN_POINT('',(1.963343133507E0,4.607913160365E0,-5.001605335482E0));
#489=CARTESIAN_POINT('',(1.481905453750E0,4.784510036103E0,-4.985303646202E0));
#490=CARTESIAN_POINT('',(9.849380171553E-1,4.910954179180E0,-4.969002075716E0));
#491=CARTESIAN_POINT('',(4.776618848312E-1,4.985922014258E0,-4.952700990399E0));
#492=CARTESIAN_POINT('',(-3.463652208275E-2,5.008629028380E0,
-4.936399401032E0));
#493=CARTESIAN_POINT('',(-5.464993424376E-1,4.978845064738E0,
-4.920100129606E0));
#494=CARTESIAN_POINT('',(-1.052681199043E0,4.896879504181E0,-4.903799371915E0));
#495=CARTESIAN_POINT('',(-1.382753626374E0,4.808027232945E0,-4.892933081129E0));
#496=CARTESIAN_POINT('',(-1.545084971875E0,4.755282581476E0,-4.8875E0));
#498=CARTESIAN_POINT('',(-4.5E0,2.179449471770E0,-4.759283146564E0));
#499=CARTESIAN_POINT('',(-4.426304036941E0,2.331612592807E0,-4.764664816091E0));
#500=CARTESIAN_POINT('',(-4.263831910430E0,2.627762058209E0,-4.775403136294E0));
#501=CARTESIAN_POINT('',(-3.977314664051E0,3.043872620347E0,-4.791464272263E0));
#502=CARTESIAN_POINT('',(-3.653244153574E0,3.426003446335E0,-4.807392927256E0));
#503=CARTESIAN_POINT('',(-3.291061479889E0,3.775427202736E0,-4.823392176457E0));
#504=CARTESIAN_POINT('',(-2.893275756532E0,4.088337583671E0,-4.839481446641E0));
#505=CARTESIAN_POINT('',(-2.465996080980E0,4.359291680649E0,-4.855565854871E0));
#506=CARTESIAN_POINT('',(-2.017082275195E0,4.584241153200E0,-4.871528650081E0));
#507=CARTESIAN_POINT('',(-1.704046602142E0,4.703632816856E0,-4.882179700147E0));
#508=CARTESIAN_POINT('',(-1.545084971875E0,4.755282581476E0,-4.8875E0));
#510=DIRECTION('',(0.E0,-2.842170943040E-14,-1.E0));
#511=VECTOR('',#510,1.25E-1);
#512=CARTESIAN_POINT('',(-4.5E0,2.179449471770E0,-4.759283146564E0));
#513=LINE('',#512,#511);
#514=CARTESIAN_POINT('',(-4.5E0,2.179449471770E0,-4.884283146564E0));
#515=CARTESIAN_POINT('',(-4.426048161151E0,2.332140910195E0,-4.889683501496E0));
#516=CARTESIAN_POINT('',(-4.262587170009E0,2.629991054875E0,-4.900484279901E0));
#517=CARTESIAN_POINT('',(-3.973259301631E0,3.049543399911E0,-4.916685682232E0));
#518=CARTESIAN_POINT('',(-3.642790828786E0,3.437525414984E0,-4.932887231981E0));
#519=CARTESIAN_POINT('',(-3.274602137174E0,3.789919257703E0,-4.949088933040E0));
#520=CARTESIAN_POINT('',(-2.872507070896E0,4.103073309289E0,-4.965290682898E0));
#521=CARTESIAN_POINT('',(-2.440669321175E0,4.373744471049E0,-4.981492458297E0));
#522=CARTESIAN_POINT('',(-1.983561617395E0,4.599129307043E0,-4.997694204265E0));
#523=CARTESIAN_POINT('',(-1.505917220239E0,4.776894360250E0,-5.013895913205E0));
#524=CARTESIAN_POINT('',(-1.012683985962E0,4.905198863009E0,-5.030097512701E0));
#525=CARTESIAN_POINT('',(-5.089722832636E-1,4.982715016996E0,
-5.046298899666E0));
#526=CARTESIAN_POINT('',(1.764954152272E-8,5.008642475549E0,-5.062500000619E0));
#527=CARTESIAN_POINT('',(5.089720839075E-1,4.982715080808E0,-5.078701093758E0));
#528=CARTESIAN_POINT('',(1.012686193176E0,4.905198460150E0,-5.094902558602E0));
#529=CARTESIAN_POINT('',(1.505918708822E0,4.776893818981E0,-5.111104137019E0));
#530=CARTESIAN_POINT('',(1.983561179053E0,4.599129440231E0,-5.127305781300E0));
#531=CARTESIAN_POINT('',(2.440668493122E0,4.373744950896E0,-5.143507511334E0));
#532=CARTESIAN_POINT('',(2.872507367096E0,4.103073184337E0,-5.159709327095E0));
#533=CARTESIAN_POINT('',(3.274603949699E0,3.789917758990E0,-5.175911141650E0));
#534=CARTESIAN_POINT('',(3.642792706460E0,3.437523392194E0,-5.192112855706E0));
#535=CARTESIAN_POINT('',(3.973260316792E0,3.049542034066E0,-5.208314371820E0));
#536=CARTESIAN_POINT('',(4.262587829970E0,2.629989944131E0,-5.224515761163E0));
#537=CARTESIAN_POINT('',(4.426048364796E0,2.332140489721E0,-5.235316513375E0));
#538=CARTESIAN_POINT('',(4.5E0,2.179449471770E0,-5.240716853436E0));
#540=DIRECTION('',(0.E0,0.E0,-1.E0));
#541=VECTOR('',#540,1.25E-1);
#542=CARTESIAN_POINT('',(4.5E0,2.179449471770E0,-5.115716853436E0));
#543=LINE('',#542,#541);
#544=CARTESIAN_POINT('',(4.5E0,-2.179449471770E0,-2.384283146564E0));
#545=CARTESIAN_POINT('',(4.426048345933E0,-2.332140528669E0,-2.389683488002E0));
#546=CARTESIAN_POINT('',(4.262587756660E0,-2.629990073656E0,-2.400484243572E0));
#547=CARTESIAN_POINT('',(3.973260094176E0,-3.049542344834E0,-2.416685640307E0));
#548=CARTESIAN_POINT('',(3.642792264959E0,-3.437523850535E0,-2.432887164518E0));
#549=CARTESIAN_POINT('',(3.274603893325E0,-3.789917781966E0,-2.449088860174E0));
#550=CARTESIAN_POINT('',(2.872507546420E0,-4.103073055457E0,-2.465290665901E0));
#551=CARTESIAN_POINT('',(2.440668660889E0,-4.373744863285E0,-2.481492482660E0));
#552=CARTESIAN_POINT('',(1.983561096476E0,-4.599129491093E0,-2.497694221739E0));
#553=CARTESIAN_POINT('',(1.505918372257E0,-4.776893918404E0,-2.513895874131E0));
#554=CARTESIAN_POINT('',(1.012686372476E0,-4.905198405514E0,-2.530097435464E0));
#555=CARTESIAN_POINT('',(5.089724075692E-1,-4.982715054523E0,
-2.546298895934E0));
#556=CARTESIAN_POINT('',(4.002904563372E-9,-5.008642486156E0,
-2.562499999820E0));
#557=CARTESIAN_POINT('',(-5.089725132656E-1,-4.982715000853E0,
-2.578701107639E0));
#558=CARTESIAN_POINT('',(-1.012684251540E0,-4.905198794476E0,
-2.594902496010E0));
#559=CARTESIAN_POINT('',(-1.505916825970E0,-4.776894465121E0,
-2.611104073836E0));
#560=CARTESIAN_POINT('',(-1.983561084224E0,-4.599129537622E0,
-2.627305777294E0));
#561=CARTESIAN_POINT('',(-2.440668898273E0,-4.373744716108E0,
-2.643507526170E0));
#562=CARTESIAN_POINT('',(-2.872506915569E0,-4.103073426638E0,
-2.659709310916E0));
#563=CARTESIAN_POINT('',(-3.274601945716E0,-3.789919408323E0,
-2.675911059224E0));
#564=CARTESIAN_POINT('',(-3.642790347558E0,-3.437525906858E0,
-2.692112746156E0));
#565=CARTESIAN_POINT('',(-3.973258788773E0,-3.049544068024E0,
-2.708314291015E0));
#566=CARTESIAN_POINT('',(-4.262586818528E0,-2.629991648306E0,
-2.724515698192E0));
#567=CARTESIAN_POINT('',(-4.426048041131E0,-2.332141158007E0,
-2.735316489739E0));
#568=CARTESIAN_POINT('',(-4.5E0,-2.179449471770E0,-2.740716853436E0));
#570=DIRECTION('',(2.842170943040E-14,-6.039613253961E-14,1.E0));
#571=VECTOR('',#570,1.25E-1);
#572=CARTESIAN_POINT('',(-4.5E0,-2.179449471770E0,-2.740716853436E0));
#573=LINE('',#572,#571);
#574=CARTESIAN_POINT('',(-4.5E0,-2.179449471770E0,-2.615716853436E0));
#575=CARTESIAN_POINT('',(-4.426048007807E0,-2.332141226811E0,
-2.610316487306E0));
#576=CARTESIAN_POINT('',(-4.262586751383E0,-2.629991662962E0,
-2.599515696650E0));
#577=CARTESIAN_POINT('',(-3.973259971307E0,-3.049542458819E0,
-2.583314354472E0));
#578=CARTESIAN_POINT('',(-3.642791523151E0,-3.437524721912E0,
-2.567112799113E0));
#579=CARTESIAN_POINT('',(-3.274602037502E0,-3.789919423730E0,
-2.550911061135E0));
#580=CARTESIAN_POINT('',(-2.872505311664E0,-4.103074602808E0,
-2.534709247742E0));
#581=CARTESIAN_POINT('',(-2.440666970591E0,-4.373745772797E0,
-2.518507456332E0));
#582=CARTESIAN_POINT('',(-1.983559565389E0,-4.599130180063E0,
-2.502305724922E0));
#583=CARTESIAN_POINT('',(-1.505915688823E0,-4.776894780734E0,
-2.486104036315E0));
#584=CARTESIAN_POINT('',(-1.012684394028E0,-4.905198757420E0,
-2.469902500721E0));
#585=CARTESIAN_POINT('',(-5.089719317452E-1,-4.982715070619E0,
-2.453701088981E0));
#586=CARTESIAN_POINT('',(-9.916720888903E-9,-5.008642465773E0,
-2.437500000320E0));
#587=CARTESIAN_POINT('',(5.089719475705E-1,-4.982715066287E0,
-2.421298910499E0));
#588=CARTESIAN_POINT('',(1.012684221071E0,-4.905198787974E0,-2.405097504863E0));
#589=CARTESIAN_POINT('',(1.505915484707E0,-4.776894844549E0,-2.388895970478E0));
#590=CARTESIAN_POINT('',(1.983559303861E0,-4.599130288611E0,-2.372694284073E0));
#591=CARTESIAN_POINT('',(2.440666672312E0,-4.373745942647E0,-2.356492554574E0));
#592=CARTESIAN_POINT('',(2.872505207108E0,-4.103074684937E0,-2.340290756474E0));
#593=CARTESIAN_POINT('',(3.274602031859E0,-3.789919430928E0,-2.324088939153E0));
#594=CARTESIAN_POINT('',(3.642791522072E0,-3.437524721765E0,-2.307887200912E0));
#595=CARTESIAN_POINT('',(3.973259901632E0,-3.049542536603E0,-2.291685648833E0));
#596=CARTESIAN_POINT('',(4.262586577286E0,-2.629991943335E0,-2.275484313836E0));
#597=CARTESIAN_POINT('',(4.426047945597E0,-2.332141355260E0,-2.264683517237E0));
#598=CARTESIAN_POINT('',(4.5E0,-2.179449471770E0,-2.259283146564E0));
#600=DIRECTION('',(2.842170943040E-14,6.750155989721E-14,-1.E0));
#601=VECTOR('',#600,1.25E-1);
#602=CARTESIAN_POINT('',(4.5E0,-2.179449471770E0,-2.259283146564E0));
#603=LINE('',#602,#601);
#604=CARTESIAN_POINT('',(4.5E0,-2.179449471770E0,-3.384283146564E0));
#605=CARTESIAN_POINT('',(4.426048155395E0,-2.332140922082E0,-3.389683501917E0));
#606=CARTESIAN_POINT('',(4.262587153052E0,-2.629991083540E0,-3.400484280958E0));
#607=CARTESIAN_POINT('',(3.973259276409E0,-3.049543432820E0,-3.416685683549E0));
#608=CARTESIAN_POINT('',(3.642790803816E0,-3.437525440760E0,-3.432887233121E0));
#609=CARTESIAN_POINT('',(3.274602123765E0,-3.789919268475E0,-3.449088933586E0));
#610=CARTESIAN_POINT('',(2.872507063814E0,-4.103073314461E0,-3.465290683176E0));
#611=CARTESIAN_POINT('',(2.440669301691E0,-4.373744482451E0,-3.481492459015E0));
#612=CARTESIAN_POINT('',(1.983561590762E0,-4.599129318566E0,-3.497694205186E0));
#613=CARTESIAN_POINT('',(1.505917198667E0,-4.776894366409E0,-3.513895913918E0));
#614=CARTESIAN_POINT('',(1.012683989007E0,-4.905198861489E0,-3.530097512597E0));
#615=CARTESIAN_POINT('',(5.089722995703E-1,-4.982715015491E0,
-3.546298899146E0));
#616=CARTESIAN_POINT('',(-1.884180239609E-8,-5.008642476237E0,
-3.562500000657E0));
#617=CARTESIAN_POINT('',(-5.089720973528E-1,-4.982715079562E0,
-3.578701094187E0));
#618=CARTESIAN_POINT('',(-1.012686201552E0,-4.905198457974E0,
-3.594902558877E0));
#619=CARTESIAN_POINT('',(-1.505918700683E0,-4.776893820916E0,
-3.611104136754E0));
#620=CARTESIAN_POINT('',(-1.983561163447E0,-4.599129447210E0,
-3.627305780757E0));
#621=CARTESIAN_POINT('',(-2.440668492743E0,-4.373744951642E0,
-3.643507511313E0));
#622=CARTESIAN_POINT('',(-2.872507374647E0,-4.103073179714E0,
-3.659709327373E0));
#623=CARTESIAN_POINT('',(-3.274603952685E0,-3.789917753763E0,
-3.675911141833E0));
#624=CARTESIAN_POINT('',(-3.642792662230E0,-3.437523439097E0,
-3.692112853654E0));
#625=CARTESIAN_POINT('',(-3.973260312845E0,-3.049542040181E0,
-3.708314371593E0));
#626=CARTESIAN_POINT('',(-4.262587803793E0,-2.629989985070E0,
-3.724515759616E0));
#627=CARTESIAN_POINT('',(-4.426048356556E0,-2.332140506736E0,
-3.735316512773E0));
#628=CARTESIAN_POINT('',(-4.5E0,-2.179449471770E0,-3.740716853436E0));
#630=DIRECTION('',(0.E0,0.E0,-1.E0));
#631=VECTOR('',#630,1.25E-1);
#632=CARTESIAN_POINT('',(-4.5E0,-2.179449471770E0,-3.615716853436E0));
#633=LINE('',#632,#631);
#634=CARTESIAN_POINT('',(-4.5E0,-2.179449471770E0,-3.615716853436E0));
#635=CARTESIAN_POINT('',(-4.426048041131E0,-2.332141158007E0,
-3.610316489739E0));
#636=CARTESIAN_POINT('',(-4.262586818528E0,-2.629991648306E0,
-3.599515698192E0));
#637=CARTESIAN_POINT('',(-3.973258788773E0,-3.049544068024E0,
-3.583314291015E0));
#638=CARTESIAN_POINT('',(-3.642790347558E0,-3.437525906858E0,
-3.567112746156E0));
#639=CARTESIAN_POINT('',(-3.274601945716E0,-3.789919408323E0,
-3.550911059224E0));
#640=CARTESIAN_POINT('',(-2.872506915569E0,-4.103073426638E0,
-3.534709310916E0));
#641=CARTESIAN_POINT('',(-2.440668898273E0,-4.373744716108E0,
-3.518507526170E0));
#642=CARTESIAN_POINT('',(-1.983561084224E0,-4.599129537622E0,
-3.502305777294E0));
#643=CARTESIAN_POINT('',(-1.505916825970E0,-4.776894465121E0,
-3.486104073836E0));
#644=CARTESIAN_POINT('',(-1.012684251540E0,-4.905198794476E0,
-3.469902496010E0));
#645=CARTESIAN_POINT('',(-5.089725132656E-1,-4.982715000853E0,
-3.453701107639E0));
#646=CARTESIAN_POINT('',(4.002912723511E-9,-5.008642486156E0,
-3.437499999820E0));
#647=CARTESIAN_POINT('',(5.089724075692E-1,-4.982715054523E0,
-3.421298895934E0));
#648=CARTESIAN_POINT('',(1.012686372476E0,-4.905198405514E0,-3.405097435464E0));
#649=CARTESIAN_POINT('',(1.505918372257E0,-4.776893918404E0,-3.388895874131E0));
#650=CARTESIAN_POINT('',(1.983561096476E0,-4.599129491093E0,-3.372694221739E0));
#651=CARTESIAN_POINT('',(2.440668660889E0,-4.373744863285E0,-3.356492482660E0));
#652=CARTESIAN_POINT('',(2.872507546420E0,-4.103073055457E0,-3.340290665901E0));
#653=CARTESIAN_POINT('',(3.274603893325E0,-3.789917781966E0,-3.324088860174E0));
#654=CARTESIAN_POINT('',(3.642792264959E0,-3.437523850535E0,-3.307887164518E0));
#655=CARTESIAN_POINT('',(3.973260094176E0,-3.049542344834E0,-3.291685640307E0));
#656=CARTESIAN_POINT('',(4.262587756660E0,-2.629990073656E0,-3.275484243572E0));
#657=CARTESIAN_POINT('',(4.426048345933E0,-2.332140528669E0,-3.264683488002E0));
#658=CARTESIAN_POINT('',(4.5E0,-2.179449471770E0,-3.259283146564E0));
#660=DIRECTION('',(2.131628207280E-14,4.618527782441E-14,-1.E0));
#661=VECTOR('',#660,1.25E-1);
#662=CARTESIAN_POINT('',(4.5E0,-2.179449471770E0,-3.259283146564E0));
#663=LINE('',#662,#661);
#664=CARTESIAN_POINT('',(4.5E0,-2.179449471770E0,-4.384283146564E0));
#665=CARTESIAN_POINT('',(4.426047753547E0,-2.332141751792E0,-4.389683531262E0));
#666=CARTESIAN_POINT('',(4.262585993988E0,-2.629992942003E0,-4.400484350573E0));
#667=CARTESIAN_POINT('',(3.973258829594E0,-3.049543959729E0,-4.416685705424E0));
#668=CARTESIAN_POINT('',(3.642790273555E0,-3.437526004309E0,-4.432887257760E0));
#669=CARTESIAN_POINT('',(3.274601912699E0,-3.789919432229E0,-4.449088942039E0));
#670=CARTESIAN_POINT('',(2.872506803668E0,-4.103073508299E0,-4.465290693494E0));
#671=CARTESIAN_POINT('',(2.440668852857E0,-4.373744733830E0,-4.481492475368E0));
#672=CARTESIAN_POINT('',(1.983561170282E0,-4.599129500867E0,-4.497694219709E0));
#673=CARTESIAN_POINT('',(1.505917090129E0,-4.776894351613E0,-4.513895917100E0));
#674=CARTESIAN_POINT('',(1.012685482901E0,-4.905198536841E0,-4.530097464008E0));
#675=CARTESIAN_POINT('',(5.089728186575E-1,-4.982715010451E0,
-4.546298882754E0));
#676=CARTESIAN_POINT('',(-2.349252198885E-7,-5.008642478423E0,
-4.562500007491E0));
#677=CARTESIAN_POINT('',(-5.089717961422E-1,-4.982715075858E0,
-4.578701084648E0));
#678=CARTESIAN_POINT('',(-1.012684491099E0,-4.905198746324E0,
-4.594902503835E0));
#679=CARTESIAN_POINT('',(-1.505915793890E0,-4.776894746023E0,
-4.611104039819E0));
#680=CARTESIAN_POINT('',(-1.983559716680E0,-4.599130119220E0,
-4.627305730104E0));
#681=CARTESIAN_POINT('',(-2.440667178067E0,-4.373745655082E0,
-4.643507463910E0));
#682=CARTESIAN_POINT('',(-2.872505371075E0,-4.103074553825E0,
-4.659709250180E0));
#683=CARTESIAN_POINT('',(-3.274602013455E0,-3.789919442590E0,
-4.675911060166E0));
#684=CARTESIAN_POINT('',(-3.642791496048E0,-3.437524750649E0,
-4.692112797864E0));
#685=CARTESIAN_POINT('',(-3.973259998014E0,-3.049542437079E0,
-4.708314355532E0));
#686=CARTESIAN_POINT('',(-4.262586909521E0,-2.629991411276E0,
-4.724515706095E0));
#687=CARTESIAN_POINT('',(-4.426048064424E0,-2.332141109911E0,
-4.735316491440E0));
#688=CARTESIAN_POINT('',(-4.5E0,-2.179449471770E0,-4.740716853436E0));
#690=DIRECTION('',(5.684341886081E-14,-1.101341240428E-13,-1.E0));
#691=VECTOR('',#690,1.25E-1);
#692=CARTESIAN_POINT('',(-4.5E0,-2.179449471770E0,-4.615716853436E0));
#693=LINE('',#692,#691);
#694=CARTESIAN_POINT('',(-4.5E0,-2.179449471770E0,-4.615716853436E0));
#695=CARTESIAN_POINT('',(-4.426048356556E0,-2.332140506736E0,
-4.610316512773E0));
#696=CARTESIAN_POINT('',(-4.262587803793E0,-2.629989985070E0,
-4.599515759616E0));
#697=CARTESIAN_POINT('',(-3.973260312845E0,-3.049542040181E0,
-4.583314371593E0));
#698=CARTESIAN_POINT('',(-3.642792662230E0,-3.437523439097E0,
-4.567112853654E0));
#699=CARTESIAN_POINT('',(-3.274603952685E0,-3.789917753763E0,
-4.550911141833E0));
#700=CARTESIAN_POINT('',(-2.872507374647E0,-4.103073179714E0,
-4.534709327373E0));
#701=CARTESIAN_POINT('',(-2.440668492743E0,-4.373744951642E0,
-4.518507511313E0));
#702=CARTESIAN_POINT('',(-1.983561163447E0,-4.599129447210E0,
-4.502305780757E0));
#703=CARTESIAN_POINT('',(-1.505918700683E0,-4.776893820916E0,
-4.486104136754E0));
#704=CARTESIAN_POINT('',(-1.012686201552E0,-4.905198457974E0,
-4.469902558877E0));
#705=CARTESIAN_POINT('',(-5.089720973527E-1,-4.982715079562E0,
-4.453701094187E0));
#706=CARTESIAN_POINT('',(-1.884183353784E-8,-5.008642476237E0,
-4.437500000657E0));
#707=CARTESIAN_POINT('',(5.089722995703E-1,-4.982715015491E0,
-4.421298899146E0));
#708=CARTESIAN_POINT('',(1.012683989007E0,-4.905198861489E0,-4.405097512597E0));
#709=CARTESIAN_POINT('',(1.505917198667E0,-4.776894366409E0,-4.388895913918E0));
#710=CARTESIAN_POINT('',(1.983561590762E0,-4.599129318566E0,-4.372694205186E0));
#711=CARTESIAN_POINT('',(2.440669301692E0,-4.373744482451E0,-4.356492459015E0));
#712=CARTESIAN_POINT('',(2.872507063814E0,-4.103073314461E0,-4.340290683176E0));
#713=CARTESIAN_POINT('',(3.274602123765E0,-3.789919268475E0,-4.324088933586E0));
#714=CARTESIAN_POINT('',(3.642790803816E0,-3.437525440760E0,-4.307887233121E0));
#715=CARTESIAN_POINT('',(3.973259276409E0,-3.049543432820E0,-4.291685683549E0));
#716=CARTESIAN_POINT('',(4.262587153052E0,-2.629991083540E0,-4.275484280958E0));
#717=CARTESIAN_POINT('',(4.426048155395E0,-2.332140922082E0,-4.264683501917E0));
#718=CARTESIAN_POINT('',(4.5E0,-2.179449471770E0,-4.259283146564E0));
#720=DIRECTION('',(-5.684341886081E-14,-1.030286966852E-13,-1.E0));
#721=VECTOR('',#720,1.25E-1);
#722=CARTESIAN_POINT('',(4.5E0,-2.179449471770E0,-4.259283146564E0));
#723=LINE('',#722,#721);
#724=CARTESIAN_POINT('',(4.5E0,-2.179449471770E0,-5.384283146564E0));
#725=CARTESIAN_POINT('',(4.426047682741E0,-2.332141897989E0,-5.389683536432E0));
#726=CARTESIAN_POINT('',(4.262585827956E0,-2.629993308160E0,-5.400484363186E0));
#727=CARTESIAN_POINT('',(3.973257614092E0,-3.049545542907E0,-5.416685768871E0));
#728=CARTESIAN_POINT('',(3.642790036611E0,-3.437526165196E0,-5.432887266613E0));
#729=CARTESIAN_POINT('',(3.274602104693E0,-3.789919294495E0,-5.449088934607E0));
#730=CARTESIAN_POINT('',(2.872506081574E0,-4.103074063430E0,-5.465290722405E0));
#731=CARTESIAN_POINT('',(2.440667392630E0,-4.373745561024E0,-5.481492528663E0));
#732=CARTESIAN_POINT('',(1.983559913008E0,-4.599130000884E0,-5.497694262678E0));
#733=CARTESIAN_POINT('',(1.505917177506E0,-4.776894285450E0,-5.513895913852E0));
#734=CARTESIAN_POINT('',(1.012685594413E0,-4.905198552498E0,-5.530097460606E0));
#735=CARTESIAN_POINT('',(5.089719490472E-1,-4.982715083394E0,
-5.546298910538E0));
#736=CARTESIAN_POINT('',(1.275841559345E-7,-5.008642477892E0,
-5.562499995890E0));
#737=CARTESIAN_POINT('',(-5.089725787969E-1,-4.982715005040E0,
-5.578701109705E0));
#738=CARTESIAN_POINT('',(-1.012684421551E0,-4.905198754474E0,
-5.594902501552E0));
#739=CARTESIAN_POINT('',(-1.505916738367E0,-4.776894485103E0,
-5.611104070989E0));
#740=CARTESIAN_POINT('',(-1.983560936181E0,-4.599129601241E0,
-5.627305772179E0));
#741=CARTESIAN_POINT('',(-2.440668765262E0,-4.373744792197E0,
-5.643507521301E0));
#742=CARTESIAN_POINT('',(-2.872506866890E0,-4.103073465335E0,
-5.659709308942E0));
#743=CARTESIAN_POINT('',(-3.274601932347E0,-3.789919416244E0,
-5.675911058738E0));
#744=CARTESIAN_POINT('',(-3.642790219651E0,-3.437526035255E0,
-5.692112740397E0));
#745=CARTESIAN_POINT('',(-3.973258643232E0,-3.049544257089E0,
-5.708314283438E0));
#746=CARTESIAN_POINT('',(-4.262586711077E0,-2.629991828802E0,
-5.724515691519E0));
#747=CARTESIAN_POINT('',(-4.426048004162E0,-2.332141234338E0,
-5.735316487040E0));
#748=CARTESIAN_POINT('',(-4.5E0,-2.179449471770E0,-5.740716853436E0));
#750=DIRECTION('',(3.552713678801E-14,-7.105427357601E-14,-1.E0));
#751=VECTOR('',#750,1.25E-1);
#752=CARTESIAN_POINT('',(-4.5E0,-2.179449471770E0,-5.615716853436E0));
#753=LINE('',#752,#751);
#754=CARTESIAN_POINT('',(-4.5E0,-2.179449471770E0,-5.615716853436E0));
#755=CARTESIAN_POINT('',(-4.426048064424E0,-2.332141109911E0,
-5.610316491440E0));
#756=CARTESIAN_POINT('',(-4.262586909521E0,-2.629991411276E0,
-5.599515706095E0));
#757=CARTESIAN_POINT('',(-3.973259998014E0,-3.049542437079E0,
-5.583314355532E0));
#758=CARTESIAN_POINT('',(-3.642791496048E0,-3.437524750649E0,
-5.567112797864E0));
#759=CARTESIAN_POINT('',(-3.274602013455E0,-3.789919442590E0,
-5.550911060166E0));
#760=CARTESIAN_POINT('',(-2.872505371075E0,-4.103074553825E0,
-5.534709250180E0));
#761=CARTESIAN_POINT('',(-2.440667178067E0,-4.373745655082E0,
-5.518507463910E0));
#762=CARTESIAN_POINT('',(-1.983559716680E0,-4.599130119220E0,
-5.502305730104E0));
#763=CARTESIAN_POINT('',(-1.505915793890E0,-4.776894746023E0,
-5.486104039819E0));
#764=CARTESIAN_POINT('',(-1.012684491099E0,-4.905198746324E0,
-5.469902503835E0));
#765=CARTESIAN_POINT('',(-5.089717961422E-1,-4.982715075858E0,
-5.453701084648E0));
#766=CARTESIAN_POINT('',(-2.349252166689E-7,-5.008642478423E0,
-5.437500007491E0));
#767=CARTESIAN_POINT('',(5.089728186575E-1,-4.982715010451E0,
-5.421298882754E0));
#768=CARTESIAN_POINT('',(1.012685482901E0,-4.905198536841E0,-5.405097464008E0));
#769=CARTESIAN_POINT('',(1.505917090129E0,-4.776894351613E0,-5.388895917100E0));
#770=CARTESIAN_POINT('',(1.983561170282E0,-4.599129500867E0,-5.372694219709E0));
#771=CARTESIAN_POINT('',(2.440668852857E0,-4.373744733830E0,-5.356492475368E0));
#772=CARTESIAN_POINT('',(2.872506803668E0,-4.103073508299E0,-5.340290693494E0));
#773=CARTESIAN_POINT('',(3.274601912699E0,-3.789919432229E0,-5.324088942039E0));
#774=CARTESIAN_POINT('',(3.642790273555E0,-3.437526004309E0,-5.307887257760E0));
#775=CARTESIAN_POINT('',(3.973258829594E0,-3.049543959729E0,-5.291685705424E0));
#776=CARTESIAN_POINT('',(4.262585993988E0,-2.629992942003E0,-5.275484350573E0));
#777=CARTESIAN_POINT('',(4.426047753547E0,-2.332141751792E0,-5.264683531262E0));
#778=CARTESIAN_POINT('',(4.5E0,-2.179449471770E0,-5.259283146564E0));
#780=DIRECTION('',(-1.421085471520E-14,-3.552713678801E-14,-1.E0));
#781=VECTOR('',#780,1.25E-1);
#782=CARTESIAN_POINT('',(4.5E0,-2.179449471770E0,-5.259283146564E0));
#783=LINE('',#782,#781);
#784=DIRECTION('',(-2.524725071702E-14,-3.155906339628E-14,-1.E0));
#785=VECTOR('',#784,1.407168534356E-1);
#786=CARTESIAN_POINT('',(4.5E0,-2.179449471770E0,-8.259283146564E0));
#787=LINE('',#786,#785);
#788=CARTESIAN_POINT('',(0.E0,0.E0,-8.4E0));
#789=DIRECTION('',(0.E0,0.E0,-1.E0));
#790=DIRECTION('',(9.E-1,-4.358898943541E-1,0.E0));
#791=AXIS2_PLACEMENT_3D('',#788,#789,#790);
#793=CARTESIAN_POINT('',(4.5E0,-2.179449471770E0,-8.259283146564E0));
#794=CARTESIAN_POINT('',(4.428124306987E0,-2.327854205510E0,-8.264531890332E0));
#795=CARTESIAN_POINT('',(4.270006569553E0,-2.616832117564E0,-8.275004517996E0));
#796=CARTESIAN_POINT('',(3.993203432964E0,-3.022291845772E0,-8.290612757325E0));
#797=CARTESIAN_POINT('',(3.678615501836E0,-3.398279250825E0,-8.306198662155E0));
#798=CARTESIAN_POINT('',(3.327165694068E0,-3.743034531489E0,-8.321850787711E0));
#799=CARTESIAN_POINT('',(2.945337367854E0,-4.050350529567E0,-8.337433441468E0));
#800=CARTESIAN_POINT('',(2.533468325150E0,-4.319949155700E0,-8.353083884457E0));
#801=CARTESIAN_POINT('',(2.098950286574E0,-4.546935952635E0,-8.368669602279E0));
#802=CARTESIAN_POINT('',(1.642484252296E0,-4.731084691900E0,-8.384318402465E0));
#803=CARTESIAN_POINT('',(1.327037814574E0,-4.823482376551E0,-8.394768511586E0));
#804=CARTESIAN_POINT('',(1.167226819280E0,-4.861849601988E0,-8.4E0));
#806=CARTESIAN_POINT('',(0.E0,0.E0,-6.E0));
#807=DIRECTION('',(0.E0,0.E0,-1.E0));
#808=DIRECTION('',(-3.826834323651E-1,9.238795325113E-1,0.E0));
#809=AXIS2_PLACEMENT_3D('',#806,#807,#808);
#811=CARTESIAN_POINT('',(1.913417161825E0,4.619397662556E0,-6.E0));
#812=CARTESIAN_POINT('',(1.758155671175E0,4.683709077698E0,-5.994650680562E0));
#813=CARTESIAN_POINT('',(1.441143700839E0,4.796662790869E0,-5.983952071206E0));
#814=CARTESIAN_POINT('',(9.509876776972E-1,4.917366265255E0,-5.967904222050E0));
#815=CARTESIAN_POINT('',(4.511754621840E-1,4.988116486145E0,-5.951856508818E0));
#816=CARTESIAN_POINT('',(-5.320882578278E-2,5.008196474510E0,
-5.935809146067E0));
#817=CARTESIAN_POINT('',(-5.570539256134E-1,4.977404593627E0,
-5.919761741794E0));
#818=CARTESIAN_POINT('',(-1.055249479944E0,4.896051162674E0,-5.903714049756E0));
#819=CARTESIAN_POINT('',(-1.542731623740E0,4.764960557418E0,-5.887666156896E0));
#820=CARTESIAN_POINT('',(-2.014544891340E0,4.585463931234E0,-5.871618163102E0));
#821=CARTESIAN_POINT('',(-2.465894159159E0,4.359384923624E0,-5.855570135433E0));
#822=CARTESIAN_POINT('',(-2.892194007107E0,4.089020022276E0,-5.839522080621E0));
#823=CARTESIAN_POINT('',(-3.289112371850E0,3.777116677109E0,-5.823474052777E0));
#824=CARTESIAN_POINT('',(-3.652616726403E0,3.426844103769E0,-5.807426074964E0));
#825=CARTESIAN_POINT('',(-3.979012808397E0,3.041763467172E0,-5.791378247280E0));
#826=CARTESIAN_POINT('',(-4.264986167392E0,2.625787286524E0,-5.775330564680E0));
#827=CARTESIAN_POINT('',(-4.426749808814E0,2.330692189075E0,-5.764632263468E0));
#828=CARTESIAN_POINT('',(-4.5E0,2.179449471770E0,-5.759283146564E0));
#830=DIRECTION('',(-2.131628207280E-14,-4.973799150321E-14,-1.E0));
#831=VECTOR('',#830,1.25E-1);
#832=CARTESIAN_POINT('',(-4.5E0,2.179449471770E0,-5.759283146564E0));
#833=LINE('',#832,#831);
#834=CARTESIAN_POINT('',(-4.5E0,2.179449471770E0,-5.884283146564E0));
#835=CARTESIAN_POINT('',(-4.433976150480E0,2.315771660787E0,-5.889104557728E0));
#836=CARTESIAN_POINT('',(-4.289530322855E0,2.582412437129E0,-5.898747417404E0));
#837=CARTESIAN_POINT('',(-4.037454797304E0,2.961061357124E0,-5.913211799381E0));
#838=CARTESIAN_POINT('',(-3.752051294548E0,3.315273455784E0,-5.927676332575E0));
#839=CARTESIAN_POINT('',(-3.435675166335E0,3.642123569312E0,-5.942140986797E0));
#840=CARTESIAN_POINT('',(-3.090938223226E0,3.938912205162E0,-5.956605717895E0));
#841=CARTESIAN_POINT('',(-2.720686653456E0,4.203188417361E0,-5.971070487200E0));
#842=CARTESIAN_POINT('',(-2.327977198048E0,4.432770090757E0,-5.985535266373E0));
#843=CARTESIAN_POINT('',(-2.053361122273E0,4.561430976167E0,-5.995178424832E0));
#844=CARTESIAN_POINT('',(-1.913417161825E0,4.619397662556E0,-6.E0));
#846=CARTESIAN_POINT('',(0.E0,0.E0,-8.E0));
#847=DIRECTION('',(0.E0,0.E0,-1.E0));
#848=DIRECTION('',(-4.886212414970E-1,8.724960070728E-1,0.E0));
#849=AXIS2_PLACEMENT_3D('',#846,#847,#848);
#851=CARTESIAN_POINT('',(-2.443106207485E0,4.362480035364E0,-8.E0));
#852=CARTESIAN_POINT('',(-2.302544757851E0,4.441198229453E0,-8.010256115483E0));
#853=CARTESIAN_POINT('',(-2.013805791636E0,4.585037779040E0,-8.030768444849E0));
#854=CARTESIAN_POINT('',(-1.561890640186E0,4.757991627111E0,-8.061537274283E0));
#855=CARTESIAN_POINT('',(-1.095389625669E0,4.886523215971E0,-8.092306318553E0));
#856=CARTESIAN_POINT('',(-6.186601786853E-1,4.969431205826E0,
-8.123075437040E0));
#857=CARTESIAN_POINT('',(-1.361559272354E-1,5.005941468846E0,
-8.153844466348E0));
#858=CARTESIAN_POINT('',(3.476292484718E-1,4.995712660719E0,-8.184614110944E0));
#859=CARTESIAN_POINT('',(8.281707560390E-1,4.938838285745E0,-8.215383893275E0));
#860=CARTESIAN_POINT('',(1.300976813885E0,4.835850402626E0,-8.246153494592E0));
#861=CARTESIAN_POINT('',(1.761634822527E0,4.687710746779E0,-8.276923036347E0));
#862=CARTESIAN_POINT('',(2.205842468859E0,4.495803344573E0,-8.307692428467E0));
#863=CARTESIAN_POINT('',(2.629453954666E0,4.261919811617E0,-8.338461776713E0));
#864=CARTESIAN_POINT('',(3.028513527444E0,3.988244399348E0,-8.369231027957E0));
#865=CARTESIAN_POINT('',(3.275700246182E0,3.780971160591E0,-8.389743697832E0));
#866=CARTESIAN_POINT('',(3.394003727665E0,3.671612547178E0,-8.4E0));
#868=CARTESIAN_POINT('',(0.E0,0.E0,-8.4E0));
#869=DIRECTION('',(0.E0,0.E0,-1.E0));
#870=DIRECTION('',(6.788007455329E-1,7.343225094357E-1,0.E0));
#871=AXIS2_PLACEMENT_3D('',#868,#869,#870);
#873=DIRECTION('',(-1.562136958230E-14,2.030778045699E-14,-1.E0));
#874=VECTOR('',#873,2.842831465643E-1);
#875=CARTESIAN_POINT('',(4.5E0,2.179449471770E0,-8.115716853436E0));
#876=LINE('',#875,#874);
#877=CARTESIAN_POINT('',(4.5E0,2.179449471770E0,-8.115716853436E0));
#878=CARTESIAN_POINT('',(4.433976411170E0,2.315771122529E0,-8.110895461309E0));
#879=CARTESIAN_POINT('',(4.289531044153E0,2.582411256350E0,-8.101252626579E0));
#880=CARTESIAN_POINT('',(4.037454951378E0,2.961061198369E0,-8.086788207569E0));
#881=CARTESIAN_POINT('',(3.752051302964E0,3.315273436272E0,-8.072323668091E0));
#882=CARTESIAN_POINT('',(3.435675346398E0,3.642123389855E0,-8.057859021272E0));
#883=CARTESIAN_POINT('',(3.090938536741E0,3.938911959391E0,-8.043394294768E0));
#884=CARTESIAN_POINT('',(2.720686869662E0,4.203188284856E0,-8.028929520856E0));
#885=CARTESIAN_POINT('',(2.327977267841E0,4.432770058643E0,-8.014464736067E0));
#886=CARTESIAN_POINT('',(2.053361140717E0,4.561430968527E0,-8.004821575804E0));
#887=CARTESIAN_POINT('',(1.913417161825E0,4.619397662556E0,-8.E0));
#889=DIRECTION('',(0.E0,1.E0,0.E0));
#890=VECTOR('',#889,2.595116313508E0);
#891=CARTESIAN_POINT('',(-4.5E0,-1.018720113787E0,-8.E0));
#892=LINE('',#891,#890);
#893=DIRECTION('',(0.E0,1.E0,0.E0));
#894=VECTOR('',#893,2.595116313508E0);
#895=CARTESIAN_POINT('',(-4.5E0,-1.018720113787E0,-6.E0));
#896=LINE('',#895,#894);
#897=CARTESIAN_POINT('',(0.E0,0.E0,-8.4E0));
#898=DIRECTION('',(0.E0,0.E0,-1.E0));
#899=DIRECTION('',(0.E0,1.E0,0.E0));
#900=AXIS2_PLACEMENT_3D('',#897,#898,#899);
#902=CARTESIAN_POINT('',(0.E0,0.E0,-8.4E0));
#903=DIRECTION('',(0.E0,0.E0,1.E0));
#904=DIRECTION('',(0.E0,1.E0,0.E0));
#905=AXIS2_PLACEMENT_3D('',#902,#903,#904);
#907=DIRECTION('',(0.E0,-1.E0,0.E0));
#908=VECTOR('',#907,4.358898943541E0);
#909=CARTESIAN_POINT('',(4.5E0,2.179449471770E0,-8.4E0));
#910=LINE('',#909,#908);
#911=CARTESIAN_POINT('',(7.313687424190E-1,4.617680505234E0,-8.4E0));
#912=CARTESIAN_POINT('',(8.644455906960E-1,4.612395042877E0,-8.4E0));
#913=CARTESIAN_POINT('',(1.130139004509E0,4.590424633532E0,-8.4E0));
#914=CARTESIAN_POINT('',(1.528661427388E0,4.522813403701E0,-8.4E0));
#915=CARTESIAN_POINT('',(1.923022984029E0,4.420560707353E0,-8.4E0));
#916=CARTESIAN_POINT('',(2.310114801283E0,4.283994648722E0,-8.4E0));
#917=CARTESIAN_POINT('',(2.686096831459E0,4.114220620349E0,-8.4E0));
#918=CARTESIAN_POINT('',(3.050424422275E0,3.910805532421E0,-8.4E0));
#919=CARTESIAN_POINT('',(3.281281328084E0,3.754893885022E0,-8.4E0));
#920=CARTESIAN_POINT('',(3.394003727665E0,3.671612547178E0,-8.4E0));
#922=CARTESIAN_POINT('',(-2.620778161178E0,3.607191678611E0,-8.4E0));
#923=CARTESIAN_POINT('',(-2.519759353413E0,3.690577299042E0,-8.4E0));
#924=CARTESIAN_POINT('',(-2.310876867131E0,3.848092262254E0,-8.4E0));
#925=CARTESIAN_POINT('',(-1.975174221494E0,4.057668799768E0,-8.4E0));
#926=CARTESIAN_POINT('',(-1.622328113969E0,4.236970329827E0,-8.4E0));
#927=CARTESIAN_POINT('',(-1.252597406705E0,4.385727123915E0,-8.4E0));
#928=CARTESIAN_POINT('',(-8.702990636575E-1,4.501779868540E0,-8.4E0));
#929=CARTESIAN_POINT('',(-4.779428468546E-1,4.584324835194E0,-8.4E0));
#930=CARTESIAN_POINT('',(-7.765631529233E-2,4.632554069701E0,-8.4E0));
#931=CARTESIAN_POINT('',(3.261931271382E-1,4.645697429022E0,-8.4E0));
#932=CARTESIAN_POINT('',(5.961099799114E-1,4.631003754375E0,-8.4E0));
#933=CARTESIAN_POINT('',(7.313687424190E-1,4.617680505234E0,-8.4E0));
#935=CARTESIAN_POINT('',(-4.403839706740E0,6.974996872310E-1,-8.4E0));
#936=CARTESIAN_POINT('',(-4.380983464935E0,8.418083185454E-1,-8.4E0));
#937=CARTESIAN_POINT('',(-4.321412680092E0,1.126587385923E0,-8.4E0));
#938=CARTESIAN_POINT('',(-4.190462340874E0,1.544083794358E0,-8.4E0));
#939=CARTESIAN_POINT('',(-4.019281956450E0,1.946587903403E0,-8.4E0));
#940=CARTESIAN_POINT('',(-3.809870978067E0,2.330054460471E0,-8.4E0));
#941=CARTESIAN_POINT('',(-3.562811951851E0,2.692662186127E0,-8.4E0));
#942=CARTESIAN_POINT('',(-3.282702914561E0,3.027918384785E0,-8.4E0));
#943=CARTESIAN_POINT('',(-2.968278738332E0,3.336798616044E0,-8.4E0));
#944=CARTESIAN_POINT('',(-2.740005753202E0,3.520567762494E0,-8.4E0));
#945=CARTESIAN_POINT('',(-2.620778161178E0,3.607191678611E0,-8.4E0));
#947=CARTESIAN_POINT('',(-4.5E0,3.143442412650E-2,-8.4E0));
#948=CARTESIAN_POINT('',(-4.492318394915E0,1.439492887641E-1,-8.4E0));
#949=CARTESIAN_POINT('',(-4.468555627814E0,3.674711063709E-1,-8.4E0));
#950=CARTESIAN_POINT('',(-4.428192900214E0,5.879919274207E-1,-8.4E0));
#951=CARTESIAN_POINT('',(-4.403839706740E0,6.974996872310E-1,-8.4E0));
#953=DIRECTION('',(0.E0,1.E0,0.E0));
#954=VECTOR('',#953,6.135999430411E-1);
#955=CARTESIAN_POINT('',(-4.5E0,-5.821655189146E-1,-8.4E0));
#956=LINE('',#955,#954);
#957=CARTESIAN_POINT('',(1.167226819280E0,-4.861849601988E0,-8.4E0));
#958=CARTESIAN_POINT('',(1.015102254499E0,-4.889616877694E0,-8.4E0));
#959=CARTESIAN_POINT('',(7.104418546399E-1,-4.930730462783E0,-8.4E0));
#960=CARTESIAN_POINT('',(2.490517038223E-1,-4.949765296122E0,-8.4E0));
#961=CARTESIAN_POINT('',(-2.068961661409E-1,-4.926172340110E0,-8.4E0));
#962=CARTESIAN_POINT('',(-6.579217464020E-1,-4.860697706976E0,-8.4E0));
#963=CARTESIAN_POINT('',(-1.098976214644E0,-4.754065108945E0,-8.4E0));
#964=CARTESIAN_POINT('',(-1.526026401253E0,-4.607768960132E0,-8.4E0));
#965=CARTESIAN_POINT('',(-1.936881844007E0,-4.422731271942E0,-8.4E0));
#966=CARTESIAN_POINT('',(-2.326498658567E0,-4.201471217294E0,-8.4E0));
#967=CARTESIAN_POINT('',(-2.692390834203E0,-3.945913231500E0,-8.4E0));
#968=CARTESIAN_POINT('',(-3.031769884069E0,-3.658194957432E0,-8.4E0));
#969=CARTESIAN_POINT('',(-3.341185003767E0,-3.341631027440E0,-8.4E0));
#970=CARTESIAN_POINT('',(-3.618620529940E0,-2.998793701409E0,-8.4E0));
#971=CARTESIAN_POINT('',(-3.861848228402E0,-2.632680559230E0,-8.4E0));
#972=CARTESIAN_POINT('',(-4.068456497321E0,-2.247606638273E0,-8.4E0));
#973=CARTESIAN_POINT('',(-4.237506413893E0,-1.845980511684E0,-8.4E0));
#974=CARTESIAN_POINT('',(-4.367405030248E0,-1.432077452830E0,-8.4E0));
#975=CARTESIAN_POINT('',(-4.457288907349E0,-1.009701891142E0,-8.4E0));
#976=CARTESIAN_POINT('',(-4.490254700789E0,-7.253050030855E-1,-8.4E0));
#977=CARTESIAN_POINT('',(-4.5E0,-5.821655189146E-1,-8.4E0));
#979=CARTESIAN_POINT('',(0.E0,0.E0,-9.25E0));
#980=DIRECTION('',(0.E0,0.E0,-1.E0));
#981=DIRECTION('',(0.E0,1.E0,0.E0));
#982=AXIS2_PLACEMENT_3D('',#979,#980,#981);
#984=DIRECTION('',(0.E0,0.E0,1.E0));
#985=VECTOR('',#984,8.5E-1);
#986=CARTESIAN_POINT('',(0.E0,4.45E0,-9.25E0));
#987=LINE('',#986,#985);
#988=DIRECTION('',(0.E0,0.E0,1.E0));
#989=VECTOR('',#988,8.5E-1);
#990=CARTESIAN_POINT('',(0.E0,-4.45E0,-9.25E0));
#991=LINE('',#990,#989);
#992=CARTESIAN_POINT('',(0.E0,0.E0,-9.25E0));
#993=DIRECTION('',(0.E0,0.E0,-1.E0));
#994=DIRECTION('',(0.E0,-1.E0,0.E0));
#995=AXIS2_PLACEMENT_3D('',#992,#993,#994);
#997=CARTESIAN_POINT('',(0.E0,5.2E0,-9.25E0));
#998=DIRECTION('',(1.E0,0.E0,0.E0));
#999=DIRECTION('',(0.E0,0.E0,-1.E0));
#1000=AXIS2_PLACEMENT_3D('',#997,#998,#999);
#1002=CARTESIAN_POINT('',(0.E0,-5.2E0,-9.25E0));
#1003=DIRECTION('',(-1.E0,0.E0,0.E0));
#1004=DIRECTION('',(0.E0,0.E0,-1.E0));
#1005=AXIS2_PLACEMENT_3D('',#1002,#1003,#1004);
#1007=DIRECTION('',(0.E0,-1.E0,0.E0));
#1008=VECTOR('',#1007,3.994683967475E0);
#1009=CARTESIAN_POINT('',(5.975E0,1.997341983737E0,-1.E1));
#1010=LINE('',#1009,#1008);
#1011=CARTESIAN_POINT('',(0.E0,0.E0,-1.E1));
#1012=DIRECTION('',(0.E0,0.E0,-1.E0));
#1013=DIRECTION('',(9.484126984127E-1,-3.170384101170E-1,0.E0));
#1014=AXIS2_PLACEMENT_3D('',#1011,#1012,#1013);
#1016=DIRECTION('',(-8.660254037844E-1,-5.E-1,0.E0));
#1017=VECTOR('',#1016,3.994683967475E0);
#1018=CARTESIAN_POINT('',(4.717248897962E0,-4.175830795743E0,-1.E1));
#1019=LINE('',#1018,#1017);
#1020=DIRECTION('',(-8.660254037844E-1,5.E-1,0.E0));
#1021=VECTOR('',#1020,3.994683967475E0);
#1022=CARTESIAN_POINT('',(-1.257751102038E0,-6.173172779481E0,-1.E1));
#1023=LINE('',#1022,#1021);
#1024=CARTESIAN_POINT('',(0.E0,0.E0,-1.E1));
#1025=DIRECTION('',(0.E0,0.E0,1.E0));
#1026=DIRECTION('',(-9.484126984127E-1,-3.170384101170E-1,0.E0));
#1027=AXIS2_PLACEMENT_3D('',#1024,#1025,#1026);
#1029=DIRECTION('',(0.E0,1.E0,0.E0));
#1030=VECTOR('',#1029,3.994683967475E0);
#1031=CARTESIAN_POINT('',(-5.975E0,-1.997341983737E0,-1.E1));
#1032=LINE('',#1031,#1030);
#1033=CARTESIAN_POINT('',(0.E0,0.E0,-1.E1));
#1034=DIRECTION('',(0.E0,0.E0,1.E0));
#1035=DIRECTION('',(-7.487696663431E-1,6.628302850386E-1,0.E0));
#1036=AXIS2_PLACEMENT_3D('',#1033,#1034,#1035);
#1038=DIRECTION('',(8.660254037844E-1,5.E-1,0.E0));
#1039=VECTOR('',#1038,3.994683967475E0);
#1040=CARTESIAN_POINT('',(-4.717248897962E0,4.175830795743E0,-1.E1));
#1041=LINE('',#1040,#1039);
#1042=DIRECTION('',(8.660254037844E-1,-5.E-1,0.E0));
#1043=VECTOR('',#1042,3.994683967475E0);
#1044=CARTESIAN_POINT('',(1.257751102038E0,6.173172779481E0,-1.E1));
#1045=LINE('',#1044,#1043);
#1046=CARTESIAN_POINT('',(0.E0,0.E0,-1.E1));
#1047=DIRECTION('',(0.E0,0.E0,-1.E0));
#1048=DIRECTION('',(7.487696663431E-1,6.628302850386E-1,0.E0));
#1049=AXIS2_PLACEMENT_3D('',#1046,#1047,#1048);
#1051=CARTESIAN_POINT('',(0.E0,0.E0,-1.E1));
#1052=DIRECTION('',(0.E0,0.E0,-1.E0));
#1053=DIRECTION('',(0.E0,1.E0,0.E0));
#1054=AXIS2_PLACEMENT_3D('',#1051,#1052,#1053);
#1056=CARTESIAN_POINT('',(0.E0,0.E0,-1.E1));
#1057=DIRECTION('',(0.E0,0.E0,-1.E0));
#1058=DIRECTION('',(0.E0,-1.E0,0.E0));
#1059=AXIS2_PLACEMENT_3D('',#1056,#1057,#1058);
#1061=DIRECTION('',(0.E0,-1.E0,0.E0));
#1062=VECTOR('',#1061,3.994683967475E0);
#1063=CARTESIAN_POINT('',(5.975E0,1.997341983737E0,-1.2E1));
#1064=LINE('',#1063,#1062);
#1065=DIRECTION('',(8.660254037844E-1,-5.E-1,0.E0));
#1066=VECTOR('',#1065,3.994683967475E0);
#1067=CARTESIAN_POINT('',(1.257751102038E0,6.173172779481E0,-1.2E1));
#1068=LINE('',#1067,#1066);
#1069=DIRECTION('',(8.660254037844E-1,5.E-1,0.E0));
#1070=VECTOR('',#1069,3.994683967475E0);
#1071=CARTESIAN_POINT('',(-4.717248897962E0,4.175830795743E0,-1.2E1));
#1072=LINE('',#1071,#1070);
#1073=DIRECTION('',(0.E0,1.E0,0.E0));
#1074=VECTOR('',#1073,3.994683967475E0);
#1075=CARTESIAN_POINT('',(-5.975E0,-1.997341983737E0,-1.2E1));
#1076=LINE('',#1075,#1074);
#1077=DIRECTION('',(-8.660254037844E-1,5.E-1,0.E0));
#1078=VECTOR('',#1077,3.994683967475E0);
#1079=CARTESIAN_POINT('',(-1.257751102038E0,-6.173172779481E0,-1.2E1));
#1080=LINE('',#1079,#1078);
#1081=DIRECTION('',(-8.660254037844E-1,-5.E-1,0.E0));
#1082=VECTOR('',#1081,3.994683967475E0);
#1083=CARTESIAN_POINT('',(4.717248897962E0,-4.175830795743E0,-1.2E1));
#1084=LINE('',#1083,#1082);
#1085=DIRECTION('',(0.E0,-1.E0,0.E0));
#1086=VECTOR('',#1085,4.358898943541E0);
#1087=CARTESIAN_POINT('',(-4.5E0,2.179449471770E0,-1.2E1));
#1088=LINE('',#1087,#1086);
#1089=DIRECTION('',(0.E0,1.E0,0.E0));
#1090=VECTOR('',#1089,4.358898943541E0);
#1091=CARTESIAN_POINT('',(4.5E0,-2.179449471770E0,-1.2E1));
#1092=LINE('',#1091,#1090);
#1093=DIRECTION('',(0.E0,0.E0,-1.E0));
#1094=VECTOR('',#1093,2.E0);
#1095=CARTESIAN_POINT('',(-5.975E0,1.997341983737E0,-1.E1));
#1096=LINE('',#1095,#1094);
#1097=CARTESIAN_POINT('',(0.E0,0.E0,-1.2E1));
#1098=DIRECTION('',(0.E0,0.E0,1.E0));
#1099=DIRECTION('',(-7.487696663431E-1,6.628302850386E-1,0.E0));
#1100=AXIS2_PLACEMENT_3D('',#1097,#1098,#1099);
#1102=DIRECTION('',(0.E0,0.E0,-1.E0));
#1103=VECTOR('',#1102,2.E0);
#1104=CARTESIAN_POINT('',(-4.717248897962E0,4.175830795743E0,-1.E1));
#1105=LINE('',#1104,#1103);
#1106=DIRECTION('',(0.E0,0.E0,-1.E0));
#1107=VECTOR('',#1106,2.E0);
#1108=CARTESIAN_POINT('',(-5.975E0,-1.997341983737E0,-1.E1));
#1109=LINE('',#1108,#1107);
#1110=DIRECTION('',(0.E0,0.E0,-1.E0));
#1111=VECTOR('',#1110,2.E0);
#1112=CARTESIAN_POINT('',(-4.717248897962E0,-4.175830795743E0,-1.E1));
#1113=LINE('',#1112,#1111);
#1114=CARTESIAN_POINT('',(0.E0,0.E0,-1.2E1));
#1115=DIRECTION('',(0.E0,0.E0,1.E0));
#1116=DIRECTION('',(-9.484126984127E-1,-3.170384101170E-1,0.E0));
#1117=AXIS2_PLACEMENT_3D('',#1114,#1115,#1116);
#1119=DIRECTION('',(0.E0,0.E0,-1.E0));
#1120=VECTOR('',#1119,2.E0);
#1121=CARTESIAN_POINT('',(5.975E0,1.997341983737E0,-1.E1));
#1122=LINE('',#1121,#1120);
#1123=DIRECTION('',(0.E0,0.E0,-1.E0));
#1124=VECTOR('',#1123,2.E0);
#1125=CARTESIAN_POINT('',(4.717248897962E0,4.175830795743E0,-1.E1));
#1126=LINE('',#1125,#1124);
#1127=CARTESIAN_POINT('',(0.E0,0.E0,-1.2E1));
#1128=DIRECTION('',(0.E0,0.E0,-1.E0));
#1129=DIRECTION('',(7.487696663431E-1,6.628302850386E-1,0.E0));
#1130=AXIS2_PLACEMENT_3D('',#1127,#1128,#1129);
#1132=DIRECTION('',(0.E0,0.E0,-1.E0));
#1133=VECTOR('',#1132,2.E0);
#1134=CARTESIAN_POINT('',(5.975E0,-1.997341983737E0,-1.E1));
#1135=LINE('',#1134,#1133);
#1136=CARTESIAN_POINT('',(0.E0,0.E0,-1.2E1));
#1137=DIRECTION('',(0.E0,0.E0,-1.E0));
#1138=DIRECTION('',(9.484126984127E-1,-3.170384101170E-1,0.E0));
#1139=AXIS2_PLACEMENT_3D('',#1136,#1137,#1138);
#1141=DIRECTION('',(0.E0,0.E0,-1.E0));
#1142=VECTOR('',#1141,2.E0);
#1143=CARTESIAN_POINT('',(4.717248897962E0,-4.175830795743E0,-1.E1));
#1144=LINE('',#1143,#1142);
#1145=CARTESIAN_POINT('',(0.E0,0.E0,-1.E1));
#1146=DIRECTION('',(0.E0,0.E0,1.E0));
#1147=DIRECTION('',(1.996430320696E-1,9.798686951557E-1,0.E0));
#1148=AXIS2_PLACEMENT_3D('',#1145,#1146,#1147);
#1150=DIRECTION('',(0.E0,0.E0,-1.E0));
#1151=VECTOR('',#1150,2.E0);
#1152=CARTESIAN_POINT('',(-1.257751102038E0,6.173172779481E0,-1.E1));
#1153=LINE('',#1152,#1151);
#1154=CARTESIAN_POINT('',(0.E0,0.E0,-1.2E1));
#1155=DIRECTION('',(0.E0,0.E0,-1.E0));
#1156=DIRECTION('',(-1.996430320696E-1,9.798686951557E-1,0.E0));
#1157=AXIS2_PLACEMENT_3D('',#1154,#1155,#1156);
#1159=DIRECTION('',(0.E0,0.E0,-1.E0));
#1160=VECTOR('',#1159,2.E0);
#1161=CARTESIAN_POINT('',(1.257751102038E0,6.173172779481E0,-1.E1));
#1162=LINE('',#1161,#1160);
#1163=CARTESIAN_POINT('',(0.E0,0.E0,-1.2E1));
#1164=DIRECTION('',(0.E0,0.E0,-1.E0));
#1165=DIRECTION('',(1.996430320696E-1,-9.798686951557E-1,0.E0));
#1166=AXIS2_PLACEMENT_3D('',#1163,#1164,#1165);
#1168=DIRECTION('',(0.E0,0.E0,-1.E0));
#1169=VECTOR('',#1168,2.E0);
#1170=CARTESIAN_POINT('',(-1.257751102038E0,-6.173172779481E0,-1.E1));
#1171=LINE('',#1170,#1169);
#1172=CARTESIAN_POINT('',(0.E0,0.E0,-1.E1));
#1173=DIRECTION('',(0.E0,0.E0,1.E0));
#1174=DIRECTION('',(-1.996430320696E-1,-9.798686951557E-1,0.E0));
#1175=AXIS2_PLACEMENT_3D('',#1172,#1173,#1174);
#1177=DIRECTION('',(0.E0,0.E0,-1.E0));
#1178=VECTOR('',#1177,2.E0);
#1179=CARTESIAN_POINT('',(1.257751102038E0,-6.173172779481E0,-1.E1));
#1180=LINE('',#1179,#1178);
#1181=CARTESIAN_POINT('',(0.E0,0.E0,-1.2E1));
#1182=DIRECTION('',(0.E0,0.E0,1.E0));
#1183=DIRECTION('',(9.E-1,4.358898943541E-1,0.E0));
#1184=AXIS2_PLACEMENT_3D('',#1181,#1182,#1183);
#1186=DIRECTION('',(0.E0,0.E0,-1.E0));
#1187=VECTOR('',#1186,1.2E0);
#1188=CARTESIAN_POINT('',(-4.5E0,2.179449471770E0,-1.2E1));
#1189=LINE('',#1188,#1187);
#1190=DIRECTION('',(0.E0,0.E0,-1.E0));
#1191=VECTOR('',#1190,1.2E0);
#1192=CARTESIAN_POINT('',(4.5E0,2.179449471770E0,-1.2E1));
#1193=LINE('',#1192,#1191);
#1194=DIRECTION('',(0.E0,0.E0,-1.E0));
#1195=VECTOR('',#1194,1.2E0);
#1196=CARTESIAN_POINT('',(-4.5E0,-2.179449471770E0,-1.2E1));
#1197=LINE('',#1196,#1195);
#1198=CARTESIAN_POINT('',(0.E0,0.E0,-1.2E1));
#1199=DIRECTION('',(0.E0,0.E0,1.E0));
#1200=DIRECTION('',(-9.E-1,-4.358898943541E-1,0.E0));
#1201=AXIS2_PLACEMENT_3D('',#1198,#1199,#1200);
#1203=DIRECTION('',(0.E0,0.E0,-1.E0));
#1204=VECTOR('',#1203,1.2E0);
#1205=CARTESIAN_POINT('',(4.5E0,-2.179449471770E0,-1.2E1));
#1206=LINE('',#1205,#1204);
#1207=CARTESIAN_POINT('',(0.E0,0.E0,-1.4E1));
#1208=DIRECTION('',(0.E0,0.E0,-1.E0));
#1209=DIRECTION('',(1.E0,0.E0,0.E0));
#1210=AXIS2_PLACEMENT_3D('',#1207,#1208,#1209);
#1212=CARTESIAN_POINT('',(0.E0,0.E0,-1.4E1));
#1213=DIRECTION('',(0.E0,0.E0,1.E0));
#1214=DIRECTION('',(-1.E0,0.E0,0.E0));
#1215=AXIS2_PLACEMENT_3D('',#1212,#1213,#1214);
#1217=CARTESIAN_POINT('',(-4.5E0,-2.179449471770E0,-1.32E1));
#1218=CARTESIAN_POINT('',(-4.5E0,-2.055253520831E0,-1.328661721589E1));
#1219=CARTESIAN_POINT('',(-4.5E0,-1.814104636812E0,-1.344266148377E1));
#1220=CARTESIAN_POINT('',(-4.5E0,-1.480225236288E0,-1.362580194452E1));
#1221=CARTESIAN_POINT('',(-4.5E0,-1.164188045669E0,-1.376807950385E1));
#1222=CARTESIAN_POINT('',(-4.5E0,-8.620830905246E-1,-1.387401507970E1));
#1223=CARTESIAN_POINT('',(-4.5E0,-5.695599116151E-1,-1.394738295343E1));
#1224=CARTESIAN_POINT('',(-4.5E0,-2.834609415055E-1,-1.399051099513E1));
#1225=CARTESIAN_POINT('',(-4.5E0,-9.409700561104E-2,-1.4E1));
#1226=CARTESIAN_POINT('',(-4.5E0,0.E0,-1.4E1));
#1228=CARTESIAN_POINT('',(0.E0,0.E0,-1.32E1));
#1229=DIRECTION('',(0.E0,0.E0,1.E0));
#1230=DIRECTION('',(-9.E-1,-4.358898943541E-1,0.E0));
#1231=AXIS2_PLACEMENT_3D('',#1228,#1229,#1230);
#1233=CARTESIAN_POINT('',(4.5E0,0.E0,-1.4E1));
#1234=CARTESIAN_POINT('',(4.5E0,-8.238981368353E-2,-1.4E1));
#1235=CARTESIAN_POINT('',(4.5E0,-2.479540835442E-1,-1.399273414383E1));
#1236=CARTESIAN_POINT('',(4.5E0,-4.977078763997E-1,-1.395977627427E1));
#1237=CARTESIAN_POINT('',(4.5E0,-7.517090831363E-1,-1.390398896824E1));
#1238=CARTESIAN_POINT('',(4.5E0,-1.012051144070E0,-1.382400458904E1));
#1239=CARTESIAN_POINT('',(4.5E0,-1.281324770115E0,-1.371780054669E1));
#1240=CARTESIAN_POINT('',(4.5E0,-1.562582723203E0,-1.358241843676E1));
#1241=CARTESIAN_POINT('',(4.5E0,-1.858872979615E0,-1.341429233247E1));
#1242=CARTESIAN_POINT('',(4.5E0,-2.070660015371E0,-1.327587235945E1));
#1243=CARTESIAN_POINT('',(4.5E0,-2.179449471770E0,-1.32E1));
#1245=CARTESIAN_POINT('',(0.E0,0.E0,-1.5E1));
#1246=DIRECTION('',(0.E0,0.E0,-1.E0));
#1247=DIRECTION('',(0.E0,1.E0,0.E0));
#1248=AXIS2_PLACEMENT_3D('',#1245,#1246,#1247);
#1250=CARTESIAN_POINT('',(0.E0,0.E0,-1.4E1));
#1251=DIRECTION('',(0.E0,0.E0,1.E0));
#1252=DIRECTION('',(0.E0,1.E0,0.E0));
#1253=AXIS2_PLACEMENT_3D('',#1250,#1251,#1252);
#1255=CARTESIAN_POINT('',(0.E0,0.E0,-1.4E1));
#1256=DIRECTION('',(0.E0,0.E0,-1.E0));
#1257=DIRECTION('',(0.E0,1.E0,0.E0));
#1258=AXIS2_PLACEMENT_3D('',#1255,#1256,#1257);
#1260=CARTESIAN_POINT('',(4.5E0,2.179449471770E0,-1.32E1));
#1261=CARTESIAN_POINT('',(4.5E0,2.055253520831E0,-1.328661721589E1));
#1262=CARTESIAN_POINT('',(4.5E0,1.814104636812E0,-1.344266148377E1));
#1263=CARTESIAN_POINT('',(4.5E0,1.480225236288E0,-1.362580194452E1));
#1264=CARTESIAN_POINT('',(4.5E0,1.164188045669E0,-1.376807950385E1));
#1265=CARTESIAN_POINT('',(4.5E0,8.620830905246E-1,-1.387401507970E1));
#1266=CARTESIAN_POINT('',(4.5E0,5.695599116151E-1,-1.394738295343E1));
#1267=CARTESIAN_POINT('',(4.5E0,2.834609415055E-1,-1.399051099513E1));
#1268=CARTESIAN_POINT('',(4.5E0,9.409700561105E-2,-1.4E1));
#1269=CARTESIAN_POINT('',(4.5E0,0.E0,-1.4E1));
#1271=CARTESIAN_POINT('',(0.E0,0.E0,-1.32E1));
#1272=DIRECTION('',(0.E0,0.E0,1.E0));
#1273=DIRECTION('',(9.E-1,4.358898943541E-1,0.E0));
#1274=AXIS2_PLACEMENT_3D('',#1271,#1272,#1273);
#1276=CARTESIAN_POINT('',(-4.5E0,0.E0,-1.4E1));
#1277=CARTESIAN_POINT('',(-4.5E0,8.238981368353E-2,-1.4E1));
#1278=CARTESIAN_POINT('',(-4.5E0,2.479540835442E-1,-1.399273414383E1));
#1279=CARTESIAN_POINT('',(-4.5E0,4.977078763997E-1,-1.395977627427E1));
#1280=CARTESIAN_POINT('',(-4.5E0,7.517090831363E-1,-1.390398896824E1));
#1281=CARTESIAN_POINT('',(-4.5E0,1.012051144070E0,-1.382400458904E1));
#1282=CARTESIAN_POINT('',(-4.5E0,1.281324770115E0,-1.371780054669E1));
#1283=CARTESIAN_POINT('',(-4.5E0,1.562582723203E0,-1.358241843676E1));
#1284=CARTESIAN_POINT('',(-4.5E0,1.858872979615E0,-1.341429233247E1));
#1285=CARTESIAN_POINT('',(-4.5E0,2.070660015371E0,-1.327587235945E1));
#1286=CARTESIAN_POINT('',(-4.5E0,2.179449471770E0,-1.32E1));
#1288=DIRECTION('',(0.E0,0.E0,1.E0));
#1289=VECTOR('',#1288,1.E0);
#1290=CARTESIAN_POINT('',(0.E0,-4.5E0,-1.5E1));
#1291=LINE('',#1290,#1289);
#1292=CARTESIAN_POINT('',(0.E0,0.E0,-1.5E1));
#1293=DIRECTION('',(0.E0,0.E0,1.E0));
#1294=DIRECTION('',(0.E0,1.E0,0.E0));
#1295=AXIS2_PLACEMENT_3D('',#1292,#1293,#1294);
#1297=DIRECTION('',(0.E0,0.E0,1.E0));
#1298=VECTOR('',#1297,1.E0);
#1299=CARTESIAN_POINT('',(0.E0,4.5E0,-1.5E1));
#1300=LINE('',#1299,#1298);
#1301=CARTESIAN_POINT('',(1.75E0,0.E0,-1.5E1));
#1302=DIRECTION('',(0.E0,0.E0,-1.E0));
#1303=DIRECTION('',(-1.E0,0.E0,0.E0));
#1304=AXIS2_PLACEMENT_3D('',#1301,#1302,#1303);
#1306=CARTESIAN_POINT('',(1.75E0,0.E0,-1.5E1));
#1307=DIRECTION('',(0.E0,0.E0,-1.E0));
#1308=DIRECTION('',(1.E0,0.E0,0.E0));
#1309=AXIS2_PLACEMENT_3D('',#1306,#1307,#1308);
#1311=CARTESIAN_POINT('',(0.E0,1.75E0,-1.5E1));
#1312=DIRECTION('',(0.E0,0.E0,-1.E0));
#1313=DIRECTION('',(-1.E0,0.E0,0.E0));
#1314=AXIS2_PLACEMENT_3D('',#1311,#1312,#1313);
#1316=CARTESIAN_POINT('',(0.E0,1.75E0,-1.5E1));
#1317=DIRECTION('',(0.E0,0.E0,-1.E0));
#1318=DIRECTION('',(1.E0,0.E0,0.E0));
#1319=AXIS2_PLACEMENT_3D('',#1316,#1317,#1318);
#1321=CARTESIAN_POINT('',(-1.75E0,0.E0,-1.5E1));
#1322=DIRECTION('',(0.E0,0.E0,-1.E0));
#1323=DIRECTION('',(-1.E0,0.E0,0.E0));
#1324=AXIS2_PLACEMENT_3D('',#1321,#1322,#1323);
#1326=CARTESIAN_POINT('',(-1.75E0,0.E0,-1.5E1));
#1327=DIRECTION('',(0.E0,0.E0,-1.E0));
#1328=DIRECTION('',(1.E0,0.E0,0.E0));
#1329=AXIS2_PLACEMENT_3D('',#1326,#1327,#1328);
#1331=DIRECTION('',(0.E0,0.E0,-1.E0));
#1332=VECTOR('',#1331,1.5E0);
#1333=CARTESIAN_POINT('',(1.25E0,0.E0,-1.5E1));
#1334=LINE('',#1333,#1332);
#1335=DIRECTION('',(0.E0,0.E0,-1.E0));
#1336=VECTOR('',#1335,1.5E0);
#1337=CARTESIAN_POINT('',(2.25E0,0.E0,-1.5E1));
#1338=LINE('',#1337,#1336);
#1339=CARTESIAN_POINT('',(1.75E0,0.E0,-1.65E1));
#1340=DIRECTION('',(0.E0,0.E0,-1.E0));
#1341=DIRECTION('',(-1.E0,0.E0,0.E0));
#1342=AXIS2_PLACEMENT_3D('',#1339,#1340,#1341);
#1344=CARTESIAN_POINT('',(1.75E0,0.E0,-1.65E1));
#1345=DIRECTION('',(0.E0,0.E0,-1.E0));
#1346=DIRECTION('',(1.E0,0.E0,0.E0));
#1347=AXIS2_PLACEMENT_3D('',#1344,#1345,#1346);
#1349=CARTESIAN_POINT('',(0.E0,1.75E0,-1.65E1));
#1350=DIRECTION('',(0.E0,0.E0,-1.E0));
#1351=DIRECTION('',(-1.E0,0.E0,0.E0));
#1352=AXIS2_PLACEMENT_3D('',#1349,#1350,#1351);
#1354=CARTESIAN_POINT('',(0.E0,1.75E0,-1.65E1));
#1355=DIRECTION('',(0.E0,0.E0,-1.E0));
#1356=DIRECTION('',(1.E0,0.E0,0.E0));
#1357=AXIS2_PLACEMENT_3D('',#1354,#1355,#1356);
#1359=CARTESIAN_POINT('',(-1.75E0,0.E0,-1.65E1));
#1360=DIRECTION('',(0.E0,0.E0,-1.E0));
#1361=DIRECTION('',(-1.E0,0.E0,0.E0));
#1362=AXIS2_PLACEMENT_3D('',#1359,#1360,#1361);
#1364=CARTESIAN_POINT('',(-1.75E0,0.E0,-1.65E1));
#1365=DIRECTION('',(0.E0,0.E0,-1.E0));
#1366=DIRECTION('',(1.E0,0.E0,0.E0));
#1367=AXIS2_PLACEMENT_3D('',#1364,#1365,#1366);
#1369=CARTESIAN_POINT('',(1.75E0,0.E0,-1.65E1));
#1370=DIRECTION('',(0.E0,0.E0,-1.E0));
#1371=DIRECTION('',(-1.E0,0.E0,0.E0));
#1372=AXIS2_PLACEMENT_3D('',#1369,#1370,#1371);
#1374=CARTESIAN_POINT('',(1.75E0,0.E0,-1.65E1));
#1375=DIRECTION('',(0.E0,0.E0,-1.E0));
#1376=DIRECTION('',(1.E0,0.E0,0.E0));
#1377=AXIS2_PLACEMENT_3D('',#1374,#1375,#1376);
#1379=CARTESIAN_POINT('',(0.E0,1.75E0,-1.65E1));
#1380=DIRECTION('',(0.E0,0.E0,-1.E0));
#1381=DIRECTION('',(-1.E0,0.E0,0.E0));
#1382=AXIS2_PLACEMENT_3D('',#1379,#1380,#1381);
#1384=CARTESIAN_POINT('',(0.E0,1.75E0,-1.65E1));
#1385=DIRECTION('',(0.E0,0.E0,-1.E0));
#1386=DIRECTION('',(1.E0,0.E0,0.E0));
#1387=AXIS2_PLACEMENT_3D('',#1384,#1385,#1386);
#1389=CARTESIAN_POINT('',(-1.75E0,0.E0,-1.65E1));
#1390=DIRECTION('',(0.E0,0.E0,-1.E0));
#1391=DIRECTION('',(-1.E0,0.E0,0.E0));
#1392=AXIS2_PLACEMENT_3D('',#1389,#1390,#1391);
#1394=CARTESIAN_POINT('',(-1.75E0,0.E0,-1.65E1));
#1395=DIRECTION('',(0.E0,0.E0,-1.E0));
#1396=DIRECTION('',(1.E0,0.E0,0.E0));
#1397=AXIS2_PLACEMENT_3D('',#1394,#1395,#1396);
#1399=DIRECTION('',(0.E0,0.E0,-1.E0));
#1400=VECTOR('',#1399,1.5E0);
#1401=CARTESIAN_POINT('',(-5.E-1,1.75E0,-1.5E1));
#1402=LINE('',#1401,#1400);
#1403=DIRECTION('',(0.E0,0.E0,-1.E0));
#1404=VECTOR('',#1403,1.5E0);
#1405=CARTESIAN_POINT('',(5.E-1,1.75E0,-1.5E1));
#1406=LINE('',#1405,#1404);
#1407=DIRECTION('',(0.E0,0.E0,-1.E0));
#1408=VECTOR('',#1407,1.5E0);
#1409=CARTESIAN_POINT('',(-2.25E0,0.E0,-1.5E1));
#1410=LINE('',#1409,#1408);
#1411=DIRECTION('',(0.E0,0.E0,-1.E0));
#1412=VECTOR('',#1411,1.5E0);
#1413=CARTESIAN_POINT('',(-1.25E0,0.E0,-1.5E1));
#1414=LINE('',#1413,#1412);
#1415=DIRECTION('',(0.E0,0.E0,-1.E0));
#1416=VECTOR('',#1415,3.E0);
#1417=CARTESIAN_POINT('',(1.45E0,0.E0,-1.65E1));
#1418=LINE('',#1417,#1416);
#1419=DIRECTION('',(0.E0,0.E0,-1.E0));
#1420=VECTOR('',#1419,3.E0);
#1421=CARTESIAN_POINT('',(2.05E0,0.E0,-1.65E1));
#1422=LINE('',#1421,#1420);
#1423=CARTESIAN_POINT('',(1.75E0,0.E0,-1.95E1));
#1424=DIRECTION('',(0.E0,0.E0,-1.E0));
#1425=DIRECTION('',(-1.E0,0.E0,0.E0));
#1426=AXIS2_PLACEMENT_3D('',#1423,#1424,#1425);
#1428=CARTESIAN_POINT('',(1.75E0,0.E0,-1.95E1));
#1429=DIRECTION('',(0.E0,0.E0,-1.E0));
#1430=DIRECTION('',(1.E0,0.E0,0.E0));
#1431=AXIS2_PLACEMENT_3D('',#1428,#1429,#1430);
#1433=CARTESIAN_POINT('',(0.E0,1.75E0,-1.95E1));
#1434=DIRECTION('',(0.E0,0.E0,-1.E0));
#1435=DIRECTION('',(-1.E0,0.E0,0.E0));
#1436=AXIS2_PLACEMENT_3D('',#1433,#1434,#1435);
#1438=CARTESIAN_POINT('',(0.E0,1.75E0,-1.95E1));
#1439=DIRECTION('',(0.E0,0.E0,-1.E0));
#1440=DIRECTION('',(1.E0,0.E0,0.E0));
#1441=AXIS2_PLACEMENT_3D('',#1438,#1439,#1440);
#1443=CARTESIAN_POINT('',(-1.75E0,0.E0,-1.95E1));
#1444=DIRECTION('',(0.E0,0.E0,-1.E0));
#1445=DIRECTION('',(-1.E0,0.E0,0.E0));
#1446=AXIS2_PLACEMENT_3D('',#1443,#1444,#1445);
#1448=CARTESIAN_POINT('',(-1.75E0,0.E0,-1.95E1));
#1449=DIRECTION('',(0.E0,0.E0,-1.E0));
#1450=DIRECTION('',(1.E0,0.E0,0.E0));
#1451=AXIS2_PLACEMENT_3D('',#1448,#1449,#1450);
#1453=DIRECTION('',(0.E0,0.E0,-1.E0));
#1454=VECTOR('',#1453,3.E0);
#1455=CARTESIAN_POINT('',(-3.E-1,1.75E0,-1.65E1));
#1456=LINE('',#1455,#1454);
#1457=DIRECTION('',(0.E0,0.E0,-1.E0));
#1458=VECTOR('',#1457,3.E0);
#1459=CARTESIAN_POINT('',(3.E-1,1.75E0,-1.65E1));
#1460=LINE('',#1459,#1458);
#1461=DIRECTION('',(0.E0,0.E0,-1.E0));
#1462=VECTOR('',#1461,3.E0);
#1463=CARTESIAN_POINT('',(-2.05E0,0.E0,-1.65E1));
#1464=LINE('',#1463,#1462);
#1465=DIRECTION('',(0.E0,0.E0,-1.E0));
#1466=VECTOR('',#1465,3.E0);
#1467=CARTESIAN_POINT('',(-1.45E0,0.E0,-1.65E1));
#1468=LINE('',#1467,#1466);
#1469=CARTESIAN_POINT('',(-2.443106207485E0,4.362480035364E0,-8.E0));
#1470=CARTESIAN_POINT('',(-2.483042931505E0,4.333948891716E0,-8.E0));
#1471=CARTESIAN_POINT('',(-2.562032601030E0,4.275731991452E0,-8.E0));
#1472=CARTESIAN_POINT('',(-2.677905138440E0,4.184899560388E0,-8.E0));
#1473=CARTESIAN_POINT('',(-2.791019955257E0,4.090651072745E0,-8.E0));
#1474=CARTESIAN_POINT('',(-2.864491484632E0,4.025615372175E0,-8.E0));
#1475=CARTESIAN_POINT('',(-2.900748489428E0,3.992537776683E0,-8.E0));
#1477=DIRECTION('',(5.090369604550E-1,-7.006292692221E-1,-5.E-1));
#1478=VECTOR('',#1477,5.5E-1);
#1479=CARTESIAN_POINT('',(-2.900748489428E0,3.992537776683E0,-8.E0));
#1480=LINE('',#1479,#1478);
#1481=CARTESIAN_POINT('',(0.E0,0.E0,-8.E0));
#1482=DIRECTION('',(0.E0,0.E0,-1.E0));
#1483=DIRECTION('',(-1.E0,0.E0,0.E0));
#1484=AXIS2_PLACEMENT_3D('',#1481,#1482,#1483);
#1486=CARTESIAN_POINT('',(0.E0,0.E0,-8.E0));
#1487=DIRECTION('',(0.E0,0.E0,-1.E0));
#1488=DIRECTION('',(-5.E-1,-8.660254037844E-1,0.E0));
#1489=AXIS2_PLACEMENT_3D('',#1486,#1487,#1488);
#1491=CARTESIAN_POINT('',(0.E0,0.E0,-8.E0));
#1492=DIRECTION('',(0.E0,0.E0,-1.E0));
#1493=DIRECTION('',(1.E0,0.E0,0.E0));
#1494=AXIS2_PLACEMENT_3D('',#1491,#1492,#1493);
#1496=CARTESIAN_POINT('',(0.E0,0.E0,-8.E0));
#1497=DIRECTION('',(0.E0,0.E0,-1.E0));
#1498=DIRECTION('',(5.E-1,8.660254037844E-1,0.E0));
#1499=AXIS2_PLACEMENT_3D('',#1496,#1497,#1498);
#1501=CARTESIAN_POINT('',(1.913417161825E0,4.619397662556E0,-6.E0));
#1502=CARTESIAN_POINT('',(2.053416227791E0,4.552153967492E0,-6.E0));
#1503=CARTESIAN_POINT('',(2.325331384840E0,4.405556235875E0,-6.E0));
#1504=CARTESIAN_POINT('',(2.710955831994E0,4.148710126127E0,-6.E0));
#1505=CARTESIAN_POINT('',(3.069122659867E0,3.858419395791E0,-6.E0));
#1506=CARTESIAN_POINT('',(3.397557704892E0,3.536976568107E0,-6.E0));
#1507=CARTESIAN_POINT('',(3.693164147349E0,3.187860044866E0,-6.E0));
#1508=CARTESIAN_POINT('',(3.954530891400E0,2.812705462213E0,-6.E0));
#1509=CARTESIAN_POINT('',(4.177455904233E0,2.418476491202E0,-6.E0));
#1510=CARTESIAN_POINT('',(4.362693271612E0,2.004274362776E0,-6.E0));
#1511=CARTESIAN_POINT('',(4.458660139621E0,1.720593289277E0,-6.E0));
#1512=CARTESIAN_POINT('',(4.5E0,1.576396199721E0,-6.E0));
#1514=CARTESIAN_POINT('',(4.5E0,-1.018720113787E0,-6.E0));
#1515=CARTESIAN_POINT('',(4.5E0,-9.232169966181E-1,-5.984612564095E0));
#1516=CARTESIAN_POINT('',(4.5E0,-7.319619837885E-1,-5.956974400945E0));
#1517=CARTESIAN_POINT('',(4.5E0,-4.448560109786E-1,-5.925441240838E0));
#1518=CARTESIAN_POINT('',(4.5E0,-1.556659506548E-1,-5.904099501765E0));
#1519=CARTESIAN_POINT('',(4.5E0,1.336147747163E-1,-5.893449175569E0));
#1520=CARTESIAN_POINT('',(4.5E0,4.231720698002E-1,-5.893572421176E0));
#1521=CARTESIAN_POINT('',(4.5E0,7.126157560334E-1,-5.904445716926E0));
#1522=CARTESIAN_POINT('',(4.5E0,1.001302312456E0,-5.925825493607E0));
#1523=CARTESIAN_POINT('',(4.5E0,1.288658605654E0,-5.957244142258E0));
#1524=CARTESIAN_POINT('',(4.5E0,1.480493374483E0,-5.984715336126E0));
#1525=CARTESIAN_POINT('',(4.5E0,1.576396199721E0,-6.E0));
#1527=CARTESIAN_POINT('',(4.5E0,-1.018720113787E0,-6.E0));
#1528=CARTESIAN_POINT('',(4.459714012770E0,-1.157612261429E0,-6.E0));
#1529=CARTESIAN_POINT('',(4.366732080501E0,-1.429495433167E0,-6.E0));
#1530=CARTESIAN_POINT('',(4.190333956472E0,-1.821105648621E0,-6.E0));
#1531=CARTESIAN_POINT('',(3.978852025575E0,-2.192834858788E0,-6.E0));
#1532=CARTESIAN_POINT('',(3.734005523384E0,-2.542066720397E0,-6.E0));
#1533=CARTESIAN_POINT('',(3.459016468172E0,-2.864619922020E0,-6.E0));
#1534=CARTESIAN_POINT('',(3.257943157129E0,-3.059903080459E0,-6.E0));
#1535=CARTESIAN_POINT('',(3.152801133623E0,-3.152801133623E0,-6.E0));
#1537=CARTESIAN_POINT('',(-1.377824617294E0,4.240508141759E0,-4.575E0));
#1538=CARTESIAN_POINT('',(-1.230663550266E0,4.288323670955E0,
-4.580523255814E0));
#1539=CARTESIAN_POINT('',(-9.313591325280E-1,4.368619703256E0,
-4.591569767442E0));
#1540=CARTESIAN_POINT('',(-4.723162743200E-1,4.441754760140E0,
-4.608139534884E0));
#1541=CARTESIAN_POINT('',(-8.158634726647E-3,4.466788714101E0,
-4.624709302326E0));
#1542=CARTESIAN_POINT('',(4.560873763353E-1,4.443450494537E0,
-4.641279069767E0));
#1543=CARTESIAN_POINT('',(9.153942767879E-1,4.371992830042E0,
-4.657848837209E0));
#1544=CARTESIAN_POINT('',(1.364788102504E0,4.253189558977E0,-4.674418604651E0));
#1545=CARTESIAN_POINT('',(1.799402232716E0,4.088327236632E0,-4.690988372093E0));
#1546=CARTESIAN_POINT('',(2.214530102575E0,3.879191206142E0,-4.707558139535E0));
#1547=CARTESIAN_POINT('',(2.605676169133E0,3.628046263569E0,-4.724127906977E0));
#1548=CARTESIAN_POINT('',(2.968604595663E0,3.337612131990E0,-4.740697674419E0));
#1549=CARTESIAN_POINT('',(3.299385122584E0,3.011034008752E0,-4.757267441860E0));
#1550=CARTESIAN_POINT('',(3.594435629470E0,2.651848505211E0,-4.773837209302E0));
#1551=CARTESIAN_POINT('',(3.850560926874E0,2.263945347711E0,-4.790406976744E0));
#1552=CARTESIAN_POINT('',(4.064987357988E0,1.851525254593E0,-4.806976744186E0));
#1553=CARTESIAN_POINT('',(4.235392835393E0,1.419054445360E0,-4.823546511628E0));
#1554=CARTESIAN_POINT('',(4.359931987636E0,9.712162746702E-1,
-4.840116279070E0));
#1555=CARTESIAN_POINT('',(4.437256143300E0,5.128605148952E-1,
-4.856686046512E0));
#1556=CARTESIAN_POINT('',(4.466527936171E0,4.895083649837E-2,
-4.873255813953E0));
#1557=CARTESIAN_POINT('',(4.447430373323E0,-4.154889450248E-1,
-4.889825581395E0));
#1558=CARTESIAN_POINT('',(4.380170267927E0,-8.754292735352E-1,
-4.906395348837E0));
#1559=CARTESIAN_POINT('',(4.265475999613E0,-1.325889318805E0,
-4.922965116279E0));
#1560=CARTESIAN_POINT('',(4.104589626629E0,-1.761990915403E0,
-4.939534883721E0));
#1561=CARTESIAN_POINT('',(3.899253435224E0,-2.179011389802E0,
-4.956104651163E0));
#1562=CARTESIAN_POINT('',(3.651691071915E0,-2.572434703601E0,
-4.972674418605E0));
#1563=CARTESIAN_POINT('',(3.364583462956E0,-2.938000359053E0,
-4.989244186047E0));
#1564=CARTESIAN_POINT('',(3.041039781796E0,-3.271749537254E0,
-5.005813953488E0));
#1565=CARTESIAN_POINT('',(2.684563778917E0,-3.570067969369E0,
-5.022383720930E0));
#1566=CARTESIAN_POINT('',(2.299015838679E0,-3.829725076620E0,
-5.038953488372E0));
#1567=CARTESIAN_POINT('',(1.888571174073E0,-4.047908955183E0,
-5.055523255814E0));
#1568=CARTESIAN_POINT('',(1.457674612104E0,-4.222256827127E0,
-5.072093023256E0));
#1569=CARTESIAN_POINT('',(1.010992459438E0,-4.350880627638E0,
-5.088662790698E0));
#1570=CARTESIAN_POINT('',(5.533619695852E-1,-4.432387451432E0,
-5.105232558140E0));
#1571=CARTESIAN_POINT('',(8.973895884542E-2,-4.465894636941E0,
-5.121802325581E0));
#1572=CARTESIAN_POINT('',(-3.748558616947E-1,-4.451039324916E0,
-5.138372093023E0));
#1573=CARTESIAN_POINT('',(-8.353912569325E-1,-4.387982387936E0,
-5.154941860465E0));
#1574=CARTESIAN_POINT('',(-1.286879952486E0,-4.277406688273E0,
-5.171511627907E0));
#1575=CARTESIAN_POINT('',(-1.724432643366E0,-4.120509682975E0,
-5.188081395349E0));
#1576=CARTESIAN_POINT('',(-2.143310941712E0,-3.918990456244E0,
-5.204651162791E0));
#1577=CARTESIAN_POINT('',(-2.538978690201E0,-3.675031319554E0,
-5.221220930233E0));
#1578=CARTESIAN_POINT('',(-2.907151085433E0,-3.391274178750E0,
-5.237790697674E0));
#1579=CARTESIAN_POINT('',(-3.243841079348E0,-3.070791924069E0,
-5.254360465116E0));
#1580=CARTESIAN_POINT('',(-3.545402556145E0,-2.717055152895E0,
-5.270930232558E0));
#1581=CARTESIAN_POINT('',(-3.808569817153E0,-2.333894585637E0,-5.2875E0));
#1582=CARTESIAN_POINT('',(-4.030492946051E0,-1.925459581716E0,
-5.304069767442E0));
#1583=CARTESIAN_POINT('',(-4.208768671459E0,-1.496173204925E0,
-5.320639534884E0));
#1584=CARTESIAN_POINT('',(-4.341466392672E0,-1.050684324757E0,
-5.337209302326E0));
#1585=CARTESIAN_POINT('',(-4.427149086711E0,-5.938172724213E-1,
-5.353779069767E0));
#1586=CARTESIAN_POINT('',(-4.464888870270E0,-1.305195967256E-1,
-5.370348837209E0));
#1587=CARTESIAN_POINT('',(-4.454277048041E0,3.341915143930E-1,
-5.386918604651E0));
#1588=CARTESIAN_POINT('',(-4.395428538592E0,7.952835664865E-1,
-5.403488372093E0));
#1589=CARTESIAN_POINT('',(-4.288980629887E0,1.247763256970E0,
-5.420058139535E0));
#1590=CARTESIAN_POINT('',(-4.136086077900E0,1.686730549079E0,
-5.436627906977E0));
#1591=CARTESIAN_POINT('',(-3.938400623080E0,2.107431735814E0,
-5.453197674419E0));
#1592=CARTESIAN_POINT('',(-3.698065059848E0,2.505310919253E0,
-5.469767441860E0));
#1593=CARTESIAN_POINT('',(-3.417682053297E0,2.876059347713E0,
-5.486337209302E0));
#1594=CARTESIAN_POINT('',(-3.100287954162E0,3.215662076505E0,
-5.502906976744E0));
#1595=CARTESIAN_POINT('',(-2.749319917278E0,3.520441446957E0,
-5.519476744186E0));
#1596=CARTESIAN_POINT('',(-2.368578679606E0,3.787096912875E0,
-5.536046511628E0));
#1597=CARTESIAN_POINT('',(-1.962187400931E0,4.012740783133E0,
-5.552616279070E0));
#1598=CARTESIAN_POINT('',(-1.534547012938E0,4.194929493338E0,
-5.569186046512E0));
#1599=CARTESIAN_POINT('',(-1.090288560221E0,4.331690067911E0,
-5.585755813953E0));
#1600=CARTESIAN_POINT('',(-6.342230493242E-1,4.421541486032E0,
-5.602325581395E0));
#1601=CARTESIAN_POINT('',(-1.712893489258E-1,4.463510720043E0,
-5.618895348837E0));
#1602=CARTESIAN_POINT('',(2.934992946338E-1,4.457143272663E0,
-5.635465116279E0));
#1603=CARTESIAN_POINT('',(7.551095472847E-1,4.402508098867E0,
-5.652034883721E0));
#1604=CARTESIAN_POINT('',(1.208542494695E0,4.300196859158E0,-5.668604651163E0));
#1605=CARTESIAN_POINT('',(1.648887776996E0,4.151317512292E0,-5.685174418605E0));
#1606=CARTESIAN_POINT('',(2.071376764528E0,3.957482316874E0,-5.701744186047E0));
#1607=CARTESIAN_POINT('',(2.471434198739E0,3.720790371721E0,-5.718313953488E0));
#1608=CARTESIAN_POINT('',(2.844727739026E0,3.443804884108E0,-5.734883720930E0));
#1609=CARTESIAN_POINT('',(3.187214878927E0,3.129525412029E0,-5.751453488372E0));
#1610=CARTESIAN_POINT('',(3.495186723629E0,2.781355381097E0,-5.768023255814E0));
#1611=CARTESIAN_POINT('',(3.765308154686E0,2.403065227839E0,-5.784593023256E0));
#1612=CARTESIAN_POINT('',(3.994653947007E0,1.998751568519E0,-5.801162790698E0));
#1613=CARTESIAN_POINT('',(4.180740446986E0,1.572792835666E0,-5.817732558140E0));
#1614=CARTESIAN_POINT('',(4.321552468727E0,1.129801862732E0,-5.834302325581E0));
#1615=CARTESIAN_POINT('',(4.415565117081E0,6.745759303443E-1,
-5.850872093023E0));
#1616=CARTESIAN_POINT('',(4.461760301203E0,2.120448151439E-1,
-5.867441860465E0));
#1617=CARTESIAN_POINT('',(4.459637759719E0,-2.527825962685E-1,
-5.884011627907E0));
#1618=CARTESIAN_POINT('',(4.409220478353E0,-7.148725499011E-1,
-5.900581395349E0));
#1619=CARTESIAN_POINT('',(4.311054440450E0,-1.169220936946E0,
-5.917151162791E0));
#1620=CARTESIAN_POINT('',(4.166202716448E0,-1.610907482668E0,
-5.933720930233E0));
#1621=CARTESIAN_POINT('',(3.976233943778E0,-2.035149037316E0,
-5.950290697674E0));
#1622=CARTESIAN_POINT('',(3.743205368716E0,-2.437351345176E0,
-5.966860465116E0));
#1623=CARTESIAN_POINT('',(3.469640459286E0,-2.813158905698E0,
-5.983430232558E0));
#1624=CARTESIAN_POINT('',(3.262214808456E0,-3.043387458790E0,
-5.994476744186E0));
#1625=CARTESIAN_POINT('',(3.152801133623E0,-3.152801133623E0,-6.E0));
#1627=DIRECTION('',(-2.676165673298E-1,8.236391035463E-1,-5.E-1));
#1628=VECTOR('',#1627,6.25E-1);
#1629=CARTESIAN_POINT('',(-1.377824617294E0,4.240508141759E0,-4.575E0));
#1630=LINE('',#1629,#1628);
#1631=CARTESIAN_POINT('',(4.5E0,-2.179449471770E0,-5.259283146564E0));
#1632=CARTESIAN_POINT('',(4.5E0,-2.101346453492E0,-5.237390164677E0));
#1633=CARTESIAN_POINT('',(4.5E0,-1.944477217550E0,-5.195034607254E0));
#1634=CARTESIAN_POINT('',(4.5E0,-1.706484155093E0,-5.136097099829E0));
#1635=CARTESIAN_POINT('',(4.5E0,-1.467400482122E0,-5.082623995156E0));
#1636=CARTESIAN_POINT('',(4.5E0,-1.228694584595E0,-5.035303914325E0));
#1637=CARTESIAN_POINT('',(4.5E0,-9.897369280952E-1,-4.994231432653E0));
#1638=CARTESIAN_POINT('',(4.5E0,-7.381541740402E-1,-4.958053987214E0));
#1639=CARTESIAN_POINT('',(4.5E0,-4.635646690864E-1,-4.927152231905E0));
#1640=CARTESIAN_POINT('',(4.5E0,-1.526082592610E-1,-4.903395239341E0));
#1641=CARTESIAN_POINT('',(4.5E0,1.950113080024E-1,-4.891551192694E0));
#1642=CARTESIAN_POINT('',(4.5E0,5.687260115524E-1,-4.896361423861E0));
#1643=CARTESIAN_POINT('',(4.5E0,9.589013333510E-1,-4.920525321077E0));
#1644=CARTESIAN_POINT('',(4.5E0,1.358772878867E0,-4.964823257399E0));
#1645=CARTESIAN_POINT('',(4.5E0,1.767027441030E0,-5.029359552986E0));
#1646=CARTESIAN_POINT('',(4.5E0,2.041390039984E0,-5.084927769744E0));
#1647=CARTESIAN_POINT('',(4.5E0,2.179449471770E0,-5.115716853436E0));
#1649=CARTESIAN_POINT('',(-4.5E0,2.179449471770E0,-5.759283146564E0));
#1650=CARTESIAN_POINT('',(-4.5E0,2.031713503053E0,-5.717871419354E0));
#1651=CARTESIAN_POINT('',(-4.5E0,1.752539194833E0,-5.645513883329E0));
#1652=CARTESIAN_POINT('',(-4.5E0,1.391913228017E0,-5.565941955779E0));
#1653=CARTESIAN_POINT('',(-4.5E0,1.066347852835E0,-5.505934493928E0));
#1654=CARTESIAN_POINT('',(-4.5E0,7.623057033792E-1,-5.460739162188E0));
#1655=CARTESIAN_POINT('',(-4.5E0,4.604691997177E-1,-5.426678942932E0));
#1656=CARTESIAN_POINT('',(-4.5E0,1.518984632665E-1,-5.403637511723E0));
#1657=CARTESIAN_POINT('',(-4.5E0,-1.567934509541E-1,-5.392813511072E0));
#1658=CARTESIAN_POINT('',(-4.5E0,-4.649990981609E-1,-5.394265478883E0));
#1659=CARTESIAN_POINT('',(-4.5E0,-7.706779849690E-1,-5.407689148030E0));
#1660=CARTESIAN_POINT('',(-4.5E0,-1.082441199324E0,-5.433297047482E0));
#1661=CARTESIAN_POINT('',(-4.5E0,-1.412553138495E0,-5.473158808686E0));
#1662=CARTESIAN_POINT('',(-4.5E0,-1.770829946682E0,-5.530489788193E0));
#1663=CARTESIAN_POINT('',(-4.5E0,-2.039049860084E0,-5.584405878600E0));
#1664=CARTESIAN_POINT('',(-4.5E0,-2.179449471770E0,-5.615716853436E0));
#1666=CARTESIAN_POINT('',(3.152801133623E0,-3.152801133623E0,-8.E0));
#1667=CARTESIAN_POINT('',(3.258125789798E0,-3.059741715680E0,-8.E0));
#1668=CARTESIAN_POINT('',(3.459410925338E0,-2.864246363467E0,-8.E0));
#1669=CARTESIAN_POINT('',(3.734790476406E0,-2.541012178899E0,-8.E0));
#1670=CARTESIAN_POINT('',(3.978704098076E0,-2.193049473790E0,-8.E0));
#1671=CARTESIAN_POINT('',(4.190687673376E0,-1.820437490677E0,-8.E0));
#1672=CARTESIAN_POINT('',(4.366673447261E0,-1.429575418282E0,-8.E0));
#1673=CARTESIAN_POINT('',(4.459705062617E0,-1.157643118461E0,-8.E0));
#1674=CARTESIAN_POINT('',(4.5E0,-1.018720113787E0,-8.E0));
#1676=CARTESIAN_POINT('',(4.5E0,-2.179449471770E0,-8.259283146564E0));
#1677=CARTESIAN_POINT('',(4.5E0,-2.062809869362E0,-8.226588011867E0));
#1678=CARTESIAN_POINT('',(4.5E0,-1.840102539733E0,-8.167802090526E0));
#1679=CARTESIAN_POINT('',(4.5E0,-1.541003736348E0,-8.098051843160E0));
#1680=CARTESIAN_POINT('',(4.5E0,-1.269410389483E0,-8.042708408540E0));
#1681=CARTESIAN_POINT('',(4.5E0,-1.099945369748E0,-8.013086990844E0));
#1682=CARTESIAN_POINT('',(4.5E0,-1.018720113787E0,-8.E0));
#1684=CARTESIAN_POINT('',(-4.5E0,3.143442412650E-2,-8.4E0));
#1685=CARTESIAN_POINT('',(-4.5E0,-4.282110885147E-2,-8.397074407778E0));
#1686=CARTESIAN_POINT('',(-4.5E0,-1.873244288879E-1,-8.393482535560E0));
#1687=CARTESIAN_POINT('',(-4.5E0,-3.947534354736E-1,-8.394026892956E0));
#1688=CARTESIAN_POINT('',(-4.5E0,-5.213336621380E-1,-8.397609977670E0));
#1689=CARTESIAN_POINT('',(-4.5E0,-5.821655189146E-1,-8.4E0));
#1691=CARTESIAN_POINT('',(3.152801133623E0,-3.152801133623E0,-8.E0));
#1692=CARTESIAN_POINT('',(3.042747612738E0,-3.262854654508E0,
-8.005555555556E0));
#1693=CARTESIAN_POINT('',(2.811105512459E0,-3.471426127693E0,
-8.016666666667E0));
#1694=CARTESIAN_POINT('',(2.432843097148E0,-3.746249871010E0,
-8.033333333333E0));
#1695=CARTESIAN_POINT('',(2.027925998591E0,-3.980028861954E0,-8.05E0));
#1696=CARTESIAN_POINT('',(1.600790503731E0,-4.170201838505E0,
-8.066666666667E0));
#1697=CARTESIAN_POINT('',(1.156116417062E0,-4.314685207106E0,
-8.083333333333E0));
#1698=CARTESIAN_POINT('',(6.987756759396E-1,-4.411895982726E0,-8.1E0));
#1699=CARTESIAN_POINT('',(2.337790025660E-1,-4.460769102429E0,
-8.116666666667E0));
#1700=CARTESIAN_POINT('',(-2.337790025567E-1,-4.460769102445E0,
-8.133333333333E0));
#1701=CARTESIAN_POINT('',(-6.987756759858E-1,-4.411895982678E0,-8.15E0));
#1702=CARTESIAN_POINT('',(-1.156116416886E0,-4.314685207282E0,
-8.166666666667E0));
#1703=CARTESIAN_POINT('',(-1.600790504388E0,-4.170201837848E0,
-8.183333333333E0));
#1704=CARTESIAN_POINT('',(-2.027925996138E0,-3.980028864408E0,-8.2E0));
#1705=CARTESIAN_POINT('',(-2.432843106303E0,-3.746249861854E0,
-8.216666666667E0));
#1706=CARTESIAN_POINT('',(-2.811105478291E0,-3.471426161862E0,
-8.233333333333E0));
#1707=CARTESIAN_POINT('',(-3.158568790396E0,-3.158568790395E0,-8.25E0));
#1708=CARTESIAN_POINT('',(-3.471426161862E0,-2.811105478295E0,
-8.266666666667E0));
#1709=CARTESIAN_POINT('',(-3.746249861852E0,-2.432843106286E0,
-8.283333333333E0));
#1710=CARTESIAN_POINT('',(-3.980028864418E0,-2.027925996204E0,-8.3E0));
#1711=CARTESIAN_POINT('',(-4.170201837809E0,-1.600790504142E0,
-8.316666666667E0));
#1712=CARTESIAN_POINT('',(-4.314685207427E0,-1.156116417804E0,
-8.333333333333E0));
#1713=CARTESIAN_POINT('',(-4.411895982136E0,-6.987756725601E-1,-8.35E0));
#1714=CARTESIAN_POINT('',(-4.460769104467E0,-2.337790153417E-1,
-8.366666666667E0));
#1715=CARTESIAN_POINT('',(-4.460769094882E0,2.337790502800E-1,
-8.383333333333E0));
#1716=CARTESIAN_POINT('',(-4.428187038888E0,5.437766820056E-1,
-8.394444444444E0));
#1717=CARTESIAN_POINT('',(-4.403839706740E0,6.974996872310E-1,-8.4E0));
#1719=CARTESIAN_POINT('',(4.5E0,1.576396199721E0,-8.E0));
#1720=CARTESIAN_POINT('',(4.5E0,1.668759783362E0,-8.014720591669E0));
#1721=CARTESIAN_POINT('',(4.5E0,1.861687306059E0,-8.048344128451E0));
#1722=CARTESIAN_POINT('',(4.5E0,2.070864195338E0,-8.091500897158E0));
#1723=CARTESIAN_POINT('',(4.5E0,2.179449471770E0,-8.115716853436E0));
#1725=CARTESIAN_POINT('',(4.5E0,1.576396199721E0,-8.E0));
#1726=CARTESIAN_POINT('',(4.458684851599E0,1.720507091713E0,-8.E0));
#1727=CARTESIAN_POINT('',(4.362729743597E0,2.004111523893E0,-8.E0));
#1728=CARTESIAN_POINT('',(4.177836227449E0,2.417784651525E0,-8.E0));
#1729=CARTESIAN_POINT('',(3.954222108366E0,2.813162575048E0,-8.E0));
#1730=CARTESIAN_POINT('',(3.693960964387E0,3.186815593284E0,-8.E0));
#1731=CARTESIAN_POINT('',(3.397347247251E0,3.537228033676E0,-8.E0));
#1732=CARTESIAN_POINT('',(3.069707848755E0,3.857877461374E0,-8.E0));
#1733=CARTESIAN_POINT('',(2.710792530380E0,4.148873873209E0,-8.E0));
#1734=CARTESIAN_POINT('',(2.324925014602E0,4.405792178777E0,-8.E0));
#1735=CARTESIAN_POINT('',(2.053210335666E0,4.552252860632E0,-8.E0));
#1736=CARTESIAN_POINT('',(1.913417161825E0,4.619397662556E0,-8.E0));
#1738=CARTESIAN_POINT('',(0.E0,0.E0,-6.E0));
#1739=DIRECTION('',(0.E0,0.E0,-1.E0));
#1740=DIRECTION('',(5.E-1,8.660254037844E-1,0.E0));
#1741=AXIS2_PLACEMENT_3D('',#1738,#1739,#1740);
#1743=CARTESIAN_POINT('',(0.E0,0.E0,-6.E0));
#1744=DIRECTION('',(0.E0,0.E0,-1.E0));
#1745=DIRECTION('',(1.E0,0.E0,0.E0));
#1746=AXIS2_PLACEMENT_3D('',#1743,#1744,#1745);
#1748=CARTESIAN_POINT('',(0.E0,0.E0,-6.E0));
#1749=DIRECTION('',(0.E0,0.E0,-1.E0));
#1750=DIRECTION('',(-5.E-1,-8.660254037844E-1,0.E0));
#1751=AXIS2_PLACEMENT_3D('',#1748,#1749,#1750);
#1753=CARTESIAN_POINT('',(0.E0,0.E0,-6.E0));
#1754=DIRECTION('',(0.E0,0.E0,-1.E0));
#1755=DIRECTION('',(-1.E0,0.E0,0.E0));
#1756=AXIS2_PLACEMENT_3D('',#1753,#1754,#1755);
#1758=CARTESIAN_POINT('',(-3.152801133623E0,-3.152801133623E0,-6.E0));
#1759=CARTESIAN_POINT('',(-3.258074824112E0,-3.059786746324E0,-6.E0));
#1760=CARTESIAN_POINT('',(-3.459295522874E0,-2.864357255877E0,-6.E0));
#1761=CARTESIAN_POINT('',(-3.734581345940E0,-2.541292572530E0,-6.E0));
#1762=CARTESIAN_POINT('',(-3.978679355614E0,-2.193079614624E0,-6.E0));
#1763=CARTESIAN_POINT('',(-4.190439216801E0,-1.820915936449E0,-6.E0));
#1764=CARTESIAN_POINT('',(-4.366629209020E0,-1.429723202622E0,-6.E0));
#1765=CARTESIAN_POINT('',(-4.459686774326E0,-1.157706170164E0,-6.E0));
#1766=CARTESIAN_POINT('',(-4.5E0,-1.018720113787E0,-6.E0));
#1768=CARTESIAN_POINT('',(-4.5E0,-2.179449471770E0,-5.740716853436E0));
#1769=CARTESIAN_POINT('',(-4.5E0,-2.062135822641E0,-5.773600929520E0));
#1770=CARTESIAN_POINT('',(-4.5E0,-1.838638919682E0,-5.832559871673E0));
#1771=CARTESIAN_POINT('',(-4.5E0,-1.540966352128E0,-5.901936572832E0));
#1772=CARTESIAN_POINT('',(-4.5E0,-1.270798482388E0,-5.957025294612E0));
#1773=CARTESIAN_POINT('',(-4.5E0,-1.100599188838E0,-5.986807666004E0));
#1774=CARTESIAN_POINT('',(-4.5E0,-1.018720113787E0,-6.E0));
#1776=CARTESIAN_POINT('',(4.5E0,2.179449471770E0,-5.240716853436E0));
#1777=CARTESIAN_POINT('',(4.5E0,2.075426130569E0,-5.269875536096E0));
#1778=CARTESIAN_POINT('',(4.5E0,1.867826216549E0,-5.325192351019E0));
#1779=CARTESIAN_POINT('',(4.5E0,1.557763906390E0,-5.398532245626E0));
#1780=CARTESIAN_POINT('',(4.5E0,1.248378067764E0,-5.461752963854E0));
#1781=CARTESIAN_POINT('',(4.5E0,9.397238055538E-1,-5.514224584486E0));
#1782=CARTESIAN_POINT('',(4.5E0,6.308882894955E-1,-5.555565673424E0));
#1783=CARTESIAN_POINT('',(4.5E0,3.182821960277E-1,-5.585532201813E0));
#1784=CARTESIAN_POINT('',(4.5E0,4.164140878613E-3,-5.603098698535E0));
#1785=CARTESIAN_POINT('',(4.5E0,-3.014753980755E-1,-5.607928315421E0));
#1786=CARTESIAN_POINT('',(4.5E0,-5.948631420436E-1,-5.601214882088E0));
#1787=CARTESIAN_POINT('',(4.5E0,-8.719563178378E-1,-5.584821104473E0));
#1788=CARTESIAN_POINT('',(4.5E0,-1.137518032266E0,-5.560247338734E0));
#1789=CARTESIAN_POINT('',(4.5E0,-1.399698509406E0,-5.527713168E0));
#1790=CARTESIAN_POINT('',(4.5E0,-1.661014803990E0,-5.487364971656E0));
#1791=CARTESIAN_POINT('',(4.5E0,-1.920909458733E0,-5.439751742048E0));
#1792=CARTESIAN_POINT('',(4.5E0,-2.093392950491E0,-5.403474891754E0));
#1793=CARTESIAN_POINT('',(4.5E0,-2.179449471770E0,-5.384283146564E0));
#1795=CARTESIAN_POINT('',(-4.5E0,-2.179449471770E0,-4.740716853436E0));
#1796=CARTESIAN_POINT('',(-4.5E0,-2.100449722641E0,-4.762861197085E0));
#1797=CARTESIAN_POINT('',(-4.5E0,-1.941812670882E0,-4.805674444057E0));
#1798=CARTESIAN_POINT('',(-4.5E0,-1.701335773829E0,-4.865135819864E0));
#1799=CARTESIAN_POINT('',(-4.5E0,-1.459657377195E0,-4.919031712541E0));
#1800=CARTESIAN_POINT('',(-4.5E0,-1.218010651094E0,-4.966695196768E0));
#1801=CARTESIAN_POINT('',(-4.5E0,-9.762149492837E-1,-5.007917465956E0));
#1802=CARTESIAN_POINT('',(-4.5E0,-7.226187991851E-1,-5.043937881303E0));
#1803=CARTESIAN_POINT('',(-4.5E0,-4.472137892114E-1,-5.074371770808E0));
#1804=CARTESIAN_POINT('',(-4.5E0,-1.371406626937E-1,-5.097424816190E0));
#1805=CARTESIAN_POINT('',(-4.5E0,2.093543338992E-1,-5.108562674635E0));
#1806=CARTESIAN_POINT('',(-4.5E0,5.814754267646E-1,-5.103118653193E0));
#1807=CARTESIAN_POINT('',(-4.5E0,9.695216589412E-1,-5.078498237055E0));
#1808=CARTESIAN_POINT('',(-4.5E0,1.365665188131E0,-5.034177238121E0));
#1809=CARTESIAN_POINT('',(-4.5E0,1.769842563868E0,-4.970077761589E0));
#1810=CARTESIAN_POINT('',(-4.5E0,2.042259790141E0,-4.914878264440E0));
#1811=CARTESIAN_POINT('',(-4.5E0,2.179449471770E0,-4.884283146564E0));
#1813=CARTESIAN_POINT('',(4.5E0,2.179449471770E0,-4.240716853436E0));
#1814=CARTESIAN_POINT('',(4.5E0,2.037579959946E0,-4.280484159760E0));
#1815=CARTESIAN_POINT('',(4.5E0,1.755267626885E0,-4.354306470827E0));
#1816=CARTESIAN_POINT('',(4.5E0,1.332305566365E0,-4.447090599906E0));
#1817=CARTESIAN_POINT('',(4.5E0,9.195628872812E-1,-4.518638668230E0));
#1818=CARTESIAN_POINT('',(4.5E0,5.225493577204E-1,-4.568422300944E0));
#1819=CARTESIAN_POINT('',(4.5E0,1.473596589931E-1,-4.597360984763E0));
#1820=CARTESIAN_POINT('',(4.5E0,-1.988086119054E-1,-4.607986559768E0));
#1821=CARTESIAN_POINT('',(4.5E0,-5.083464036164E-1,-4.604324986916E0));
#1822=CARTESIAN_POINT('',(4.5E0,-7.788809141019E-1,-4.591183785374E0));
#1823=CARTESIAN_POINT('',(4.5E0,-1.024201580646E0,-4.571484421006E0));
#1824=CARTESIAN_POINT('',(4.5E0,-1.255489691948E0,-4.546296976250E0));
#1825=CARTESIAN_POINT('',(4.5E0,-1.486481433351E0,-4.514898545929E0));
#1826=CARTESIAN_POINT('',(4.5E0,-1.719004053670E0,-4.477125460178E0));
#1827=CARTESIAN_POINT('',(4.5E0,-1.950840155338E0,-4.433564533100E0));
#1828=CARTESIAN_POINT('',(4.5E0,-2.103471562791E0,-4.401227227588E0));
#1829=CARTESIAN_POINT('',(4.5E0,-2.179449471770E0,-4.384283146564E0));
#1831=DIRECTION('',(2.676165673298E-1,-8.236391035463E-1,-5.E-1));
#1832=VECTOR('',#1831,6.25E-1);
#1833=CARTESIAN_POINT('',(-1.545084971875E0,4.755282581476E0,-4.0125E0));
#1834=LINE('',#1833,#1832);
#1835=CARTESIAN_POINT('',(-4.5E0,1.576396199721E0,-6.E0));
#1836=CARTESIAN_POINT('',(-4.458701725503E0,1.720448234044E0,-6.E0));
#1837=CARTESIAN_POINT('',(-4.362809623415E0,2.003950120318E0,-6.E0));
#1838=CARTESIAN_POINT('',(-4.177661082312E0,2.418106680640E0,-6.E0));
#1839=CARTESIAN_POINT('',(-3.954481259070E0,2.812751821036E0,-6.E0));
#1840=CARTESIAN_POINT('',(-3.693719166622E0,3.187151783624E0,-6.E0));
#1841=CARTESIAN_POINT('',(-3.397371939708E0,3.537182684068E0,-6.E0));
#1842=CARTESIAN_POINT('',(-3.069628365639E0,3.857961804778E0,-6.E0));
#1843=CARTESIAN_POINT('',(-2.710625825035E0,4.148991672682E0,-6.E0));
#1844=CARTESIAN_POINT('',(-2.324913649529E0,4.405794008417E0,-6.E0));
#1845=CARTESIAN_POINT('',(-2.053209275121E0,4.552253370028E0,-6.E0));
#1846=CARTESIAN_POINT('',(-1.913417161825E0,4.619397662556E0,-6.E0));
#1848=CARTESIAN_POINT('',(-4.5E0,1.576396199721E0,-6.E0));
#1849=CARTESIAN_POINT('',(-4.5E0,1.668528404641E0,-5.985316284680E0));
#1850=CARTESIAN_POINT('',(-4.5E0,1.861226554096E0,-5.951743821200E0));
#1851=CARTESIAN_POINT('',(-4.5E0,2.070635488911E0,-5.908550107407E0));
#1852=CARTESIAN_POINT('',(-4.5E0,2.179449471770E0,-5.884283146564E0));
#1854=CARTESIAN_POINT('',(-2.900748489428E0,3.992537776683E0,-8.E0));
#1855=CARTESIAN_POINT('',(-3.010911055664E0,3.902700553594E0,-8.E0));
#1856=CARTESIAN_POINT('',(-3.222224558091E0,3.714602609168E0,-8.E0));
#1857=CARTESIAN_POINT('',(-3.514081477966E0,3.405591892880E0,-8.E0));
#1858=CARTESIAN_POINT('',(-3.775774694892E0,3.075373001893E0,-8.E0));
#1859=CARTESIAN_POINT('',(-4.007800733368E0,2.724025987923E0,-8.E0));
#1860=CARTESIAN_POINT('',(-4.207688739622E0,2.355183657610E0,-8.E0));
#1861=CARTESIAN_POINT('',(-4.373970851381E0,1.972212486911E0,-8.E0));
#1862=CARTESIAN_POINT('',(-4.461793959128E0,1.709662249648E0,-8.E0));
#1863=CARTESIAN_POINT('',(-4.5E0,1.576396199721E0,-8.E0));
#1865=CARTESIAN_POINT('',(-4.5E0,-1.018720113787E0,-8.E0));
#1866=CARTESIAN_POINT('',(-4.5E0,-9.387077587814E-1,-8.012891568577E0));
#1867=CARTESIAN_POINT('',(-4.5E0,-7.728928656248E-1,-8.037361990823E0));
#1868=CARTESIAN_POINT('',(-4.5E0,-5.104568587234E-1,-8.068073657888E0));
#1869=CARTESIAN_POINT('',(-4.5E0,-2.222285734213E-1,-8.092133679362E0));
#1870=CARTESIAN_POINT('',(-4.5E0,1.011771050883E-1,-8.106555187185E0));
#1871=CARTESIAN_POINT('',(-4.5E0,4.518731249276E-1,-8.106826125039E0));
#1872=CARTESIAN_POINT('',(-4.5E0,8.201917760546E-1,-8.089963006234E0));
#1873=CARTESIAN_POINT('',(-4.5E0,1.195213940095E0,-8.055255441553E0));
#1874=CARTESIAN_POINT('',(-4.5E0,1.448696411254E0,-8.020352354988E0));
#1875=CARTESIAN_POINT('',(-4.5E0,1.576396199721E0,-8.E0));
#1877=CARTESIAN_POINT('',(-4.5E0,-1.018720113787E0,-8.E0));
#1878=CARTESIAN_POINT('',(-4.459882276384E0,-1.157032146696E0,-8.E0));
#1879=CARTESIAN_POINT('',(-4.367262231445E0,-1.428132664543E0,-8.E0));
#1880=CARTESIAN_POINT('',(-4.190767614067E0,-1.820309604700E0,-8.E0));
#1881=CARTESIAN_POINT('',(-3.979266961219E0,-2.192107157958E0,-8.E0));
#1882=CARTESIAN_POINT('',(-3.735411583776E0,-2.540242902734E0,-8.E0));
#1883=CARTESIAN_POINT('',(-3.459656142836E0,-2.864008181858E0,-8.E0));
#1884=CARTESIAN_POINT('',(-3.258210555922E0,-3.059666820717E0,-8.E0));
#1885=CARTESIAN_POINT('',(-3.152801133623E0,-3.152801133623E0,-8.E0));
#1887=CARTESIAN_POINT('',(4.5E0,1.789965859801E0,-1.342930701471E0));
#1888=CARTESIAN_POINT('',(4.5E0,1.653910509666E0,-1.376118297452E0));
#1889=CARTESIAN_POINT('',(4.5E0,1.384009327905E0,-1.436486723977E0));
#1890=CARTESIAN_POINT('',(4.5E0,9.857169026391E-1,-1.508302966224E0));
#1891=CARTESIAN_POINT('',(4.5E0,5.935402893820E-1,-1.560864782623E0));
#1892=CARTESIAN_POINT('',(4.5E0,2.171115556789E-1,-1.593307670540E0));
#1893=CARTESIAN_POINT('',(4.5E0,-1.327475484119E-1,-1.607101629487E0));
#1894=CARTESIAN_POINT('',(4.5E0,-4.459285426689E-1,-1.606031055868E0));
#1895=CARTESIAN_POINT('',(4.5E0,-7.273667476277E-1,-1.594479442327E0));
#1896=CARTESIAN_POINT('',(4.5E0,-9.885531154676E-1,-1.574970616223E0));
#1897=CARTESIAN_POINT('',(4.5E0,-1.241097592174E0,-1.548257409655E0));
#1898=CARTESIAN_POINT('',(4.5E0,-1.493415714795E0,-1.514052432999E0));
#1899=CARTESIAN_POINT('',(4.5E0,-1.746323276025E0,-1.472465352929E0));
#1900=CARTESIAN_POINT('',(4.5E0,-1.913652942646E0,-1.440365503219E0));
#1901=CARTESIAN_POINT('',(4.5E0,-1.997158289820E0,-1.423275457924E0));
#1903=CARTESIAN_POINT('',(-4.5E0,-6.677789671632E-1,-1.049277827193E0));
#1904=CARTESIAN_POINT('',(-4.5E0,-5.827299306196E-1,-1.059428748133E0));
#1905=CARTESIAN_POINT('',(-4.5E0,-4.124147516076E-1,-1.077110609841E0));
#1906=CARTESIAN_POINT('',(-4.5E0,-1.560258389864E-1,-1.095498408683E0));
#1907=CARTESIAN_POINT('',(-4.5E0,1.006137874690E-1,-1.105496762063E0));
#1908=CARTESIAN_POINT('',(-4.5E0,3.574299060481E-1,-1.107020754310E0));
#1909=CARTESIAN_POINT('',(-4.5E0,6.143279947401E-1,-1.100064189765E0));
#1910=CARTESIAN_POINT('',(-4.5E0,7.851511420172E-1,-1.089871566770E0));
#1911=CARTESIAN_POINT('',(-4.5E0,8.704969335800E-1,-1.083422837942E0));
#1913=CARTESIAN_POINT('',(-4.5E0,-2.179449471770E0,-3.740716853436E0));
#1914=CARTESIAN_POINT('',(-4.5E0,-2.078718209419E0,-3.768952736641E0));
#1915=CARTESIAN_POINT('',(-4.5E0,-1.876842860556E0,-3.822847306998E0));
#1916=CARTESIAN_POINT('',(-4.5E0,-1.572430849041E0,-3.895234264939E0));
#1917=CARTESIAN_POINT('',(-4.5E0,-1.266642668482E0,-3.958277713102E0));
#1918=CARTESIAN_POINT('',(-4.5E0,-9.600584345098E-1,-4.011087690003E0));
#1919=CARTESIAN_POINT('',(-4.5E0,-6.524166523194E-1,-4.053044471403E0));
#1920=CARTESIAN_POINT('',(-4.5E0,-3.413536152504E-1,-4.083718101453E0));
#1921=CARTESIAN_POINT('',(-4.5E0,-2.907095125851E-2,-4.102145922245E0));
#1922=CARTESIAN_POINT('',(-4.5E0,2.762172609825E-1,-4.107980794166E0));
#1923=CARTESIAN_POINT('',(-4.5E0,5.710018216650E-1,-4.102184915841E0));
#1924=CARTESIAN_POINT('',(-4.5E0,8.511452245456E-1,-4.086415850179E0));
#1925=CARTESIAN_POINT('',(-4.5E0,1.120836461389E0,-4.062085805028E0));
#1926=CARTESIAN_POINT('',(-4.5E0,1.387330222888E0,-4.029472263570E0));
#1927=CARTESIAN_POINT('',(-4.5E0,1.652784375143E0,-3.988792104099E0));
#1928=CARTESIAN_POINT('',(-4.5E0,1.916769705009E0,-3.940603913194E0));
#1929=CARTESIAN_POINT('',(-4.5E0,2.092010797160E0,-3.903783130272E0));
#1930=CARTESIAN_POINT('',(-4.5E0,2.179449471770E0,-3.884283146564E0));
#1932=CARTESIAN_POINT('',(4.5E0,2.179449471770E0,-3.240716853436E0));
#1933=CARTESIAN_POINT('',(4.5E0,2.101668853500E0,-3.262519463687E0));
#1934=CARTESIAN_POINT('',(4.5E0,1.945440140197E0,-3.304708718330E0));
#1935=CARTESIAN_POINT('',(4.5E0,1.708408134045E0,-3.363441421758E0));
#1936=CARTESIAN_POINT('',(4.5E0,1.470250779748E0,-3.416765710674E0));
#1937=CARTESIAN_POINT('',(4.5E0,1.232520061369E0,-3.463977927917E0));
#1938=CARTESIAN_POINT('',(4.5E0,9.945903628997E-1,-3.504990903154E0));
#1939=CARTESIAN_POINT('',(4.5E0,7.440554231254E-1,-3.541176677773E0));
#1940=CARTESIAN_POINT('',(4.5E0,4.705103869643E-1,-3.572178461032E0));
#1941=CARTESIAN_POINT('',(4.5E0,1.603859239517E-1,-3.596160813507E0));
#1942=CARTESIAN_POINT('',(4.5E0,-1.864123771533E-1,-3.608345962425E0));
#1943=CARTESIAN_POINT('',(4.5E0,-5.599968258156E-1,-3.603970055967E0));
#1944=CARTESIAN_POINT('',(4.5E0,-9.511993625649E-1,-3.580166427822E0));
#1945=CARTESIAN_POINT('',(4.5E0,-1.353197824914E0,-3.535968291771E0));
#1946=CARTESIAN_POINT('',(4.5E0,-1.764234082909E0,-3.471187610141E0));
#1947=CARTESIAN_POINT('',(4.5E0,-2.040436029091E0,-3.415284987334E0));
#1948=CARTESIAN_POINT('',(4.5E0,-2.179449471770E0,-3.384283146564E0));
#1950=CARTESIAN_POINT('',(-4.5E0,-2.179449471770E0,-2.740716853436E0));
#1951=CARTESIAN_POINT('',(-4.5E0,-2.040183990736E0,-2.779754226395E0));
#1952=CARTESIAN_POINT('',(-4.5E0,-1.763509631007E0,-2.852178050051E0));
#1953=CARTESIAN_POINT('',(-4.5E0,-1.351512734861E0,-2.943115685026E0));
#1954=CARTESIAN_POINT('',(-4.5E0,-9.489209480719E-1,-3.014050494998E0));
#1955=CARTESIAN_POINT('',(-4.5E0,-5.581020850585E-1,-3.064656679057E0));
#1956=CARTESIAN_POINT('',(-4.5E0,-1.855462578096E-1,-3.095174591018E0));
#1957=CARTESIAN_POINT('',(-4.5E0,1.603110847575E-1,-3.107513166482E0));
#1958=CARTESIAN_POINT('',(-4.5E0,4.701481921005E-1,-3.105393723176E0));
#1959=CARTESIAN_POINT('',(-4.5E0,7.435236335299E-1,-3.093421134225E0));
#1960=CARTESIAN_POINT('',(-4.5E0,9.937155551376E-1,-3.074368019672E0));
#1961=CARTESIAN_POINT('',(-4.5E0,1.231210497695E0,-3.049296977516E0));
#1962=CARTESIAN_POINT('',(-4.5E0,1.468751653160E0,-3.017585435481E0));
#1963=CARTESIAN_POINT('',(-4.5E0,1.707200032286E0,-2.979237157085E0));
#1964=CARTESIAN_POINT('',(-4.5E0,1.944819759943E0,-2.934814837907E0));
#1965=CARTESIAN_POINT('',(-4.5E0,2.101453242949E0,-2.901677339672E0));
#1966=CARTESIAN_POINT('',(-4.5E0,2.179449471770E0,-2.884283146564E0));
#1968=CARTESIAN_POINT('',(4.5E0,2.179449471770E0,-2.240716853436E0));
#1969=CARTESIAN_POINT('',(4.5E0,2.091753722562E0,-2.265298764498E0));
#1970=CARTESIAN_POINT('',(4.5E0,1.915814611323E0,-2.312575201038E0));
#1971=CARTESIAN_POINT('',(4.5E0,1.649941634386E0,-2.377318667949E0));
#1972=CARTESIAN_POINT('',(4.5E0,1.382444539860E0,-2.435194147201E0));
#1973=CARTESIAN_POINT('',(4.5E0,1.114190038027E0,-2.485463226145E0));
#1974=CARTESIAN_POINT('',(4.5E0,8.436336846460E-1,-2.527907051362E0));
#1975=CARTESIAN_POINT('',(4.5E0,5.639155279260E-1,-2.562701156777E0));
#1976=CARTESIAN_POINT('',(4.5E0,2.707863181622E-1,-2.588799262483E0));
#1977=CARTESIAN_POINT('',(4.5E0,-3.356692728360E-2,-2.604345222163E0));
#1978=CARTESIAN_POINT('',(4.5E0,-3.464014431525E-1,-2.607822624087E0));
#1979=CARTESIAN_POINT('',(4.5E0,-6.581603265691E-1,-2.598671431256E0));
#1980=CARTESIAN_POINT('',(4.5E0,-9.660129583818E-1,-2.577569170854E0));
#1981=CARTESIAN_POINT('',(4.5E0,-1.271864182192E0,-2.545071018796E0));
#1982=CARTESIAN_POINT('',(4.5E0,-1.576170236843E0,-2.501758618679E0));
#1983=CARTESIAN_POINT('',(4.5E0,-1.878684252192E0,-2.448396102048E0));
#1984=CARTESIAN_POINT('',(4.5E0,-2.079348627657E0,-2.406606961947E0));
#1985=CARTESIAN_POINT('',(4.5E0,-2.179449471770E0,-2.384283146564E0));
#1987=CARTESIAN_POINT('',(-4.5E0,-2.179449471770E0,-1.740716853436E0));
#1988=CARTESIAN_POINT('',(-4.5E0,-2.035660430096E0,-1.781022221325E0));
#1989=CARTESIAN_POINT('',(-4.5E0,-1.761556135114E0,-1.852290682740E0));
#1990=CARTESIAN_POINT('',(-4.5E0,-1.397410024012E0,-1.933020800520E0));
#1991=CARTESIAN_POINT('',(-4.5E0,-1.064009647204E0,-1.994568554429E0));
#1992=CARTESIAN_POINT('',(-4.5E0,-7.510836692380E-1,-2.040802127566E0));
#1993=CARTESIAN_POINT('',(-4.5E0,-4.465970715902E-1,-2.074610431182E0));
#1994=CARTESIAN_POINT('',(-4.5E0,-1.390480836541E-1,-2.097047367260E0));
#1995=CARTESIAN_POINT('',(-4.5E0,1.701547769300E-1,-2.107401245955E0));
#1996=CARTESIAN_POINT('',(-4.5E0,4.806501715650E-1,-2.105366762622E0));
#1997=CARTESIAN_POINT('',(-4.5E0,7.860575512751E-1,-2.091258965568E0));
#1998=CARTESIAN_POINT('',(-4.5E0,1.088584714586E0,-2.065938198234E0));
#1999=CARTESIAN_POINT('',(-4.5E0,1.409030354525E0,-2.027224074057E0));
#2000=CARTESIAN_POINT('',(-4.5E0,1.762035948936E0,-1.971105635500E0));
#2001=CARTESIAN_POINT('',(-4.5E0,2.035071784096E0,-1.916481285087E0));
#2002=CARTESIAN_POINT('',(-4.5E0,2.179449471770E0,-1.884283146564E0));
#2004=CARTESIAN_POINT('',(3.152801133623E0,-3.152801133623E0,-1.E0));
#2005=CARTESIAN_POINT('',(3.248275299156E0,-3.068445099663E0,-1.E0));
#2006=CARTESIAN_POINT('',(3.420182292133E0,-2.902019971667E0,-1.E0));
#2007=CARTESIAN_POINT('',(3.558714471022E0,-2.746196480764E0,-1.E0));
#2008=CARTESIAN_POINT('',(3.620947575528E0,-2.671841809554E0,-1.E0));
#2010=CARTESIAN_POINT('',(-3.152801133623E0,-3.152801133623E0,-1.E0));
#2011=CARTESIAN_POINT('',(-3.049172554484E0,-3.256429712762E0,-1.E0));
#2012=CARTESIAN_POINT('',(-2.832955799705E0,-3.452272659188E0,-1.E0));
#2013=CARTESIAN_POINT('',(-2.481776749397E0,-3.712835386603E0,-1.E0));
#2014=CARTESIAN_POINT('',(-2.105183886512E0,-3.938588926689E0,-1.E0));
#2015=CARTESIAN_POINT('',(-1.709925850657E0,-4.125552773330E0,-1.E0));
#2016=CARTESIAN_POINT('',(-1.297156030228E0,-4.273400509092E0,-1.E0));
#2017=CARTESIAN_POINT('',(-8.714315401832E-1,-4.380035537956E0,-1.E0));
#2018=CARTESIAN_POINT('',(-4.390637163672E-1,-4.444262889272E0,-1.E0));
#2019=CARTESIAN_POINT('',(-3.878838069473E-4,-4.465917706774E0,-1.E0));
#2020=CARTESIAN_POINT('',(4.366943806673E-1,-4.444470732117E0,-1.E0));
#2021=CARTESIAN_POINT('',(8.701060898470E-1,-4.380344595172E0,-1.E0));
#2022=CARTESIAN_POINT('',(1.295949004698E0,-4.273721840949E0,-1.E0));
#2023=CARTESIAN_POINT('',(1.707656690948E0,-4.126513375072E0,-1.E0));
#2024=CARTESIAN_POINT('',(2.104486099783E0,-3.938973255649E0,-1.E0));
#2025=CARTESIAN_POINT('',(2.480072858886E0,-3.713952292623E0,-1.E0));
#2026=CARTESIAN_POINT('',(2.832244621127E0,-3.452915247801E0,-1.E0));
#2027=CARTESIAN_POINT('',(3.048897269272E0,-3.256704997974E0,-1.E0));
#2028=CARTESIAN_POINT('',(3.152801133623E0,-3.152801133623E0,-1.E0));
#2030=CARTESIAN_POINT('',(-3.620947575528E0,-2.671841809554E0,-1.E0));
#2031=CARTESIAN_POINT('',(-3.548570497671E0,-2.758316265070E0,-1.E0));
#2032=CARTESIAN_POINT('',(-3.398092829919E0,-2.924888709343E0,-1.E0));
#2033=CARTESIAN_POINT('',(-3.236427008821E0,-3.078913636112E0,-1.E0));
#2034=CARTESIAN_POINT('',(-3.152801133623E0,-3.152801133623E0,-1.E0));
#2036=CARTESIAN_POINT('',(0.E0,0.E0,-1.E0));
#2037=DIRECTION('',(0.E0,0.E0,-1.E0));
#2038=DIRECTION('',(0.E0,1.E0,0.E0));
#2039=AXIS2_PLACEMENT_3D('',#2036,#2037,#2038);
#2041=DIRECTION('',(0.E0,0.E0,1.E0));
#2042=VECTOR('',#2041,8.E-1);
#2043=CARTESIAN_POINT('',(0.E0,4.45E0,-1.E0));
#2044=LINE('',#2043,#2042);
#2045=DIRECTION('',(0.E0,0.E0,1.E0));
#2046=VECTOR('',#2045,8.E-1);
#2047=CARTESIAN_POINT('',(0.E0,-4.45E0,-1.E0));
#2048=LINE('',#2047,#2046);
#2049=CARTESIAN_POINT('',(0.E0,0.E0,-1.E0));
#2050=DIRECTION('',(0.E0,0.E0,1.E0));
#2051=DIRECTION('',(0.E0,1.E0,0.E0));
#2052=AXIS2_PLACEMENT_3D('',#2049,#2050,#2051);
#2054=CARTESIAN_POINT('',(0.E0,4.25E0,-2.E-1));
#2055=DIRECTION('',(1.E0,0.E0,0.E0));
#2056=DIRECTION('',(0.E0,1.E0,0.E0));
#2057=AXIS2_PLACEMENT_3D('',#2054,#2055,#2056);
#2059=CARTESIAN_POINT('',(0.E0,-4.25E0,-2.E-1));
#2060=DIRECTION('',(-1.E0,0.E0,0.E0));
#2061=DIRECTION('',(0.E0,-1.E0,0.E0));
#2062=AXIS2_PLACEMENT_3D('',#2059,#2060,#2061);
#2064=CARTESIAN_POINT('',(0.E0,0.E0,-2.E-1));
#2065=DIRECTION('',(0.E0,0.E0,1.E0));
#2066=DIRECTION('',(0.E0,1.E0,0.E0));
#2067=AXIS2_PLACEMENT_3D('',#2064,#2065,#2066);
#2069=CARTESIAN_POINT('',(0.E0,0.E0,-2.E-1));
#2070=DIRECTION('',(0.E0,0.E0,-1.E0));
#2071=DIRECTION('',(0.E0,1.E0,0.E0));
#2072=AXIS2_PLACEMENT_3D('',#2069,#2070,#2071);
#2074=CARTESIAN_POINT('',(0.E0,0.E0,0.E0));
#2075=DIRECTION('',(0.E0,0.E0,1.E0));
#2076=DIRECTION('',(0.E0,1.E0,0.E0));
#2077=AXIS2_PLACEMENT_3D('',#2074,#2075,#2076);
#2079=CARTESIAN_POINT('',(0.E0,0.E0,0.E0));
#2080=DIRECTION('',(0.E0,0.E0,-1.E0));
#2081=DIRECTION('',(0.E0,1.E0,0.E0));
#2082=AXIS2_PLACEMENT_3D('',#2079,#2080,#2081);
#2084=CARTESIAN_POINT('',(0.E0,0.E0,0.E0));
#2085=DIRECTION('',(0.E0,0.E0,-1.E0));
#2086=DIRECTION('',(0.E0,1.E0,0.E0));
#2087=AXIS2_PLACEMENT_3D('',#2084,#2085,#2086);
#2089=DIRECTION('',(0.E0,0.E0,-1.E0));
#2090=VECTOR('',#2089,5.5E0);
#2091=CARTESIAN_POINT('',(0.E0,3.53E0,0.E0));
#2092=LINE('',#2091,#2090);
#2093=DIRECTION('',(0.E0,0.E0,-1.E0));
#2094=VECTOR('',#2093,5.5E0);
#2095=CARTESIAN_POINT('',(0.E0,-3.53E0,0.E0));
#2096=LINE('',#2095,#2094);
#2097=CARTESIAN_POINT('',(0.E0,0.E0,0.E0));
#2098=DIRECTION('',(0.E0,0.E0,1.E0));
#2099=DIRECTION('',(0.E0,1.E0,0.E0));
#2100=AXIS2_PLACEMENT_3D('',#2097,#2098,#2099);
#2102=CARTESIAN_POINT('',(0.E0,0.E0,-5.5E0));
#2103=DIRECTION('',(0.E0,0.E0,1.E0));
#2104=DIRECTION('',(0.E0,1.E0,0.E0));
#2105=AXIS2_PLACEMENT_3D('',#2102,#2103,#2104);
#2107=CARTESIAN_POINT('',(0.E0,0.E0,-5.5E0));
#2108=DIRECTION('',(0.E0,0.E0,-1.E0));
#2109=DIRECTION('',(0.E0,1.E0,0.E0));
#2110=AXIS2_PLACEMENT_3D('',#2107,#2108,#2109);
#2112=CARTESIAN_POINT('',(0.E0,0.E0,-5.5E0));
#2113=DIRECTION('',(0.E0,0.E0,-1.E0));
#2114=DIRECTION('',(0.E0,1.E0,0.E0));
#2115=AXIS2_PLACEMENT_3D('',#2112,#2113,#2114);
#2117=CARTESIAN_POINT('',(0.E0,0.E0,-5.5E0));
#2118=DIRECTION('',(0.E0,0.E0,-1.E0));
#2119=DIRECTION('',(0.E0,-1.E0,0.E0));
#2120=AXIS2_PLACEMENT_3D('',#2117,#2118,#2119);
#2122=CARTESIAN_POINT('',(0.E0,0.E0,-5.175E0));
#2123=DIRECTION('',(0.E0,0.E0,1.E0));
#2124=DIRECTION('',(1.E0,0.E0,0.E0));
#2125=AXIS2_PLACEMENT_3D('',#2122,#2123,#2124);
#2127=DIRECTION('',(0.E0,9.720918201712E-14,1.E0));
#2128=VECTOR('',#2127,4.775E0);
#2129=CARTESIAN_POINT('',(2.85E0,0.E0,-5.175E0));
#2130=LINE('',#2129,#2128);
#2131=CARTESIAN_POINT('',(0.E0,0.E0,-4.E-1));
#2132=DIRECTION('',(0.E0,0.E0,1.E0));
#2133=DIRECTION('',(1.E0,0.E0,0.E0));
#2134=AXIS2_PLACEMENT_3D('',#2131,#2132,#2133);
#2136=CARTESIAN_POINT('',(0.E0,0.E0,-5.175E0));
#2137=DIRECTION('',(0.E0,0.E0,1.E0));
#2138=DIRECTION('',(0.E0,1.E0,0.E0));
#2139=AXIS2_PLACEMENT_3D('',#2136,#2137,#2138);
#2141=CARTESIAN_POINT('',(0.E0,0.E0,-5.175E0));
#2142=DIRECTION('',(0.E0,0.E0,1.E0));
#2143=DIRECTION('',(0.E0,-1.E0,0.E0));
#2144=AXIS2_PLACEMENT_3D('',#2141,#2142,#2143);
#2146=CARTESIAN_POINT('',(0.E0,0.E0,-5.175E0));
#2147=DIRECTION('',(0.E0,0.E0,1.E0));
#2148=DIRECTION('',(-1.E0,0.E0,0.E0));
#2149=AXIS2_PLACEMENT_3D('',#2146,#2147,#2148);
#2151=DIRECTION('',(0.E0,-9.723712990608E-14,1.E0));
#2152=VECTOR('',#2151,4.775E0);
#2153=CARTESIAN_POINT('',(-2.85E0,0.E0,-5.175E0));
#2154=LINE('',#2153,#2152);
#2155=CARTESIAN_POINT('',(0.E0,0.E0,-4.E-1));
#2156=DIRECTION('',(0.E0,0.E0,1.E0));
#2157=DIRECTION('',(-1.E0,0.E0,0.E0));
#2158=AXIS2_PLACEMENT_3D('',#2155,#2156,#2157);
#2160=DIRECTION('',(-1.363824877947E-11,5.109179073081E-12,1.E0));
#2161=VECTOR('',#2160,3.3E0);
#2162=CARTESIAN_POINT('',(-9.998219848673E-1,-2.668867924528E0,-3.7E0));
#2163=LINE('',#2162,#2161);
#2164=CARTESIAN_POINT('',(-9.998219848673E-1,-2.668867924528E0,-3.7E0));
#2165=CARTESIAN_POINT('',(-9.998212812474E-1,-2.668868061594E0,
-3.722433612675E0));
#2166=CARTESIAN_POINT('',(-9.960859011291E-1,-2.670272213683E0,
-3.766762782605E0));
#2167=CARTESIAN_POINT('',(-9.790946308347E-1,-2.676576102556E0,
-3.832551612666E0));
#2168=CARTESIAN_POINT('',(-9.508569143845E-1,-2.686781147036E0,
-3.894907831272E0));
#2169=CARTESIAN_POINT('',(-9.116213688618E-1,-2.700403253729E0,
-3.952325815110E0));
#2170=CARTESIAN_POINT('',(-8.619475528566E-1,-2.716733215569E0,
-4.002866361325E0));
#2171=CARTESIAN_POINT('',(-8.027166842599E-1,-2.734885566342E0,
-4.044695860318E0));
#2172=CARTESIAN_POINT('',(-7.354666299707E-1,-2.753795652233E0,
-4.076050152464E0));
#2173=CARTESIAN_POINT('',(-6.615542857959E-1,-2.772520980782E0,
-4.095576838888E0));
#2174=CARTESIAN_POINT('',(-6.100349067579E-1,-2.784077862570E0,
-4.099999193949E0));
#2175=CARTESIAN_POINT('',(-5.835285065684E-1,-2.789622641509E0,-4.1E0));
#2177=CARTESIAN_POINT('',(0.E0,0.E0,-4.1E0));
#2178=DIRECTION('',(0.E0,0.E0,-1.E0));
#2179=DIRECTION('',(2.047468444100E-1,-9.788149619331E-1,0.E0));
#2180=AXIS2_PLACEMENT_3D('',#2177,#2178,#2179);
#2182=CARTESIAN_POINT('',(5.835285065684E-1,-2.789622641509E0,-4.1E0));
#2183=CARTESIAN_POINT('',(6.100361458764E-1,-2.784077602770E0,
-4.099999193758E0));
#2184=CARTESIAN_POINT('',(6.615573556746E-1,-2.772520258436E0,
-4.095576382675E0));
#2185=CARTESIAN_POINT('',(7.354695560190E-1,-2.753794867505E0,
-4.076049090208E0));
#2186=CARTESIAN_POINT('',(8.027195823577E-1,-2.734884714889E0,
-4.044694190874E0));
#2187=CARTESIAN_POINT('',(8.619498442038E-1,-2.716732480699E0,
-4.002864327224E0));
#2188=CARTESIAN_POINT('',(9.116223810141E-1,-2.700402904230E0,
-3.952324363556E0));
#2189=CARTESIAN_POINT('',(9.508568345790E-1,-2.686781170938E0,
-3.894907850133E0));
#2190=CARTESIAN_POINT('',(9.790938450711E-1,-2.676576389229E0,
-3.832553014254E0));
#2191=CARTESIAN_POINT('',(9.960850555306E-1,-2.670272528125E0,
-3.766767836173E0));
#2192=CARTESIAN_POINT('',(9.998213088602E-1,-2.668868055900E0,
-3.722435801812E0));
#2193=CARTESIAN_POINT('',(9.998219848673E-1,-2.668867924528E0,-3.7E0));
#2195=DIRECTION('',(3.698623898734E-12,1.385423762244E-12,1.E0));
#2196=VECTOR('',#2195,3.3E0);
#2197=CARTESIAN_POINT('',(9.998219848673E-1,-2.668867924528E0,-3.7E0));
#2198=LINE('',#2197,#2196);
#2199=CARTESIAN_POINT('',(0.E0,0.E0,-4.E-1));
#2200=DIRECTION('',(0.E0,0.E0,1.E0));
#2201=DIRECTION('',(3.508147315324E-1,-9.364448857994E-1,0.E0));
#2202=AXIS2_PLACEMENT_3D('',#2199,#2200,#2201);
#2204=CARTESIAN_POINT('',(0.E0,-3.175E0,-5.175E0));
#2205=DIRECTION('',(-1.E0,0.E0,0.E0));
#2206=DIRECTION('',(0.E0,0.E0,-1.E0));
#2207=AXIS2_PLACEMENT_3D('',#2204,#2205,#2206);
#2209=CARTESIAN_POINT('',(0.E0,3.175E0,-5.175E0));
#2210=DIRECTION('',(1.E0,0.E0,0.E0));
#2211=DIRECTION('',(0.E0,0.E0,-1.E0));
#2212=AXIS2_PLACEMENT_3D('',#2209,#2210,#2211);
#2214=CARTESIAN_POINT('',(9.296590385608E-1,-2.481578947368E0,-4.E-1));
#2215=DIRECTION('',(9.364448857994E-1,3.508147315324E-1,0.E0));
#2216=DIRECTION('',(0.E0,0.E0,1.E0));
#2217=AXIS2_PLACEMENT_3D('',#2214,#2215,#2216);
#2219=CARTESIAN_POINT('',(0.E0,0.E0,-2.E-1));
#2220=DIRECTION('',(0.E0,0.E0,1.E0));
#2221=DIRECTION('',(3.508147315324E-1,-9.364448857994E-1,0.E0));
#2222=AXIS2_PLACEMENT_3D('',#2219,#2220,#2221);
#2224=CARTESIAN_POINT('',(9.296590385608E-1,-2.481578947368E0,-4.E-1));
#2225=DIRECTION('',(3.684210526316E-1,-9.296590385608E-1,0.E0));
#2226=DIRECTION('',(0.E0,0.E0,1.E0));
#2227=AXIS2_PLACEMENT_3D('',#2224,#2225,#2226);
#2229=CARTESIAN_POINT('',(9.296590385608E-1,-2.481578947368E0,-4.E-1));
#2230=DIRECTION('',(0.E0,0.E0,1.E0));
#2231=DIRECTION('',(-9.296590385608E-1,-3.684210526316E-1,0.E0));
#2232=AXIS2_PLACEMENT_3D('',#2229,#2230,#2231);
#2234=CARTESIAN_POINT('',(9.296590385608E-1,-2.481578947368E0,-3.7E0));
#2235=DIRECTION('',(0.E0,0.E0,-1.E0));
#2236=DIRECTION('',(3.508147315324E-1,-9.364448857994E-1,0.E0));
#2237=AXIS2_PLACEMENT_3D('',#2234,#2235,#2236);
#2239=CARTESIAN_POINT('',(7.437272308487E-1,-2.555263157895E0,-3.7E0));
#2240=CARTESIAN_POINT('',(7.437270701588E-1,-2.555263206864E0,
-3.710861281006E0));
#2241=CARTESIAN_POINT('',(7.420640345987E-1,-2.555868103887E0,
-3.732839527378E0));
#2242=CARTESIAN_POINT('',(7.342226310902E-1,-2.558660729376E0,
-3.765763223876E0));
#2243=CARTESIAN_POINT('',(7.209279382090E-1,-2.563180507382E0,
-3.797261711031E0));
#2244=CARTESIAN_POINT('',(7.024987702865E-1,-2.568993814738E0,
-3.825992165444E0));
#2245=CARTESIAN_POINT('',(6.789811265899E-1,-2.575630546201E0,
-3.851358982412E0));
#2246=CARTESIAN_POINT('',(6.506542143009E-1,-2.582409203639E0,
-3.872356054064E0));
#2247=CARTESIAN_POINT('',(6.182770449479E-1,-2.588424053348E0,
-3.888006743401E0));
#2248=CARTESIAN_POINT('',(5.820507853435E-1,-2.592850447092E0,
-3.897807244786E0));
#2249=CARTESIAN_POINT('',(5.559028355390E-1,-2.593883242253E0,
-3.899999779835E0));
#2250=CARTESIAN_POINT('',(5.425630042520E-1,-2.593824229449E0,-3.9E0));
#2252=CARTESIAN_POINT('',(5.425791376864E-1,-2.593859649123E0,-4.1E0));
#2253=DIRECTION('',(9.788149619331E-1,2.047468444100E-1,0.E0));
#2254=DIRECTION('',(0.E0,0.E0,1.E0));
#2255=AXIS2_PLACEMENT_3D('',#2252,#2253,#2254);
#2257=CARTESIAN_POINT('',(-5.425791376864E-1,-2.593859649123E0,-4.1E0));
#2258=DIRECTION('',(-9.788149619331E-1,2.047468444100E-1,0.E0));
#2259=DIRECTION('',(-2.047468444100E-1,-9.788149619331E-1,0.E0));
#2260=AXIS2_PLACEMENT_3D('',#2257,#2258,#2259);
#2262=CARTESIAN_POINT('',(0.E0,-2.85E0,-3.9E0));
#2263=DIRECTION('',(0.E0,0.E0,-1.E0));
#2264=DIRECTION('',(-9.042008857574E-1,4.271074316791E-1,0.E0));
#2265=AXIS2_PLACEMENT_3D('',#2262,#2263,#2264);
#2267=CARTESIAN_POINT('',(0.E0,0.E0,-3.9E0));
#2268=DIRECTION('',(0.E0,0.E0,-1.E0));
#2269=DIRECTION('',(2.047342268105E-1,-9.788176011762E-1,0.E0));
#2270=AXIS2_PLACEMENT_3D('',#2267,#2268,#2269);
#2272=CARTESIAN_POINT('',(0.E0,-2.85E0,-4.E-1));
#2273=DIRECTION('',(0.E0,0.E0,-1.E0));
#2274=DIRECTION('',(-9.296590385608E-1,3.684210526316E-1,0.E0));
#2275=AXIS2_PLACEMENT_3D('',#2272,#2273,#2274);
#2277=DIRECTION('',(4.520491725054E-12,-1.140703693119E-11,-1.E0));
#2278=VECTOR('',#2277,3.3E0);
#2279=CARTESIAN_POINT('',(7.437272308337E-1,-2.555263157857E0,-4.E-1));
#2280=LINE('',#2279,#2278);
#2281=CARTESIAN_POINT('',(0.E0,-2.85E0,-3.7E0));
#2282=DIRECTION('',(0.E0,0.E0,-1.E0));
#2283=DIRECTION('',(-9.296590385608E-1,3.684210526316E-1,0.E0));
#2284=AXIS2_PLACEMENT_3D('',#2281,#2282,#2283);
#2286=CARTESIAN_POINT('',(-9.296590385608E-1,-2.481578947368E0,-4.E-1));
#2287=DIRECTION('',(3.684210526316E-1,9.296590385608E-1,0.E0));
#2288=DIRECTION('',(7.715494909633E-12,-3.057554209818E-12,1.E0));
#2289=AXIS2_PLACEMENT_3D('',#2286,#2287,#2288);
#2291=CARTESIAN_POINT('',(0.E0,-2.85E0,-2.E-1));
#2292=DIRECTION('',(0.E0,0.E0,-1.E0));
#2293=DIRECTION('',(-9.296590385608E-1,3.684210526316E-1,0.E0));
#2294=AXIS2_PLACEMENT_3D('',#2291,#2292,#2293);
#2296=CARTESIAN_POINT('',(-1.75E0,0.E0,-2.E-1));
#2297=DIRECTION('',(0.E0,0.E0,-1.E0));
#2298=DIRECTION('',(-1.E0,0.E0,0.E0));
#2299=AXIS2_PLACEMENT_3D('',#2296,#2297,#2298);
#2301=CARTESIAN_POINT('',(-1.75E0,0.E0,-2.E-1));
#2302=DIRECTION('',(0.E0,0.E0,-1.E0));
#2303=DIRECTION('',(1.E0,0.E0,0.E0));
#2304=AXIS2_PLACEMENT_3D('',#2301,#2302,#2303);
#2306=CARTESIAN_POINT('',(0.E0,1.75E0,-2.E-1));
#2307=DIRECTION('',(0.E0,0.E0,-1.E0));
#2308=DIRECTION('',(-1.E0,0.E0,0.E0));
#2309=AXIS2_PLACEMENT_3D('',#2306,#2307,#2308);
#2311=CARTESIAN_POINT('',(0.E0,1.75E0,-2.E-1));
#2312=DIRECTION('',(0.E0,0.E0,-1.E0));
#2313=DIRECTION('',(1.E0,0.E0,0.E0));
#2314=AXIS2_PLACEMENT_3D('',#2311,#2312,#2313);
#2316=CARTESIAN_POINT('',(1.75E0,0.E0,-2.E-1));
#2317=DIRECTION('',(0.E0,0.E0,-1.E0));
#2318=DIRECTION('',(-1.E0,0.E0,0.E0));
#2319=AXIS2_PLACEMENT_3D('',#2316,#2317,#2318);
#2321=CARTESIAN_POINT('',(1.75E0,0.E0,-2.E-1));
#2322=DIRECTION('',(0.E0,0.E0,-1.E0));
#2323=DIRECTION('',(1.E0,0.E0,0.E0));
#2324=AXIS2_PLACEMENT_3D('',#2321,#2322,#2323);
#2326=DIRECTION('',(7.071067811865E-1,-9.650576326570E-10,-7.071067811865E-1));
#2327=VECTOR('',#2326,2.828427124166E-1);
#2328=CARTESIAN_POINT('',(-2.549999999906E0,6.239074707636E-10,
-2.000000000937E-1));
#2329=LINE('',#2328,#2327);
#2330=DIRECTION('',(-7.071067811865E-1,9.650570759083E-10,-7.071067811865E-1));
#2331=VECTOR('',#2330,2.828427124166E-1);
#2332=CARTESIAN_POINT('',(-9.500000000937E-1,-6.239072787785E-10,
-2.000000000937E-1));
#2333=LINE('',#2332,#2331);
#2334=CARTESIAN_POINT('',(-1.75E0,0.E0,-4.E-1));
#2335=DIRECTION('',(0.E0,0.E0,-1.E0));
#2336=DIRECTION('',(1.E0,0.E0,0.E0));
#2337=AXIS2_PLACEMENT_3D('',#2334,#2335,#2336);
#2339=DIRECTION('',(-6.589506718492E-11,-4.386848485610E-10,-1.E0));
#2340=VECTOR('',#2339,7.999999999473E-1);
#2341=CARTESIAN_POINT('',(-2.349999999947E0,3.509479523045E-10,
-4.000000000527E-1));
#2342=LINE('',#2341,#2340);
#2343=CARTESIAN_POINT('',(-1.75E0,0.E0,-4.E-1));
#2344=DIRECTION('',(0.E0,0.E0,-1.E0));
#2345=DIRECTION('',(-1.E0,0.E0,0.E0));
#2346=AXIS2_PLACEMENT_3D('',#2343,#2344,#2345);
#2348=DIRECTION('',(6.589562229643E-11,4.386848054200E-10,-1.E0));
#2349=VECTOR('',#2348,7.999999999473E-1);
#2350=CARTESIAN_POINT('',(-1.150000000053E0,-3.509479177917E-10,
-4.000000000527E-1));
#2351=LINE('',#2350,#2349);
#2352=CARTESIAN_POINT('',(0.E0,1.75E0,-1.2E0));
#2353=DIRECTION('',(0.E0,0.E0,1.E0));
#2354=DIRECTION('',(1.E0,0.E0,0.E0));
#2355=AXIS2_PLACEMENT_3D('',#2352,#2353,#2354);
#2357=CARTESIAN_POINT('',(0.E0,1.75E0,-1.2E0));
#2358=DIRECTION('',(0.E0,0.E0,1.E0));
#2359=DIRECTION('',(-1.E0,0.E0,0.E0));
#2360=AXIS2_PLACEMENT_3D('',#2357,#2358,#2359);
#2362=CARTESIAN_POINT('',(-1.75E0,0.E0,-1.2E0));
#2363=DIRECTION('',(0.E0,0.E0,1.E0));
#2364=DIRECTION('',(1.E0,0.E0,0.E0));
#2365=AXIS2_PLACEMENT_3D('',#2362,#2363,#2364);
#2367=CARTESIAN_POINT('',(-1.75E0,0.E0,-1.2E0));
#2368=DIRECTION('',(0.E0,0.E0,1.E0));
#2369=DIRECTION('',(-1.E0,0.E0,0.E0));
#2370=AXIS2_PLACEMENT_3D('',#2367,#2368,#2369);
#2372=CARTESIAN_POINT('',(1.75E0,0.E0,-1.2E0));
#2373=DIRECTION('',(0.E0,0.E0,1.E0));
#2374=DIRECTION('',(1.E0,0.E0,0.E0));
#2375=AXIS2_PLACEMENT_3D('',#2372,#2373,#2374);
#2377=CARTESIAN_POINT('',(1.75E0,0.E0,-1.2E0));
#2378=DIRECTION('',(0.E0,0.E0,1.E0));
#2379=DIRECTION('',(-1.E0,0.E0,0.E0));
#2380=AXIS2_PLACEMENT_3D('',#2377,#2378,#2379);
#2382=CARTESIAN_POINT('',(0.E0,1.75E0,-4.E-1));
#2383=DIRECTION('',(0.E0,0.E0,-1.E0));
#2384=DIRECTION('',(-1.E0,0.E0,0.E0));
#2385=AXIS2_PLACEMENT_3D('',#2382,#2383,#2384);
#2387=DIRECTION('',(6.589548351855E-11,4.386846441951E-10,-1.E0));
#2388=VECTOR('',#2387,7.999999999473E-1);
#2389=CARTESIAN_POINT('',(5.999999999473E-1,1.749999999649E0,
-4.000000000527E-1));
#2390=LINE('',#2389,#2388);
#2391=DIRECTION('',(7.071067811865E-1,-9.650589000203E-10,-7.071067811865E-1));
#2392=VECTOR('',#2391,2.828427124166E-1);
#2393=CARTESIAN_POINT('',(-7.999999999063E-1,1.750000000624E0,
-2.000000000937E-1));
#2394=LINE('',#2393,#2392);
#2395=DIRECTION('',(-7.071067811865E-1,9.650573299278E-10,-7.071067811865E-1));
#2396=VECTOR('',#2395,2.828427124166E-1);
#2397=CARTESIAN_POINT('',(7.999999999063E-1,1.749999999376E0,
-2.000000000937E-1));
#2398=LINE('',#2397,#2396);
#2399=CARTESIAN_POINT('',(0.E0,1.75E0,-4.E-1));
#2400=DIRECTION('',(0.E0,0.E0,-1.E0));
#2401=DIRECTION('',(1.E0,0.E0,0.E0));
#2402=AXIS2_PLACEMENT_3D('',#2399,#2400,#2401);
#2404=DIRECTION('',(-6.589548351855E-11,-4.386846441951E-10,-1.E0));
#2405=VECTOR('',#2404,7.999999999473E-1);
#2406=CARTESIAN_POINT('',(-5.999999999473E-1,1.750000000351E0,
-4.000000000527E-1));
#2407=LINE('',#2406,#2405);
#2408=CARTESIAN_POINT('',(1.75E0,0.E0,-4.E-1));
#2409=DIRECTION('',(0.E0,0.E0,-1.E0));
#2410=DIRECTION('',(-1.E0,0.E0,0.E0));
#2411=AXIS2_PLACEMENT_3D('',#2408,#2409,#2410);
#2413=DIRECTION('',(6.589506718492E-11,4.386848054200E-10,-1.E0));
#2414=VECTOR('',#2413,7.999999999473E-1);
#2415=CARTESIAN_POINT('',(2.349999999947E0,-3.509479177917E-10,
-4.000000000527E-1));
#2416=LINE('',#2415,#2414);
#2417=DIRECTION('',(7.071067811865E-1,-9.650575149E-10,-7.071067811865E-1));
#2418=VECTOR('',#2417,2.828427124166E-1);
#2419=CARTESIAN_POINT('',(9.500000000937E-1,6.239074707636E-10,
-2.000000000937E-1));
#2420=LINE('',#2419,#2418);
#2421=DIRECTION('',(-7.071067811865E-1,9.650570759083E-10,-7.071067811865E-1));
#2422=VECTOR('',#2421,2.828427124166E-1);
#2423=CARTESIAN_POINT('',(2.549999999906E0,-6.239072787785E-10,
-2.000000000937E-1));
#2424=LINE('',#2423,#2422);
#2425=CARTESIAN_POINT('',(1.75E0,0.E0,-4.E-1));
#2426=DIRECTION('',(0.E0,0.E0,-1.E0));
#2427=DIRECTION('',(1.E0,0.E0,0.E0));
#2428=AXIS2_PLACEMENT_3D('',#2425,#2426,#2427);
#2430=DIRECTION('',(-6.589562229643E-11,-4.386848901944E-10,-1.E0));
#2431=VECTOR('',#2430,7.999999999473E-1);
#2432=CARTESIAN_POINT('',(1.150000000053E0,3.509479856112E-10,
-4.000000000527E-1));
#2433=LINE('',#2432,#2431);
#2434=CARTESIAN_POINT('',(-9.296590385608E-1,-2.481578947368E0,-4.E-1));
#2435=DIRECTION('',(9.364448857994E-1,-3.508147315324E-1,0.E0));
#2436=DIRECTION('',(0.E0,0.E0,1.E0));
#2437=AXIS2_PLACEMENT_3D('',#2434,#2435,#2436);
#2439=CARTESIAN_POINT('',(-9.296590385608E-1,-2.481578947368E0,-4.E-1));
#2440=DIRECTION('',(0.E0,0.E0,1.E0));
#2441=DIRECTION('',(-3.508147315324E-1,-9.364448857994E-1,0.E0));
#2442=AXIS2_PLACEMENT_3D('',#2439,#2440,#2441);
#2444=DIRECTION('',(-2.427351249294E-13,-6.125739646174E-13,-1.E0));
#2445=VECTOR('',#2444,3.3E0);
#2446=CARTESIAN_POINT('',(-7.437272308479E-1,-2.555263157893E0,-4.E-1));
#2447=LINE('',#2446,#2445);
#2448=CARTESIAN_POINT('',(-9.296590385608E-1,-2.481578947368E0,-3.7E0));
#2449=DIRECTION('',(0.E0,0.E0,-1.E0));
#2450=DIRECTION('',(9.296590385608E-1,-3.684210526316E-1,0.E0));
#2451=AXIS2_PLACEMENT_3D('',#2448,#2449,#2450);
#2453=CARTESIAN_POINT('',(-5.425653300589E-1,-2.593828223452E0,-3.9E0));
#2454=CARTESIAN_POINT('',(-5.559138969597E-1,-2.593887257794E0,
-3.899999779792E0));
#2455=CARTESIAN_POINT('',(-5.820665692604E-1,-2.592847171838E0,
-3.897804292635E0));
#2456=CARTESIAN_POINT('',(-6.182808300300E-1,-2.588423449517E0,
-3.888003950564E0));
#2457=CARTESIAN_POINT('',(-6.506132320618E-1,-2.582416423531E0,
-3.872373911301E0));
#2458=CARTESIAN_POINT('',(-6.788559612792E-1,-2.575662424108E0,
-3.851462449302E0));
#2459=CARTESIAN_POINT('',(-7.023686103025E-1,-2.569032858971E0,
-3.826160865439E0));
#2460=CARTESIAN_POINT('',(-7.207970619933E-1,-2.563222898908E0,
-3.797484214942E0));
#2461=CARTESIAN_POINT('',(-7.340331891674E-1,-2.558726632041E0,
-3.766301440098E0));
#2462=CARTESIAN_POINT('',(-7.419946366523E-1,-2.555893478389E0,
-3.733372537964E0));
#2463=CARTESIAN_POINT('',(-7.437270592666E-1,-2.555263207681E0,
-3.711084218300E0));
#2464=CARTESIAN_POINT('',(-7.437272308487E-1,-2.555263157895E0,-3.7E0));
#2466=CARTESIAN_POINT('',(4.5E0,-2.179449471770E0,-2.259283146564E0));
#2467=CARTESIAN_POINT('',(4.5E0,-2.086784972968E0,-2.233308450085E0));
#2468=CARTESIAN_POINT('',(4.5E0,-1.900921347529E0,-2.183488492983E0));
#2469=CARTESIAN_POINT('',(4.5E0,-1.620280507713E0,-2.115759278157E0));
#2470=CARTESIAN_POINT('',(4.5E0,-1.337804717727E0,-2.055737367638E0));
#2471=CARTESIAN_POINT('',(4.5E0,-1.053890857299E0,-2.004182914839E0));
#2472=CARTESIAN_POINT('',(4.5E0,-7.678505831119E-1,-1.961608895060E0));
#2473=CARTESIAN_POINT('',(4.5E0,-4.769067733541E-1,-1.928381649488E0));
#2474=CARTESIAN_POINT('',(4.5E0,-1.797919948013E-1,-1.905346473760E0));
#2475=CARTESIAN_POINT('',(4.5E0,1.216066837901E-1,-1.893501596355E0));
#2476=CARTESIAN_POINT('',(4.5E0,4.250066140037E-1,-1.893448336183E0));
#2477=CARTESIAN_POINT('',(4.5E0,7.246895718270E-1,-1.905030853462E0));
#2478=CARTESIAN_POINT('',(4.5E0,1.020055656061E0,-1.927501477641E0));
#2479=CARTESIAN_POINT('',(4.5E0,1.312551018846E0,-1.960254644606E0));
#2480=CARTESIAN_POINT('',(4.5E0,1.603014629243E0,-2.002722090100E0));
#2481=CARTESIAN_POINT('',(4.5E0,1.891708978908E0,-2.054262038567E0));
#2482=CARTESIAN_POINT('',(4.5E0,2.083640304600E0,-2.094350138911E0));
#2483=CARTESIAN_POINT('',(4.5E0,2.179449471770E0,-2.115716853436E0));
#2485=CARTESIAN_POINT('',(-4.5E0,2.179449471770E0,-2.759283146564E0));
#2486=CARTESIAN_POINT('',(-4.5E0,2.093589887047E0,-2.735215929002E0));
#2487=CARTESIAN_POINT('',(-4.5E0,1.921180078418E0,-2.688842376346E0));
#2488=CARTESIAN_POINT('',(-4.5E0,1.659844054071E0,-2.625005252163E0));
#2489=CARTESIAN_POINT('',(-4.5E0,1.397099944128E0,-2.567831674133E0));
#2490=CARTESIAN_POINT('',(-4.5E0,1.135063905604E0,-2.518226534434E0));
#2491=CARTESIAN_POINT('',(-4.5E0,8.695822241120E-1,-2.475804349363E0));
#2492=CARTESIAN_POINT('',(-4.5E0,5.859504652205E-1,-2.439569509247E0));
#2493=CARTESIAN_POINT('',(-4.5E0,2.716836761005E-1,-2.410769480859E0));
#2494=CARTESIAN_POINT('',(-4.5E0,-8.713725658272E-2,-2.393170043452E0));
#2495=CARTESIAN_POINT('',(-4.5E0,-4.794627148432E-1,-2.393134972265E0));
#2496=CARTESIAN_POINT('',(-4.5E0,-8.926501648276E-1,-2.414660581881E0));
#2497=CARTESIAN_POINT('',(-4.5E0,-1.313805475711E0,-2.458536470160E0));
#2498=CARTESIAN_POINT('',(-4.5E0,-1.743153265845E0,-2.524729163099E0));
#2499=CARTESIAN_POINT('',(-4.5E0,-2.033253721397E0,-2.583113262827E0));
#2500=CARTESIAN_POINT('',(-4.5E0,-2.179449471770E0,-2.615716853436E0));
#2502=CARTESIAN_POINT('',(4.5E0,-2.179449471770E0,-3.259283146564E0));
#2503=CARTESIAN_POINT('',(4.5E0,-2.030573093908E0,-3.217551752365E0));
#2504=CARTESIAN_POINT('',(4.5E0,-1.749046769812E0,-3.144623464354E0));
#2505=CARTESIAN_POINT('',(4.5E0,-1.384385974450E0,-3.064365416068E0));
#2506=CARTESIAN_POINT('',(4.5E0,-1.055136678917E0,-3.004028993262E0));
#2507=CARTESIAN_POINT('',(4.5E0,-7.484009211404E-1,-2.958909874035E0));
#2508=CARTESIAN_POINT('',(4.5E0,-4.460786017951E-1,-2.925339653028E0));
#2509=CARTESIAN_POINT('',(4.5E0,-1.373982923822E-1,-2.902851475865E0));
#2510=CARTESIAN_POINT('',(4.5E0,1.716609145443E-1,-2.892595905474E0));
#2511=CARTESIAN_POINT('',(4.5E0,4.803602662687E-1,-2.894646873E0));
#2512=CARTESIAN_POINT('',(4.5E0,7.866232510267E-1,-2.908713287279E0));
#2513=CARTESIAN_POINT('',(4.5E0,1.097542083162E0,-2.934870499951E0));
#2514=CARTESIAN_POINT('',(4.5E0,1.425126518551E0,-2.974987515565E0));
#2515=CARTESIAN_POINT('',(4.5E0,1.778700249137E0,-3.032002372015E0));
#2516=CARTESIAN_POINT('',(4.5E0,2.041947435508E0,-3.085052076335E0));
#2517=CARTESIAN_POINT('',(4.5E0,2.179449471770E0,-3.115716853436E0));
#2519=CARTESIAN_POINT('',(-4.5E0,2.179449471770E0,-3.759283146564E0));
#2520=CARTESIAN_POINT('',(-4.5E0,2.054251417750E0,-3.724189000533E0));
#2521=CARTESIAN_POINT('',(-4.5E0,1.812628755942E0,-3.660671907554E0));
#2522=CARTESIAN_POINT('',(-4.5E0,1.481488455546E0,-3.584811161412E0));
#2523=CARTESIAN_POINT('',(-4.5E0,1.168538232066E0,-3.523663250103E0));
#2524=CARTESIAN_POINT('',(-4.5E0,8.661949921258E-1,-3.474990535773E0));
#2525=CARTESIAN_POINT('',(-4.5E0,5.639295692221E-1,-3.437087855426E0));
#2526=CARTESIAN_POINT('',(-4.5E0,2.591176907858E-1,-3.410312568720E0));
#2527=CARTESIAN_POINT('',(-4.5E0,-4.602805484351E-2,-3.395335616667E0));
#2528=CARTESIAN_POINT('',(-4.5E0,-3.515144039599E-1,-3.392332429663E0));
#2529=CARTESIAN_POINT('',(-4.5E0,-6.570053700475E-1,-3.401328247343E0));
#2530=CARTESIAN_POINT('',(-4.5E0,-9.618284549007E-1,-3.422096904610E0));
#2531=CARTESIAN_POINT('',(-4.5E0,-1.265222437078E0,-3.454128602235E0));
#2532=CARTESIAN_POINT('',(-4.5E0,-1.568431367954E0,-3.497009107161E0));
#2533=CARTESIAN_POINT('',(-4.5E0,-1.872480359982E0,-3.550373032258E0));
#2534=CARTESIAN_POINT('',(-4.5E0,-2.076890928091E0,-3.592844938465E0));
#2535=CARTESIAN_POINT('',(-4.5E0,-2.179449471770E0,-3.615716853436E0));
#2537=CARTESIAN_POINT('',(4.5E0,-2.179449471770E0,-4.259283146564E0));
#2538=CARTESIAN_POINT('',(4.5E0,-2.078421031700E0,-4.230963961758E0));
#2539=CARTESIAN_POINT('',(4.5E0,-1.875234135110E0,-4.176706704098E0));
#2540=CARTESIAN_POINT('',(4.5E0,-1.565258081404E0,-4.103109715004E0));
#2541=CARTESIAN_POINT('',(4.5E0,-1.254380636998E0,-4.039361567304E0));
#2542=CARTESIAN_POINT('',(4.5E0,-9.457139951709E-1,-3.986707029455E0));
#2543=CARTESIAN_POINT('',(4.5E0,-6.422173652283E-1,-3.945882610756E0));
#2544=CARTESIAN_POINT('',(4.5E0,-3.480600300292E-1,-3.917116019689E0));
#2545=CARTESIAN_POINT('',(4.5E0,-6.297692605062E-2,-3.899599777744E0));
#2546=CARTESIAN_POINT('',(4.5E0,2.192226344660E-1,-3.892449133236E0));
#2547=CARTESIAN_POINT('',(4.5E0,5.017388702121E-1,-3.895553654863E0));
#2548=CARTESIAN_POINT('',(4.5E0,7.838016601141E-1,-3.908834139399E0));
#2549=CARTESIAN_POINT('',(4.5E0,1.065451609263E0,-3.932051198037E0));
#2550=CARTESIAN_POINT('',(4.5E0,1.345772714575E0,-3.964746493057E0));
#2551=CARTESIAN_POINT('',(4.5E0,1.624886778090E0,-4.006422129126E0));
#2552=CARTESIAN_POINT('',(4.5E0,1.902730070754E0,-4.056514365858E0));
#2553=CARTESIAN_POINT('',(4.5E0,2.087310462217E0,-4.095168632718E0));
#2554=CARTESIAN_POINT('',(4.5E0,2.179449471770E0,-4.115716853436E0));
#2556=CARTESIAN_POINT('',(-4.5E0,2.179449471770E0,-4.759283146564E0));
#2557=CARTESIAN_POINT('',(-4.5E0,2.100955797801E0,-4.737280660356E0));
#2558=CARTESIAN_POINT('',(-4.5E0,1.943474703994E0,-4.694771866E0));
#2559=CARTESIAN_POINT('',(-4.5E0,1.705420309582E0,-4.635846253240E0));
#2560=CARTESIAN_POINT('',(-4.5E0,1.466127333991E0,-4.582351639271E0));
#2561=CARTESIAN_POINT('',(-4.5E0,1.226317674544E0,-4.534844576714E0));
#2562=CARTESIAN_POINT('',(-4.5E0,9.852845431592E-1,-4.493525402015E0));
#2563=CARTESIAN_POINT('',(-4.5E0,7.359891019443E-1,-4.457821707797E0));
#2564=CARTESIAN_POINT('',(-4.5E0,4.714956846019E-1,-4.428127332392E0));
#2565=CARTESIAN_POINT('',(-4.5E0,1.926108792040E-1,-4.406274648080E0));
#2566=CARTESIAN_POINT('',(-4.5E0,-9.955428084342E-2,-4.394049640659E0));
#2567=CARTESIAN_POINT('',(-4.5E0,-3.976909860567E-1,-4.393033192843E0));
#2568=CARTESIAN_POINT('',(-4.5E0,-6.925763654798E-1,-4.403298469216E0));
#2569=CARTESIAN_POINT('',(-4.5E0,-9.854330197428E-1,-4.424330493078E0));
#2570=CARTESIAN_POINT('',(-4.5E0,-1.277750049912E0,-4.455806157864E0));
#2571=CARTESIAN_POINT('',(-4.5E0,-1.572307873489E0,-4.497706255721E0));
#2572=CARTESIAN_POINT('',(-4.5E0,-1.871212067401E0,-4.550155838673E0));
#2573=CARTESIAN_POINT('',(-4.5E0,-2.075937709791E0,-4.592632358146E0));
#2574=CARTESIAN_POINT('',(-4.5E0,-2.179449471770E0,-4.615716853436E0));
#2576=CARTESIAN_POINT('',(3.152801133623E0,-3.152801133623E0,-1.E0));
#2577=CARTESIAN_POINT('',(3.042490478344E0,-3.263111788902E0,
-1.005568535826E0));
#2578=CARTESIAN_POINT('',(2.810280096426E0,-3.472143512037E0,
-1.016705607477E0));
#2579=CARTESIAN_POINT('',(2.431030385298E0,-3.747471964466E0,
-1.033411214953E0));
#2580=CARTESIAN_POINT('',(2.025021358999E0,-3.981550366402E0,
-1.050116822430E0));
#2581=CARTESIAN_POINT('',(1.596722058760E0,-4.171802189079E0,
-1.066822429907E0));
#2582=CARTESIAN_POINT('',(1.150846973387E0,-4.316133232076E0,
-1.083528037383E0));
#2583=CARTESIAN_POINT('',(6.923040318259E-1,-4.412954788142E0,
-1.100233644860E0));
#2584=CARTESIAN_POINT('',(2.261406098279E-1,-4.461201100465E0,
-1.116939252336E0));
#2585=CARTESIAN_POINT('',(-2.425120367473E-1,-4.460341102021E0,
-1.133644859813E0));
#2586=CARTESIAN_POINT('',(-7.084952516418E-1,-4.410384259076E0,
-1.150350467290E0));
#2587=CARTESIAN_POINT('',(-1.166679762275E0,-4.311880467570E0,
-1.167056074766E0));
#2588=CARTESIAN_POINT('',(-1.612022139639E0,-4.165914000027E0,
-1.183761682243E0));
#2589=CARTESIAN_POINT('',(-2.039620313483E0,-3.974091570553E0,
-1.200467289720E0));
#2590=CARTESIAN_POINT('',(-2.444767531438E0,-3.738524649048E0,
-1.217172897196E0));
#2591=CARTESIAN_POINT('',(-2.823004168221E0,-3.461806219377E0,
-1.233878504673E0));
#2592=CARTESIAN_POINT('',(-3.170166814597E0,-3.146982237309E0,
-1.250584112150E0));
#2593=CARTESIAN_POINT('',(-3.482434105772E0,-2.797518102402E0,
-1.267289719626E0));
#2594=CARTESIAN_POINT('',(-3.756368784756E0,-2.417260512900E0,
-1.283995327103E0));
#2595=CARTESIAN_POINT('',(-3.988955537691E0,-2.010395123510E0,
-1.300700934579E0));
#2596=CARTESIAN_POINT('',(-4.177634184678E0,-1.581400472151E0,
-1.317406542056E0));
#2597=CARTESIAN_POINT('',(-4.320327860747E0,-1.134998682802E0,
-1.334112149533E0));
#2598=CARTESIAN_POINT('',(-4.415465876782E0,-6.761034871100E-1,
-1.350817757009E0));
#2599=CARTESIAN_POINT('',(-4.462001008755E0,-2.097661368834E-1,
-1.367523364486E0));
#2600=CARTESIAN_POINT('',(-4.459421024957E0,2.588801971550E-1,
-1.384228971963E0));
#2601=CARTESIAN_POINT('',(-4.407754324354E0,7.246769283294E-1,
-1.400934579439E0));
#2602=CARTESIAN_POINT('',(-4.307569623978E0,1.182496836737E0,
-1.417640186916E0));
#2603=CARTESIAN_POINT('',(-4.159969698829E0,1.627300506709E0,
-1.434345794393E0));
#2604=CARTESIAN_POINT('',(-3.966579243164E0,2.054191797767E0,
-1.451051401869E0));
#2605=CARTESIAN_POINT('',(-3.729526986805E0,2.458471738500E0,
-1.467757009346E0));
#2606=CARTESIAN_POINT('',(-3.451422263321E0,2.835690250109E0,
-1.484462616822E0));
#2607=CARTESIAN_POINT('',(-3.135326287998E0,3.181695130289E0,
-1.501168224299E0));
#2608=CARTESIAN_POINT('',(-2.784718461756E0,3.492677758263E0,
-1.517873831776E0));
#2609=CARTESIAN_POINT('',(-2.403458071929E0,3.765215017869E0,
-1.534579439252E0));
#2610=CARTESIAN_POINT('',(-1.995741811470E0,3.996306977230E0,
-1.551285046729E0));
#2611=CARTESIAN_POINT('',(-1.566057584190E0,4.183409910266E0,
-1.567990654206E0));
#2612=CARTESIAN_POINT('',(-1.119135104521E0,4.324464296551E0,
-1.584696261682E0));
#2613=CARTESIAN_POINT('',(-6.598938355651E-1,4.417917491318E0,
-1.601401869159E0));
#2614=CARTESIAN_POINT('',(-1.933888385052E-1,4.462740816074E0,
-1.618107476636E0));
#2615=CARTESIAN_POINT('',(2.752448705772E-1,4.458440881691E0,
-1.634813084112E0));
#2616=CARTESIAN_POINT('',(7.408488439745E-1,4.405065019349E0,
-1.651518691589E0));
#2617=CARTESIAN_POINT('',(1.198297983550E0,4.303200759543E0,-1.668224299065E0));
#2618=CARTESIAN_POINT('',(1.642556954841E0,4.153969364886E0,-1.684929906542E0));
#2619=CARTESIAN_POINT('',(2.068735613099E0,3.959013487904E0,-1.701635514019E0));
#2620=CARTESIAN_POINT('',(2.472142831158E0,3.720479089669E0,-1.718341121495E0));
#2621=CARTESIAN_POINT('',(2.848338136645E0,3.440991818306E0,-1.735046728972E0));
#2622=CARTESIAN_POINT('',(3.193180590113E0,3.123628107384E0,-1.751752336449E0));
#2623=CARTESIAN_POINT('',(3.502874366104E0,2.771881312322E0,-1.768457943925E0));
#2624=CARTESIAN_POINT('',(3.774010535390E0,2.389623257562E0,-1.785163551402E0));
#2625=CARTESIAN_POINT('',(4.003604588481E0,1.981061617770E0,-1.801869158879E0));
#2626=CARTESIAN_POINT('',(4.189129287381E0,1.550693602204E0,-1.818574766355E0));
#2627=CARTESIAN_POINT('',(4.328542483948E0,1.103256452040E0,-1.835280373832E0));
#2628=CARTESIAN_POINT('',(4.420309598679E0,6.436752955750E-1,
-1.851985981308E0));
#2629=CARTESIAN_POINT('',(4.463420512471E0,1.770089352744E-1,
-1.868691588785E0));
#2630=CARTESIAN_POINT('',(4.457400685420E0,-2.916058365864E-1,
-1.885397196262E0));
#2631=CARTESIAN_POINT('',(4.402316380286E0,-7.570107807502E-1,
-1.902102803738E0));
#2632=CARTESIAN_POINT('',(4.298773933112E0,-1.214082989878E0,
-1.918808411215E0));
#2633=CARTESIAN_POINT('',(4.147913079020E0,-1.657791278540E0,
-1.935514018692E0));
#2634=CARTESIAN_POINT('',(3.951394406682E0,-2.083251563579E0,
-1.952219626168E0));
#2635=CARTESIAN_POINT('',(3.711381079511E0,-2.485780625269E0,
-1.968925233645E0));
#2636=CARTESIAN_POINT('',(3.430515024824E0,-2.860947657467E0,
-1.985630841121E0));
#2637=CARTESIAN_POINT('',(3.111887853037E0,-3.204623039366E0,
-2.002336448598E0));
#2638=CARTESIAN_POINT('',(2.759006827011E0,-3.513023791951E0,
-2.019042056075E0));
#2639=CARTESIAN_POINT('',(2.375756256145E0,-3.782755218845E0,
-2.035747663551E0));
#2640=CARTESIAN_POINT('',(1.966354740145E0,-4.010848273149E0,
-2.052453271028E0));
#2641=CARTESIAN_POINT('',(1.535308733139E0,-4.194792238986E0,
-2.069158878505E0));
#2642=CARTESIAN_POINT('',(1.087362939238E0,-4.332562368008E0,
-2.085864485981E0));
#2643=CARTESIAN_POINT('',(6.274480855954E-1,-4.422642166646E0,
-2.102570093458E0));
#2644=CARTESIAN_POINT('',(1.606266478205E-1,-4.464040088790E0,
-2.119275700935E0));
#2645=CARTESIAN_POINT('',(-3.079628748087E-1,-4.456300450155E0,
-2.135981308411E0));
#2646=CARTESIAN_POINT('',(-7.731625209633E-1,-4.399508444189E0,
-2.152686915888E0));
#2647=CARTESIAN_POINT('',(-1.229851643106E0,-4.294289204311E0,
-2.169392523364E0));
#2648=CARTESIAN_POINT('',(-1.673003272605E0,-4.141800922807E0,
-2.186098130841E0));
#2649=CARTESIAN_POINT('',(-2.097739453687E0,-3.943722102121E0,
-2.202803738318E0));
#2650=CARTESIAN_POINT('',(-2.499384937137E0,-3.702233078876E0,
-2.219509345794E0));
#2651=CARTESIAN_POINT('',(-2.873518642733E0,-3.419992023993E0,
-2.236214953271E0));
#2652=CARTESIAN_POINT('',(-3.216022323923E0,-3.100105683092E0,
-2.252920560748E0));
#2653=CARTESIAN_POINT('',(-3.523125899097E0,-2.746095179237E0,
-2.269626168224E0));
#2654=CARTESIAN_POINT('',(-3.791448950450E0,-2.361857254460E0,
-2.286331775701E0));
#2655=CARTESIAN_POINT('',(-4.018037933664E0,-1.951621376689E0,
-2.303037383178E0));
#2656=CARTESIAN_POINT('',(-4.200398688804E0,-1.519903184221E0,
-2.319742990654E0));
#2657=CARTESIAN_POINT('',(-4.336523894586E0,-1.071454780193E0,
-2.336448598131E0));
#2658=CARTESIAN_POINT('',(-4.424915163799E0,-6.112124241989E-1,
-2.353154205607E0));
#2659=CARTESIAN_POINT('',(-4.464599536685E0,-1.442421968046E-1,
-2.369859813084E0));
#2660=CARTESIAN_POINT('',(-4.455140190716E0,3.243157649225E-1,
-2.386565420561E0));
#2661=CARTESIAN_POINT('',(-4.396641248877E0,7.893038470577E-1,
-2.403271028037E0));
#2662=CARTESIAN_POINT('',(-4.289746633548E0,1.245603730838E0,
-2.419976635514E0));
#2663=CARTESIAN_POINT('',(-4.135632978573E0,1.688192732140E0,
-2.436682242991E0));
#2664=CARTESIAN_POINT('',(-3.935996677564E0,2.112199088276E0,
-2.453387850467E0));
#2665=CARTESIAN_POINT('',(-3.693035210983E0,2.512955583521E0,
-2.470093457944E0));
#2666=CARTESIAN_POINT('',(-3.409422957553E0,2.886050923117E0,
-2.486799065421E0));
#2667=CARTESIAN_POINT('',(-3.088281756249E0,3.227378290243E0,
-2.503504672897E0));
#2668=CARTESIAN_POINT('',(-2.733146542911E0,3.533180551470E0,
-2.520210280374E0));
#2669=CARTESIAN_POINT('',(-2.347926439720E0,3.800091613103E0,
-2.536915887850E0));
#2670=CARTESIAN_POINT('',(-1.936861725854E0,4.025173473185E0,
-2.553621495327E0));
#2671=CARTESIAN_POINT('',(-1.504477162954E0,4.205948561319E0,
-2.570327102804E0));
#2672=CARTESIAN_POINT('',(-1.055532189179E0,4.340427010320E0,
-2.587032710280E0));
#2673=CARTESIAN_POINT('',(-5.949685300718E-1,4.427128559522E0,
-2.603738317757E0));
#2674=CARTESIAN_POINT('',(-1.278558029174E-1,4.465098848623E0,
-2.620443925234E0));
#2675=CARTESIAN_POINT('',(3.406642866625E-1,4.453919922731E0,
-2.637149532710E0));
#2676=CARTESIAN_POINT('',(8.054345416178E-1,4.393714832972E0,
-2.653855140187E0));
#2677=CARTESIAN_POINT('',(1.261339040900E0,4.285146282009E0,-2.670560747664E0));
#2678=CARTESIAN_POINT('',(1.703359452550E0,4.129409329398E0,-2.687266355140E0));
#2679=CARTESIAN_POINT('',(2.126630272583E0,3.928218237069E0,-2.703971962617E0));
#2680=CARTESIAN_POINT('',(2.526492381630E0,3.683787599724E0,-2.720677570093E0));
#2681=CARTESIAN_POINT('',(2.898544329815E0,3.398807967863E0,-2.737383177570E0));
#2682=CARTESIAN_POINT('',(3.238690785365E0,3.076416231770E0,-2.754088785047E0));
#2683=CARTESIAN_POINT('',(3.543187613640E0,2.720161092446E0,-2.770794392523E0));
#2684=CARTESIAN_POINT('',(3.808683090392E0,2.333963999567E0,-2.7875E0));
#2685=CARTESIAN_POINT('',(4.032254795601E0,1.922075986445E0,-2.804205607477E0));
#2686=CARTESIAN_POINT('',(4.211441781776E0,1.489030877121E0,-2.820911214953E0));
#2687=CARTESIAN_POINT('',(4.344271662639E0,1.039595380666E0,-2.837616822430E0));
#2688=CARTESIAN_POINT('',(4.429282324002E0,5.787166220114E-1,
-2.854322429907E0));
#2689=CARTESIAN_POINT('',(4.465538017876E0,1.114676868753E-1,
-2.871028037383E0));
#2690=CARTESIAN_POINT('',(4.452639662637E0,-3.570082198223E-1,
-2.887733644860E0));
#2691=CARTESIAN_POINT('',(4.390729235890E0,-8.215543873709E-1,
-2.904439252336E0));
#2692=CARTESIAN_POINT('',(4.280488211658E0,-1.277057361346E0,
-2.921144859813E0));
#2693=CARTESIAN_POINT('',(4.123130059112E0,-1.718503229546E0,
-2.937850467290E0));
#2694=CARTESIAN_POINT('',(3.920386885408E0,-2.141032812227E0,
-2.954556074766E0));
#2695=CARTESIAN_POINT('',(3.674490369658E0,-2.539995149129E0,
-2.971261682243E0));
#2696=CARTESIAN_POINT('',(3.388147197902E0,-2.910998694548E0,
-2.987967289720E0));
#2697=CARTESIAN_POINT('',(3.064509269479E0,-3.249959656917E0,
-3.004672897196E0));
#2698=CARTESIAN_POINT('',(2.707139002751E0,-3.553146950816E0,
-3.021378504673E0));
#2699=CARTESIAN_POINT('',(2.319970122068E0,-3.817223266594E0,
-3.038084112150E0));
#2700=CARTESIAN_POINT('',(1.907264357618E0,-4.039281805528E0,
-3.054789719626E0));
#2701=CARTESIAN_POINT('',(1.473564534774E0,-4.216878276186E0,
-3.071495327103E0));
#2702=CARTESIAN_POINT('',(1.023644569314E0,-4.348057799757E0,
-3.088200934579E0));
#2703=CARTESIAN_POINT('',(5.624569189229E-1,-4.431376428229E0,
-3.104906542056E0));
#2704=CARTESIAN_POINT('',(9.507806941845E-2,-4.465917038529E0,
-3.121612149533E0));
#2705=CARTESIAN_POINT('',(-3.733473442570E-1,-4.451299427678E0,
-3.138317757009E0));
#2706=CARTESIAN_POINT('',(-8.376631671907E-1,-4.387684497847E0,
-3.155023364486E0));
#2707=CARTESIAN_POINT('',(-1.292758480458E0,-4.275772485238E0,
-3.171728971963E0));
#2708=CARTESIAN_POINT('',(-1.733623859150E0,-4.116795252292E0,
-3.188434579439E0));
#2709=CARTESIAN_POINT('',(-2.155406513213E0,-3.912502728064E0,
-3.205140186916E0));
#2710=CARTESIAN_POINT('',(-2.553463704144E0,-3.665143646016E0,
-3.221845794393E0));
#2711=CARTESIAN_POINT('',(-2.923413849560E0,-3.377440791267E0,
-3.238551401869E0));
#2712=CARTESIAN_POINT('',(-3.261184753111E0,-3.052561029757E0,
-3.255257009346E0));
#2713=CARTESIAN_POINT('',(-3.563058428852E0,-2.694080449225E0,
-3.271962616822E0));
#2714=CARTESIAN_POINT('',(-3.825712026677E0,-2.305944995712E0,
-3.288668224299E0));
#2715=CARTESIAN_POINT('',(-4.046254408318E0,-1.892427038878E0,
-3.305373831776E0));
#2716=CARTESIAN_POINT('',(-4.222257971320E0,-1.458078344239E0,
-3.322079439252E0));
#2717=CARTESIAN_POINT('',(-4.351785370675E0,-1.007679969974E0,
-3.338785046729E0));
#2718=CARTESIAN_POINT('',(-4.433410843997E0,-5.461896398166E-1,
-3.355490654206E0));
#2719=CARTESIAN_POINT('',(-4.466235905478E0,-7.868717130672E-2,
-3.372196261682E0));
#2720=CARTESIAN_POINT('',(-4.449899235906E0,3.896814398868E-1,
-3.388901869159E0));
#2721=CARTESIAN_POINT('',(-4.384580659852E0,8.537606640999E-1,
-3.405607476636E0));
#2722=CARTESIAN_POINT('',(-4.270999166266E0,1.308442186749E0,
-3.422313084112E0));
#2723=CARTESIAN_POINT('',(-4.110404994267E0,1.748721137693E0,
-3.439018691589E0));
#2724=CARTESIAN_POINT('',(-3.904565871234E0,2.169751181934E0,
-3.455724299065E0));
#2725=CARTESIAN_POINT('',(-3.655747554692E0,2.566897865260E0,
-3.472429906542E0));
#2726=CARTESIAN_POINT('',(-3.366688892165E0,2.935789627627E0,
-3.489135514019E0));
#2727=CARTESIAN_POINT('',(-3.040571673539E0,3.272365922751E0,
-3.505841121495E0));
#2728=CARTESIAN_POINT('',(-2.680985607761E0,3.572921914244E0,
-3.522546728972E0));
#2729=CARTESIAN_POINT('',(-2.291888809412E0,3.834149256302E0,
-3.539252336449E0));
#2730=CARTESIAN_POINT('',(-1.877564230078E0,4.053172510052E0,
-3.555957943925E0));
#2731=CARTESIAN_POINT('',(-1.442572514106E0,4.227580794717E0,
-3.572663551402E0));
#2732=CARTESIAN_POINT('',(-9.917017976810E-1,4.355454325187E0,
-3.589369158879E0));
#2733=CARTESIAN_POINT('',(-5.299150038045E-1,4.435385543902E0,
-3.606074766355E0));
#2734=CARTESIAN_POINT('',(-6.229521331755E-2,4.466494614427E0,
-3.622780373832E0));
#2735=CARTESIAN_POINT('',(4.060102866993E-1,4.448439106182E0,
-3.639485981308E0));
#2736=CARTESIAN_POINT('',(8.698466612731E-1,4.381417763713E0,
-3.656191588785E0));
#2737=CARTESIAN_POINT('',(1.324108268968E0,4.266168319038E0,-3.672897196262E0));
#2738=CARTESIAN_POINT('',(1.763794861823E0,4.103959371109E0,-3.689602803738E0));
#2739=CARTESIAN_POINT('',(2.184066625173E0,3.896576421824E0,-3.706308411215E0));
#2740=CARTESIAN_POINT('',(2.580297451524E0,3.646302222248E0,-3.723014018692E0));
#2741=CARTESIAN_POINT('',(2.948125862052E0,3.355891645422E0,-3.739719626168E0));
#2742=CARTESIAN_POINT('',(3.283503015233E0,3.028541362317E0,-3.756425233645E0));
#2743=CARTESIAN_POINT('',(3.582737274137E0,2.667854654741E0,-3.773130841121E0));
#2744=CARTESIAN_POINT('',(3.842534841823E0,2.277801752498E0,-3.789836448598E0));
#2745=CARTESIAN_POINT('',(4.060036017547E0,1.862676131411E0,-3.806542056075E0));
#2746=CARTESIAN_POINT('',(4.232846674681E0,1.427047253230E0,-3.823247663551E0));
#2747=CARTESIAN_POINT('',(4.359064613872E0,9.757102676526E-1,
-3.839953271028E0));
#2748=CARTESIAN_POINT('',(4.437300501346E0,5.136332300982E-1,
-3.856658878505E0));
#2749=CARTESIAN_POINT('',(4.466693161892E0,4.590241624248E-2,
-3.873364485981E0));
#2750=CARTESIAN_POINT('',(4.446919058171E0,-4.223336647530E-1,
-3.890070093458E0));
#2751=CARTESIAN_POINT('',(4.378195852034E0,-8.859209420399E-1,
-3.906775700935E0));
#2752=CARTESIAN_POINT('',(4.261280008621E0,-1.339756516101E0,
-3.923481308411E0));
#2753=CARTESIAN_POINT('',(4.097458469639E0,-1.778844828504E0,
-3.940186915888E0));
#2754=CARTESIAN_POINT('',(3.888534487447E0,-2.198352650111E0,
-3.956892523364E0));
#2755=CARTESIAN_POINT('',(3.636807775907E0,-2.593662282452E0,
-3.973598130841E0));
#2756=CARTESIAN_POINT('',(3.345049196469E0,-2.960422386673E0,
-3.990303738318E0));
#2757=CARTESIAN_POINT('',(3.016470258134E0,-3.294595880545E0,
-4.007009345794E0));
#2758=CARTESIAN_POINT('',(2.654687767031E0,-3.592504376321E0,
-4.023714953271E0));
#2759=CARTESIAN_POINT('',(2.263684014715E0,-3.850868670292E0,
-4.040420560748E0));
#2760=CARTESIAN_POINT('',(1.847762943414E0,-4.066844838355E0,
-4.057126168224E0));
#2761=CARTESIAN_POINT('',(1.411502770731E0,-4.238055540284E0,
-4.073831775701E0));
#2762=CARTESIAN_POINT('',(9.597055952870E-1,-4.362616188102E0,
-4.090537383178E0));
#2763=CARTESIAN_POINT('',(4.973445380051E-1,-4.439155690537E0,
-4.107242990654E0));
#2764=CARTESIAN_POINT('',(2.950900088447E-2,-4.466831545198E0,
-4.123948598131E0));
#2765=CARTESIAN_POINT('',(-4.386513541802E-1,-4.445339112350E0,
-4.140654205607E0));
#2766=CARTESIAN_POINT('',(-9.019832898875E-1,-4.374914968211E0,
-4.157359813084E0));
#2767=CARTESIAN_POINT('',(-1.355386717372E0,-4.256334300861E0,
-4.174065420561E0));
#2768=CARTESIAN_POINT('',(-1.793870835021E0,-4.090902377419E0,
-4.190771028037E0));
#2769=CARTESIAN_POINT('',(-2.212609064320E0,-3.880440176423E0,
-4.207476635514E0));
#2770=CARTESIAN_POINT('',(-2.606992178025E0,-3.627264343555E0,
-4.224182242991E0));
#2771=CARTESIAN_POINT('',(-2.972679035861E0,-3.334161691350E0,
-4.240887850467E0));
#2772=CARTESIAN_POINT('',(-3.305644369272E0,-3.004358523581E0,
-4.257593457944E0));
#2773=CARTESIAN_POINT('',(-3.602223089239E0,-2.641485121984E0,
-4.274299065421E0));
#2774=CARTESIAN_POINT('',(-3.859150629454E0,-2.249535786223E0,
-4.291004672897E0));
#2775=CARTESIAN_POINT('',(-4.073598880765E0,-1.832824866959E0,
-4.307710280374E0));
#2776=CARTESIAN_POINT('',(-4.243207321364E0,-1.395939275984E0,
-4.324415887850E0));
#2777=CARTESIAN_POINT('',(-4.366109000038E0,-9.436879961594E-1,
-4.341121495327E0));
#2778=CARTESIAN_POINT('',(-4.440951086485E0,-4.810491469256E-1,
-4.357827102804E0));
#2779=CARTESIAN_POINT('',(-4.466909762482E0,-1.311518805481E-2,
-4.374532710280E0));
#2780=CARTESIAN_POINT('',(-4.443699289998E0,4.549631351895E-1,
-4.391238317757E0));
#2781=CARTESIAN_POINT('',(-4.371575156436E0,9.180334884641E-1,
-4.407943925234E0));
#2782=CARTESIAN_POINT('',(-4.251331262370E0,1.370998662252E0,
-4.424649532710E0));
#2783=CARTESIAN_POINT('',(-4.084291182762E0,1.808872678979E0,
-4.441355140187E0));
#2784=CARTESIAN_POINT('',(-3.872293597763E0,2.226835675779E0,
-4.458060747664E0));
#2785=CARTESIAN_POINT('',(-3.617672053802E0,2.620286958675E0,
-4.474766355140E0));
#2786=CARTESIAN_POINT('',(-3.323229276474E0,2.984895644603E0,
-4.491471962617E0));
#2787=CARTESIAN_POINT('',(-2.992206322691E0,3.316648332305E0,
-4.508177570093E0));
#2788=CARTESIAN_POINT('',(-2.628246894093E0,3.611893283070E0,
-4.524883177570E0));
#2789=CARTESIAN_POINT('',(-2.235357270049E0,3.867380603708E0,
-4.541588785047E0));
#2790=CARTESIAN_POINT('',(-1.817862056759E0,4.080298068909E0,
-4.558294392523E0));
#2791=CARTESIAN_POINT('',(-1.526192120352E0,4.192300617735E0,
-4.569431464174E0));
#2792=CARTESIAN_POINT('',(-1.377824617294E0,4.240508141759E0,-4.575E0));
#2794=CARTESIAN_POINT('',(-4.5E0,2.179449471770E0,-1.759283146564E0));
#2795=CARTESIAN_POINT('',(-4.5E0,2.033886889620E0,-1.718480639251E0));
#2796=CARTESIAN_POINT('',(-4.5E0,1.745229468189E0,-1.643191901684E0));
#2797=CARTESIAN_POINT('',(-4.5E0,1.318826966828E0,-1.550218049342E0));
#2798=CARTESIAN_POINT('',(-4.5E0,9.002994471406E-1,-1.478330673258E0));
#2799=CARTESIAN_POINT('',(-4.5E0,4.896290965070E-1,-1.428041919271E0));
#2800=CARTESIAN_POINT('',(-4.5E0,9.987063185123E-2,-1.399990852186E0));
#2801=CARTESIAN_POINT('',(-4.5E0,-2.566970299966E-1,-1.391582394892E0));
#2802=CARTESIAN_POINT('',(-4.5E0,-5.701276961263E-1,-1.397678967274E0));
#2803=CARTESIAN_POINT('',(-4.5E0,-8.545044882708E-1,-1.413831208361E0));
#2804=CARTESIAN_POINT('',(-4.5E0,-1.121901323479E0,-1.438057967412E0));
#2805=CARTESIAN_POINT('',(-4.5E0,-1.386832639775E0,-1.470462176907E0));
#2806=CARTESIAN_POINT('',(-4.5E0,-1.652820551896E0,-1.511203845418E0));
#2807=CARTESIAN_POINT('',(-4.5E0,-1.917599326735E0,-1.559557876966E0));
#2808=CARTESIAN_POINT('',(-4.5E0,-2.092384418565E0,-1.596300192255E0));
#2809=CARTESIAN_POINT('',(-4.5E0,-2.179449471770E0,-1.615716853436E0));
#2811=CARTESIAN_POINT('',(-3.152801133623E0,-3.152801133623E0,-1.E0));
#2812=CARTESIAN_POINT('',(-3.263131170892E0,-3.042471096354E0,
-1.005569514238E0));
#2813=CARTESIAN_POINT('',(-3.472197581105E0,-2.810217874010E0,
-1.016708542714E0));
#2814=CARTESIAN_POINT('',(-3.747564049564E0,-2.430893725829E0,
-1.033417085427E0));
#2815=CARTESIAN_POINT('',(-3.981664969997E0,-2.024802371696E0,
-1.050125628141E0));
#2816=CARTESIAN_POINT('',(-4.171922661058E0,-1.596415328486E0,
-1.066834170854E0));
#2817=CARTESIAN_POINT('',(-4.316242122392E0,-1.150449706510E0,
-1.083542713568E0));
#2818=CARTESIAN_POINT('',(-4.413034216460E0,-6.918161548833E-1,
-1.100251256281E0));
#2819=CARTESIAN_POINT('',(-4.461233136660E0,-2.255648193036E-1,
-1.116959798995E0));
#2820=CARTESIAN_POINT('',(-4.460308151350E0,2.431702746653E-1,
-1.133668341709E0));
#2821=CARTESIAN_POINT('',(-4.410269445709E0,7.092277516302E-1,
-1.150376884422E0));
#2822=CARTESIAN_POINT('',(-4.311668010168E0,1.167475720323E0,
-1.167085427136E0));
#2823=CARTESIAN_POINT('',(-4.165589573141E0,1.612868282156E0,
-1.183793969849E0));
#2824=CARTESIAN_POINT('',(-3.973642645804E0,2.040501093089E0,
-1.200502512563E0));
#2825=CARTESIAN_POINT('',(-3.737940810308E0,2.445665366742E0,
-1.217211055276E0));
#2826=CARTESIAN_POINT('',(-3.461079446533E0,2.823899724183E0,
-1.233919597990E0));
#2827=CARTESIAN_POINT('',(-3.146107153614E0,3.171039319439E0,
-1.250628140704E0));
#2828=CARTESIAN_POINT('',(-2.796492180960E0,3.483261699797E0,
-1.267336683417E0));
#2829=CARTESIAN_POINT('',(-2.416084238367E0,3.757128895921E0,
-1.284045226131E0));
#2830=CARTESIAN_POINT('',(-2.009072105771E0,3.989625278302E0,
-1.300753768844E0));
#2831=CARTESIAN_POINT('',(-1.579937509403E0,4.178190763217E0,
-1.317462311558E0));
#2832=CARTESIAN_POINT('',(-1.133405772231E0,4.320749002537E0,
-1.334170854271E0));
#2833=CARTESIAN_POINT('',(-6.743937820781E-1,4.415730246986E0,
-1.350879396985E0));
#2834=CARTESIAN_POINT('',(-2.079558503836E-1,4.462088631094E0,
-1.367587939698E0));
#2835=CARTESIAN_POINT('',(2.607719422636E-1,4.459313689524E0,
-1.384296482412E0));
#2836=CARTESIAN_POINT('',(7.266283009645E-1,4.407435977945E0,
-1.401005025126E0));
#2837=CARTESIAN_POINT('',(1.184483548995E0,4.307026736579E0,-1.417713567839E0));
#2838=CARTESIAN_POINT('',(1.629296112134E0,4.159191600111E0,-1.434422110553E0));
#2839=CARTESIAN_POINT('',(2.056168032869E0,3.965558423231E0,-1.451130653266E0));
#2840=CARTESIAN_POINT('',(2.460398903198E0,3.728259355864E0,-1.467839195980E0));
#2841=CARTESIAN_POINT('',(2.837537622160E0,3.449907365463E0,-1.484547738693E0));
#2842=CARTESIAN_POINT('',(3.183431408168E0,3.133567464878E0,-1.501256281407E0));
#2843=CARTESIAN_POINT('',(3.494271526468E0,2.782722962633E0,-1.517964824121E0));
#2844=CARTESIAN_POINT('',(3.766635228204E0,2.401237107223E0,-1.534673366834E0));
#2845=CARTESIAN_POINT('',(3.997523439271E0,1.993310547790E0,-1.551381909548E0));
#2846=CARTESIAN_POINT('',(4.184393783978E0,1.563435079579E0,-1.568090452261E0));
#2847=CARTESIAN_POINT('',(4.325188579866E0,1.116344183506E0,-1.584798994975E0));
#2848=CARTESIAN_POINT('',(4.418357495435E0,6.569609044539E-1,
-1.601507537688E0));
#2849=CARTESIAN_POINT('',(4.462874621285E0,1.903436422286E-1,
-1.618216080402E0));
#2850=CARTESIAN_POINT('',(4.458249766695E0,-2.783695479216E-1,
-1.634924623116E0));
#2851=CARTESIAN_POINT('',(4.404533857253E0,-7.440175318896E-1,
-1.651633165829E0));
#2852=CARTESIAN_POINT('',(4.302318374099E0,-1.201472927425E0,
-1.668341708543E0));
#2853=CARTESIAN_POINT('',(4.152728840960E0,-1.645698563196E0,
-1.685050251256E0));
#2854=CARTESIAN_POINT('',(3.957412430687E0,-2.071802944514E0,
-1.701758793970E0));
#2855=CARTESIAN_POINT('',(3.718519827765E0,-2.475094114972E0,
-1.718467336683E0));
#2856=CARTESIAN_POINT('',(3.438681546519E0,-2.851131320911E0,
-1.735175879397E0));
#2857=CARTESIAN_POINT('',(3.120978965772E0,-3.195773909816E0,
-1.751884422111E0));
#2858=CARTESIAN_POINT('',(2.768910398904E0,-3.505226924221E0,
-1.768592964824E0));
#2859=CARTESIAN_POINT('',(2.386352572936E0,-3.776082889065E0,
-1.785301507538E0));
#2860=CARTESIAN_POINT('',(1.977517940781E0,-4.005359332362E0,
-1.802010050251E0));
#2861=CARTESIAN_POINT('',(1.546908296730E0,-4.190531626054E0,
-1.818718592965E0));
#2862=CARTESIAN_POINT('',(1.099265205919E0,-4.329560785404E0,
-1.835427135678E0));
#2863=CARTESIAN_POINT('',(6.395177936035E-1,-4.420915920837E0,
-1.852135678392E0));
#2864=CARTESIAN_POINT('',(1.727284691641E-1,-4.463591095003E0,
-1.868844221106E0));
#2865=CARTESIAN_POINT('',(-2.959628175246E-1,-4.457116399433E0,
-1.885552763819E0));
#2866=CARTESIAN_POINT('',(-7.613951735411E-1,-4.401563128839E0,
-1.902261306533E0));
#2867=CARTESIAN_POINT('',(-1.218443590975E0,-4.297542996069E0,
-1.918969849246E0));
#2868=CARTESIAN_POINT('',(-1.662075379847E0,-4.146201396357E0,
-1.935678391960E0));
#2869=CARTESIAN_POINT('',(-2.087405584485E0,-3.949204795058E0,
-1.952386934673E0));
#2870=CARTESIAN_POINT('',(-2.489750773161E0,-3.708722377719E0,
-1.969095477387E0));
#2871=CARTESIAN_POINT('',(-2.864680608690E0,-3.427402164562E0,
-1.985804020101E0));
#2872=CARTESIAN_POINT('',(-3.208066632129E0,-3.108341852382E0,
-2.002512562814E0));
#2873=CARTESIAN_POINT('',(-3.516127722410E0,-2.755054704929E0,
-2.019221105528E0));
#2874=CARTESIAN_POINT('',(-3.785471731342E0,-2.371430867358E0,
-2.035929648241E0));
#2875=CARTESIAN_POINT('',(-4.013132835519E0,-1.961694530739E0,
-2.052638190955E0));
#2876=CARTESIAN_POINT('',(-4.196604193838E0,-1.530357418289E0,
-2.069346733668E0));
#2877=CARTESIAN_POINT('',(-4.333865551046E0,-1.082169105503E0,
-2.086055276382E0));
#2878=CARTESIAN_POINT('',(-4.423405483341E0,-6.220647212316E-1,
-2.102763819095E0));
#2879=CARTESIAN_POINT('',(-4.464238041087E0,-1.551106055751E-1,
-2.119472361809E0));
#2880=CARTESIAN_POINT('',(-4.455913605390E0,3.135514770292E-1,
-2.136180904523E0));
#2881=CARTESIAN_POINT('',(-4.398523838977E0,7.787609552342E-1,
-2.152889447236E0));
#2882=CARTESIAN_POINT('',(-4.292700676872E0,1.235395275301E0,
-2.169597989950E0));
#2883=CARTESIAN_POINT('',(-4.139609367977E0,1.678426306992E0,
-2.186306532663E0));
#2884=CARTESIAN_POINT('',(-3.940935644193E0,2.102975709746E0,
-2.203015075377E0));
#2885=CARTESIAN_POINT('',(-3.698867158337E0,2.504368649465E0,
-2.219723618090E0));
#2886=CARTESIAN_POINT('',(-3.416069395285E0,2.878185274447E0,
-2.236432160804E0));
#2887=CARTESIAN_POINT('',(-3.095656321553E0,3.220309383627E0,
-2.253140703518E0));
#2888=CARTESIAN_POINT('',(-2.741156096531E0,3.526973751235E0,
-2.269849246231E0));
#2889=CARTESIAN_POINT('',(-2.356472222917E0,3.794801608789E0,
-2.286557788945E0));
#2890=CARTESIAN_POINT('',(-1.945840564140E0,4.020843827656E0,
-2.303266331658E0));
#2891=CARTESIAN_POINT('',(-1.513782702061E0,4.202611392740E0,
-2.319974874372E0));
#2892=CARTESIAN_POINT('',(-1.065056148556E0,4.338102809740E0,
-2.336683417085E0));
#2893=CARTESIAN_POINT('',(-6.046019591979E-1,4.425826144166E0,
-2.353391959799E0));
#2894=CARTESIAN_POINT('',(-1.374903258881E-1,4.464815449460E0,
-2.370100502513E0));
#2895=CARTESIAN_POINT('',(3.311352524637E-1,4.454641403303E0,
-2.386809045226E0));
#2896=CARTESIAN_POINT('',(7.961146064689E-1,4.395416035009E0,
-2.403517587940E0));
#2897=CARTESIAN_POINT('',(1.252327716351E0,4.287791491935E0,-2.420226130653E0));
#2898=CARTESIAN_POINT('',(1.694751089940E0,4.132952858502E0,-2.436934673367E0));
#2899=CARTESIAN_POINT('',(2.118513077767E0,3.932605106896E0,-2.453643216080E0));
#2900=CARTESIAN_POINT('',(2.518947516186E0,3.688954323132E0,-2.470351758794E0));
#2901=CARTESIAN_POINT('',(2.891645107824E0,3.404683415216E0,-2.487060301508E0));
#2902=CARTESIAN_POINT('',(3.232501973611E0,3.082922570881E0,-2.503768844221E0));
#2903=CARTESIAN_POINT('',(3.537764841753E0,2.727214790204E0,-2.520477386935E0));
#2904=CARTESIAN_POINT('',(3.804072376078E0,2.341476872619E0,-2.537185929648E0));
#2905=CARTESIAN_POINT('',(4.028492188662E0,1.929956287934E0,-2.553894472362E0));
#2906=CARTESIAN_POINT('',(4.208553129189E0,1.497184406225E0,-2.570603015075E0));
#2907=CARTESIAN_POINT('',(4.342272495482E0,1.047926601642E0,-2.587311557789E0));
#2908=CARTESIAN_POINT('',(4.428177865608E0,5.871297795130E-1,
-2.604020100503E0));
#2909=CARTESIAN_POINT('',(4.465323311128E0,1.198679045673E-1,
-2.620728643216E0));
#2910=CARTESIAN_POINT('',(4.453299812989E0,-3.487138699322E-1,
-2.637437185930E0));
#2911=CARTESIAN_POINT('',(4.392239765344E0,-8.134558569339E-1,
-2.654145728643E0));
#2912=CARTESIAN_POINT('',(4.282815517727E0,-1.269240650377E0,
-2.670854271357E0));
#2913=CARTESIAN_POINT('',(4.126231971616E0,-1.711049474404E0,
-2.687562814070E0));
#2914=CARTESIAN_POINT('',(3.924213312928E0,-2.134017446528E0,
-2.704271356784E0));
#2915=CARTESIAN_POINT('',(3.678984026510E0,-2.533487146234E0,
-2.720979899497E0));
#2916=CARTESIAN_POINT('',(3.393244401708E0,-2.905059899163E0,
-2.737688442211E0));
#2917=CARTESIAN_POINT('',(3.070140798716E0,-3.244644212161E0,
-2.754396984925E0));
#2918=CARTESIAN_POINT('',(2.713231003106E0,-3.548500825875E0,
-2.771105527638E0));
#2919=CARTESIAN_POINT('',(2.326445050041E0,-3.813283888801E0,
-2.787814070352E0));
#2920=CARTESIAN_POINT('',(1.914041949544E0,-4.036077799403E0,
-2.804522613065E0));
#2921=CARTESIAN_POINT('',(1.480562789326E0,-4.214429310632E0,
-2.821231155779E0));
#2922=CARTESIAN_POINT('',(1.030780731580E0,-4.346374543324E0,
-2.837939698492E0));
#2923=CARTESIAN_POINT('',(5.696484543345E-1,-4.430460611034E0,
-2.854648241206E0));
#2924=CARTESIAN_POINT('',(1.022436161107E-1,-4.465761618180E0,
-2.871356783920E0));
#2925=CARTESIAN_POINT('',(-3.662870556196E-1,-4.451888855344E0,
-2.888065326633E0));
#2926=CARTESIAN_POINT('',(-8.307844365114E-1,-4.388995079457E0,
-2.904773869347E0));
#2927=CARTESIAN_POINT('',(-1.286133813932E0,-4.277772831756E0,
-2.921482412060E0));
#2928=CARTESIAN_POINT('',(-1.727321206512E0,-4.119446812010E0,
-2.938190954774E0));
#2929=CARTESIAN_POINT('',(-2.149488574524E0,-3.915760393007E0,
-2.954899497487E0));
#2930=CARTESIAN_POINT('',(-2.547987313133E0,-3.668956423776E0,
-2.971608040201E0));
#2931=CARTESIAN_POINT('',(-2.918429439506E0,-3.381752532944E0,
-2.988316582915E0));
#2932=CARTESIAN_POINT('',(-3.256735910141E0,-3.057311204154E0,
-3.005025125628E0));
#2933=CARTESIAN_POINT('',(-3.559181536371E0,-2.699204953057E0,
-3.021733668342E0));
#2934=CARTESIAN_POINT('',(-3.822436003475E0,-2.311376989327E0,
-3.038442211055E0));
#2935=CARTESIAN_POINT('',(-4.043600541719E0,-1.898097796863E0,
-3.055150753769E0));
#2936=CARTESIAN_POINT('',(-4.220239845538E0,-1.463918110273E0,
-3.071859296482E0));
#2937=CARTESIAN_POINT('',(-4.350408889369E0,-1.013618805445E0,
-3.088567839196E0));
#2938=CARTESIAN_POINT('',(-4.432674344887E0,-5.521582559621E-1,
-3.105276381910E0));
#2939=CARTESIAN_POINT('',(-4.466130363790E0,-8.461773504459E-2,
-3.121984924623E0));
#2940=CARTESIAN_POINT('',(-4.450408552346E0,3.838545357950E-1,
-3.138693467337E0));
#2941=CARTESIAN_POINT('',(-4.385682027890E0,8.481000752807E-1,
-3.155402010050E0));
#2942=CARTESIAN_POINT('',(-4.272663512571E0,1.303006943877E0,
-3.172110552764E0));
#2943=CARTESIAN_POINT('',(-4.112597485373E0,1.743566032805E0,
-3.188819095477E0));
#2944=CARTESIAN_POINT('',(-3.907246478798E0,2.164926220768E0,
-3.205527638191E0));
#2945=CARTESIAN_POINT('',(-3.658871671125E0,2.562447791017E0,
-3.222236180905E0));
#2946=CARTESIAN_POINT('',(-3.370207987928E0,2.931753520601E0,
-3.238944723618E0));
#2947=CARTESIAN_POINT('',(-3.044433987037E0,3.268776879205E0,
-3.255653266332E0));
#2948=CARTESIAN_POINT('',(-2.685136858535E0,3.569806806871E0,
-3.272361809045E0));
#2949=CARTESIAN_POINT('',(-2.296272925187E0,3.831528577540E0,
-3.289070351759E0));
#2950=CARTESIAN_POINT('',(-1.882124078246E0,4.051060298432E0,
-3.305778894472E0));
#2951=CARTESIAN_POINT('',(-1.447250628333E0,4.225984643398E0,
-3.322487437186E0));
#2952=CARTESIAN_POINT('',(-9.964410905614E-1,4.354375470775E0,
-3.339195979899E0));
#2953=CARTESIAN_POINT('',(-5.346594568340E-1,4.434819032685E0,
-3.355904522613E0));
#2954=CARTESIAN_POINT('',(-6.699053592082E-2,4.466429542212E0,
-3.372613065327E0));
#2955=CARTESIAN_POINT('',(4.014160368166E-1,4.448858927055E0,
-3.389321608040E0));
#2956=CARTESIAN_POINT('',(8.654025035230E-1,4.382300662249E0,
-3.406030150754E0));
#2957=CARTESIAN_POINT('',(1.319859777386E0,4.267487639758E0,-3.422738693467E0));
#2958=CARTESIAN_POINT('',(1.759783700244E0,4.105684098394E0,-3.439447236181E0));
#2959=CARTESIAN_POINT('',(2.180330144792E0,3.898671702922E0,-3.456155778894E0));
#2960=CARTESIAN_POINT('',(2.576868354643E0,3.648729925644E0,-3.472864321608E0));
#2961=CARTESIAN_POINT('',(2.945031934905E0,3.358610946483E0,-3.489572864322E0));
#2962=CARTESIAN_POINT('',(3.280766931794E0,3.031509347948E0,-3.506281407035E0));
#2963=CARTESIAN_POINT('',(3.580376471871E0,2.671026938674E0,-3.522989949749E0));
#2964=CARTESIAN_POINT('',(3.840561469365E0,2.281133092891E0,-3.539698492462E0));
#2965=CARTESIAN_POINT('',(4.058456953345E0,1.866121042509E0,-3.556407035176E0));
#2966=CARTESIAN_POINT('',(4.231663614729E0,1.430560603130E0,-3.573115577889E0));
#2967=CARTESIAN_POINT('',(4.358274225758E0,9.792478545E-1,-3.589824120603E0));
#2968=CARTESIAN_POINT('',(4.436894641021E0,5.171523295221E-1,
-3.606532663317E0));
#2969=CARTESIAN_POINT('',(4.466659148788E0,4.936229331138E-2,
-3.623241206030E0));
#2970=CARTESIAN_POINT('',(4.447240003607E0,-4.189712851358E-1,
-3.639949748744E0));
#2971=CARTESIAN_POINT('',(4.378851035203E0,-8.826914517249E-1,
-3.656658291457E0));
#2972=CARTESIAN_POINT('',(4.262245293939E0,-1.336692051950E0,
-3.673366834171E0));
#2973=CARTESIAN_POINT('',(4.098706758760E0,-1.775973956212E0,
-3.690075376884E0));
#2974=CARTESIAN_POINT('',(3.890036198942E0,-2.195700106656E0,
-3.706783919598E0));
#2975=CARTESIAN_POINT('',(3.638531345307E0,-2.591248779386E0,
-3.723492462312E0));
#2976=CARTESIAN_POINT('',(3.346961589254E0,-2.958264475584E0,
-3.740201005025E0));
#2977=CARTESIAN_POINT('',(3.018537488209E0,-3.292705881145E0,
-3.756909547739E0));
#2978=CARTESIAN_POINT('',(2.656875413259E0,-3.590890366729E0,
-3.773618090452E0));
#2979=CARTESIAN_POINT('',(2.265957728266E0,-3.849534538248E0,
-3.790326633166E0));
#2980=CARTESIAN_POINT('',(1.850088938926E0,-4.065790391241E0,
-3.807035175879E0));
#2981=CARTESIAN_POINT('',(1.413848294636E0,-4.237276671071E0,
-3.823743718593E0));
#2982=CARTESIAN_POINT('',(9.620393650731E-1,-4.362105093587E0,
-3.840452261307E0));
#2983=CARTESIAN_POINT('',(4.996371467282E-1,-4.438901137563E0,
-3.857160804020E0));
#2984=CARTESIAN_POINT('',(3.173328180446E-2,-4.466819179939E0,
-3.873869346734E0));
#2985=CARTESIAN_POINT('',(-4.365200073011E-1,-4.445551807220E0,
-3.890577889447E0));
#2986=CARTESIAN_POINT('',(-8.999666505830E-1,-4.375333200487E0,
-3.907286432161E0));
#2987=CARTESIAN_POINT('',(-1.353503505378E0,-4.256936556772E0,
-3.923994974874E0));
#2988=CARTESIAN_POINT('',(-1.792136548520E0,-4.091665575155E0,
-3.940703517588E0));
#2989=CARTESIAN_POINT('',(-2.211035866948E0,-3.881340101372E0,
-3.957412060302E0));
#2990=CARTESIAN_POINT('',(-2.605588841248E0,-3.628276088973E0,
-3.974120603015E0));
#2991=CARTESIAN_POINT('',(-2.971450936521E0,-3.335260097698E0,
-3.990829145729E0));
#2992=CARTESIAN_POINT('',(-3.304593541288E0,-3.005518609878E0,
-4.007537688442E0));
#2993=CARTESIAN_POINT('',(-3.601348327676E0,-2.642682502722E0,
-4.024246231156E0));
#2994=CARTESIAN_POINT('',(-3.858447644419E0,-2.250747067693E0,
-4.040954773869E0));
#2995=CARTESIAN_POINT('',(-4.073060497892E0,-1.834028017223E0,
-4.057663316583E0));
#2996=CARTESIAN_POINT('',(-4.242823724992E0,-1.397113963174E0,
-4.074371859296E0));
#2997=CARTESIAN_POINT('',(-4.365868014591E0,-9.448158903308E-1,
-4.091080402010E0));
#2998=CARTESIAN_POINT('',(-4.440838491058E0,-4.821141812795E-1,
-4.107788944724E0));
#2999=CARTESIAN_POINT('',(-4.466909633175E0,-1.410377600057E-2,
-4.124497487437E0));
#3000=CARTESIAN_POINT('',(-4.443794364190E0,4.540619299631E-1,
-4.141206030151E0));
#3001=CARTESIAN_POINT('',(-4.371747212897E0,9.172278310083E-1,
-4.157914572864E0));
#3002=CARTESIAN_POINT('',(-4.251561510947E0,1.370293875806E0,
-4.174623115578E0));
#3003=CARTESIAN_POINT('',(-4.084560657261E0,1.808271225408E0,
-4.191331658291E0));
#3004=CARTESIAN_POINT('',(-3.872583545650E0,2.226337186794E0,
-4.208040201005E0));
#3005=CARTESIAN_POINT('',(-3.617964316449E0,2.619888316838E0,
-4.224748743719E0));
#3006=CARTESIAN_POINT('',(-3.323506653844E0,2.984591112393E0,
-4.241457286432E0));
#3007=CARTESIAN_POINT('',(-2.992452916641E0,3.316429726764E0,
-4.258165829146E0));
#3008=CARTESIAN_POINT('',(-2.628448424799E0,3.611750192898E0,
-4.274874371859E0));
#3009=CARTESIAN_POINT('',(-2.235501360572E0,3.867300644990E0,
-4.291582914573E0));
#3010=CARTESIAN_POINT('',(-1.817938481037E0,4.080267175174E0,
-4.308291457286E0));
#3011=CARTESIAN_POINT('',(-1.526218189070E0,4.192292147495E0,
-4.319430485762E0));
#3012=CARTESIAN_POINT('',(-1.377824617294E0,4.240508141759E0,-4.325E0));
#3014=CARTESIAN_POINT('',(3.152801133623E0,-3.152801133623E0,-6.E0));
#3015=CARTESIAN_POINT('',(3.049083919693E0,-3.256518347552E0,-6.E0));
#3016=CARTESIAN_POINT('',(2.832715086797E0,-3.452482590998E0,-6.E0));
#3017=CARTESIAN_POINT('',(2.481368239833E0,-3.713103305214E0,-6.E0));
#3018=CARTESIAN_POINT('',(2.104842704229E0,-3.938788147022E0,-6.E0));
#3019=CARTESIAN_POINT('',(1.708877284885E0,-4.125996264061E0,-6.E0));
#3020=CARTESIAN_POINT('',(1.296497975362E0,-4.273578973564E0,-6.E0));
#3021=CARTESIAN_POINT('',(8.708040362743E-1,-4.380185464740E0,-6.E0));
#3022=CARTESIAN_POINT('',(4.377214568257E-1,-4.444381977359E0,-6.E0));
#3023=CARTESIAN_POINT('',(4.467434328E-5,-4.465916490310E0,-6.E0));
#3024=CARTESIAN_POINT('',(-4.380618803483E-1,-4.444356796719E0,-6.E0));
#3025=CARTESIAN_POINT('',(-8.709278143069E-1,-4.380148668521E0,-6.E0));
#3026=CARTESIAN_POINT('',(-1.296555261475E0,-4.273573790120E0,-6.E0));
#3027=CARTESIAN_POINT('',(-1.709282729830E0,-4.125823738072E0,-6.E0));
#3028=CARTESIAN_POINT('',(-2.104782197438E0,-3.938813008584E0,-6.E0));
#3029=CARTESIAN_POINT('',(-2.481532889768E0,-3.713001050845E0,-6.E0));
#3030=CARTESIAN_POINT('',(-2.832767131603E0,-3.452432316936E0,-6.E0));
#3031=CARTESIAN_POINT('',(-3.049107512011E0,-3.256494755235E0,-6.E0));
#3032=CARTESIAN_POINT('',(-3.152801133623E0,-3.152801133623E0,-6.E0));
#3034=CARTESIAN_POINT('',(-1.377824617294E0,4.240508141759E0,-4.325E0));
#3035=CARTESIAN_POINT('',(-1.230535739716E0,4.288365199120E0,
-4.330528052805E0));
#3036=CARTESIAN_POINT('',(-9.309670358529E-1,4.368717614610E0,
-4.341584158416E0));
#3037=CARTESIAN_POINT('',(-4.715144895721E-1,4.441854046602E0,
-4.358168316832E0));
#3038=CARTESIAN_POINT('',(-6.946979662537E-3,4.466804785529E0,
-4.374752475248E0));
#3039=CARTESIAN_POINT('',(4.576959110427E-1,4.443299192958E0,
-4.391336633663E0));
#3040=CARTESIAN_POINT('',(9.173736663112E-1,4.371592251929E0,
-4.407920792079E0));
#3041=CARTESIAN_POINT('',(1.367099663180E0,4.252461848521E0,-4.424504950495E0));
#3042=CARTESIAN_POINT('',(1.801995228035E0,4.087200320499E0,-4.441089108911E0));
#3043=CARTESIAN_POINT('',(2.217342571475E0,3.877600441331E0,-4.457673267327E0));
#3044=CARTESIAN_POINT('',(2.608635964528E0,3.625935971085E0,-4.474257425743E0));
#3045=CARTESIAN_POINT('',(2.971630618007E0,3.334936990706E0,-4.490841584158E0));
#3046=CARTESIAN_POINT('',(3.302388730188E0,3.007760285757E0,-4.507425742574E0));
#3047=CARTESIAN_POINT('',(3.597322204533E0,2.647955101323E0,-4.524009900990E0));
#3048=CARTESIAN_POINT('',(3.853231573696E0,2.259424639442E0,-4.540594059406E0));
#3049=CARTESIAN_POINT('',(4.067340707665E0,1.846383716789E0,-4.557178217822E0));
#3050=CARTESIAN_POINT('',(4.237326929488E0,1.413313041928E0,-4.573762376238E0));
#3051=CARTESIAN_POINT('',(4.361346211910E0,9.649106081447E-1,
-4.590346534653E0));
#3052=CARTESIAN_POINT('',(4.438053181552E0,5.060407291560E-1,
-4.606930693069E0));
#3053=CARTESIAN_POINT('',(4.466615713662E0,4.168127055274E-2,
-4.623514851485E0));
#3054=CARTESIAN_POINT('',(4.446723959082E0,-4.231303505741E-1,
-4.640099009901E0));
#3055=CARTESIAN_POINT('',(4.378593705521E0,-8.833518120301E-1,
-4.656683168317E0));
#3056=CARTESIAN_POINT('',(4.262964036675E0,-1.333990586124E0,
-4.673267326733E0));
#3057=CARTESIAN_POINT('',(4.101089314564E0,-1.770158099101E0,
-4.689851485149E0));
#3058=CARTESIAN_POINT('',(3.894725572102E0,-2.187122762870E0,
-4.706435643564E0));
#3059=CARTESIAN_POINT('',(3.646111463467E0,-2.580361303737E0,
-4.723019801980E0));
#3060=CARTESIAN_POINT('',(3.357943978970E0,-2.945607831322E0,
-4.739603960396E0));
#3061=CARTESIAN_POINT('',(3.033349187832E0,-3.278900115363E0,
-4.756188118812E0));
#3062=CARTESIAN_POINT('',(2.675848326282E0,-3.576622568371E0,
-4.772772277228E0));
#3063=CARTESIAN_POINT('',(2.289319598836E0,-3.835545467888E0,
-4.789356435644E0));
#3064=CARTESIAN_POINT('',(1.877956107157E0,-4.052859992825E0,
-4.805940594059E0));
#3065=CARTESIAN_POINT('',(1.446220362873E0,-4.226208693837E0,
-4.822524752475E0));
#3066=CARTESIAN_POINT('',(9.987958778125E-1,-4.353711067160E0,
-4.839108910891E0));
#3067=CARTESIAN_POINT('',(5.405363568073E-1,-4.433983954506E0,
-4.855693069307E0));
#3068=CARTESIAN_POINT('',(7.641304422494E-2,-4.466156547695E0,
-4.872277227723E0));
#3069=CARTESIAN_POINT('',(-3.885392045786E-1,-4.449879835271E0,
-4.888861386139E0));
#3070=CARTESIAN_POINT('',(-8.492765418662E-1,-4.385330388612E0,
-4.905445544554E0));
#3071=CARTESIAN_POINT('',(-1.300800843675E0,-4.273208446465E0,
-4.922029702970E0));
#3072=CARTESIAN_POINT('',(-1.738213929958E0,-4.114730318690E0,
-4.938613861386E0));
#3073=CARTESIAN_POINT('',(-2.156770700523E0,-3.911615191608E0,
-4.955198019802E0));
#3074=CARTESIAN_POINT('',(-2.551930610343E0,-3.666066478099E0,
-4.971782178218E0));
#3075=CARTESIAN_POINT('',(-2.919406925842E0,-3.380747914766E0,
-4.988366336634E0));
#3076=CARTESIAN_POINT('',(-3.255213227795E0,-3.058754665454E0,
-5.004950495050E0));
#3077=CARTESIAN_POINT('',(-3.555706656404E0,-2.703579744608E0,
-5.021534653465E0));
#3078=CARTESIAN_POINT('',(-3.817627429391E0,-2.319076124712E0,
-5.038118811881E0));
#3079=CARTESIAN_POINT('',(-4.038134204443E0,-1.909414938864E0,
-5.054702970297E0));
#3080=CARTESIAN_POINT('',(-4.214834902371E0,-1.479040231909E0,
-5.071287128713E0));
#3081=CARTESIAN_POINT('',(-4.345812656620E0,-1.032620751009E0,
-5.087871287129E0));
#3082=CARTESIAN_POINT('',(-4.429646607625E0,-5.749992986120E-1,
-5.104455445545E0));
#3083=CARTESIAN_POINT('',(-4.465427316439E0,-1.111401972551E-1,
-5.121039603960E0));
#3084=CARTESIAN_POINT('',(-4.452766630413E0,3.539245638956E-1,
-5.137623762376E0));
#3085=CARTESIAN_POINT('',(-4.391801893914E0,8.151499165579E-1,
-5.154207920792E0));
#3086=CARTESIAN_POINT('',(-4.283194458401E0,1.267532442730E0,
-5.170792079208E0));
#3087=CARTESIAN_POINT('',(-4.128122508019E0,1.706164652263E0,
-5.187376237624E0));
#3088=CARTESIAN_POINT('',(-3.928268278543E0,2.126288219795E0,
-5.203960396040E0));
#3089=CARTESIAN_POINT('',(-3.685799808316E0,2.523345603532E0,
-5.220544554455E0));
#3090=CARTESIAN_POINT('',(-3.403347419157E0,2.893029485914E0,
-5.237128712871E0));
#3091=CARTESIAN_POINT('',(-3.083975182370E0,3.231329499815E0,
-5.253712871287E0));
#3092=CARTESIAN_POINT('',(-2.731147679402E0,3.534575733401E0,
-5.270297029703E0));
#3093=CARTESIAN_POINT('',(-2.348692417716E0,3.799478541697E0,
-5.286881188119E0));
#3094=CARTESIAN_POINT('',(-1.940758309616E0,4.023164232977E0,
-5.303465346535E0));
#3095=CARTESIAN_POINT('',(-1.511770664440E0,4.203206242856E0,
-5.320049504950E0));
#3096=CARTESIAN_POINT('',(-1.066383182367E0,4.337651457899E0,
-5.336633663366E0));
#3097=CARTESIAN_POINT('',(-6.094274706208E-1,4.425041403185E0,
-5.353217821782E0));
#3098=CARTESIAN_POINT('',(-1.458606297171E-1,4.464428063991E0,
-5.369801980198E0));
#3099=CARTESIAN_POINT('',(3.192885216476E-1,4.455384169945E0,
-5.386386138614E0));
#3100=CARTESIAN_POINT('',(7.809739997177E-1,4.398007830099E0,
-5.402970297030E0));
#3101=CARTESIAN_POINT('',(1.234187395006E0,4.292921468634E0,-5.419554455446E0));
#3102=CARTESIAN_POINT('',(1.674012204013E0,4.141265072736E0,-5.436138613861E0));
#3103=CARTESIAN_POINT('',(2.095677163941E0,3.944683825909E0,-5.452722772277E0));
#3104=CARTESIAN_POINT('',(2.494608011820E0,3.705310260857E0,-5.469306930693E0));
#3105=CARTESIAN_POINT('',(2.866477106565E0,3.425741125565E0,-5.485891089109E0));
#3106=CARTESIAN_POINT('',(3.207250375653E0,3.109009213516E0,-5.502475247525E0));
#3107=CARTESIAN_POINT('',(3.513231077133E0,2.758550463652E0,-5.519059405941E0));
#3108=CARTESIAN_POINT('',(3.781099902255E0,2.378166686970E0,-5.535643564356E0));
#3109=CARTESIAN_POINT('',(4.007950983650E0,1.971984324102E0,-5.552227722772E0));
#3110=CARTESIAN_POINT('',(4.191323418470E0,1.544409681282E0,-5.568811881188E0));
#3111=CARTESIAN_POINT('',(4.329227964500E0,1.100081130298E0,-5.585396039604E0));
#3112=CARTESIAN_POINT('',(4.420168619659E0,6.438187909868E-1,
-5.601980198020E0));
#3113=CARTESIAN_POINT('',(4.463158850773E0,1.805722420913E-1,
-5.618564356436E0));
#3114=CARTESIAN_POINT('',(4.457732295585E0,-2.846331722513E-1,
-5.635148514851E0));
#3115=CARTESIAN_POINT('',(4.403947821900E0,-7.467508579389E-1,
-5.651732673267E0));
#3116=CARTESIAN_POINT('',(4.302388888979E0,-1.200767716854E0,
-5.668316831683E0));
#3117=CARTESIAN_POINT('',(4.154157218119E0,-1.641758529444E0,
-5.684900990099E0));
#3118=CARTESIAN_POINT('',(3.960860841067E0,-2.064939383989E0,
-5.701485148515E0));
#3119=CARTESIAN_POINT('',(3.724596655940E0,-2.465719572947E0,
-5.718069306931E0));
#3120=CARTESIAN_POINT('',(3.447927679860E0,-2.839751393398E0,
-5.734653465347E0));
#3121=CARTESIAN_POINT('',(3.133855245100E0,-3.182977311356E0,
-5.751237623762E0));
#3122=CARTESIAN_POINT('',(2.785786440330E0,-3.491673978298E0,
-5.767821782178E0));
#3123=CARTESIAN_POINT('',(2.407497150188E0,-3.762492622410E0,
-5.784405940594E0));
#3124=CARTESIAN_POINT('',(2.003091094109E0,-3.992495376397E0,
-5.800990099010E0));
#3125=CARTESIAN_POINT('',(1.576955308776E0,-4.179187147756E0,
-5.817574257426E0));
#3126=CARTESIAN_POINT('',(1.133712557111E0,-4.320542685786E0,
-5.834158415842E0));
#3127=CARTESIAN_POINT('',(6.781711800906E-1,-4.415028551701E0,
-5.850742574257E0));
#3128=CARTESIAN_POINT('',(2.152729353945E-1,-4.461619753539E0,
-5.867326732673E0));
#3129=CARTESIAN_POINT('',(-2.499606113032E-1,-4.459810865333E0,
-5.883910891089E0));
#3130=CARTESIAN_POINT('',(-7.124825606243E-1,-4.409621510175E0,
-5.900495049505E0));
#3131=CARTESIAN_POINT('',(-1.167275429309E0,-4.311596146777E0,
-5.917079207921E0));
#3132=CARTESIAN_POINT('',(-1.609405578270E0,-4.166798165230E0,
-5.933663366337E0));
#3133=CARTESIAN_POINT('',(-2.034076741024E0,-3.976798343413E0,
-5.950247524752E0));
#3134=CARTESIAN_POINT('',(-2.436682024845E0,-3.743657836260E0,
-5.966831683168E0));
#3135=CARTESIAN_POINT('',(-2.812853995827E0,-3.469905707106E0,
-5.983415841584E0));
#3136=CARTESIAN_POINT('',(-3.043292432149E0,-3.262309835097E0,
-5.994471947195E0));
#3137=CARTESIAN_POINT('',(-3.152801133623E0,-3.152801133623E0,-6.E0));
#3139=DIRECTION('',(0.E0,0.E0,-1.E0));
#3140=VECTOR('',#3139,2.5E-1);
#3141=CARTESIAN_POINT('',(-1.377824617294E0,4.240508141759E0,-4.325E0));
#3142=LINE('',#3141,#3140);
#3143=CARTESIAN_POINT('',(-3.152801133623E0,-3.152801133623E0,-8.E0));
#3144=CARTESIAN_POINT('',(-3.048378735046E0,-3.257223532199E0,-8.E0));
#3145=CARTESIAN_POINT('',(-2.830453754409E0,-3.454532441561E0,-8.E0));
#3146=CARTESIAN_POINT('',(-2.474583434690E0,-3.717790038295E0,-8.E0));
#3147=CARTESIAN_POINT('',(-2.095890987267E0,-3.943570237696E0,-8.E0));
#3148=CARTESIAN_POINT('',(-1.698974569530E0,-4.130161068850E0,-8.E0));
#3149=CARTESIAN_POINT('',(-1.282404288422E0,-4.277995264489E0,-8.E0));
#3150=CARTESIAN_POINT('',(-8.488027488807E-1,-4.384967996428E0,-8.E0));
#3151=CARTESIAN_POINT('',(-3.954959953510E-1,-4.449121558881E0,-8.E0));
#3152=CARTESIAN_POINT('',(6.689852053763E-2,-4.466307244019E0,-8.E0));
#3153=CARTESIAN_POINT('',(5.327673234417E-1,-4.434990450346E0,-8.E0));
#3154=CARTESIAN_POINT('',(9.869348836077E-1,-4.355876085467E0,-8.E0));
#3155=CARTESIAN_POINT('',(1.406603384289E0,-4.238115948363E0,-8.E0));
#3156=CARTESIAN_POINT('',(1.794779711486E0,-4.088402834668E0,-8.E0));
#3157=CARTESIAN_POINT('',(2.160651512753E0,-3.907387197463E0,-8.E0));
#3158=CARTESIAN_POINT('',(2.512833194861E0,-3.691084838028E0,-8.E0));
#3159=CARTESIAN_POINT('',(2.848312317900E0,-3.438873287709E0,-8.E0));
#3160=CARTESIAN_POINT('',(3.053958514222E0,-3.251643753024E0,-8.E0));
#3161=CARTESIAN_POINT('',(3.152801133623E0,-3.152801133623E0,-8.E0));
#3163=CARTESIAN_POINT('',(-3.152801133623E0,-3.152801133623E0,-8.E0));
#3164=CARTESIAN_POINT('',(-3.259617786246E0,-3.045984481E0,-8.005392156863E0));
#3165=CARTESIAN_POINT('',(-3.462384702944E0,-2.821485226518E0,
-8.016176470588E0));
#3166=CARTESIAN_POINT('',(-3.730797382061E0,-2.455613501038E0,
-8.032352941176E0));
#3167=CARTESIAN_POINT('',(-3.960701652956E0,-2.064395592086E0,
-8.048529411765E0));
#3168=CARTESIAN_POINT('',(-4.149724560915E0,-1.651869493552E0,
-8.064705882353E0));
#3169=CARTESIAN_POINT('',(-4.295915042534E0,-1.222293213087E0,
-8.080882352941E0));
#3170=CARTESIAN_POINT('',(-4.397764160387E0,-7.801007257204E-1,
-8.097058823529E0));
#3171=CARTESIAN_POINT('',(-4.454220652105E0,-3.298562332814E-1,
-8.113235294118E0));
#3172=CARTESIAN_POINT('',(-4.464701788154E0,1.237929530753E-1,
-8.129411764706E0));
#3173=CARTESIAN_POINT('',(-4.429099384784E0,5.761643793938E-1,
-8.145588235294E0));
#3174=CARTESIAN_POINT('',(-4.347780921129E0,1.022588780568E0,
-8.161764705882E0));
#3175=CARTESIAN_POINT('',(-4.221585746196E0,1.458458275087E0,
-8.177941176471E0));
#3176=CARTESIAN_POINT('',(-4.051816414787E0,1.879273926891E0,
-8.194117647059E0));
#3177=CARTESIAN_POINT('',(-3.840225244957E0,2.280692180718E0,
-8.210294117647E0));
#3178=CARTESIAN_POINT('',(-3.588996223121E0,2.658569700943E0,
-8.226470588235E0));
#3179=CARTESIAN_POINT('',(-3.300722491004E0,3.009006116620E0,
-8.242647058824E0));
#3180=CARTESIAN_POINT('',(-2.978379469723E0,3.328384360162E0,
-8.258823529412E0));
#3181=CARTESIAN_POINT('',(-2.742989529466E0,3.518399922144E0,
-8.269607843137E0));
#3182=CARTESIAN_POINT('',(-2.620778161178E0,3.607191678611E0,-8.275E0));
#3184=CARTESIAN_POINT('',(-2.620778161178E0,3.607191678611E0,-8.275E0));
#3185=CARTESIAN_POINT('',(-2.508035557874E0,3.700254664935E0,
-8.280208333333E0));
#3186=CARTESIAN_POINT('',(-2.272688508478E0,3.875824870217E0,-8.290625E0));
#3187=CARTESIAN_POINT('',(-1.893196118324E0,4.104541035322E0,-8.30625E0));
#3188=CARTESIAN_POINT('',(-1.490645501507E0,4.295952879777E0,-8.321875E0));
#3189=CARTESIAN_POINT('',(-1.068718575879E0,4.447733343802E0,-8.3375E0));
#3190=CARTESIAN_POINT('',(-6.313322641689E-1,4.557920198123E0,-8.353125E0));
#3191=CARTESIAN_POINT('',(-1.826021439179E-1,4.624939852855E0,-8.36875E0));
#3192=CARTESIAN_POINT('',(2.731963612809E-1,4.647627437521E0,-8.384375E0));
#3193=CARTESIAN_POINT('',(5.788442906209E-1,4.632704458091E0,
-8.394791666667E0));
#3194=CARTESIAN_POINT('',(7.313687424190E-1,4.617680505234E0,-8.4E0));
#3196=DIRECTION('',(0.E0,0.E0,-1.E0));
#3197=VECTOR('',#3196,1.25E-1);
#3198=CARTESIAN_POINT('',(-2.620778161178E0,3.607191678611E0,-8.275E0));
#3199=LINE('',#3198,#3197);
#3200=CARTESIAN_POINT('',(0.E0,0.E0,-6.15E0));
#3201=DIRECTION('',(0.E0,0.E0,-1.E0));
#3202=DIRECTION('',(1.122240057117E-1,-9.936829336071E-1,0.E0));
#3203=AXIS2_PLACEMENT_3D('',#3200,#3201,#3202);
#3205=CARTESIAN_POINT('',(0.E0,0.E0,-6.E0));
#3206=DIRECTION('',(0.E0,0.E0,1.E0));
#3207=DIRECTION('',(-5.E-1,-8.660254037844E-1,0.E0));
#3208=AXIS2_PLACEMENT_3D('',#3205,#3206,#3207);
#3210=CARTESIAN_POINT('',(0.E0,0.E0,-6.E0));
#3211=DIRECTION('',(0.E0,0.E0,1.E0));
#3212=DIRECTION('',(5.E-1,8.660254037844E-1,0.E0));
#3213=AXIS2_PLACEMENT_3D('',#3210,#3211,#3212);
#3215=CARTESIAN_POINT('',(0.E0,0.E0,-6.15E0));
#3216=DIRECTION('',(0.E0,0.E0,-1.E0));
#3217=DIRECTION('',(-1.122240057117E-1,9.936829336071E-1,0.E0));
#3218=AXIS2_PLACEMENT_3D('',#3215,#3216,#3217);
#3220=DIRECTION('',(0.E0,0.E0,1.E0));
#3221=VECTOR('',#3220,1.7E0);
#3222=CARTESIAN_POINT('',(-6.733440342705E-1,-5.962097601643E0,-7.85E0));
#3223=LINE('',#3222,#3221);
#3224=CARTESIAN_POINT('',(0.E0,0.E0,-8.E0));
#3225=DIRECTION('',(0.E0,0.E0,-1.E0));
#3226=DIRECTION('',(5.E-1,-8.660254037844E-1,0.E0));
#3227=AXIS2_PLACEMENT_3D('',#3224,#3225,#3226);
#3229=CARTESIAN_POINT('',(0.E0,0.E0,-7.85E0));
#3230=DIRECTION('',(0.E0,0.E0,1.E0));
#3231=DIRECTION('',(-1.122240057117E-1,-9.936829336071E-1,0.E0));
#3232=AXIS2_PLACEMENT_3D('',#3229,#3230,#3231);
#3234=CARTESIAN_POINT('',(0.E0,0.E0,-7.85E0));
#3235=DIRECTION('',(0.E0,0.E0,1.E0));
#3236=DIRECTION('',(1.122240057117E-1,9.936829336071E-1,0.E0));
#3237=AXIS2_PLACEMENT_3D('',#3234,#3235,#3236);
#3239=CARTESIAN_POINT('',(0.E0,0.E0,-8.E0));
#3240=DIRECTION('',(0.E0,0.E0,-1.E0));
#3241=DIRECTION('',(-5.E-1,8.660254037844E-1,0.E0));
#3242=AXIS2_PLACEMENT_3D('',#3239,#3240,#3241);
#3244=CARTESIAN_POINT('',(-6.733440342705E-1,-5.962097601643E0,-7.85E0));
#3245=CARTESIAN_POINT('',(-8.125919515486E-1,-5.881702779118E0,
-7.869278001209E0));
#3246=CARTESIAN_POINT('',(-1.090410826817E0,-5.721303976696E0,
-7.904472191513E0));
#3247=CARTESIAN_POINT('',(-1.503990609375E0,-5.482523577904E0,
-7.946355449275E0));
#3248=CARTESIAN_POINT('',(-1.918064078401E0,-5.243458149098E0,
-7.977018283572E0));
#3249=CARTESIAN_POINT('',(-2.333541462572E0,-5.003582169505E0,
-7.995782093529E0));
#3250=CARTESIAN_POINT('',(-2.611068276607E0,-4.843351988715E0,-8.E0));
#3251=CARTESIAN_POINT('',(-2.75E0,-4.763139720814E0,-8.E0));
#3253=CARTESIAN_POINT('',(-2.75E0,-4.763139720814E0,-8.E0));
#3254=CARTESIAN_POINT('',(-2.865771223440E0,-4.696299173797E0,-8.E0));
#3255=CARTESIAN_POINT('',(-3.097089305418E0,-4.562747616899E0,
-7.997072937244E0));
#3256=CARTESIAN_POINT('',(-3.443554827713E0,-4.362715654337E0,
-7.984007819982E0));
#3257=CARTESIAN_POINT('',(-3.789024299430E0,-4.163258761844E0,
-7.962546508821E0));
#3258=CARTESIAN_POINT('',(-4.133891610770E0,-3.964149526807E0,
-7.933045022919E0));
#3259=CARTESIAN_POINT('',(-4.478995249653E0,-3.764903848E0,-7.895862900375E0));
#3260=CARTESIAN_POINT('',(-4.710585189555E0,-3.631195333856E0,
-7.866069271319E0));
#3261=CARTESIAN_POINT('',(-4.826655965730E0,-3.564181839986E0,-7.85E0));
#3263=DIRECTION('',(0.E0,0.E0,1.E0));
#3264=VECTOR('',#3263,1.7E0);
#3265=CARTESIAN_POINT('',(-4.826655965730E0,-3.564181839986E0,-7.85E0));
#3266=LINE('',#3265,#3264);
#3267=CARTESIAN_POINT('',(-2.75E0,-4.763139720814E0,-6.E0));
#3268=CARTESIAN_POINT('',(-2.865771223440E0,-4.696299173797E0,-6.E0));
#3269=CARTESIAN_POINT('',(-3.097089305418E0,-4.562747616899E0,
-6.002927062756E0));
#3270=CARTESIAN_POINT('',(-3.443554827713E0,-4.362715654337E0,
-6.015992180018E0));
#3271=CARTESIAN_POINT('',(-3.789024299430E0,-4.163258761844E0,
-6.037453491179E0));
#3272=CARTESIAN_POINT('',(-4.133891610770E0,-3.964149526807E0,
-6.066954977081E0));
#3273=CARTESIAN_POINT('',(-4.478995249653E0,-3.764903848E0,-6.104137099625E0));
#3274=CARTESIAN_POINT('',(-4.710585189555E0,-3.631195333856E0,
-6.133930728681E0));
#3275=CARTESIAN_POINT('',(-4.826655965730E0,-3.564181839986E0,-6.15E0));
#3277=CARTESIAN_POINT('',(-6.733440342705E-1,-5.962097601643E0,-6.15E0));
#3278=CARTESIAN_POINT('',(-8.125919515486E-1,-5.881702779118E0,
-6.130721998791E0));
#3279=CARTESIAN_POINT('',(-1.090410826817E0,-5.721303976696E0,
-6.095527808487E0));
#3280=CARTESIAN_POINT('',(-1.503990609375E0,-5.482523577904E0,
-6.053644550725E0));
#3281=CARTESIAN_POINT('',(-1.918064078401E0,-5.243458149098E0,
-6.022981716428E0));
#3282=CARTESIAN_POINT('',(-2.333541462572E0,-5.003582169505E0,
-6.004217906471E0));
#3283=CARTESIAN_POINT('',(-2.611068276607E0,-4.843351988715E0,-6.E0));
#3284=CARTESIAN_POINT('',(-2.75E0,-4.763139720814E0,-6.E0));
#3286=CARTESIAN_POINT('',(0.E0,0.E0,-7.85E0));
#3287=DIRECTION('',(0.E0,0.E0,1.E0));
#3288=DIRECTION('',(-9.166666666667E-1,-3.996526269427E-1,0.E0));
#3289=AXIS2_PLACEMENT_3D('',#3286,#3287,#3288);
#3291=DIRECTION('',(0.E0,0.E0,1.E0));
#3292=VECTOR('',#3291,1.7E0);
#3293=CARTESIAN_POINT('',(-5.5E0,-2.397915761656E0,-7.85E0));
#3294=LINE('',#3293,#3292);
#3295=CARTESIAN_POINT('',(0.E0,0.E0,-6.15E0));
#3296=DIRECTION('',(0.E0,0.E0,1.E0));
#3297=DIRECTION('',(-9.166666666667E-1,-3.996526269427E-1,0.E0));
#3298=AXIS2_PLACEMENT_3D('',#3295,#3296,#3297);
#3300=CARTESIAN_POINT('',(-5.5E0,-2.397915761656E0,-7.85E0));
#3301=CARTESIAN_POINT('',(-5.5E0,-2.237126116607E0,-7.869278001209E0));
#3302=CARTESIAN_POINT('',(-5.5E0,-1.916328511762E0,-7.904472191513E0));
#3303=CARTESIAN_POINT('',(-5.5E0,-1.438767714180E0,-7.946355449275E0));
#3304=CARTESIAN_POINT('',(-5.5E0,-9.606368565675E-1,-7.977018283572E0));
#3305=CARTESIAN_POINT('',(-5.5E0,-4.808848973807E-1,-7.995782093529E0));
#3306=CARTESIAN_POINT('',(-5.5E0,-1.604245358002E-1,-8.E0));
#3307=CARTESIAN_POINT('',(-5.5E0,0.E0,-8.E0));
#3309=CARTESIAN_POINT('',(-5.5E0,0.E0,-8.E0));
#3310=CARTESIAN_POINT('',(-5.5E0,1.336810940354E-1,-8.E0));
#3311=CARTESIAN_POINT('',(-5.5E0,4.007842078315E-1,-7.997072937244E0));
#3312=CARTESIAN_POINT('',(-5.5E0,8.008481329556E-1,-7.984007819982E0));
#3313=CARTESIAN_POINT('',(-5.5E0,1.199761917941E0,-7.962546508821E0));
#3314=CARTESIAN_POINT('',(-5.5E0,1.597980388015E0,-7.933045022919E0));
#3315=CARTESIAN_POINT('',(-5.5E0,1.996471745630E0,-7.895862900375E0));
#3316=CARTESIAN_POINT('',(-5.5E0,2.263888773917E0,-7.866069271319E0));
#3317=CARTESIAN_POINT('',(-5.5E0,2.397915761656E0,-7.85E0));
#3319=DIRECTION('',(0.E0,0.E0,1.E0));
#3320=VECTOR('',#3319,1.7E0);
#3321=CARTESIAN_POINT('',(-5.5E0,2.397915761656E0,-7.85E0));
#3322=LINE('',#3321,#3320);
#3323=CARTESIAN_POINT('',(-5.5E0,1.904589128280E-14,-6.E0));
#3324=CARTESIAN_POINT('',(-5.5E0,1.336810940354E-1,-6.E0));
#3325=CARTESIAN_POINT('',(-5.5E0,4.007842078315E-1,-6.002927062756E0));
#3326=CARTESIAN_POINT('',(-5.5E0,8.008481329556E-1,-6.015992180018E0));
#3327=CARTESIAN_POINT('',(-5.5E0,1.199761917941E0,-6.037453491179E0));
#3328=CARTESIAN_POINT('',(-5.5E0,1.597980388015E0,-6.066954977081E0));
#3329=CARTESIAN_POINT('',(-5.5E0,1.996471745630E0,-6.104137099625E0));
#3330=CARTESIAN_POINT('',(-5.5E0,2.263888773917E0,-6.133930728681E0));
#3331=CARTESIAN_POINT('',(-5.5E0,2.397915761656E0,-6.15E0));
#3333=CARTESIAN_POINT('',(-5.5E0,-2.397915761656E0,-6.15E0));
#3334=CARTESIAN_POINT('',(-5.5E0,-2.237126116607E0,-6.130721998791E0));
#3335=CARTESIAN_POINT('',(-5.5E0,-1.916328511762E0,-6.095527808487E0));
#3336=CARTESIAN_POINT('',(-5.5E0,-1.438767714180E0,-6.053644550725E0));
#3337=CARTESIAN_POINT('',(-5.5E0,-9.606368565675E-1,-6.022981716428E0));
#3338=CARTESIAN_POINT('',(-5.5E0,-4.808848973807E-1,-6.004217906471E0));
#3339=CARTESIAN_POINT('',(-5.5E0,-1.604245358002E-1,-6.E0));
#3340=CARTESIAN_POINT('',(-5.5E0,1.904589128280E-14,-6.E0));
#3342=CARTESIAN_POINT('',(0.E0,0.E0,-7.85E0));
#3343=DIRECTION('',(0.E0,0.E0,1.E0));
#3344=DIRECTION('',(-8.044426609549E-1,5.940303066644E-1,0.E0));
#3345=AXIS2_PLACEMENT_3D('',#3342,#3343,#3344);
#3347=DIRECTION('',(0.E0,0.E0,1.E0));
#3348=VECTOR('',#3347,1.7E0);
#3349=CARTESIAN_POINT('',(-4.826655965730E0,3.564181839986E0,-7.85E0));
#3350=LINE('',#3349,#3348);
#3351=CARTESIAN_POINT('',(0.E0,0.E0,-6.15E0));
#3352=DIRECTION('',(0.E0,0.E0,1.E0));
#3353=DIRECTION('',(-8.044426609549E-1,5.940303066644E-1,0.E0));
#3354=AXIS2_PLACEMENT_3D('',#3351,#3352,#3353);
#3356=CARTESIAN_POINT('',(-4.826655965730E0,3.564181839986E0,-7.85E0));
#3357=CARTESIAN_POINT('',(-4.687408048451E0,3.644576662511E0,
-7.869278001209E0));
#3358=CARTESIAN_POINT('',(-4.409589173183E0,3.804975464933E0,
-7.904472191513E0));
#3359=CARTESIAN_POINT('',(-3.996009390625E0,4.043755863724E0,
-7.946355449275E0));
#3360=CARTESIAN_POINT('',(-3.581935921599E0,4.282821292531E0,
-7.977018283572E0));
#3361=CARTESIAN_POINT('',(-3.166458537428E0,4.522697272124E0,
-7.995782093529E0));
#3362=CARTESIAN_POINT('',(-2.888931723393E0,4.682927452914E0,-8.E0));
#3363=CARTESIAN_POINT('',(-2.75E0,4.763139720814E0,-8.E0));
#3365=CARTESIAN_POINT('',(-2.75E0,4.763139720814E0,-8.E0));
#3366=CARTESIAN_POINT('',(-2.634228776560E0,4.829980267832E0,-8.E0));
#3367=CARTESIAN_POINT('',(-2.402910694582E0,4.963531824730E0,
-7.997072937244E0));
#3368=CARTESIAN_POINT('',(-2.056445172287E0,5.163563787292E0,
-7.984007819982E0));
#3369=CARTESIAN_POINT('',(-1.710975700570E0,5.363020679785E0,
-7.962546508821E0));
#3370=CARTESIAN_POINT('',(-1.366108389230E0,5.562129914822E0,
-7.933045022919E0));
#3371=CARTESIAN_POINT('',(-1.021004750347E0,5.761375593629E0,
-7.895862900375E0));
#3372=CARTESIAN_POINT('',(-7.894148104453E-1,5.895084107773E0,
-7.866069271319E0));
#3373=CARTESIAN_POINT('',(-6.733440342705E-1,5.962097601643E0,-7.85E0));
#3375=DIRECTION('',(0.E0,0.E0,1.E0));
#3376=VECTOR('',#3375,1.7E0);
#3377=CARTESIAN_POINT('',(-6.733440342705E-1,5.962097601643E0,-7.85E0));
#3378=LINE('',#3377,#3376);
#3379=CARTESIAN_POINT('',(-2.75E0,4.763139720814E0,-6.E0));
#3380=CARTESIAN_POINT('',(-2.634228776560E0,4.829980267832E0,-6.E0));
#3381=CARTESIAN_POINT('',(-2.402910694582E0,4.963531824730E0,
-6.002927062756E0));
#3382=CARTESIAN_POINT('',(-2.056445172287E0,5.163563787292E0,
-6.015992180018E0));
#3383=CARTESIAN_POINT('',(-1.710975700570E0,5.363020679785E0,
-6.037453491179E0));
#3384=CARTESIAN_POINT('',(-1.366108389230E0,5.562129914822E0,
-6.066954977081E0));
#3385=CARTESIAN_POINT('',(-1.021004750347E0,5.761375593629E0,
-6.104137099625E0));
#3386=CARTESIAN_POINT('',(-7.894148104453E-1,5.895084107773E0,
-6.133930728681E0));
#3387=CARTESIAN_POINT('',(-6.733440342705E-1,5.962097601643E0,-6.15E0));
#3389=CARTESIAN_POINT('',(-4.826655965730E0,3.564181839986E0,-6.15E0));
#3390=CARTESIAN_POINT('',(-4.687408048451E0,3.644576662511E0,
-6.130721998791E0));
#3391=CARTESIAN_POINT('',(-4.409589173183E0,3.804975464933E0,
-6.095527808487E0));
#3392=CARTESIAN_POINT('',(-3.996009390625E0,4.043755863724E0,
-6.053644550725E0));
#3393=CARTESIAN_POINT('',(-3.581935921599E0,4.282821292531E0,
-6.022981716428E0));
#3394=CARTESIAN_POINT('',(-3.166458537428E0,4.522697272124E0,
-6.004217906471E0));
#3395=CARTESIAN_POINT('',(-2.888931723393E0,4.682927452914E0,-6.E0));
#3396=CARTESIAN_POINT('',(-2.75E0,4.763139720814E0,-6.E0));
#3398=DIRECTION('',(0.E0,0.E0,1.E0));
#3399=VECTOR('',#3398,1.7E0);
#3400=CARTESIAN_POINT('',(6.733440342705E-1,5.962097601643E0,-7.85E0));
#3401=LINE('',#3400,#3399);
#3402=CARTESIAN_POINT('',(6.733440342705E-1,5.962097601643E0,-7.85E0));
#3403=CARTESIAN_POINT('',(8.125919515486E-1,5.881702779118E0,
-7.869278001209E0));
#3404=CARTESIAN_POINT('',(1.090410826817E0,5.721303976696E0,-7.904472191513E0));
#3405=CARTESIAN_POINT('',(1.503990609375E0,5.482523577904E0,-7.946355449275E0));
#3406=CARTESIAN_POINT('',(1.918064078401E0,5.243458149098E0,-7.977018283572E0));
#3407=CARTESIAN_POINT('',(2.333541462572E0,5.003582169505E0,-7.995782093529E0));
#3408=CARTESIAN_POINT('',(2.611068276607E0,4.843351988714E0,-8.E0));
#3409=CARTESIAN_POINT('',(2.75E0,4.763139720814E0,-8.E0));
#3411=CARTESIAN_POINT('',(2.75E0,4.763139720814E0,-8.E0));
#3412=CARTESIAN_POINT('',(2.865771223440E0,4.696299173797E0,-8.E0));
#3413=CARTESIAN_POINT('',(3.097089305418E0,4.562747616899E0,-7.997072937244E0));
#3414=CARTESIAN_POINT('',(3.443554827713E0,4.362715654337E0,-7.984007819982E0));
#3415=CARTESIAN_POINT('',(3.789024299430E0,4.163258761844E0,-7.962546508821E0));
#3416=CARTESIAN_POINT('',(4.133891610770E0,3.964149526807E0,-7.933045022919E0));
#3417=CARTESIAN_POINT('',(4.478995249653E0,3.764903848E0,-7.895862900375E0));
#3418=CARTESIAN_POINT('',(4.710585189555E0,3.631195333856E0,-7.866069271319E0));
#3419=CARTESIAN_POINT('',(4.826655965730E0,3.564181839986E0,-7.85E0));
#3421=DIRECTION('',(0.E0,0.E0,1.E0));
#3422=VECTOR('',#3421,1.7E0);
#3423=CARTESIAN_POINT('',(4.826655965730E0,3.564181839986E0,-7.85E0));
#3424=LINE('',#3423,#3422);
#3425=CARTESIAN_POINT('',(2.75E0,4.763139720814E0,-6.E0));
#3426=CARTESIAN_POINT('',(2.865771223440E0,4.696299173797E0,-6.E0));
#3427=CARTESIAN_POINT('',(3.097089305418E0,4.562747616899E0,-6.002927062756E0));
#3428=CARTESIAN_POINT('',(3.443554827713E0,4.362715654337E0,-6.015992180018E0));
#3429=CARTESIAN_POINT('',(3.789024299430E0,4.163258761844E0,-6.037453491179E0));
#3430=CARTESIAN_POINT('',(4.133891610770E0,3.964149526807E0,-6.066954977081E0));
#3431=CARTESIAN_POINT('',(4.478995249653E0,3.764903848E0,-6.104137099625E0));
#3432=CARTESIAN_POINT('',(4.710585189555E0,3.631195333856E0,-6.133930728681E0));
#3433=CARTESIAN_POINT('',(4.826655965730E0,3.564181839986E0,-6.15E0));
#3435=CARTESIAN_POINT('',(6.733440342705E-1,5.962097601643E0,-6.15E0));
#3436=CARTESIAN_POINT('',(8.125919515486E-1,5.881702779118E0,
-6.130721998791E0));
#3437=CARTESIAN_POINT('',(1.090410826817E0,5.721303976696E0,-6.095527808487E0));
#3438=CARTESIAN_POINT('',(1.503990609375E0,5.482523577904E0,-6.053644550725E0));
#3439=CARTESIAN_POINT('',(1.918064078401E0,5.243458149098E0,-6.022981716428E0));
#3440=CARTESIAN_POINT('',(2.333541462572E0,5.003582169505E0,-6.004217906471E0));
#3441=CARTESIAN_POINT('',(2.611068276607E0,4.843351988714E0,-6.E0));
#3442=CARTESIAN_POINT('',(2.75E0,4.763139720814E0,-6.E0));
#3444=CARTESIAN_POINT('',(0.E0,0.E0,-7.85E0));
#3445=DIRECTION('',(0.E0,0.E0,1.E0));
#3446=DIRECTION('',(9.166666666667E-1,3.996526269427E-1,0.E0));
#3447=AXIS2_PLACEMENT_3D('',#3444,#3445,#3446);
#3449=DIRECTION('',(0.E0,0.E0,1.E0));
#3450=VECTOR('',#3449,1.7E0);
#3451=CARTESIAN_POINT('',(5.5E0,2.397915761656E0,-7.85E0));
#3452=LINE('',#3451,#3450);
#3453=CARTESIAN_POINT('',(0.E0,0.E0,-6.15E0));
#3454=DIRECTION('',(0.E0,0.E0,1.E0));
#3455=DIRECTION('',(9.166666666667E-1,3.996526269427E-1,0.E0));
#3456=AXIS2_PLACEMENT_3D('',#3453,#3454,#3455);
#3458=CARTESIAN_POINT('',(5.5E0,2.397915761656E0,-7.85E0));
#3459=CARTESIAN_POINT('',(5.5E0,2.237126116607E0,-7.869278001209E0));
#3460=CARTESIAN_POINT('',(5.5E0,1.916328511762E0,-7.904472191513E0));
#3461=CARTESIAN_POINT('',(5.5E0,1.438767714180E0,-7.946355449275E0));
#3462=CARTESIAN_POINT('',(5.5E0,9.606368565675E-1,-7.977018283572E0));
#3463=CARTESIAN_POINT('',(5.5E0,4.808848973807E-1,-7.995782093529E0));
#3464=CARTESIAN_POINT('',(5.5E0,1.604245358002E-1,-8.E0));
#3465=CARTESIAN_POINT('',(5.5E0,0.E0,-8.E0));
#3467=CARTESIAN_POINT('',(5.5E0,0.E0,-8.E0));
#3468=CARTESIAN_POINT('',(5.5E0,-1.336810940354E-1,-8.E0));
#3469=CARTESIAN_POINT('',(5.5E0,-4.007842078315E-1,-7.997072937244E0));
#3470=CARTESIAN_POINT('',(5.5E0,-8.008481329556E-1,-7.984007819982E0));
#3471=CARTESIAN_POINT('',(5.5E0,-1.199761917941E0,-7.962546508821E0));
#3472=CARTESIAN_POINT('',(5.5E0,-1.597980388015E0,-7.933045022919E0));
#3473=CARTESIAN_POINT('',(5.5E0,-1.996471745630E0,-7.895862900375E0));
#3474=CARTESIAN_POINT('',(5.5E0,-2.263888773917E0,-7.866069271319E0));
#3475=CARTESIAN_POINT('',(5.5E0,-2.397915761656E0,-7.85E0));
#3477=DIRECTION('',(0.E0,0.E0,1.E0));
#3478=VECTOR('',#3477,1.7E0);
#3479=CARTESIAN_POINT('',(5.5E0,-2.397915761656E0,-7.85E0));
#3480=LINE('',#3479,#3478);
#3481=CARTESIAN_POINT('',(5.5E0,0.E0,-6.E0));
#3482=CARTESIAN_POINT('',(5.5E0,-1.336810940354E-1,-6.E0));
#3483=CARTESIAN_POINT('',(5.5E0,-4.007842078315E-1,-6.002927062756E0));
#3484=CARTESIAN_POINT('',(5.5E0,-8.008481329556E-1,-6.015992180018E0));
#3485=CARTESIAN_POINT('',(5.5E0,-1.199761917941E0,-6.037453491179E0));
#3486=CARTESIAN_POINT('',(5.5E0,-1.597980388015E0,-6.066954977081E0));
#3487=CARTESIAN_POINT('',(5.5E0,-1.996471745630E0,-6.104137099625E0));
#3488=CARTESIAN_POINT('',(5.5E0,-2.263888773917E0,-6.133930728681E0));
#3489=CARTESIAN_POINT('',(5.5E0,-2.397915761656E0,-6.15E0));
#3491=CARTESIAN_POINT('',(5.5E0,2.397915761656E0,-6.15E0));
#3492=CARTESIAN_POINT('',(5.5E0,2.237126116607E0,-6.130721998791E0));
#3493=CARTESIAN_POINT('',(5.5E0,1.916328511762E0,-6.095527808487E0));
#3494=CARTESIAN_POINT('',(5.5E0,1.438767714180E0,-6.053644550725E0));
#3495=CARTESIAN_POINT('',(5.5E0,9.606368565675E-1,-6.022981716428E0));
#3496=CARTESIAN_POINT('',(5.5E0,4.808848973807E-1,-6.004217906471E0));
#3497=CARTESIAN_POINT('',(5.5E0,1.604245358002E-1,-6.E0));
#3498=CARTESIAN_POINT('',(5.5E0,0.E0,-6.E0));
#3500=CARTESIAN_POINT('',(4.826655965730E0,-3.564181839986E0,-7.85E0));
#3501=CARTESIAN_POINT('',(4.687408048451E0,-3.644576662511E0,
-7.869278001209E0));
#3502=CARTESIAN_POINT('',(4.409589173183E0,-3.804975464933E0,
-7.904472191513E0));
#3503=CARTESIAN_POINT('',(3.996009390625E0,-4.043755863724E0,
-7.946355449275E0));
#3504=CARTESIAN_POINT('',(3.581935921599E0,-4.282821292531E0,
-7.977018283572E0));
#3505=CARTESIAN_POINT('',(3.166458537428E0,-4.522697272124E0,
-7.995782093529E0));
#3506=CARTESIAN_POINT('',(2.888931723393E0,-4.682927452914E0,-8.E0));
#3507=CARTESIAN_POINT('',(2.75E0,-4.763139720814E0,-8.E0));
#3509=CARTESIAN_POINT('',(2.75E0,-4.763139720814E0,-8.E0));
#3510=CARTESIAN_POINT('',(2.634228776560E0,-4.829980267832E0,-8.E0));
#3511=CARTESIAN_POINT('',(2.402910694582E0,-4.963531824730E0,
-7.997072937244E0));
#3512=CARTESIAN_POINT('',(2.056445172287E0,-5.163563787292E0,
-7.984007819982E0));
#3513=CARTESIAN_POINT('',(1.710975700570E0,-5.363020679785E0,
-7.962546508821E0));
#3514=CARTESIAN_POINT('',(1.366108389230E0,-5.562129914822E0,
-7.933045022919E0));
#3515=CARTESIAN_POINT('',(1.021004750347E0,-5.761375593629E0,
-7.895862900375E0));
#3516=CARTESIAN_POINT('',(7.894148104453E-1,-5.895084107773E0,
-7.866069271319E0));
#3517=CARTESIAN_POINT('',(6.733440342705E-1,-5.962097601643E0,-7.85E0));
#3519=DIRECTION('',(0.E0,0.E0,1.E0));
#3520=VECTOR('',#3519,1.7E0);
#3521=CARTESIAN_POINT('',(6.733440342705E-1,-5.962097601643E0,-7.85E0));
#3522=LINE('',#3521,#3520);
#3523=CARTESIAN_POINT('',(2.75E0,-4.763139720814E0,-6.E0));
#3524=CARTESIAN_POINT('',(2.634228776560E0,-4.829980267832E0,-6.E0));
#3525=CARTESIAN_POINT('',(2.402910694582E0,-4.963531824730E0,
-6.002927062756E0));
#3526=CARTESIAN_POINT('',(2.056445172287E0,-5.163563787292E0,
-6.015992180018E0));
#3527=CARTESIAN_POINT('',(1.710975700570E0,-5.363020679785E0,
-6.037453491179E0));
#3528=CARTESIAN_POINT('',(1.366108389230E0,-5.562129914822E0,
-6.066954977081E0));
#3529=CARTESIAN_POINT('',(1.021004750347E0,-5.761375593629E0,
-6.104137099625E0));
#3530=CARTESIAN_POINT('',(7.894148104453E-1,-5.895084107773E0,
-6.133930728681E0));
#3531=CARTESIAN_POINT('',(6.733440342705E-1,-5.962097601643E0,-6.15E0));
#3533=CARTESIAN_POINT('',(4.826655965730E0,-3.564181839986E0,-6.15E0));
#3534=CARTESIAN_POINT('',(4.687408048451E0,-3.644576662511E0,
-6.130721998791E0));
#3535=CARTESIAN_POINT('',(4.409589173183E0,-3.804975464933E0,
-6.095527808487E0));
#3536=CARTESIAN_POINT('',(3.996009390625E0,-4.043755863724E0,
-6.053644550725E0));
#3537=CARTESIAN_POINT('',(3.581935921599E0,-4.282821292531E0,
-6.022981716428E0));
#3538=CARTESIAN_POINT('',(3.166458537428E0,-4.522697272124E0,
-6.004217906471E0));
#3539=CARTESIAN_POINT('',(2.888931723393E0,-4.682927452914E0,-6.E0));
#3540=CARTESIAN_POINT('',(2.75E0,-4.763139720814E0,-6.E0));
#3542=CARTESIAN_POINT('',(0.E0,0.E0,-7.85E0));
#3543=DIRECTION('',(0.E0,0.E0,1.E0));
#3544=DIRECTION('',(8.044426609549E-1,-5.940303066644E-1,0.E0));
#3545=AXIS2_PLACEMENT_3D('',#3542,#3543,#3544);
#3547=DIRECTION('',(0.E0,0.E0,1.E0));
#3548=VECTOR('',#3547,1.7E0);
#3549=CARTESIAN_POINT('',(4.826655965730E0,-3.564181839986E0,-7.85E0));
#3550=LINE('',#3549,#3548);
#3551=CARTESIAN_POINT('',(0.E0,0.E0,-6.15E0));
#3552=DIRECTION('',(0.E0,0.E0,1.E0));
#3553=DIRECTION('',(8.044426609549E-1,-5.940303066644E-1,0.E0));
#3554=AXIS2_PLACEMENT_3D('',#3551,#3552,#3553);
#3556=CARTESIAN_POINT('',(0.E0,4.45E0,-8.4E0));
#3557=CARTESIAN_POINT('',(0.E0,-4.45E0,-8.4E0));
#3558=VERTEX_POINT('',#3556);
#3559=VERTEX_POINT('',#3557);
#3560=CARTESIAN_POINT('',(0.E0,3.53E0,0.E0));
#3561=CARTESIAN_POINT('',(0.E0,3.53E0,-5.5E0));
#3562=VERTEX_POINT('',#3560);
#3563=VERTEX_POINT('',#3561);
#3564=CARTESIAN_POINT('',(0.E0,-3.53E0,0.E0));
#3565=CARTESIAN_POINT('',(0.E0,-3.53E0,-5.5E0));
#3566=VERTEX_POINT('',#3564);
#3567=VERTEX_POINT('',#3565);
#3568=CARTESIAN_POINT('',(5.975E0,1.997341983737E0,-1.2E1));
#3569=CARTESIAN_POINT('',(5.975E0,-1.997341983737E0,-1.2E1));
#3570=VERTEX_POINT('',#3568);
#3571=VERTEX_POINT('',#3569);
#3572=CARTESIAN_POINT('',(-5.975E0,-1.997341983737E0,-1.2E1));
#3573=CARTESIAN_POINT('',(-5.975E0,1.997341983737E0,-1.2E1));
#3574=VERTEX_POINT('',#3572);
#3575=VERTEX_POINT('',#3573);
#3576=CARTESIAN_POINT('',(1.257751102038E0,6.173172779481E0,-1.2E1));
#3577=CARTESIAN_POINT('',(4.717248897962E0,4.175830795743E0,-1.2E1));
#3578=VERTEX_POINT('',#3576);
#3579=VERTEX_POINT('',#3577);
#3580=CARTESIAN_POINT('',(-4.717248897962E0,4.175830795743E0,-1.2E1));
#3581=CARTESIAN_POINT('',(-1.257751102038E0,6.173172779481E0,-1.2E1));
#3582=VERTEX_POINT('',#3580);
#3583=VERTEX_POINT('',#3581);
#3584=CARTESIAN_POINT('',(4.717248897962E0,-4.175830795743E0,-1.2E1));
#3585=CARTESIAN_POINT('',(1.257751102038E0,-6.173172779481E0,-1.2E1));
#3586=VERTEX_POINT('',#3584);
#3587=VERTEX_POINT('',#3585);
#3588=CARTESIAN_POINT('',(-1.257751102038E0,-6.173172779481E0,-1.2E1));
#3589=CARTESIAN_POINT('',(-4.717248897962E0,-4.175830795743E0,-1.2E1));
#3590=VERTEX_POINT('',#3588);
#3591=VERTEX_POINT('',#3589);
#3592=CARTESIAN_POINT('',(5.975E0,1.997341983737E0,-1.E1));
#3593=VERTEX_POINT('',#3592);
#3594=CARTESIAN_POINT('',(5.975E0,-1.997341983737E0,-1.E1));
#3595=VERTEX_POINT('',#3594);
#3596=CARTESIAN_POINT('',(1.257751102038E0,6.173172779481E0,-1.E1));
#3597=VERTEX_POINT('',#3596);
#3598=CARTESIAN_POINT('',(4.717248897962E0,4.175830795743E0,-1.E1));
#3599=VERTEX_POINT('',#3598);
#3600=CARTESIAN_POINT('',(4.717248897962E0,-4.175830795743E0,-1.E1));
#3601=VERTEX_POINT('',#3600);
#3602=CARTESIAN_POINT('',(1.257751102038E0,-6.173172779481E0,-1.E1));
#3603=VERTEX_POINT('',#3602);
#3604=CARTESIAN_POINT('',(-5.975E0,-1.997341983737E0,-1.E1));
#3605=CARTESIAN_POINT('',(-5.975E0,1.997341983737E0,-1.E1));
#3606=VERTEX_POINT('',#3604);
#3607=VERTEX_POINT('',#3605);
#3608=CARTESIAN_POINT('',(-4.717248897962E0,4.175830795743E0,-1.E1));
#3609=CARTESIAN_POINT('',(-1.257751102038E0,6.173172779481E0,-1.E1));
#3610=VERTEX_POINT('',#3608);
#3611=VERTEX_POINT('',#3609);
#3612=CARTESIAN_POINT('',(-1.257751102038E0,-6.173172779481E0,-1.E1));
#3613=CARTESIAN_POINT('',(-4.717248897962E0,-4.175830795743E0,-1.E1));
#3614=VERTEX_POINT('',#3612);
#3615=VERTEX_POINT('',#3613);
#3616=CARTESIAN_POINT('',(4.5E0,2.179449471770E0,-1.2E1));
#3617=CARTESIAN_POINT('',(4.5E0,2.179449471770E0,-1.32E1));
#3618=VERTEX_POINT('',#3616);
#3619=VERTEX_POINT('',#3617);
#3620=CARTESIAN_POINT('',(4.5E0,-2.179449471770E0,-1.2E1));
#3621=CARTESIAN_POINT('',(4.5E0,-2.179449471770E0,-1.32E1));
#3622=VERTEX_POINT('',#3620);
#3623=VERTEX_POINT('',#3621);
#3624=CARTESIAN_POINT('',(-4.5E0,-2.179449471770E0,-1.2E1));
#3625=CARTESIAN_POINT('',(-4.5E0,-2.179449471770E0,-1.32E1));
#3626=VERTEX_POINT('',#3624);
#3627=VERTEX_POINT('',#3625);
#3628=CARTESIAN_POINT('',(-4.5E0,2.179449471770E0,-1.2E1));
#3629=CARTESIAN_POINT('',(-4.5E0,2.179449471770E0,-1.32E1));
#3630=VERTEX_POINT('',#3628);
#3631=VERTEX_POINT('',#3629);
#3632=CARTESIAN_POINT('',(4.5E0,2.179449471770E0,-8.4E0));
#3633=CARTESIAN_POINT('',(4.5E0,-2.179449471770E0,-8.4E0));
#3634=VERTEX_POINT('',#3632);
#3635=VERTEX_POINT('',#3633);
#3636=CARTESIAN_POINT('',(-4.5E0,-5.821655189146E-1,-8.4E0));
#3637=CARTESIAN_POINT('',(-4.5E0,3.143442412650E-2,-8.4E0));
#3638=VERTEX_POINT('',#3636);
#3639=VERTEX_POINT('',#3637);
#3640=CARTESIAN_POINT('',(4.5E0,2.179449471770E0,-2.115716853436E0));
#3641=CARTESIAN_POINT('',(4.5E0,2.179449471770E0,-2.240716853436E0));
#3642=VERTEX_POINT('',#3640);
#3643=VERTEX_POINT('',#3641);
#3644=CARTESIAN_POINT('',(4.5E0,2.179449471770E0,-3.240716853436E0));
#3645=CARTESIAN_POINT('',(4.5E0,2.179449471770E0,-3.115716853436E0));
#3646=VERTEX_POINT('',#3644);
#3647=VERTEX_POINT('',#3645);
#3648=CARTESIAN_POINT('',(-4.5E0,-2.179449471770E0,-1.615716853436E0));
#3649=CARTESIAN_POINT('',(-4.5E0,-2.179449471770E0,-1.740716853436E0));
#3650=VERTEX_POINT('',#3648);
#3651=VERTEX_POINT('',#3649);
#3652=CARTESIAN_POINT('',(-4.5E0,-2.179449471770E0,-2.740716853436E0));
#3653=CARTESIAN_POINT('',(-4.5E0,-2.179449471770E0,-2.615716853436E0));
#3654=VERTEX_POINT('',#3652);
#3655=VERTEX_POINT('',#3653);
#3656=CARTESIAN_POINT('',(-1.377824617294E0,4.240508141759E0,-4.325E0));
#3657=CARTESIAN_POINT('',(-1.377824617294E0,4.240508141759E0,-4.575E0));
#3658=VERTEX_POINT('',#3656);
#3659=VERTEX_POINT('',#3657);
#3660=CARTESIAN_POINT('',(-1.545084971875E0,4.755282581476E0,-4.8875E0));
#3661=VERTEX_POINT('',#3660);
#3662=CARTESIAN_POINT('',(-1.545084971875E0,4.755282581476E0,-4.0125E0));
#3663=VERTEX_POINT('',#3662);
#3664=VERTEX_POINT('',#2576);
#3665=VERTEX_POINT('',#2811);
#3666=VERTEX_POINT('',#3184);
#3667=VERTEX_POINT('',#3194);
#3668=VERTEX_POINT('',#920);
#3669=VERTEX_POINT('',#922);
#3670=CARTESIAN_POINT('',(-1.913417161825E0,4.619397662556E0,-6.E0));
#3671=CARTESIAN_POINT('',(1.913417161825E0,4.619397662556E0,-6.E0));
#3672=VERTEX_POINT('',#3670);
#3673=VERTEX_POINT('',#3671);
#3674=CARTESIAN_POINT('',(4.5E0,1.576396199721E0,-8.E0));
#3675=CARTESIAN_POINT('',(4.5E0,-1.018720113787E0,-8.E0));
#3676=VERTEX_POINT('',#3674);
#3677=VERTEX_POINT('',#3675);
#3678=CARTESIAN_POINT('',(4.5E0,1.576396199721E0,-6.E0));
#3679=CARTESIAN_POINT('',(4.5E0,-1.018720113787E0,-6.E0));
#3680=VERTEX_POINT('',#3678);
#3681=VERTEX_POINT('',#3679);
#3682=CARTESIAN_POINT('',(-4.5E0,-1.018720113787E0,-8.E0));
#3683=CARTESIAN_POINT('',(-4.5E0,1.576396199721E0,-8.E0));
#3684=VERTEX_POINT('',#3682);
#3685=VERTEX_POINT('',#3683);
#3686=CARTESIAN_POINT('',(-4.5E0,-1.018720113787E0,-6.E0));
#3687=CARTESIAN_POINT('',(-4.5E0,1.576396199721E0,-6.E0));
#3688=VERTEX_POINT('',#3686);
#3689=VERTEX_POINT('',#3687);
#3690=VERTEX_POINT('',#1535);
#3691=VERTEX_POINT('',#1758);
#3692=CARTESIAN_POINT('',(-2.443106207485E0,4.362480035364E0,-8.E0));
#3693=CARTESIAN_POINT('',(1.913417161825E0,4.619397662556E0,-8.E0));
#3694=VERTEX_POINT('',#3692);
#3695=VERTEX_POINT('',#3693);
#3696=VERTEX_POINT('',#1666);
#3697=VERTEX_POINT('',#1854);
#3698=VERTEX_POINT('',#3143);
#3699=CARTESIAN_POINT('',(5.5E0,2.397915761656E0,-7.85E0));
#3700=CARTESIAN_POINT('',(4.826655965730E0,3.564181839986E0,-7.85E0));
#3701=VERTEX_POINT('',#3699);
#3702=VERTEX_POINT('',#3700);
#3703=CARTESIAN_POINT('',(5.5E0,2.397915761656E0,-6.15E0));
#3704=CARTESIAN_POINT('',(4.826655965730E0,3.564181839986E0,-6.15E0));
#3705=VERTEX_POINT('',#3703);
#3706=VERTEX_POINT('',#3704);
#3707=VERTEX_POINT('',#3402);
#3708=VERTEX_POINT('',#3409);
#3709=VERTEX_POINT('',#3435);
#3710=VERTEX_POINT('',#3442);
#3711=VERTEX_POINT('',#3356);
#3712=VERTEX_POINT('',#3363);
#3713=VERTEX_POINT('',#3389);
#3714=VERTEX_POINT('',#3396);
#3715=CARTESIAN_POINT('',(-5.5E0,2.397915761656E0,-7.85E0));
#3716=VERTEX_POINT('',#3715);
#3717=CARTESIAN_POINT('',(-5.5E0,2.397915761656E0,-6.15E0));
#3718=VERTEX_POINT('',#3717);
#3719=VERTEX_POINT('',#3300);
#3720=VERTEX_POINT('',#3307);
#3721=VERTEX_POINT('',#3333);
#3722=VERTEX_POINT('',#3340);
#3723=CARTESIAN_POINT('',(-4.826655965730E0,-3.564181839986E0,-7.85E0));
#3724=VERTEX_POINT('',#3723);
#3725=CARTESIAN_POINT('',(-4.826655965730E0,-3.564181839986E0,-6.15E0));
#3726=VERTEX_POINT('',#3725);
#3727=VERTEX_POINT('',#3244);
#3728=VERTEX_POINT('',#3251);
#3729=VERTEX_POINT('',#3277);
#3730=VERTEX_POINT('',#3284);
#3731=VERTEX_POINT('',#3500);
#3732=VERTEX_POINT('',#3507);
#3733=VERTEX_POINT('',#3533);
#3734=VERTEX_POINT('',#3540);
#3735=CARTESIAN_POINT('',(5.5E0,-2.397915761656E0,-7.85E0));
#3736=VERTEX_POINT('',#3735);
#3737=CARTESIAN_POINT('',(5.5E0,-2.397915761656E0,-6.15E0));
#3738=VERTEX_POINT('',#3737);
#3739=VERTEX_POINT('',#3465);
#3740=VERTEX_POINT('',#3498);
#3741=CARTESIAN_POINT('',(-6.733440342705E-1,5.962097601643E0,-7.85E0));
#3742=CARTESIAN_POINT('',(-6.733440342705E-1,5.962097601643E0,-6.15E0));
#3743=VERTEX_POINT('',#3741);
#3744=VERTEX_POINT('',#3742);
#3745=CARTESIAN_POINT('',(6.733440342705E-1,-5.962097601643E0,-7.85E0));
#3746=CARTESIAN_POINT('',(6.733440342705E-1,-5.962097601643E0,-6.15E0));
#3747=VERTEX_POINT('',#3745);
#3748=VERTEX_POINT('',#3746);
#3749=CARTESIAN_POINT('',(1.25E0,0.E0,-1.65E1));
#3750=CARTESIAN_POINT('',(2.25E0,0.E0,-1.65E1));
#3751=VERTEX_POINT('',#3749);
#3752=VERTEX_POINT('',#3750);
#3753=CARTESIAN_POINT('',(-5.E-1,1.75E0,-1.65E1));
#3754=CARTESIAN_POINT('',(5.E-1,1.75E0,-1.65E1));
#3755=VERTEX_POINT('',#3753);
#3756=VERTEX_POINT('',#3754);
#3757=CARTESIAN_POINT('',(1.25E0,0.E0,-1.5E1));
#3758=VERTEX_POINT('',#3757);
#3759=CARTESIAN_POINT('',(2.25E0,0.E0,-1.5E1));
#3760=VERTEX_POINT('',#3759);
#3761=CARTESIAN_POINT('',(-5.E-1,1.75E0,-1.5E1));
#3762=VERTEX_POINT('',#3761);
#3763=CARTESIAN_POINT('',(5.E-1,1.75E0,-1.5E1));
#3764=VERTEX_POINT('',#3763);
#3765=CARTESIAN_POINT('',(1.45E0,0.E0,-1.95E1));
#3766=CARTESIAN_POINT('',(2.05E0,0.E0,-1.95E1));
#3767=VERTEX_POINT('',#3765);
#3768=VERTEX_POINT('',#3766);
#3769=CARTESIAN_POINT('',(-3.E-1,1.75E0,-1.95E1));
#3770=CARTESIAN_POINT('',(3.E-1,1.75E0,-1.95E1));
#3771=VERTEX_POINT('',#3769);
#3772=VERTEX_POINT('',#3770);
#3773=CARTESIAN_POINT('',(1.45E0,0.E0,-1.65E1));
#3774=CARTESIAN_POINT('',(2.05E0,0.E0,-1.65E1));
#3775=VERTEX_POINT('',#3773);
#3776=VERTEX_POINT('',#3774);
#3777=CARTESIAN_POINT('',(-3.E-1,1.75E0,-1.65E1));
#3778=CARTESIAN_POINT('',(3.E-1,1.75E0,-1.65E1));
#3779=VERTEX_POINT('',#3777);
#3780=VERTEX_POINT('',#3778);
#3781=CARTESIAN_POINT('',(0.E0,4.45E0,-1.E0));
#3782=CARTESIAN_POINT('',(0.E0,4.45E0,-2.E-1));
#3783=VERTEX_POINT('',#3781);
#3784=VERTEX_POINT('',#3782);
#3785=CARTESIAN_POINT('',(0.E0,-4.45E0,-1.E0));
#3786=CARTESIAN_POINT('',(0.E0,-4.45E0,-2.E-1));
#3787=VERTEX_POINT('',#3785);
#3788=VERTEX_POINT('',#3786);
#3789=VERTEX_POINT('',#134);
#3790=VERTEX_POINT('',#141);
#3791=VERTEX_POINT('',#192);
#3792=VERTEX_POINT('',#2030);
#3793=VERTEX_POINT('',#2008);
#3794=CARTESIAN_POINT('',(0.E0,4.5E0,-1.5E1));
#3795=CARTESIAN_POINT('',(0.E0,4.5E0,-1.4E1));
#3796=VERTEX_POINT('',#3794);
#3797=VERTEX_POINT('',#3795);
#3798=CARTESIAN_POINT('',(0.E0,-4.5E0,-1.5E1));
#3799=CARTESIAN_POINT('',(0.E0,-4.5E0,-1.4E1));
#3800=VERTEX_POINT('',#3798);
#3801=VERTEX_POINT('',#3799);
#3802=VERTEX_POINT('',#1269);
#3803=VERTEX_POINT('',#1226);
#3804=CARTESIAN_POINT('',(0.E0,4.25E0,0.E0));
#3805=VERTEX_POINT('',#3804);
#3806=CARTESIAN_POINT('',(0.E0,-4.25E0,0.E0));
#3807=VERTEX_POINT('',#3806);
#3808=CARTESIAN_POINT('',(0.E0,4.45E0,-9.25E0));
#3809=VERTEX_POINT('',#3808);
#3810=CARTESIAN_POINT('',(0.E0,-4.45E0,-9.25E0));
#3811=VERTEX_POINT('',#3810);
#3812=CARTESIAN_POINT('',(0.E0,5.2E0,-1.E1));
#3813=CARTESIAN_POINT('',(0.E0,-5.2E0,-1.E1));
#3814=VERTEX_POINT('',#3812);
#3815=VERTEX_POINT('',#3813);
#3816=CARTESIAN_POINT('',(-2.85E0,0.E0,-4.E-1));
#3817=CARTESIAN_POINT('',(-9.998219848673E-1,-2.668867924528E0,-4.E-1));
#3818=VERTEX_POINT('',#3816);
#3819=VERTEX_POINT('',#3817);
#3820=CARTESIAN_POINT('',(-7.437272308487E-1,-2.555263157895E0,-4.E-1));
#3821=VERTEX_POINT('',#3820);
#3822=CARTESIAN_POINT('',(-9.296590385608E-1,-2.481578947368E0,-2.E-1));
#3823=CARTESIAN_POINT('',(9.296590385608E-1,-2.481578947368E0,-2.E-1));
#3824=VERTEX_POINT('',#3822);
#3825=VERTEX_POINT('',#3823);
#3826=CARTESIAN_POINT('',(7.437272308487E-1,-2.555263157895E0,-4.E-1));
#3827=VERTEX_POINT('',#3826);
#3828=CARTESIAN_POINT('',(9.998219848673E-1,-2.668867924528E0,-4.E-1));
#3829=VERTEX_POINT('',#3828);
#3830=CARTESIAN_POINT('',(2.85E0,0.E0,-4.E-1));
#3831=VERTEX_POINT('',#3830);
#3832=CARTESIAN_POINT('',(-9.998219848673E-1,-2.668867924528E0,-3.7E0));
#3833=VERTEX_POINT('',#3832);
#3834=CARTESIAN_POINT('',(9.998219848673E-1,-2.668867924528E0,-3.7E0));
#3835=VERTEX_POINT('',#3834);
#3836=CARTESIAN_POINT('',(7.437272308487E-1,-2.555263157895E0,-3.7E0));
#3837=VERTEX_POINT('',#3836);
#3838=CARTESIAN_POINT('',(-7.437272308487E-1,-2.555263157895E0,-3.7E0));
#3839=VERTEX_POINT('',#3838);
#3840=CARTESIAN_POINT('',(-5.425205314545E-1,-2.593735540993E0,-3.9E0));
#3841=CARTESIAN_POINT('',(5.425126643343E-1,-2.593718886695E0,-3.9E0));
#3842=VERTEX_POINT('',#3840);
#3843=VERTEX_POINT('',#3841);
#3844=CARTESIAN_POINT('',(5.835285065684E-1,-2.789622641509E0,-4.1E0));
#3845=CARTESIAN_POINT('',(-5.835285065684E-1,-2.789622641509E0,-4.1E0));
#3846=VERTEX_POINT('',#3844);
#3847=VERTEX_POINT('',#3845);
#3848=CARTESIAN_POINT('',(6.E-1,1.75E0,-1.2E0));
#3849=CARTESIAN_POINT('',(-6.E-1,1.75E0,-1.2E0));
#3850=VERTEX_POINT('',#3848);
#3851=VERTEX_POINT('',#3849);
#3852=CARTESIAN_POINT('',(-1.15E0,0.E0,-1.2E0));
#3853=CARTESIAN_POINT('',(-2.35E0,0.E0,-1.2E0));
#3854=VERTEX_POINT('',#3852);
#3855=VERTEX_POINT('',#3853);
#3856=CARTESIAN_POINT('',(2.35E0,0.E0,-1.2E0));
#3857=CARTESIAN_POINT('',(1.15E0,0.E0,-1.2E0));
#3858=VERTEX_POINT('',#3856);
#3859=VERTEX_POINT('',#3857);
#3860=CARTESIAN_POINT('',(1.913417161825E0,-4.619397662556E0,-1.5E0));
#3861=CARTESIAN_POINT('',(-1.913417161825E0,-4.619397662556E0,-1.5E0));
#3862=VERTEX_POINT('',#3860);
#3863=VERTEX_POINT('',#3861);
#3864=CARTESIAN_POINT('',(4.5E0,2.179449471770E0,-4.115716853436E0));
#3865=CARTESIAN_POINT('',(4.5E0,2.179449471770E0,-4.240716853436E0));
#3866=VERTEX_POINT('',#3864);
#3867=VERTEX_POINT('',#3865);
#3868=CARTESIAN_POINT('',(4.5E0,2.179449471770E0,-5.115716853436E0));
#3869=CARTESIAN_POINT('',(4.5E0,2.179449471770E0,-5.240716853436E0));
#3870=VERTEX_POINT('',#3868);
#3871=VERTEX_POINT('',#3869);
#3872=CARTESIAN_POINT('',(4.5E0,2.179449471770E0,-8.115716853436E0));
#3873=VERTEX_POINT('',#3872);
#3874=CARTESIAN_POINT('',(4.5E0,-2.179449471770E0,-2.259283146564E0));
#3875=CARTESIAN_POINT('',(4.5E0,-2.179449471770E0,-2.384283146564E0));
#3876=VERTEX_POINT('',#3874);
#3877=VERTEX_POINT('',#3875);
#3878=CARTESIAN_POINT('',(4.5E0,-2.179449471770E0,-3.259283146564E0));
#3879=CARTESIAN_POINT('',(4.5E0,-2.179449471770E0,-3.384283146564E0));
#3880=VERTEX_POINT('',#3878);
#3881=VERTEX_POINT('',#3879);
#3882=CARTESIAN_POINT('',(4.5E0,-2.179449471770E0,-4.259283146564E0));
#3883=CARTESIAN_POINT('',(4.5E0,-2.179449471770E0,-4.384283146564E0));
#3884=VERTEX_POINT('',#3882);
#3885=VERTEX_POINT('',#3883);
#3886=CARTESIAN_POINT('',(4.5E0,-2.179449471770E0,-5.259283146564E0));
#3887=CARTESIAN_POINT('',(4.5E0,-2.179449471770E0,-5.384283146564E0));
#3888=VERTEX_POINT('',#3886);
#3889=VERTEX_POINT('',#3887);
#3890=CARTESIAN_POINT('',(4.5E0,-2.179449471770E0,-8.259283146564E0));
#3891=VERTEX_POINT('',#3890);
#3892=CARTESIAN_POINT('',(-4.5E0,-2.179449471770E0,-3.615716853436E0));
#3893=CARTESIAN_POINT('',(-4.5E0,-2.179449471770E0,-3.740716853436E0));
#3894=VERTEX_POINT('',#3892);
#3895=VERTEX_POINT('',#3893);
#3896=CARTESIAN_POINT('',(-4.5E0,-2.179449471770E0,-4.615716853436E0));
#3897=CARTESIAN_POINT('',(-4.5E0,-2.179449471770E0,-4.740716853436E0));
#3898=VERTEX_POINT('',#3896);
#3899=VERTEX_POINT('',#3897);
#3900=CARTESIAN_POINT('',(-4.5E0,-2.179449471770E0,-5.615716853436E0));
#3901=CARTESIAN_POINT('',(-4.5E0,-2.179449471770E0,-5.740716853436E0));
#3902=VERTEX_POINT('',#3900);
#3903=VERTEX_POINT('',#3901);
#3904=CARTESIAN_POINT('',(-4.5E0,2.179449471770E0,-1.759283146564E0));
#3905=CARTESIAN_POINT('',(-4.5E0,2.179449471770E0,-1.884283146564E0));
#3906=VERTEX_POINT('',#3904);
#3907=VERTEX_POINT('',#3905);
#3908=CARTESIAN_POINT('',(-4.5E0,2.179449471770E0,-2.759283146564E0));
#3909=CARTESIAN_POINT('',(-4.5E0,2.179449471770E0,-2.884283146564E0));
#3910=VERTEX_POINT('',#3908);
#3911=VERTEX_POINT('',#3909);
#3912=CARTESIAN_POINT('',(-4.5E0,2.179449471770E0,-3.759283146564E0));
#3913=CARTESIAN_POINT('',(-4.5E0,2.179449471770E0,-3.884283146564E0));
#3914=VERTEX_POINT('',#3912);
#3915=VERTEX_POINT('',#3913);
#3916=CARTESIAN_POINT('',(-4.5E0,2.179449471770E0,-4.759283146564E0));
#3917=CARTESIAN_POINT('',(-4.5E0,2.179449471770E0,-4.884283146564E0));
#3918=VERTEX_POINT('',#3916);
#3919=VERTEX_POINT('',#3917);
#3920=CARTESIAN_POINT('',(-4.5E0,2.179449471770E0,-5.759283146564E0));
#3921=CARTESIAN_POINT('',(-4.5E0,2.179449471770E0,-5.884283146564E0));
#3922=VERTEX_POINT('',#3920);
#3923=VERTEX_POINT('',#3921);
#3924=VERTEX_POINT('',#1903);
#3925=VERTEX_POINT('',#1911);
#3926=VERTEX_POINT('',#237);
#3927=VERTEX_POINT('',#804);
#3928=CARTESIAN_POINT('',(-2.55E0,0.E0,-2.E-1));
#3929=CARTESIAN_POINT('',(-9.5E-1,0.E0,-2.E-1));
#3930=VERTEX_POINT('',#3928);
#3931=VERTEX_POINT('',#3929);
#3932=CARTESIAN_POINT('',(-2.35E0,0.E0,-4.E-1));
#3933=CARTESIAN_POINT('',(-1.15E0,0.E0,-4.E-1));
#3934=VERTEX_POINT('',#3932);
#3935=VERTEX_POINT('',#3933);
#3936=CARTESIAN_POINT('',(-8.E-1,1.75E0,-2.E-1));
#3937=CARTESIAN_POINT('',(8.E-1,1.75E0,-2.E-1));
#3938=VERTEX_POINT('',#3936);
#3939=VERTEX_POINT('',#3937);
#3940=CARTESIAN_POINT('',(-6.E-1,1.75E0,-4.E-1));
#3941=CARTESIAN_POINT('',(6.E-1,1.75E0,-4.E-1));
#3942=VERTEX_POINT('',#3940);
#3943=VERTEX_POINT('',#3941);
#3944=CARTESIAN_POINT('',(9.5E-1,0.E0,-2.E-1));
#3945=CARTESIAN_POINT('',(2.55E0,0.E0,-2.E-1));
#3946=VERTEX_POINT('',#3944);
#3947=VERTEX_POINT('',#3945);
#3948=CARTESIAN_POINT('',(1.15E0,0.E0,-4.E-1));
#3949=CARTESIAN_POINT('',(2.35E0,0.E0,-4.E-1));
#3950=VERTEX_POINT('',#3948);
#3951=VERTEX_POINT('',#3949);
#3952=CARTESIAN_POINT('',(-2.25E0,0.E0,-1.65E1));
#3953=CARTESIAN_POINT('',(-1.25E0,0.E0,-1.65E1));
#3954=VERTEX_POINT('',#3952);
#3955=VERTEX_POINT('',#3953);
#3956=CARTESIAN_POINT('',(-2.25E0,0.E0,-1.5E1));
#3957=CARTESIAN_POINT('',(-1.25E0,0.E0,-1.5E1));
#3958=VERTEX_POINT('',#3956);
#3959=VERTEX_POINT('',#3957);
#3960=CARTESIAN_POINT('',(-2.05E0,0.E0,-1.95E1));
#3961=CARTESIAN_POINT('',(-1.45E0,0.E0,-1.95E1));
#3962=VERTEX_POINT('',#3960);
#3963=VERTEX_POINT('',#3961);
#3964=CARTESIAN_POINT('',(-2.05E0,0.E0,-1.65E1));
#3965=CARTESIAN_POINT('',(-1.45E0,0.E0,-1.65E1));
#3966=VERTEX_POINT('',#3964);
#3967=VERTEX_POINT('',#3965);
#3968=CARTESIAN_POINT('',(2.85E0,0.E0,-5.175E0));
#3969=CARTESIAN_POINT('',(0.E0,2.85E0,-5.175E0));
#3970=VERTEX_POINT('',#3968);
#3971=VERTEX_POINT('',#3969);
#3972=CARTESIAN_POINT('',(-2.85E0,0.E0,-5.175E0));
#3973=VERTEX_POINT('',#3972);
#3974=CARTESIAN_POINT('',(0.E0,-2.85E0,-5.175E0));
#3975=VERTEX_POINT('',#3974);
#3976=CARTESIAN_POINT('',(0.E0,3.175E0,-5.5E0));
#3977=VERTEX_POINT('',#3976);
#3978=CARTESIAN_POINT('',(0.E0,-3.175E0,-5.5E0));
#3979=VERTEX_POINT('',#3978);
#3980=VERTEX_POINT('',#935);
#3981=CARTESIAN_POINT('',(0.E0,0.E0,-1.25E0));
#3982=DIRECTION('',(0.E0,0.E0,-1.E0));
#3983=DIRECTION('',(0.E0,-1.E0,0.E0));
#3984=AXIS2_PLACEMENT_3D('',#3981,#3982,#3983);
#3985=CONICAL_SURFACE('',#3984,4.75E0,4.5E1);
#3987=ORIENTED_EDGE('',*,*,#3986,.T.);
#3989=ORIENTED_EDGE('',*,*,#3988,.T.);
#3991=ORIENTED_EDGE('',*,*,#3990,.T.);
#3993=ORIENTED_EDGE('',*,*,#3992,.T.);
#3994=EDGE_LOOP('',(#3987,#3989,#3991,#3993));
#3995=FACE_OUTER_BOUND('',#3994,.F.);
#3997=CARTESIAN_POINT('',(0.E0,0.E0,-1.25E0));
#3998=DIRECTION('',(0.E0,0.E0,-1.E0));
#3999=DIRECTION('',(0.E0,-1.E0,0.E0));
#4000=AXIS2_PLACEMENT_3D('',#3997,#3998,#3999);
#4001=CONICAL_SURFACE('',#4000,4.75E0,4.5E1);
#4003=ORIENTED_EDGE('',*,*,#4002,.T.);
#4005=ORIENTED_EDGE('',*,*,#4004,.T.);
#4007=ORIENTED_EDGE('',*,*,#4006,.T.);
#4009=ORIENTED_EDGE('',*,*,#4008,.T.);
#4011=ORIENTED_EDGE('',*,*,#4010,.T.);
#4012=EDGE_LOOP('',(#4003,#4005,#4007,#4009,#4011));
#4013=FACE_OUTER_BOUND('',#4012,.F.);
#4015=CARTESIAN_POINT('',(0.E0,0.E0,-1.25E0));
#4016=DIRECTION('',(0.E0,0.E0,-1.E0));
#4017=DIRECTION('',(0.E0,-1.E0,0.E0));
#4018=AXIS2_PLACEMENT_3D('',#4015,#4016,#4017);
#4019=CONICAL_SURFACE('',#4018,4.75E0,4.5E1);
#4021=ORIENTED_EDGE('',*,*,#4020,.T.);
#4023=ORIENTED_EDGE('',*,*,#4022,.T.);
#4025=ORIENTED_EDGE('',*,*,#4024,.T.);
#4026=EDGE_LOOP('',(#4021,#4023,#4025));
#4027=FACE_OUTER_BOUND('',#4026,.F.);
#4029=CARTESIAN_POINT('',(4.5E0,2.179449471770E0,-1.E1));
#4030=DIRECTION('',(-1.E0,0.E0,0.E0));
#4031=DIRECTION('',(0.E0,-1.E0,0.E0));
#4032=AXIS2_PLACEMENT_3D('',#4029,#4030,#4031);
#4033=PLANE('',#4032);
#4035=ORIENTED_EDGE('',*,*,#4034,.T.);
#4037=ORIENTED_EDGE('',*,*,#4036,.T.);
#4039=ORIENTED_EDGE('',*,*,#4038,.F.);
#4041=ORIENTED_EDGE('',*,*,#4040,.T.);
#4042=EDGE_LOOP('',(#4035,#4037,#4039,#4041));
#4043=FACE_OUTER_BOUND('',#4042,.F.);
#4045=CARTESIAN_POINT('',(4.5E0,2.179449471770E0,-1.E1));
#4046=DIRECTION('',(-1.E0,0.E0,0.E0));
#4047=DIRECTION('',(0.E0,-1.E0,0.E0));
#4048=AXIS2_PLACEMENT_3D('',#4045,#4046,#4047);
#4049=PLANE('',#4048);
#4051=ORIENTED_EDGE('',*,*,#4050,.F.);
#4053=ORIENTED_EDGE('',*,*,#4052,.T.);
#4055=ORIENTED_EDGE('',*,*,#4054,.F.);
#4057=ORIENTED_EDGE('',*,*,#4056,.T.);
#4058=EDGE_LOOP('',(#4051,#4053,#4055,#4057));
#4059=FACE_OUTER_BOUND('',#4058,.F.);
#4061=CARTESIAN_POINT('',(4.5E0,2.179449471770E0,-1.E1));
#4062=DIRECTION('',(-1.E0,0.E0,0.E0));
#4063=DIRECTION('',(0.E0,-1.E0,0.E0));
#4064=AXIS2_PLACEMENT_3D('',#4061,#4062,#4063);
#4065=PLANE('',#4064);
#4066=ORIENTED_EDGE('',*,*,#3986,.F.);
#4068=ORIENTED_EDGE('',*,*,#4067,.T.);
#4069=ORIENTED_EDGE('',*,*,#4002,.F.);
#4070=EDGE_LOOP('',(#4066,#4068,#4069));
#4071=FACE_OUTER_BOUND('',#4070,.F.);
#4073=CARTESIAN_POINT('',(4.5E0,2.179449471770E0,-1.E1));
#4074=DIRECTION('',(-1.E0,0.E0,0.E0));
#4075=DIRECTION('',(0.E0,-1.E0,0.E0));
#4076=AXIS2_PLACEMENT_3D('',#4073,#4074,#4075);
#4077=PLANE('',#4076);
#4079=ORIENTED_EDGE('',*,*,#4078,.T.);
#4081=ORIENTED_EDGE('',*,*,#4080,.T.);
#4083=ORIENTED_EDGE('',*,*,#4082,.F.);
#4085=ORIENTED_EDGE('',*,*,#4084,.T.);
#4086=EDGE_LOOP('',(#4079,#4081,#4083,#4085));
#4087=FACE_OUTER_BOUND('',#4086,.F.);
#4089=CARTESIAN_POINT('',(4.5E0,2.179449471770E0,-1.E1));
#4090=DIRECTION('',(-1.E0,0.E0,0.E0));
#4091=DIRECTION('',(0.E0,-1.E0,0.E0));
#4092=AXIS2_PLACEMENT_3D('',#4089,#4090,#4091);
#4093=PLANE('',#4092);
#4095=ORIENTED_EDGE('',*,*,#4094,.T.);
#4097=ORIENTED_EDGE('',*,*,#4096,.T.);
#4099=ORIENTED_EDGE('',*,*,#4098,.F.);
#4101=ORIENTED_EDGE('',*,*,#4100,.T.);
#4102=EDGE_LOOP('',(#4095,#4097,#4099,#4101));
#4103=FACE_OUTER_BOUND('',#4102,.F.);
#4105=CARTESIAN_POINT('',(4.5E0,2.179449471770E0,-1.E1));
#4106=DIRECTION('',(-1.E0,0.E0,0.E0));
#4107=DIRECTION('',(0.E0,-1.E0,0.E0));
#4108=AXIS2_PLACEMENT_3D('',#4105,#4106,#4107);
#4109=PLANE('',#4108);
#4111=ORIENTED_EDGE('',*,*,#4110,.F.);
#4113=ORIENTED_EDGE('',*,*,#4112,.T.);
#4115=ORIENTED_EDGE('',*,*,#4114,.T.);
#4117=ORIENTED_EDGE('',*,*,#4116,.T.);
#4119=ORIENTED_EDGE('',*,*,#4118,.F.);
#4121=ORIENTED_EDGE('',*,*,#4120,.T.);
#4122=EDGE_LOOP('',(#4111,#4113,#4115,#4117,#4119,#4121));
#4123=FACE_OUTER_BOUND('',#4122,.F.);
#4125=CARTESIAN_POINT('',(4.5E0,2.179449471770E0,-1.E1));
#4126=DIRECTION('',(-1.E0,0.E0,0.E0));
#4127=DIRECTION('',(0.E0,-1.E0,0.E0));
#4128=AXIS2_PLACEMENT_3D('',#4125,#4126,#4127);
#4129=PLANE('',#4128);
#4131=ORIENTED_EDGE('',*,*,#4130,.T.);
#4133=ORIENTED_EDGE('',*,*,#4132,.T.);
#4134=EDGE_LOOP('',(#4131,#4133));
#4135=FACE_OUTER_BOUND('',#4134,.F.);
#4137=CARTESIAN_POINT('',(0.E0,0.E0,7.5E-1));
#4138=DIRECTION('',(0.E0,0.E0,-1.E0));
#4139=DIRECTION('',(0.E0,-1.E0,0.E0));
#4140=AXIS2_PLACEMENT_3D('',#4137,#4138,#4139);
#4141=CYLINDRICAL_SURFACE('',#4140,5.E0);
#4143=ORIENTED_EDGE('',*,*,#4142,.F.);
#4145=ORIENTED_EDGE('',*,*,#4144,.F.);
#4146=ORIENTED_EDGE('',*,*,#4006,.F.);
#4148=ORIENTED_EDGE('',*,*,#4147,.T.);
#4149=EDGE_LOOP('',(#4143,#4145,#4146,#4148));
#4150=FACE_OUTER_BOUND('',#4149,.F.);
#4152=CARTESIAN_POINT('',(0.E0,0.E0,7.5E-1));
#4153=DIRECTION('',(0.E0,0.E0,-1.E0));
#4154=DIRECTION('',(0.E0,-1.E0,0.E0));
#4155=AXIS2_PLACEMENT_3D('',#4152,#4153,#4154);
#4156=CYLINDRICAL_SURFACE('',#4155,5.E0);
#4158=ORIENTED_EDGE('',*,*,#4157,.T.);
#4160=ORIENTED_EDGE('',*,*,#4159,.T.);
#4162=ORIENTED_EDGE('',*,*,#4161,.T.);
#4163=ORIENTED_EDGE('',*,*,#4034,.F.);
#4164=EDGE_LOOP('',(#4158,#4160,#4162,#4163));
#4165=FACE_OUTER_BOUND('',#4164,.F.);
#4167=CARTESIAN_POINT('',(0.E0,0.E0,7.5E-1));
#4168=DIRECTION('',(0.E0,0.E0,-1.E0));
#4169=DIRECTION('',(0.E0,-1.E0,0.E0));
#4170=AXIS2_PLACEMENT_3D('',#4167,#4168,#4169);
#4171=CYLINDRICAL_SURFACE('',#4170,5.E0);
#4173=ORIENTED_EDGE('',*,*,#4172,.T.);
#4175=ORIENTED_EDGE('',*,*,#4174,.T.);
#4177=ORIENTED_EDGE('',*,*,#4176,.T.);
#4178=ORIENTED_EDGE('',*,*,#4050,.T.);
#4179=EDGE_LOOP('',(#4173,#4175,#4177,#4178));
#4180=FACE_OUTER_BOUND('',#4179,.F.);
#4182=CARTESIAN_POINT('',(0.E0,0.E0,7.5E-1));
#4183=DIRECTION('',(0.E0,0.E0,-1.E0));
#4184=DIRECTION('',(0.E0,-1.E0,0.E0));
#4185=AXIS2_PLACEMENT_3D('',#4182,#4183,#4184);
#4186=CYLINDRICAL_SURFACE('',#4185,5.E0);
#4188=ORIENTED_EDGE('',*,*,#4187,.T.);
#4190=ORIENTED_EDGE('',*,*,#4189,.T.);
#4192=ORIENTED_EDGE('',*,*,#4191,.F.);
#4194=ORIENTED_EDGE('',*,*,#4193,.T.);
#4195=ORIENTED_EDGE('',*,*,#4078,.F.);
#4196=EDGE_LOOP('',(#4188,#4190,#4192,#4194,#4195));
#4197=FACE_OUTER_BOUND('',#4196,.F.);
#4199=CARTESIAN_POINT('',(0.E0,0.E0,7.5E-1));
#4200=DIRECTION('',(0.E0,0.E0,-1.E0));
#4201=DIRECTION('',(0.E0,-1.E0,0.E0));
#4202=AXIS2_PLACEMENT_3D('',#4199,#4200,#4201);
#4203=CYLINDRICAL_SURFACE('',#4202,5.E0);
#4205=ORIENTED_EDGE('',*,*,#4204,.T.);
#4207=ORIENTED_EDGE('',*,*,#4206,.F.);
#4209=ORIENTED_EDGE('',*,*,#4208,.T.);
#4211=ORIENTED_EDGE('',*,*,#4210,.T.);
#4212=ORIENTED_EDGE('',*,*,#4094,.F.);
#4213=EDGE_LOOP('',(#4205,#4207,#4209,#4211,#4212));
#4214=FACE_OUTER_BOUND('',#4213,.F.);
#4216=CARTESIAN_POINT('',(0.E0,0.E0,7.5E-1));
#4217=DIRECTION('',(0.E0,0.E0,-1.E0));
#4218=DIRECTION('',(0.E0,-1.E0,0.E0));
#4219=AXIS2_PLACEMENT_3D('',#4216,#4217,#4218);
#4220=CYLINDRICAL_SURFACE('',#4219,5.E0);
#4222=ORIENTED_EDGE('',*,*,#4221,.T.);
#4224=ORIENTED_EDGE('',*,*,#4223,.T.);
#4226=ORIENTED_EDGE('',*,*,#4225,.T.);
#4227=ORIENTED_EDGE('',*,*,#4038,.T.);
#4228=EDGE_LOOP('',(#4222,#4224,#4226,#4227));
#4229=FACE_OUTER_BOUND('',#4228,.F.);
#4231=CARTESIAN_POINT('',(0.E0,0.E0,7.5E-1));
#4232=DIRECTION('',(0.E0,0.E0,-1.E0));
#4233=DIRECTION('',(0.E0,-1.E0,0.E0));
#4234=AXIS2_PLACEMENT_3D('',#4231,#4232,#4233);
#4235=CYLINDRICAL_SURFACE('',#4234,5.E0);
#4237=ORIENTED_EDGE('',*,*,#4236,.T.);
#4239=ORIENTED_EDGE('',*,*,#4238,.F.);
#4241=ORIENTED_EDGE('',*,*,#4240,.T.);
#4242=ORIENTED_EDGE('',*,*,#4054,.T.);
#4243=EDGE_LOOP('',(#4237,#4239,#4241,#4242));
#4244=FACE_OUTER_BOUND('',#4243,.F.);
#4246=CARTESIAN_POINT('',(0.E0,0.E0,7.5E-1));
#4247=DIRECTION('',(0.E0,0.E0,-1.E0));
#4248=DIRECTION('',(0.E0,-1.E0,0.E0));
#4249=AXIS2_PLACEMENT_3D('',#4246,#4247,#4248);
#4250=CYLINDRICAL_SURFACE('',#4249,5.E0);
#4252=ORIENTED_EDGE('',*,*,#4251,.T.);
#4254=ORIENTED_EDGE('',*,*,#4253,.F.);
#4256=ORIENTED_EDGE('',*,*,#4255,.T.);
#4257=ORIENTED_EDGE('',*,*,#4082,.T.);
#4258=EDGE_LOOP('',(#4252,#4254,#4256,#4257));
#4259=FACE_OUTER_BOUND('',#4258,.F.);
#4261=CARTESIAN_POINT('',(0.E0,0.E0,7.5E-1));
#4262=DIRECTION('',(0.E0,0.E0,-1.E0));
#4263=DIRECTION('',(0.E0,-1.E0,0.E0));
#4264=AXIS2_PLACEMENT_3D('',#4261,#4262,#4263);
#4265=CYLINDRICAL_SURFACE('',#4264,5.E0);
#4267=ORIENTED_EDGE('',*,*,#4266,.T.);
#4269=ORIENTED_EDGE('',*,*,#4268,.F.);
#4271=ORIENTED_EDGE('',*,*,#4270,.T.);
#4272=ORIENTED_EDGE('',*,*,#4098,.T.);
#4273=EDGE_LOOP('',(#4267,#4269,#4271,#4272));
#4274=FACE_OUTER_BOUND('',#4273,.F.);
#4276=CARTESIAN_POINT('',(0.E0,0.E0,7.5E-1));
#4277=DIRECTION('',(0.E0,0.E0,-1.E0));
#4278=DIRECTION('',(0.E0,-1.E0,0.E0));
#4279=AXIS2_PLACEMENT_3D('',#4276,#4277,#4278);
#4280=CYLINDRICAL_SURFACE('',#4279,5.E0);
#4281=ORIENTED_EDGE('',*,*,#4118,.T.);
#4283=ORIENTED_EDGE('',*,*,#4282,.T.);
#4285=ORIENTED_EDGE('',*,*,#4284,.F.);
#4286=EDGE_LOOP('',(#4281,#4283,#4285));
#4287=FACE_OUTER_BOUND('',#4286,.F.);
#4289=CARTESIAN_POINT('',(0.E0,0.E0,7.5E-1));
#4290=DIRECTION('',(0.E0,0.E0,-1.E0));
#4291=DIRECTION('',(0.E0,-1.E0,0.E0));
#4292=AXIS2_PLACEMENT_3D('',#4289,#4290,#4291);
#4293=CYLINDRICAL_SURFACE('',#4292,5.E0);
#4295=ORIENTED_EDGE('',*,*,#4294,.T.);
#4297=ORIENTED_EDGE('',*,*,#4296,.T.);
#4299=ORIENTED_EDGE('',*,*,#4298,.T.);
#4301=ORIENTED_EDGE('',*,*,#4300,.T.);
#4302=EDGE_LOOP('',(#4295,#4297,#4299,#4301));
#4303=FACE_OUTER_BOUND('',#4302,.F.);
#4305=CARTESIAN_POINT('',(0.E0,0.E0,7.5E-1));
#4306=DIRECTION('',(0.E0,0.E0,-1.E0));
#4307=DIRECTION('',(0.E0,-1.E0,0.E0));
#4308=AXIS2_PLACEMENT_3D('',#4305,#4306,#4307);
#4309=CYLINDRICAL_SURFACE('',#4308,5.E0);
#4311=ORIENTED_EDGE('',*,*,#4310,.F.);
#4313=ORIENTED_EDGE('',*,*,#4312,.T.);
#4315=ORIENTED_EDGE('',*,*,#4314,.T.);
#4316=ORIENTED_EDGE('',*,*,#4114,.F.);
#4318=ORIENTED_EDGE('',*,*,#4317,.T.);
#4319=EDGE_LOOP('',(#4311,#4313,#4315,#4316,#4318));
#4320=FACE_OUTER_BOUND('',#4319,.F.);
#4322=CARTESIAN_POINT('',(-4.5E0,-2.179449471770E0,-1.E1));
#4323=DIRECTION('',(1.E0,0.E0,0.E0));
#4324=DIRECTION('',(0.E0,1.E0,0.E0));
#4325=AXIS2_PLACEMENT_3D('',#4322,#4323,#4324);
#4326=PLANE('',#4325);
#4328=ORIENTED_EDGE('',*,*,#4327,.T.);
#4330=ORIENTED_EDGE('',*,*,#4329,.T.);
#4331=EDGE_LOOP('',(#4328,#4330));
#4332=FACE_OUTER_BOUND('',#4331,.F.);
#4334=CARTESIAN_POINT('',(-4.5E0,-2.179449471770E0,-1.E1));
#4335=DIRECTION('',(1.E0,0.E0,0.E0));
#4336=DIRECTION('',(0.E0,1.E0,0.E0));
#4337=AXIS2_PLACEMENT_3D('',#4334,#4335,#4336);
#4338=PLANE('',#4337);
#4339=ORIENTED_EDGE('',*,*,#4142,.T.);
#4341=ORIENTED_EDGE('',*,*,#4340,.T.);
#4342=ORIENTED_EDGE('',*,*,#4159,.F.);
#4344=ORIENTED_EDGE('',*,*,#4343,.T.);
#4345=EDGE_LOOP('',(#4339,#4341,#4342,#4344));
#4346=FACE_OUTER_BOUND('',#4345,.F.);
#4348=CARTESIAN_POINT('',(-4.5E0,-2.179449471770E0,-1.E1));
#4349=DIRECTION('',(1.E0,0.E0,0.E0));
#4350=DIRECTION('',(0.E0,1.E0,0.E0));
#4351=AXIS2_PLACEMENT_3D('',#4348,#4349,#4350);
#4352=PLANE('',#4351);
#4353=ORIENTED_EDGE('',*,*,#4223,.F.);
#4355=ORIENTED_EDGE('',*,*,#4354,.T.);
#4356=ORIENTED_EDGE('',*,*,#4174,.F.);
#4358=ORIENTED_EDGE('',*,*,#4357,.T.);
#4359=EDGE_LOOP('',(#4353,#4355,#4356,#4358));
#4360=FACE_OUTER_BOUND('',#4359,.F.);
#4362=CARTESIAN_POINT('',(-4.5E0,-2.179449471770E0,-1.E1));
#4363=DIRECTION('',(1.E0,0.E0,0.E0));
#4364=DIRECTION('',(0.E0,1.E0,0.E0));
#4365=AXIS2_PLACEMENT_3D('',#4362,#4363,#4364);
#4366=PLANE('',#4365);
#4367=ORIENTED_EDGE('',*,*,#4238,.T.);
#4369=ORIENTED_EDGE('',*,*,#4368,.T.);
#4370=ORIENTED_EDGE('',*,*,#4189,.F.);
#4372=ORIENTED_EDGE('',*,*,#4371,.T.);
#4373=EDGE_LOOP('',(#4367,#4369,#4370,#4372));
#4374=FACE_OUTER_BOUND('',#4373,.F.);
#4376=CARTESIAN_POINT('',(-4.5E0,-2.179449471770E0,-1.E1));
#4377=DIRECTION('',(1.E0,0.E0,0.E0));
#4378=DIRECTION('',(0.E0,1.E0,0.E0));
#4379=AXIS2_PLACEMENT_3D('',#4376,#4377,#4378);
#4380=PLANE('',#4379);
#4381=ORIENTED_EDGE('',*,*,#4253,.T.);
#4383=ORIENTED_EDGE('',*,*,#4382,.T.);
#4384=ORIENTED_EDGE('',*,*,#4208,.F.);
#4386=ORIENTED_EDGE('',*,*,#4385,.T.);
#4387=EDGE_LOOP('',(#4381,#4383,#4384,#4386));
#4388=FACE_OUTER_BOUND('',#4387,.F.);
#4390=CARTESIAN_POINT('',(-4.5E0,-2.179449471770E0,-1.E1));
#4391=DIRECTION('',(1.E0,0.E0,0.E0));
#4392=DIRECTION('',(0.E0,1.E0,0.E0));
#4393=AXIS2_PLACEMENT_3D('',#4390,#4391,#4392);
#4394=PLANE('',#4393);
#4396=ORIENTED_EDGE('',*,*,#4395,.T.);
#4397=ORIENTED_EDGE('',*,*,#3990,.F.);
#4398=ORIENTED_EDGE('',*,*,#4020,.F.);
#4399=EDGE_LOOP('',(#4396,#4397,#4398));
#4400=FACE_OUTER_BOUND('',#4399,.F.);
#4402=CARTESIAN_POINT('',(-4.5E0,-2.179449471770E0,-1.E1));
#4403=DIRECTION('',(1.E0,0.E0,0.E0));
#4404=DIRECTION('',(0.E0,1.E0,0.E0));
#4405=AXIS2_PLACEMENT_3D('',#4402,#4403,#4404);
#4406=PLANE('',#4405);
#4408=ORIENTED_EDGE('',*,*,#4407,.F.);
#4410=ORIENTED_EDGE('',*,*,#4409,.T.);
#4411=EDGE_LOOP('',(#4408,#4410));
#4412=FACE_OUTER_BOUND('',#4411,.F.);
#4414=CARTESIAN_POINT('',(-4.5E0,-2.179449471770E0,-1.E1));
#4415=DIRECTION('',(1.E0,0.E0,0.E0));
#4416=DIRECTION('',(0.E0,1.E0,0.E0));
#4417=AXIS2_PLACEMENT_3D('',#4414,#4415,#4416);
#4418=PLANE('',#4417);
#4420=ORIENTED_EDGE('',*,*,#4419,.T.);
#4422=ORIENTED_EDGE('',*,*,#4421,.T.);
#4423=ORIENTED_EDGE('',*,*,#4298,.F.);
#4425=ORIENTED_EDGE('',*,*,#4424,.T.);
#4426=ORIENTED_EDGE('',*,*,#4268,.T.);
#4428=ORIENTED_EDGE('',*,*,#4427,.T.);
#4429=EDGE_LOOP('',(#4420,#4422,#4423,#4425,#4426,#4428));
#4430=FACE_OUTER_BOUND('',#4429,.F.);
#4432=CARTESIAN_POINT('',(0.E0,0.E0,-8.4E0));
#4433=DIRECTION('',(0.E0,0.E0,-1.E0));
#4434=DIRECTION('',(0.E0,-1.E0,0.E0));
#4435=AXIS2_PLACEMENT_3D('',#4432,#4433,#4434);
#4436=PLANE('',#4435);
#4437=ORIENTED_EDGE('',*,*,#4116,.F.);
#4438=ORIENTED_EDGE('',*,*,#4314,.F.);
#4440=ORIENTED_EDGE('',*,*,#4439,.F.);
#4442=ORIENTED_EDGE('',*,*,#4441,.F.);
#4444=ORIENTED_EDGE('',*,*,#4443,.F.);
#4446=ORIENTED_EDGE('',*,*,#4445,.F.);
#4447=ORIENTED_EDGE('',*,*,#4327,.F.);
#4449=ORIENTED_EDGE('',*,*,#4448,.F.);
#4450=ORIENTED_EDGE('',*,*,#4282,.F.);
#4451=EDGE_LOOP('',(#4437,#4438,#4440,#4442,#4444,#4446,#4447,#4449,#4450));
#4452=FACE_OUTER_BOUND('',#4451,.F.);
#4454=ORIENTED_EDGE('',*,*,#4453,.T.);
#4456=ORIENTED_EDGE('',*,*,#4455,.F.);
#4457=EDGE_LOOP('',(#4454,#4456));
#4458=FACE_BOUND('',#4457,.F.);
#4460=CARTESIAN_POINT('',(0.E0,0.E0,7.5E-1));
#4461=DIRECTION('',(0.E0,0.E0,-1.E0));
#4462=DIRECTION('',(0.E0,-1.E0,0.E0));
#4463=AXIS2_PLACEMENT_3D('',#4460,#4461,#4462);
#4464=CYLINDRICAL_SURFACE('',#4463,4.45E0);
#4466=ORIENTED_EDGE('',*,*,#4465,.F.);
#4468=ORIENTED_EDGE('',*,*,#4467,.T.);
#4470=ORIENTED_EDGE('',*,*,#4469,.T.);
#4471=ORIENTED_EDGE('',*,*,#4453,.F.);
#4472=EDGE_LOOP('',(#4466,#4468,#4470,#4471));
#4473=FACE_OUTER_BOUND('',#4472,.F.);
#4475=CARTESIAN_POINT('',(0.E0,0.E0,7.5E-1));
#4476=DIRECTION('',(0.E0,0.E0,-1.E0));
#4477=DIRECTION('',(0.E0,-1.E0,0.E0));
#4478=AXIS2_PLACEMENT_3D('',#4475,#4476,#4477);
#4479=CYLINDRICAL_SURFACE('',#4478,4.45E0);
#4480=ORIENTED_EDGE('',*,*,#4465,.T.);
#4481=ORIENTED_EDGE('',*,*,#4455,.T.);
#4482=ORIENTED_EDGE('',*,*,#4469,.F.);
#4484=ORIENTED_EDGE('',*,*,#4483,.T.);
#4485=EDGE_LOOP('',(#4480,#4481,#4482,#4484));
#4486=FACE_OUTER_BOUND('',#4485,.F.);
#4488=CARTESIAN_POINT('',(0.E0,0.E0,-9.25E0));
#4489=DIRECTION('',(0.E0,0.E0,-1.E0));
#4490=DIRECTION('',(0.E0,-1.E0,0.E0));
#4491=AXIS2_PLACEMENT_3D('',#4488,#4489,#4490);
#4492=TOROIDAL_SURFACE('',#4491,5.2E0,7.5E-1);
#4494=ORIENTED_EDGE('',*,*,#4493,.T.);
#4496=ORIENTED_EDGE('',*,*,#4495,.T.);
#4497=ORIENTED_EDGE('',*,*,#4483,.F.);
#4499=ORIENTED_EDGE('',*,*,#4498,.F.);
#4500=EDGE_LOOP('',(#4494,#4496,#4497,#4499));
#4501=FACE_OUTER_BOUND('',#4500,.F.);
#4503=CARTESIAN_POINT('',(0.E0,0.E0,-1.E1));
#4504=DIRECTION('',(0.E0,0.E0,-1.E0));
#4505=DIRECTION('',(0.E0,-1.E0,0.E0));
#4506=AXIS2_PLACEMENT_3D('',#4503,#4504,#4505);
#4507=PLANE('',#4506);
#4509=ORIENTED_EDGE('',*,*,#4508,.T.);
#4511=ORIENTED_EDGE('',*,*,#4510,.T.);
#4513=ORIENTED_EDGE('',*,*,#4512,.T.);
#4515=ORIENTED_EDGE('',*,*,#4514,.F.);
#4517=ORIENTED_EDGE('',*,*,#4516,.T.);
#4519=ORIENTED_EDGE('',*,*,#4518,.F.);
#4521=ORIENTED_EDGE('',*,*,#4520,.T.);
#4523=ORIENTED_EDGE('',*,*,#4522,.F.);
#4525=ORIENTED_EDGE('',*,*,#4524,.T.);
#4527=ORIENTED_EDGE('',*,*,#4526,.F.);
#4529=ORIENTED_EDGE('',*,*,#4528,.T.);
#4531=ORIENTED_EDGE('',*,*,#4530,.T.);
#4532=EDGE_LOOP('',(#4509,#4511,#4513,#4515,#4517,#4519,#4521,#4523,#4525,#4527,
#4529,#4531));
#4533=FACE_OUTER_BOUND('',#4532,.F.);
#4535=ORIENTED_EDGE('',*,*,#4534,.F.);
#4536=ORIENTED_EDGE('',*,*,#4493,.F.);
#4537=EDGE_LOOP('',(#4535,#4536));
#4538=FACE_BOUND('',#4537,.F.);
#4540=CARTESIAN_POINT('',(5.975E0,1.997341983737E0,-1.E1));
#4541=DIRECTION('',(-1.E0,0.E0,0.E0));
#4542=DIRECTION('',(0.E0,-1.E0,0.E0));
#4543=AXIS2_PLACEMENT_3D('',#4540,#4541,#4542);
#4544=PLANE('',#4543);
#4546=ORIENTED_EDGE('',*,*,#4545,.T.);
#4548=ORIENTED_EDGE('',*,*,#4547,.F.);
#4549=ORIENTED_EDGE('',*,*,#4508,.F.);
#4551=ORIENTED_EDGE('',*,*,#4550,.T.);
#4552=EDGE_LOOP('',(#4546,#4548,#4549,#4551));
#4553=FACE_OUTER_BOUND('',#4552,.F.);
#4555=CARTESIAN_POINT('',(0.E0,0.E0,-1.2E1));
#4556=DIRECTION('',(0.E0,0.E0,-1.E0));
#4557=DIRECTION('',(0.E0,-1.E0,0.E0));
#4558=AXIS2_PLACEMENT_3D('',#4555,#4556,#4557);
#4559=PLANE('',#4558);
#4560=ORIENTED_EDGE('',*,*,#4545,.F.);
#4562=ORIENTED_EDGE('',*,*,#4561,.F.);
#4564=ORIENTED_EDGE('',*,*,#4563,.F.);
#4566=ORIENTED_EDGE('',*,*,#4565,.F.);
#4568=ORIENTED_EDGE('',*,*,#4567,.F.);
#4570=ORIENTED_EDGE('',*,*,#4569,.T.);
#4572=ORIENTED_EDGE('',*,*,#4571,.F.);
#4574=ORIENTED_EDGE('',*,*,#4573,.T.);
#4576=ORIENTED_EDGE('',*,*,#4575,.F.);
#4578=ORIENTED_EDGE('',*,*,#4577,.F.);
#4580=ORIENTED_EDGE('',*,*,#4579,.F.);
#4582=ORIENTED_EDGE('',*,*,#4581,.F.);
#4583=EDGE_LOOP('',(#4560,#4562,#4564,#4566,#4568,#4570,#4572,#4574,#4576,#4578,
#4580,#4582));
#4584=FACE_OUTER_BOUND('',#4583,.F.);
#4586=ORIENTED_EDGE('',*,*,#4585,.F.);
#4588=ORIENTED_EDGE('',*,*,#4587,.F.);
#4590=ORIENTED_EDGE('',*,*,#4589,.F.);
#4592=ORIENTED_EDGE('',*,*,#4591,.F.);
#4593=EDGE_LOOP('',(#4586,#4588,#4590,#4592));
#4594=FACE_BOUND('',#4593,.F.);
#4596=CARTESIAN_POINT('',(0.E0,0.E0,7.5E-1));
#4597=DIRECTION('',(0.E0,0.E0,-1.E0));
#4598=DIRECTION('',(0.E0,-1.E0,0.E0));
#4599=AXIS2_PLACEMENT_3D('',#4596,#4597,#4598);
#4600=CYLINDRICAL_SURFACE('',#4599,6.3E0);
#4602=ORIENTED_EDGE('',*,*,#4601,.T.);
#4603=ORIENTED_EDGE('',*,*,#4569,.F.);
#4605=ORIENTED_EDGE('',*,*,#4604,.F.);
#4606=ORIENTED_EDGE('',*,*,#4522,.T.);
#4607=EDGE_LOOP('',(#4602,#4603,#4605,#4606));
#4608=FACE_OUTER_BOUND('',#4607,.F.);
#4610=CARTESIAN_POINT('',(0.E0,0.E0,7.5E-1));
#4611=DIRECTION('',(0.E0,0.E0,-1.E0));
#4612=DIRECTION('',(0.E0,-1.E0,0.E0));
#4613=AXIS2_PLACEMENT_3D('',#4610,#4611,#4612);
#4614=CYLINDRICAL_SURFACE('',#4613,6.3E0);
#4616=ORIENTED_EDGE('',*,*,#4615,.F.);
#4617=ORIENTED_EDGE('',*,*,#4518,.T.);
#4619=ORIENTED_EDGE('',*,*,#4618,.T.);
#4620=ORIENTED_EDGE('',*,*,#4573,.F.);
#4621=EDGE_LOOP('',(#4616,#4617,#4619,#4620));
#4622=FACE_OUTER_BOUND('',#4621,.F.);
#4624=CARTESIAN_POINT('',(0.E0,0.E0,7.5E-1));
#4625=DIRECTION('',(0.E0,0.E0,-1.E0));
#4626=DIRECTION('',(0.E0,-1.E0,0.E0));
#4627=AXIS2_PLACEMENT_3D('',#4624,#4625,#4626);
#4628=CYLINDRICAL_SURFACE('',#4627,6.3E0);
#4629=ORIENTED_EDGE('',*,*,#4550,.F.);
#4630=ORIENTED_EDGE('',*,*,#4530,.F.);
#4632=ORIENTED_EDGE('',*,*,#4631,.T.);
#4633=ORIENTED_EDGE('',*,*,#4561,.T.);
#4634=EDGE_LOOP('',(#4629,#4630,#4632,#4633));
#4635=FACE_OUTER_BOUND('',#4634,.F.);
#4637=CARTESIAN_POINT('',(0.E0,0.E0,7.5E-1));
#4638=DIRECTION('',(0.E0,0.E0,-1.E0));
#4639=DIRECTION('',(0.E0,-1.E0,0.E0));
#4640=AXIS2_PLACEMENT_3D('',#4637,#4638,#4639);
#4641=CYLINDRICAL_SURFACE('',#4640,6.3E0);
#4642=ORIENTED_EDGE('',*,*,#4547,.T.);
#4643=ORIENTED_EDGE('',*,*,#4581,.T.);
#4645=ORIENTED_EDGE('',*,*,#4644,.F.);
#4646=ORIENTED_EDGE('',*,*,#4510,.F.);
#4647=EDGE_LOOP('',(#4642,#4643,#4645,#4646));
#4648=FACE_OUTER_BOUND('',#4647,.F.);
#4650=CARTESIAN_POINT('',(0.E0,0.E0,7.5E-1));
#4651=DIRECTION('',(0.E0,0.E0,-1.E0));
#4652=DIRECTION('',(0.E0,-1.E0,0.E0));
#4653=AXIS2_PLACEMENT_3D('',#4650,#4651,#4652);
#4654=CYLINDRICAL_SURFACE('',#4653,6.3E0);
#4655=ORIENTED_EDGE('',*,*,#4526,.T.);
#4657=ORIENTED_EDGE('',*,*,#4656,.T.);
#4658=ORIENTED_EDGE('',*,*,#4565,.T.);
#4660=ORIENTED_EDGE('',*,*,#4659,.F.);
#4661=EDGE_LOOP('',(#4655,#4657,#4658,#4660));
#4662=FACE_OUTER_BOUND('',#4661,.F.);
#4664=CARTESIAN_POINT('',(0.E0,0.E0,7.5E-1));
#4665=DIRECTION('',(0.E0,0.E0,-1.E0));
#4666=DIRECTION('',(0.E0,-1.E0,0.E0));
#4667=AXIS2_PLACEMENT_3D('',#4664,#4665,#4666);
#4668=CYLINDRICAL_SURFACE('',#4667,6.3E0);
#4669=ORIENTED_EDGE('',*,*,#4577,.T.);
#4671=ORIENTED_EDGE('',*,*,#4670,.F.);
#4672=ORIENTED_EDGE('',*,*,#4514,.T.);
#4674=ORIENTED_EDGE('',*,*,#4673,.T.);
#4675=EDGE_LOOP('',(#4669,#4671,#4672,#4674));
#4676=FACE_OUTER_BOUND('',#4675,.F.);
#4678=CARTESIAN_POINT('',(-5.975E0,-1.997341983737E0,-1.E1));
#4679=DIRECTION('',(1.E0,0.E0,0.E0));
#4680=DIRECTION('',(0.E0,1.E0,0.E0));
#4681=AXIS2_PLACEMENT_3D('',#4678,#4679,#4680);
#4682=PLANE('',#4681);
#4683=ORIENTED_EDGE('',*,*,#4571,.T.);
#4684=ORIENTED_EDGE('',*,*,#4601,.F.);
#4685=ORIENTED_EDGE('',*,*,#4520,.F.);
#4686=ORIENTED_EDGE('',*,*,#4615,.T.);
#4687=EDGE_LOOP('',(#4683,#4684,#4685,#4686));
#4688=FACE_OUTER_BOUND('',#4687,.F.);
#4690=CARTESIAN_POINT('',(-4.717248897962E0,4.175830795743E0,-1.E1));
#4691=DIRECTION('',(5.E-1,-8.660254037844E-1,0.E0));
#4692=DIRECTION('',(8.660254037844E-1,5.E-1,0.E0));
#4693=AXIS2_PLACEMENT_3D('',#4690,#4691,#4692);
#4694=PLANE('',#4693);
#4695=ORIENTED_EDGE('',*,*,#4567,.T.);
#4696=ORIENTED_EDGE('',*,*,#4656,.F.);
#4697=ORIENTED_EDGE('',*,*,#4524,.F.);
#4698=ORIENTED_EDGE('',*,*,#4604,.T.);
#4699=EDGE_LOOP('',(#4695,#4696,#4697,#4698));
#4700=FACE_OUTER_BOUND('',#4699,.F.);
#4702=CARTESIAN_POINT('',(-1.257751102038E0,-6.173172779481E0,-1.E1));
#4703=DIRECTION('',(5.E-1,8.660254037844E-1,0.E0));
#4704=DIRECTION('',(-8.660254037844E-1,5.E-1,0.E0));
#4705=AXIS2_PLACEMENT_3D('',#4702,#4703,#4704);
#4706=PLANE('',#4705);
#4707=ORIENTED_EDGE('',*,*,#4575,.T.);
#4708=ORIENTED_EDGE('',*,*,#4618,.F.);
#4709=ORIENTED_EDGE('',*,*,#4516,.F.);
#4710=ORIENTED_EDGE('',*,*,#4670,.T.);
#4711=EDGE_LOOP('',(#4707,#4708,#4709,#4710));
#4712=FACE_OUTER_BOUND('',#4711,.F.);
#4714=CARTESIAN_POINT('',(1.257751102038E0,6.173172779481E0,-1.E1));
#4715=DIRECTION('',(-5.E-1,-8.660254037844E-1,0.E0));
#4716=DIRECTION('',(8.660254037844E-1,-5.E-1,0.E0));
#4717=AXIS2_PLACEMENT_3D('',#4714,#4715,#4716);
#4718=PLANE('',#4717);
#4719=ORIENTED_EDGE('',*,*,#4563,.T.);
#4720=ORIENTED_EDGE('',*,*,#4631,.F.);
#4721=ORIENTED_EDGE('',*,*,#4528,.F.);
#4722=ORIENTED_EDGE('',*,*,#4659,.T.);
#4723=EDGE_LOOP('',(#4719,#4720,#4721,#4722));
#4724=FACE_OUTER_BOUND('',#4723,.F.);
#4726=CARTESIAN_POINT('',(4.717248897962E0,-4.175830795743E0,-1.E1));
#4727=DIRECTION('',(-5.E-1,8.660254037844E-1,0.E0));
#4728=DIRECTION('',(-8.660254037844E-1,-5.E-1,0.E0));
#4729=AXIS2_PLACEMENT_3D('',#4726,#4727,#4728);
#4730=PLANE('',#4729);
#4731=ORIENTED_EDGE('',*,*,#4579,.T.);
#4732=ORIENTED_EDGE('',*,*,#4673,.F.);
#4733=ORIENTED_EDGE('',*,*,#4512,.F.);
#4734=ORIENTED_EDGE('',*,*,#4644,.T.);
#4735=EDGE_LOOP('',(#4731,#4732,#4733,#4734));
#4736=FACE_OUTER_BOUND('',#4735,.F.);
#4738=CARTESIAN_POINT('',(0.E0,0.E0,7.5E-1));
#4739=DIRECTION('',(0.E0,0.E0,-1.E0));
#4740=DIRECTION('',(0.E0,-1.E0,0.E0));
#4741=AXIS2_PLACEMENT_3D('',#4738,#4739,#4740);
#4742=CYLINDRICAL_SURFACE('',#4741,5.E0);
#4743=ORIENTED_EDGE('',*,*,#4589,.T.);
#4745=ORIENTED_EDGE('',*,*,#4744,.T.);
#4747=ORIENTED_EDGE('',*,*,#4746,.F.);
#4749=ORIENTED_EDGE('',*,*,#4748,.F.);
#4750=EDGE_LOOP('',(#4743,#4745,#4747,#4749));
#4751=FACE_OUTER_BOUND('',#4750,.F.);
#4753=CARTESIAN_POINT('',(0.E0,0.E0,7.5E-1));
#4754=DIRECTION('',(0.E0,0.E0,-1.E0));
#4755=DIRECTION('',(0.E0,-1.E0,0.E0));
#4756=AXIS2_PLACEMENT_3D('',#4753,#4754,#4755);
#4757=CYLINDRICAL_SURFACE('',#4756,5.E0);
#4759=ORIENTED_EDGE('',*,*,#4758,.F.);
#4761=ORIENTED_EDGE('',*,*,#4760,.F.);
#4762=ORIENTED_EDGE('',*,*,#4585,.T.);
#4764=ORIENTED_EDGE('',*,*,#4763,.T.);
#4765=EDGE_LOOP('',(#4759,#4761,#4762,#4764));
#4766=FACE_OUTER_BOUND('',#4765,.F.);
#4768=CARTESIAN_POINT('',(-4.5E0,2.179449471770E0,-1.5E1));
#4769=DIRECTION('',(1.E0,0.E0,0.E0));
#4770=DIRECTION('',(0.E0,-1.E0,0.E0));
#4771=AXIS2_PLACEMENT_3D('',#4768,#4769,#4770);
#4772=PLANE('',#4771);
#4773=ORIENTED_EDGE('',*,*,#4760,.T.);
#4775=ORIENTED_EDGE('',*,*,#4774,.T.);
#4777=ORIENTED_EDGE('',*,*,#4776,.T.);
#4778=ORIENTED_EDGE('',*,*,#4744,.F.);
#4779=ORIENTED_EDGE('',*,*,#4587,.T.);
#4780=EDGE_LOOP('',(#4773,#4775,#4777,#4778,#4779));
#4781=FACE_OUTER_BOUND('',#4780,.F.);
#4783=CARTESIAN_POINT('',(0.E0,0.E0,-1.36E1));
#4784=DIRECTION('',(0.E0,0.E0,1.E0));
#4785=DIRECTION('',(0.E0,1.E0,0.E0));
#4786=AXIS2_PLACEMENT_3D('',#4783,#4784,#4785);
#4787=CONICAL_SURFACE('',#4786,4.75E0,3.200538320808E1);
#4789=ORIENTED_EDGE('',*,*,#4788,.T.);
#4791=ORIENTED_EDGE('',*,*,#4790,.F.);
#4792=ORIENTED_EDGE('',*,*,#4774,.F.);
#4793=ORIENTED_EDGE('',*,*,#4758,.T.);
#4795=ORIENTED_EDGE('',*,*,#4794,.F.);
#4796=EDGE_LOOP('',(#4789,#4791,#4792,#4793,#4795));
#4797=FACE_OUTER_BOUND('',#4796,.F.);
#4799=CARTESIAN_POINT('',(0.E0,0.E0,7.5E-1));
#4800=DIRECTION('',(0.E0,0.E0,-1.E0));
#4801=DIRECTION('',(0.E0,-1.E0,0.E0));
#4802=AXIS2_PLACEMENT_3D('',#4799,#4800,#4801);
#4803=CYLINDRICAL_SURFACE('',#4802,4.5E0);
#4805=ORIENTED_EDGE('',*,*,#4804,.F.);
#4807=ORIENTED_EDGE('',*,*,#4806,.F.);
#4809=ORIENTED_EDGE('',*,*,#4808,.T.);
#4811=ORIENTED_EDGE('',*,*,#4810,.T.);
#4812=ORIENTED_EDGE('',*,*,#4788,.F.);
#4813=EDGE_LOOP('',(#4805,#4807,#4809,#4811,#4812));
#4814=FACE_OUTER_BOUND('',#4813,.F.);
#4816=CARTESIAN_POINT('',(0.E0,0.E0,-1.36E1));
#4817=DIRECTION('',(0.E0,0.E0,1.E0));
#4818=DIRECTION('',(0.E0,1.E0,0.E0));
#4819=AXIS2_PLACEMENT_3D('',#4816,#4817,#4818);
#4820=CONICAL_SURFACE('',#4819,4.75E0,3.200538320808E1);
#4822=ORIENTED_EDGE('',*,*,#4821,.F.);
#4823=ORIENTED_EDGE('',*,*,#4804,.T.);
#4825=ORIENTED_EDGE('',*,*,#4824,.F.);
#4826=ORIENTED_EDGE('',*,*,#4746,.T.);
#4827=ORIENTED_EDGE('',*,*,#4776,.F.);
#4828=EDGE_LOOP('',(#4822,#4823,#4825,#4826,#4827));
#4829=FACE_OUTER_BOUND('',#4828,.F.);
#4831=CARTESIAN_POINT('',(0.E0,0.E0,7.5E-1));
#4832=DIRECTION('',(0.E0,0.E0,-1.E0));
#4833=DIRECTION('',(0.E0,-1.E0,0.E0));
#4834=AXIS2_PLACEMENT_3D('',#4831,#4832,#4833);
#4835=CYLINDRICAL_SURFACE('',#4834,4.5E0);
#4836=ORIENTED_EDGE('',*,*,#4821,.T.);
#4837=ORIENTED_EDGE('',*,*,#4790,.T.);
#4838=ORIENTED_EDGE('',*,*,#4810,.F.);
#4840=ORIENTED_EDGE('',*,*,#4839,.F.);
#4841=ORIENTED_EDGE('',*,*,#4806,.T.);
#4842=EDGE_LOOP('',(#4836,#4837,#4838,#4840,#4841));
#4843=FACE_OUTER_BOUND('',#4842,.F.);
#4845=CARTESIAN_POINT('',(0.E0,0.E0,-1.5E1));
#4846=DIRECTION('',(0.E0,0.E0,-1.E0));
#4847=DIRECTION('',(0.E0,-1.E0,0.E0));
#4848=AXIS2_PLACEMENT_3D('',#4845,#4846,#4847);
#4849=PLANE('',#4848);
#4850=ORIENTED_EDGE('',*,*,#4839,.T.);
#4851=ORIENTED_EDGE('',*,*,#4808,.F.);
#4852=EDGE_LOOP('',(#4850,#4851));
#4853=FACE_OUTER_BOUND('',#4852,.F.);
#4855=ORIENTED_EDGE('',*,*,#4854,.T.);
#4857=ORIENTED_EDGE('',*,*,#4856,.T.);
#4858=EDGE_LOOP('',(#4855,#4857));
#4859=FACE_BOUND('',#4858,.F.);
#4861=ORIENTED_EDGE('',*,*,#4860,.T.);
#4863=ORIENTED_EDGE('',*,*,#4862,.T.);
#4864=EDGE_LOOP('',(#4861,#4863));
#4865=FACE_BOUND('',#4864,.F.);
#4867=ORIENTED_EDGE('',*,*,#4866,.T.);
#4869=ORIENTED_EDGE('',*,*,#4868,.T.);
#4870=EDGE_LOOP('',(#4867,#4869));
#4871=FACE_BOUND('',#4870,.F.);
#4873=CARTESIAN_POINT('',(1.75E0,0.E0,-1.5E1));
#4874=DIRECTION('',(0.E0,0.E0,-1.E0));
#4875=DIRECTION('',(-1.E0,0.E0,0.E0));
#4876=AXIS2_PLACEMENT_3D('',#4873,#4874,#4875);
#4877=CYLINDRICAL_SURFACE('',#4876,5.E-1);
#4879=ORIENTED_EDGE('',*,*,#4878,.T.);
#4881=ORIENTED_EDGE('',*,*,#4880,.T.);
#4883=ORIENTED_EDGE('',*,*,#4882,.F.);
#4884=ORIENTED_EDGE('',*,*,#4854,.F.);
#4885=EDGE_LOOP('',(#4879,#4881,#4883,#4884));
#4886=FACE_OUTER_BOUND('',#4885,.F.);
#4888=CARTESIAN_POINT('',(1.75E0,0.E0,-1.5E1));
#4889=DIRECTION('',(0.E0,0.E0,-1.E0));
#4890=DIRECTION('',(-1.E0,0.E0,0.E0));
#4891=AXIS2_PLACEMENT_3D('',#4888,#4889,#4890);
#4892=CYLINDRICAL_SURFACE('',#4891,5.E-1);
#4893=ORIENTED_EDGE('',*,*,#4878,.F.);
#4894=ORIENTED_EDGE('',*,*,#4856,.F.);
#4895=ORIENTED_EDGE('',*,*,#4882,.T.);
#4897=ORIENTED_EDGE('',*,*,#4896,.T.);
#4898=EDGE_LOOP('',(#4893,#4894,#4895,#4897));
#4899=FACE_OUTER_BOUND('',#4898,.F.);
#4901=CARTESIAN_POINT('',(0.E0,0.E0,-1.65E1));
#4902=DIRECTION('',(0.E0,0.E0,-1.E0));
#4903=DIRECTION('',(-1.E0,0.E0,0.E0));
#4904=AXIS2_PLACEMENT_3D('',#4901,#4902,#4903);
#4905=PLANE('',#4904);
#4906=ORIENTED_EDGE('',*,*,#4880,.F.);
#4907=ORIENTED_EDGE('',*,*,#4896,.F.);
#4908=EDGE_LOOP('',(#4906,#4907));
#4909=FACE_OUTER_BOUND('',#4908,.F.);
#4911=ORIENTED_EDGE('',*,*,#4910,.T.);
#4913=ORIENTED_EDGE('',*,*,#4912,.T.);
#4914=EDGE_LOOP('',(#4911,#4913));
#4915=FACE_BOUND('',#4914,.F.);
#4917=CARTESIAN_POINT('',(0.E0,0.E0,-1.65E1));
#4918=DIRECTION('',(0.E0,0.E0,-1.E0));
#4919=DIRECTION('',(-1.E0,0.E0,0.E0));
#4920=AXIS2_PLACEMENT_3D('',#4917,#4918,#4919);
#4921=PLANE('',#4920);
#4923=ORIENTED_EDGE('',*,*,#4922,.F.);
#4925=ORIENTED_EDGE('',*,*,#4924,.F.);
#4926=EDGE_LOOP('',(#4923,#4925));
#4927=FACE_OUTER_BOUND('',#4926,.F.);
#4929=ORIENTED_EDGE('',*,*,#4928,.T.);
#4931=ORIENTED_EDGE('',*,*,#4930,.T.);
#4932=EDGE_LOOP('',(#4929,#4931));
#4933=FACE_BOUND('',#4932,.F.);
#4935=CARTESIAN_POINT('',(0.E0,0.E0,-1.65E1));
#4936=DIRECTION('',(0.E0,0.E0,-1.E0));
#4937=DIRECTION('',(-1.E0,0.E0,0.E0));
#4938=AXIS2_PLACEMENT_3D('',#4935,#4936,#4937);
#4939=PLANE('',#4938);
#4941=ORIENTED_EDGE('',*,*,#4940,.F.);
#4943=ORIENTED_EDGE('',*,*,#4942,.F.);
#4944=EDGE_LOOP('',(#4941,#4943));
#4945=FACE_OUTER_BOUND('',#4944,.F.);
#4947=ORIENTED_EDGE('',*,*,#4946,.T.);
#4949=ORIENTED_EDGE('',*,*,#4948,.T.);
#4950=EDGE_LOOP('',(#4947,#4949));
#4951=FACE_BOUND('',#4950,.F.);
#4953=CARTESIAN_POINT('',(0.E0,1.75E0,-1.5E1));
#4954=DIRECTION('',(0.E0,0.E0,-1.E0));
#4955=DIRECTION('',(-1.E0,0.E0,0.E0));
#4956=AXIS2_PLACEMENT_3D('',#4953,#4954,#4955);
#4957=CYLINDRICAL_SURFACE('',#4956,5.E-1);
#4959=ORIENTED_EDGE('',*,*,#4958,.T.);
#4960=ORIENTED_EDGE('',*,*,#4922,.T.);
#4962=ORIENTED_EDGE('',*,*,#4961,.F.);
#4963=ORIENTED_EDGE('',*,*,#4860,.F.);
#4964=EDGE_LOOP('',(#4959,#4960,#4962,#4963));
#4965=FACE_OUTER_BOUND('',#4964,.F.);
#4967=CARTESIAN_POINT('',(0.E0,1.75E0,-1.5E1));
#4968=DIRECTION('',(0.E0,0.E0,-1.E0));
#4969=DIRECTION('',(-1.E0,0.E0,0.E0));
#4970=AXIS2_PLACEMENT_3D('',#4967,#4968,#4969);
#4971=CYLINDRICAL_SURFACE('',#4970,5.E-1);
#4972=ORIENTED_EDGE('',*,*,#4958,.F.);
#4973=ORIENTED_EDGE('',*,*,#4862,.F.);
#4974=ORIENTED_EDGE('',*,*,#4961,.T.);
#4975=ORIENTED_EDGE('',*,*,#4924,.T.);
#4976=EDGE_LOOP('',(#4972,#4973,#4974,#4975));
#4977=FACE_OUTER_BOUND('',#4976,.F.);
#4979=CARTESIAN_POINT('',(-1.75E0,0.E0,-1.5E1));
#4980=DIRECTION('',(0.E0,0.E0,-1.E0));
#4981=DIRECTION('',(-1.E0,0.E0,0.E0));
#4982=AXIS2_PLACEMENT_3D('',#4979,#4980,#4981);
#4983=CYLINDRICAL_SURFACE('',#4982,5.E-1);
#4984=ORIENTED_EDGE('',*,*,#4866,.F.);
#4986=ORIENTED_EDGE('',*,*,#4985,.T.);
#4987=ORIENTED_EDGE('',*,*,#4940,.T.);
#4989=ORIENTED_EDGE('',*,*,#4988,.F.);
#4990=EDGE_LOOP('',(#4984,#4986,#4987,#4989));
#4991=FACE_OUTER_BOUND('',#4990,.F.);
#4993=CARTESIAN_POINT('',(-1.75E0,0.E0,-1.5E1));
#4994=DIRECTION('',(0.E0,0.E0,-1.E0));
#4995=DIRECTION('',(-1.E0,0.E0,0.E0));
#4996=AXIS2_PLACEMENT_3D('',#4993,#4994,#4995);
#4997=CYLINDRICAL_SURFACE('',#4996,5.E-1);
#4998=ORIENTED_EDGE('',*,*,#4868,.F.);
#4999=ORIENTED_EDGE('',*,*,#4988,.T.);
#5000=ORIENTED_EDGE('',*,*,#4942,.T.);
#5001=ORIENTED_EDGE('',*,*,#4985,.F.);
#5002=EDGE_LOOP('',(#4998,#4999,#5000,#5001));
#5003=FACE_OUTER_BOUND('',#5002,.F.);
#5005=CARTESIAN_POINT('',(1.75E0,0.E0,-1.65E1));
#5006=DIRECTION('',(0.E0,0.E0,-1.E0));
#5007=DIRECTION('',(-1.E0,0.E0,0.E0));
#5008=AXIS2_PLACEMENT_3D('',#5005,#5006,#5007);
#5009=CYLINDRICAL_SURFACE('',#5008,3.E-1);
#5010=ORIENTED_EDGE('',*,*,#4910,.F.);
#5012=ORIENTED_EDGE('',*,*,#5011,.T.);
#5014=ORIENTED_EDGE('',*,*,#5013,.T.);
#5016=ORIENTED_EDGE('',*,*,#5015,.F.);
#5017=EDGE_LOOP('',(#5010,#5012,#5014,#5016));
#5018=FACE_OUTER_BOUND('',#5017,.F.);
#5020=CARTESIAN_POINT('',(1.75E0,0.E0,-1.65E1));
#5021=DIRECTION('',(0.E0,0.E0,-1.E0));
#5022=DIRECTION('',(-1.E0,0.E0,0.E0));
#5023=AXIS2_PLACEMENT_3D('',#5020,#5021,#5022);
#5024=CYLINDRICAL_SURFACE('',#5023,3.E-1);
#5025=ORIENTED_EDGE('',*,*,#4912,.F.);
#5026=ORIENTED_EDGE('',*,*,#5015,.T.);
#5028=ORIENTED_EDGE('',*,*,#5027,.T.);
#5029=ORIENTED_EDGE('',*,*,#5011,.F.);
#5030=EDGE_LOOP('',(#5025,#5026,#5028,#5029));
#5031=FACE_OUTER_BOUND('',#5030,.F.);
#5033=CARTESIAN_POINT('',(0.E0,0.E0,-1.95E1));
#5034=DIRECTION('',(0.E0,0.E0,-1.E0));
#5035=DIRECTION('',(-1.E0,0.E0,0.E0));
#5036=AXIS2_PLACEMENT_3D('',#5033,#5034,#5035);
#5037=PLANE('',#5036);
#5038=ORIENTED_EDGE('',*,*,#5013,.F.);
#5039=ORIENTED_EDGE('',*,*,#5027,.F.);
#5040=EDGE_LOOP('',(#5038,#5039));
#5041=FACE_OUTER_BOUND('',#5040,.F.);
#5043=CARTESIAN_POINT('',(0.E0,0.E0,-1.95E1));
#5044=DIRECTION('',(0.E0,0.E0,-1.E0));
#5045=DIRECTION('',(-1.E0,0.E0,0.E0));
#5046=AXIS2_PLACEMENT_3D('',#5043,#5044,#5045);
#5047=PLANE('',#5046);
#5049=ORIENTED_EDGE('',*,*,#5048,.F.);
#5051=ORIENTED_EDGE('',*,*,#5050,.F.);
#5052=EDGE_LOOP('',(#5049,#5051));
#5053=FACE_OUTER_BOUND('',#5052,.F.);
#5055=CARTESIAN_POINT('',(0.E0,0.E0,-1.95E1));
#5056=DIRECTION('',(0.E0,0.E0,-1.E0));
#5057=DIRECTION('',(-1.E0,0.E0,0.E0));
#5058=AXIS2_PLACEMENT_3D('',#5055,#5056,#5057);
#5059=PLANE('',#5058);
#5061=ORIENTED_EDGE('',*,*,#5060,.F.);
#5063=ORIENTED_EDGE('',*,*,#5062,.F.);
#5064=EDGE_LOOP('',(#5061,#5063));
#5065=FACE_OUTER_BOUND('',#5064,.F.);
#5067=CARTESIAN_POINT('',(0.E0,1.75E0,-1.65E1));
#5068=DIRECTION('',(0.E0,0.E0,-1.E0));
#5069=DIRECTION('',(-1.E0,0.E0,0.E0));
#5070=AXIS2_PLACEMENT_3D('',#5067,#5068,#5069);
#5071=CYLINDRICAL_SURFACE('',#5070,3.E-1);
#5072=ORIENTED_EDGE('',*,*,#4928,.F.);
#5074=ORIENTED_EDGE('',*,*,#5073,.T.);
#5075=ORIENTED_EDGE('',*,*,#5048,.T.);
#5077=ORIENTED_EDGE('',*,*,#5076,.F.);
#5078=EDGE_LOOP('',(#5072,#5074,#5075,#5077));
#5079=FACE_OUTER_BOUND('',#5078,.F.);
#5081=CARTESIAN_POINT('',(0.E0,1.75E0,-1.65E1));
#5082=DIRECTION('',(0.E0,0.E0,-1.E0));
#5083=DIRECTION('',(-1.E0,0.E0,0.E0));
#5084=AXIS2_PLACEMENT_3D('',#5081,#5082,#5083);
#5085=CYLINDRICAL_SURFACE('',#5084,3.E-1);
#5086=ORIENTED_EDGE('',*,*,#4930,.F.);
#5087=ORIENTED_EDGE('',*,*,#5076,.T.);
#5088=ORIENTED_EDGE('',*,*,#5050,.T.);
#5089=ORIENTED_EDGE('',*,*,#5073,.F.);
#5090=EDGE_LOOP('',(#5086,#5087,#5088,#5089));
#5091=FACE_OUTER_BOUND('',#5090,.F.);
#5093=CARTESIAN_POINT('',(-1.75E0,0.E0,-1.65E1));
#5094=DIRECTION('',(0.E0,0.E0,-1.E0));
#5095=DIRECTION('',(-1.E0,0.E0,0.E0));
#5096=AXIS2_PLACEMENT_3D('',#5093,#5094,#5095);
#5097=CYLINDRICAL_SURFACE('',#5096,3.E-1);
#5098=ORIENTED_EDGE('',*,*,#4946,.F.);
#5100=ORIENTED_EDGE('',*,*,#5099,.T.);
#5101=ORIENTED_EDGE('',*,*,#5060,.T.);
#5103=ORIENTED_EDGE('',*,*,#5102,.F.);
#5104=EDGE_LOOP('',(#5098,#5100,#5101,#5103));
#5105=FACE_OUTER_BOUND('',#5104,.F.);
#5107=CARTESIAN_POINT('',(-1.75E0,0.E0,-1.65E1));
#5108=DIRECTION('',(0.E0,0.E0,-1.E0));
#5109=DIRECTION('',(-1.E0,0.E0,0.E0));
#5110=AXIS2_PLACEMENT_3D('',#5107,#5108,#5109);
#5111=CYLINDRICAL_SURFACE('',#5110,3.E-1);
#5112=ORIENTED_EDGE('',*,*,#4948,.F.);
#5113=ORIENTED_EDGE('',*,*,#5102,.T.);
#5114=ORIENTED_EDGE('',*,*,#5062,.T.);
#5115=ORIENTED_EDGE('',*,*,#5099,.F.);
#5116=EDGE_LOOP('',(#5112,#5113,#5114,#5115));
#5117=FACE_OUTER_BOUND('',#5116,.F.);
#5119=CARTESIAN_POINT('',(4.5E0,-2.179449471770E0,-1.5E1));
#5120=DIRECTION('',(-1.E0,0.E0,0.E0));
#5121=DIRECTION('',(0.E0,1.E0,0.E0));
#5122=AXIS2_PLACEMENT_3D('',#5119,#5120,#5121);
#5123=PLANE('',#5122);
#5124=ORIENTED_EDGE('',*,*,#4748,.T.);
#5125=ORIENTED_EDGE('',*,*,#4824,.T.);
#5126=ORIENTED_EDGE('',*,*,#4794,.T.);
#5127=ORIENTED_EDGE('',*,*,#4763,.F.);
#5128=ORIENTED_EDGE('',*,*,#4591,.T.);
#5129=EDGE_LOOP('',(#5124,#5125,#5126,#5127,#5128));
#5130=FACE_OUTER_BOUND('',#5129,.F.);
#5132=CARTESIAN_POINT('',(0.E0,0.E0,-9.25E0));
#5133=DIRECTION('',(0.E0,0.E0,-1.E0));
#5134=DIRECTION('',(0.E0,-1.E0,0.E0));
#5135=AXIS2_PLACEMENT_3D('',#5132,#5133,#5134);
#5136=TOROIDAL_SURFACE('',#5135,5.2E0,7.5E-1);
#5137=ORIENTED_EDGE('',*,*,#4534,.T.);
#5138=ORIENTED_EDGE('',*,*,#4498,.T.);
#5139=ORIENTED_EDGE('',*,*,#4467,.F.);
#5140=ORIENTED_EDGE('',*,*,#4495,.F.);
#5141=EDGE_LOOP('',(#5137,#5138,#5139,#5140));
#5142=FACE_OUTER_BOUND('',#5141,.F.);
#5144=CARTESIAN_POINT('',(-3.030909788985E0,3.939271008643E0,
-7.970874759990E0));
#5145=CARTESIAN_POINT('',(-2.581692721976E0,4.326334100903E0,
-7.989833093324E0));
#5146=CARTESIAN_POINT('',(-1.533977413937E0,4.945442102104E0,
-8.027749759990E0));
#5147=CARTESIAN_POINT('',(2.987832126722E-1,5.270076791283E0,
-8.084624759990E0));
#5148=CARTESIAN_POINT('',(2.164084317160E0,4.924636385192E0,-8.141499759990E0));
#5149=CARTESIAN_POINT('',(3.268164702928E0,4.260607643996E0,-8.179416426657E0));
#5150=CARTESIAN_POINT('',(3.748240242304E0,3.837613106386E0,-8.198374759990E0));
#5151=CARTESIAN_POINT('',(-2.923264874787E0,3.799365000464E0,
-8.072791586663E0));
#5152=CARTESIAN_POINT('',(-2.490713232596E0,4.173605568174E0,
-8.091749919997E0));
#5153=CARTESIAN_POINT('',(-1.480954689421E0,4.773091791326E0,
-8.129666586663E0));
#5154=CARTESIAN_POINT('',(2.881674684027E-1,5.090066807155E0,
-8.186541586663E0));
#5155=CARTESIAN_POINT('',(2.091171514962E0,4.759712881058E0,-8.243416586663E0));
#5156=CARTESIAN_POINT('',(3.159864527540E0,4.119631248070E0,-8.281333253330E0));
#5157=CARTESIAN_POINT('',(3.624897285373E0,3.711329165790E0,-8.300291586663E0));
#5158=CARTESIAN_POINT('',(-2.815619960589E0,3.659458992285E0,
-8.174708413337E0));
#5159=CARTESIAN_POINT('',(-2.399733743215E0,4.020877035445E0,
-8.193666746670E0));
#5160=CARTESIAN_POINT('',(-1.427931964905E0,4.600741480549E0,
-8.231583413337E0));
#5161=CARTESIAN_POINT('',(2.775517241331E-1,4.910056823028E0,
-8.288458413337E0));
#5162=CARTESIAN_POINT('',(2.018258712763E0,4.594789376924E0,-8.345333413337E0));
#5163=CARTESIAN_POINT('',(3.051564352151E0,3.978654852143E0,-8.383250080003E0));
#5164=CARTESIAN_POINT('',(3.501554328441E0,3.585045225193E0,-8.402208413337E0));
#5165=CARTESIAN_POINT('',(-2.707975046391E0,3.519552984106E0,
-8.276625240010E0));
#5166=CARTESIAN_POINT('',(-2.308754253834E0,3.868148502716E0,
-8.295583573343E0));
#5167=CARTESIAN_POINT('',(-1.374909240388E0,4.428391169771E0,
-8.333500240010E0));
#5168=CARTESIAN_POINT('',(2.669359798635E-1,4.730046838900E0,
-8.390375240010E0));
#5169=CARTESIAN_POINT('',(1.945345910564E0,4.429865872790E0,-8.447250240010E0));
#5170=CARTESIAN_POINT('',(2.943264176763E0,3.837678456217E0,-8.485166906676E0));
#5171=CARTESIAN_POINT('',(3.378211371509E0,3.458761284596E0,-8.504125240010E0));
#5172=B_SPLINE_SURFACE_WITH_KNOTS('',3,3,((#5144,#5145,#5146,#5147,#5148,#5149,
#5150),(#5151,#5152,#5153,#5154,#5155,#5156,#5157),(#5158,#5159,#5160,#5161,
#5162,#5163,#5164),(#5165,#5166,#5167,#5168,#5169,#5170,#5171)),.UNSPECIFIED.,
.F.,.F.,.F.,(4,4),(4,1,1,1,4),(4.079923196928E-2,1.019200768031E0),(-8.75E-3,
1.05E-1,2.1875E-1,3.325E-1,4.4625E-1),.UNSPECIFIED.);
#5174=ORIENTED_EDGE('',*,*,#5173,.T.);
#5176=ORIENTED_EDGE('',*,*,#5175,.T.);
#5178=ORIENTED_EDGE('',*,*,#5177,.T.);
#5179=ORIENTED_EDGE('',*,*,#4439,.T.);
#5180=ORIENTED_EDGE('',*,*,#4312,.F.);
#5181=EDGE_LOOP('',(#5174,#5176,#5178,#5179,#5180));
#5182=FACE_OUTER_BOUND('',#5181,.F.);
#5184=CARTESIAN_POINT('',(0.E0,0.E0,-8.E0));
#5185=DIRECTION('',(0.E0,0.E0,1.E0));
#5186=DIRECTION('',(1.E0,0.E0,0.E0));
#5187=AXIS2_PLACEMENT_3D('',#5184,#5185,#5186);
#5188=PLANE('',#5187);
#5190=ORIENTED_EDGE('',*,*,#5189,.F.);
#5192=ORIENTED_EDGE('',*,*,#5191,.F.);
#5194=ORIENTED_EDGE('',*,*,#5193,.F.);
#5196=ORIENTED_EDGE('',*,*,#5195,.F.);
#5198=ORIENTED_EDGE('',*,*,#5197,.F.);
#5200=ORIENTED_EDGE('',*,*,#5199,.F.);
#5201=EDGE_LOOP('',(#5190,#5192,#5194,#5196,#5198,#5200));
#5202=FACE_OUTER_BOUND('',#5201,.F.);
#5203=ORIENTED_EDGE('',*,*,#4110,.T.);
#5205=ORIENTED_EDGE('',*,*,#5204,.F.);
#5207=ORIENTED_EDGE('',*,*,#5206,.F.);
#5209=ORIENTED_EDGE('',*,*,#5208,.F.);
#5210=ORIENTED_EDGE('',*,*,#4407,.T.);
#5212=ORIENTED_EDGE('',*,*,#5211,.F.);
#5213=ORIENTED_EDGE('',*,*,#5173,.F.);
#5214=ORIENTED_EDGE('',*,*,#4310,.T.);
#5216=ORIENTED_EDGE('',*,*,#5215,.F.);
#5217=EDGE_LOOP('',(#5203,#5205,#5207,#5209,#5210,#5212,#5213,#5214,#5216));
#5218=FACE_BOUND('',#5217,.F.);
#5220=CARTESIAN_POINT('',(-3.174648661505E0,3.115364924753E0,-4.49225E0));
#5221=CARTESIAN_POINT('',(-2.769091248202E0,3.528639879823E0,-4.51296875E0));
#5222=CARTESIAN_POINT('',(-1.794699555069E0,4.194592128322E0,-4.55440625E0));
#5223=CARTESIAN_POINT('',(-6.269941774902E-2,4.561995410561E0,-4.6165625E0));
#5224=CARTESIAN_POINT('',(1.678703937150E0,4.242358330989E0,-4.67871875E0));
#5225=CARTESIAN_POINT('',(3.167318022287E0,3.283865895324E0,-4.740875E0));
#5226=CARTESIAN_POINT('',(4.178956018531E0,1.830846120341E0,-4.80303125E0));
#5227=CARTESIAN_POINT('',(4.561276696733E0,1.021160119839E-1,-4.8651875E0));
#5228=CARTESIAN_POINT('',(4.256704608413E0,-1.641992172385E0,-4.92734375E0));
#5229=CARTESIAN_POINT('',(3.311106179738E0,-3.138829133910E0,-4.9895E0));
#5230=CARTESIAN_POINT('',(1.866881064248E0,-4.162983012205E0,-5.05165625E0));
#5231=CARTESIAN_POINT('',(1.415182776476E-1,-4.560224231365E0,-5.1138125E0));
#5232=CARTESIAN_POINT('',(-1.605156054841E0,-4.270731378230E0,-5.17596875E0));
#5233=CARTESIAN_POINT('',(-3.110106449814E0,-3.338099809096E0,-5.238125E0));
#5234=CARTESIAN_POINT('',(-4.146699158383E0,-1.902776538307E0,-5.30028125E0));
#5235=CARTESIAN_POINT('',(-4.558831432642E0,-1.809100151217E-1,-5.3624375E0));
#5236=CARTESIAN_POINT('',(-4.284439378145E0,1.568200140233E0,-5.42459375E0));
#5237=CARTESIAN_POINT('',(-3.364844290444E0,3.081151629812E0,-5.48675E0));
#5238=CARTESIAN_POINT('',(-1.938529991468E0,4.130105802156E0,-5.54890625E0));
#5239=CARTESIAN_POINT('',(-2.202882499365E-1,4.557098369770E0,-5.6110625E0));
#5240=CARTESIAN_POINT('',(1.531127177694E0,4.297827594326E0,-5.67321875E0));
#5241=CARTESIAN_POINT('',(3.051966837510E0,3.391337625121E0,-5.735375E0));
#5242=CARTESIAN_POINT('',(4.113204181365E0,1.974138755819E0,-5.79753125E0));
#5243=CARTESIAN_POINT('',(4.555025172280E0,2.596500427837E-1,-5.8596875E0));
#5244=CARTESIAN_POINT('',(4.310895027451E0,-1.493939934242E0,-5.92184375E0));
#5245=CARTESIAN_POINT('',(3.417577835719E0,-3.022554251229E0,-5.984E0));
#5246=CARTESIAN_POINT('',(2.009600173575E0,-4.095995557516E0,-6.04615625E0));
#5247=CARTESIAN_POINT('',(2.989924557622E-1,-4.552611994913E0,-6.1083125E0));
#5248=CARTESIAN_POINT('',(-1.456641185476E0,-4.323640702186E0,-6.17046875E0));
#5249=CARTESIAN_POINT('',(-2.992916066278E0,-3.443562963711E0,-6.232625E0));
#5250=CARTESIAN_POINT('',(-4.078481215035E0,-2.044911597950E0,-6.29478125E0));
#5251=CARTESIAN_POINT('',(-4.549859017783E0,-3.383125524165E-1,-6.3569375E0));
#5252=CARTESIAN_POINT('',(-4.336063667215E0,1.419233715315E0,-6.41909375E0));
#5253=CARTESIAN_POINT('',(-3.469291069607E0,2.963054494802E0,-6.48125E0));
#5254=CARTESIAN_POINT('',(-2.080070393357E0,4.060662461164E0,-6.54340625E0));
#5255=CARTESIAN_POINT('',(-3.776073979567E-1,4.546766446370E0,-6.6055625E0));
#5256=CARTESIAN_POINT('',(1.381720315793E0,4.348162995306E0,-6.66771875E0));
#5257=CARTESIAN_POINT('',(2.932971765624E0,3.494760233103E0,-6.729875E0));
#5258=CARTESIAN_POINT('',(4.042540625866E0,2.115073935598E0,-6.79203125E0));
#5259=CARTESIAN_POINT('',(4.543334511497E0,4.168740594777E-1,-6.8541875E0));
#5260=CARTESIAN_POINT('',(4.359937783386E0,-1.344103786851E0,-6.91634375E0));
#5261=CARTESIAN_POINT('',(3.519968553220E0,-2.902670124070E0,-6.9785E0));
#5262=CARTESIAN_POINT('',(2.149919612065E0,-4.024117061727E0,-7.04065625E0));
#5263=CARTESIAN_POINT('',(4.561096061780E-1,-4.539563469319E0,-7.1028125E0));
#5264=CARTESIAN_POINT('',(-1.306386936127E0,-4.371387152603E0,-7.16496875E0));
#5265=CARTESIAN_POINT('',(-2.872151831807E0,-3.544914148449E0,-7.227125E0));
#5266=CARTESIAN_POINT('',(-4.005393143853E0,-2.184604821930E0,-7.28928125E0));
#5267=CARTESIAN_POINT('',(-4.535453601301E0,-4.953111095784E-1,-7.3514375E0));
#5268=CARTESIAN_POINT('',(-4.382510248394E0,1.268572578748E0,-7.41359375E0));
#5269=CARTESIAN_POINT('',(-3.569595156890E0,2.841419166672E0,-7.47575E0));
#5270=CARTESIAN_POINT('',(-2.219126976345E0,3.986370269767E0,-7.53790625E0));
#5271=CARTESIAN_POINT('',(-5.344756437414E-1,4.531005214195E0,-7.6000625E0));
#5272=CARTESIAN_POINT('',(1.230663537119E0,4.393306240552E0,-7.66221875E0));
#5273=CARTESIAN_POINT('',(2.810474422492E0,3.594009736378E0,-7.724375E0));
#5274=CARTESIAN_POINT('',(3.967049859346E0,2.253483498686E0,-7.78653125E0));
#5275=CARTESIAN_POINT('',(4.526218639876E0,5.736002852834E-1,-7.8486875E0));
#5276=CARTESIAN_POINT('',(4.403774323829E0,-1.192662639950E0,-7.91084375E0));
#5277=CARTESIAN_POINT('',(3.618156062602E0,-2.779319911784E0,-7.973E0));
#5278=CARTESIAN_POINT('',(2.287671832265E0,-3.947433343999E0,-8.03515625E0));
#5279=CARTESIAN_POINT('',(6.126820855292E-1,-4.521094275298E0,-8.0973125E0));
#5280=CARTESIAN_POINT('',(-1.154572617299E0,-4.413913568770E0,-8.15946875E0));
#5281=CARTESIAN_POINT('',(-2.747958356461E0,-3.642032886169E0,-8.221625E0));
#5282=CARTESIAN_POINT('',(-3.927520707775E0,-2.321687362052E0,-8.28378125E0));
#5283=CARTESIAN_POINT('',(-4.515638026734E0,-6.517258276944E-1,-8.3459375E0));
#5284=CARTESIAN_POINT('',(-4.423702603501E0,1.116425049757E0,-8.40809375E0));
#5285=CARTESIAN_POINT('',(-3.918377775521E0,2.182998247973E0,-8.44953125E0));
#5286=CARTESIAN_POINT('',(-3.573634077931E0,2.648213023046E0,-8.47025E0));
#5287=CARTESIAN_POINT('',(-3.308573930744E0,3.246789258848E0,
-4.600583333333E0));
#5288=CARTESIAN_POINT('',(-2.885907731065E0,3.677498571396E0,
-4.621302083333E0));
#5289=CARTESIAN_POINT('',(-1.870410490906E0,4.371544585123E0,
-4.662739583333E0));
#5290=CARTESIAN_POINT('',(-6.534444631706E-2,4.754447089085E0,
-4.724895833333E0));
#5291=CARTESIAN_POINT('',(1.749521498628E0,4.421325845907E0,-4.787052083333E0));
#5292=CARTESIAN_POINT('',(3.300934042241E0,3.422398586992E0,-4.849208333333E0));
#5293=CARTESIAN_POINT('',(4.355248852667E0,1.908081929952E0,-4.911364583333E0));
#5294=CARTESIAN_POINT('',(4.753698055698E0,1.064238632950E-1,
-4.973520833333E0));
#5295=CARTESIAN_POINT('',(4.436277333315E0,-1.711261016665E0,
-5.035677083333E0));
#5296=CARTESIAN_POINT('',(3.450788026103E0,-3.271243325739E0,
-5.097833333333E0));
#5297=CARTESIAN_POINT('',(1.945637038791E0,-4.338602011406E0,
-5.159989583333E0));
#5298=CARTESIAN_POINT('',(1.474883472387E-1,-4.752601191179E0,
-5.222145833333E0));
#5299=CARTESIAN_POINT('',(-1.672870935993E0,-4.450895834415E0,
-5.284302083333E0));
#5300=CARTESIAN_POINT('',(-3.241308950646E0,-3.478920404805E0,
-5.346458333333E0));
#5301=CARTESIAN_POINT('',(-4.321631209282E0,-1.983046794126E0,
-5.408614583333E0));
#5302=CARTESIAN_POINT('',(-4.751149636050E0,-1.885418588520E-1,
-5.470770833333E0));
#5303=CARTESIAN_POINT('',(-4.465182118032E0,1.634356004518E0,
-5.532927083333E0));
#5304=CARTESIAN_POINT('',(-3.506793124975E0,3.211132646796E0,
-5.595083333333E0));
#5305=CARTESIAN_POINT('',(-2.020308537291E0,4.304337848129E0,
-5.657239583333E0));
#5306=CARTESIAN_POINT('',(-2.295812981849E-1,4.749343462439E0,
-5.719395833333E0));
#5307=CARTESIAN_POINT('',(1.595719087343E0,4.479135127564E0,-5.781552083333E0));
#5308=CARTESIAN_POINT('',(3.180716669068E0,3.534404103637E0,-5.843708333333E0));
#5309=CARTESIAN_POINT('',(4.286723218008E0,2.057419487825E0,-5.905864583333E0));
#5310=CARTESIAN_POINT('',(4.747182805340E0,2.706036019317E-1,
-5.968020833333E0));
#5311=CARTESIAN_POINT('',(4.492753821532E0,-1.556963068218E0,
-6.030177083333E0));
#5312=CARTESIAN_POINT('',(3.561751279964E0,-3.150063287676E0,
-6.092333333333E0));
#5313=CARTESIAN_POINT('',(2.094376875820E0,-4.268788633643E0,
-6.154489583333E0));
#5314=CARTESIAN_POINT('',(3.116057082534E-1,-4.744667826020E0,
-6.216645833333E0));
#5315=CARTESIAN_POINT('',(-1.518090839832E0,-4.506037183458E0,
-6.278802083333E0));
#5316=CARTESIAN_POINT('',(-3.119174790541E0,-3.588832612806E0,
-6.340958333333E0));
#5317=CARTESIAN_POINT('',(-4.250535433643E0,-2.131177942837E0,
-6.403114583333E0));
#5318=CARTESIAN_POINT('',(-4.741798712196E0,-3.525845568177E-1,
-6.465270833333E0));
#5319=CARTESIAN_POINT('',(-4.518984221893E0,1.479105303545E0,
-6.527427083333E0));
#5320=CARTESIAN_POINT('',(-3.615646080856E0,3.088053483131E0,
-6.589583333333E0));
#5321=CARTESIAN_POINT('',(-2.167819942101E0,4.231964980399E0,
-6.651739583333E0));
#5322=CARTESIAN_POINT('',(-3.935370890281E-1,4.738575678012E0,
-6.713895833333E0));
#5323=CARTESIAN_POINT('',(1.440009369177E0,4.531593970489E0,-6.776052083333E0));
#5324=CARTESIAN_POINT('',(3.056701688291E0,3.642189682799E0,-6.838208333333E0));
#5325=CARTESIAN_POINT('',(4.213078659978E0,2.204300138712E0,-6.900364583333E0));
#5326=CARTESIAN_POINT('',(4.734998964031E0,4.344602482523E-1,
-6.962520833333E0));
#5327=CARTESIAN_POINT('',(4.543865488076E0,-1.400805954786E0,
-7.024677083333E0));
#5328=CARTESIAN_POINT('',(3.668461437462E0,-3.025121746069E0,
-7.086833333333E0));
#5329=CARTESIAN_POINT('',(2.240615809845E0,-4.193877882028E0,
-7.148989583333E0));
#5330=CARTESIAN_POINT('',(4.753509800505E-1,-4.731068837214E0,
-7.211145833333E0));
#5331=CARTESIAN_POINT('',(-1.361497986453E0,-4.555797858726E0,
-7.273302083333E0));
#5332=CARTESIAN_POINT('',(-2.993316013543E0,-3.694459383963E0,
-7.335458333333E0));
#5333=CARTESIAN_POINT('',(-4.174364079662E0,-2.276764244957E0,
-7.397614583333E0));
#5334=CARTESIAN_POINT('',(-4.726785590898E0,-5.162062324031E-1,
-7.459770833333E0));
#5335=CARTESIAN_POINT('',(-4.567390191827E0,1.322088398063E0,
-7.521927083333E0));
#5336=CARTESIAN_POINT('',(-3.720181581857E0,2.961286864642E0,
-7.584083333333E0));
#5337=CARTESIAN_POINT('',(-2.312742745985E0,4.154538709362E0,
-7.646239583333E0));
#5338=CARTESIAN_POINT('',(-5.570229559394E-1,4.722149544777E0,
-7.708395833333E0));
#5339=CARTESIAN_POINT('',(1.282580131088E0,4.578641622149E0,-7.770552083333E0));
#5340=CARTESIAN_POINT('',(2.929036689960E0,3.745626111263E0,-7.832708333333E0));
#5341=CARTESIAN_POINT('',(4.134403250901E0,2.348548627608E0,-7.894864583333E0));
#5342=CARTESIAN_POINT('',(4.717161044726E0,5.977981039504E-1,
-7.957020833333E0));
#5343=CARTESIAN_POINT('',(4.589551310474E0,-1.242976133567E0,
-8.019177083333E0));
#5344=CARTESIAN_POINT('',(3.770791070913E0,-2.896567899569E0,
-8.081333333333E0));
#5345=CARTESIAN_POINT('',(2.384179225282E0,-4.113959196076E0,
-8.143489583333E0));
#5346=CARTESIAN_POINT('',(6.385286033684E-1,-4.711820504445E0,
-8.205645833333E0));
#5347=CARTESIAN_POINT('',(-1.203279250730E0,-4.600118288134E0,
-8.267802083333E0));
#5348=CARTESIAN_POINT('',(-2.863883330210E0,-3.795675158706E0,
-8.329958333333E0));
#5349=CARTESIAN_POINT('',(-4.093206528260E0,-2.419629729288E0,
-8.392114583333E0));
#5350=CARTESIAN_POINT('',(-4.706134079368E0,-6.792194391930E-1,
-8.454270833333E0));
#5351=CARTESIAN_POINT('',(-4.610320281669E0,1.163522395421E0,
-8.516427083333E0));
#5352=CARTESIAN_POINT('',(-4.083677893587E0,2.275089896304E0,
-8.557864583333E0));
#5353=CARTESIAN_POINT('',(-3.724390888236E0,2.759930154587E0,
-8.578583333333E0));
#5354=CARTESIAN_POINT('',(-3.442499199984E0,3.378213592944E0,
-4.708916666667E0));
#5355=CARTESIAN_POINT('',(-3.002724213929E0,3.826357262968E0,
-4.729635416667E0));
#5356=CARTESIAN_POINT('',(-1.946121426743E0,4.548497041925E0,
-4.771072916667E0));
#5357=CARTESIAN_POINT('',(-6.798947488511E-2,4.946898767608E0,
-4.833229166667E0));
#5358=CARTESIAN_POINT('',(1.820339060106E0,4.600293360825E0,-4.895385416667E0));
#5359=CARTESIAN_POINT('',(3.434550062195E0,3.560931278659E0,-4.957541666667E0));
#5360=CARTESIAN_POINT('',(4.531541686802E0,1.985317739564E0,-5.019697916667E0));
#5361=CARTESIAN_POINT('',(4.946119414664E0,1.107317146060E-1,
-5.081854166667E0));
#5362=CARTESIAN_POINT('',(4.615850058217E0,-1.780529860944E0,
-5.144010416667E0));
#5363=CARTESIAN_POINT('',(3.590469872469E0,-3.403657517568E0,
-5.206166666667E0));
#5364=CARTESIAN_POINT('',(2.024393013333E0,-4.514221010607E0,
-5.268322916667E0));
#5365=CARTESIAN_POINT('',(1.534584168297E-1,-4.944978150992E0,
-5.330479166667E0));
#5366=CARTESIAN_POINT('',(-1.740585817146E0,-4.631060290600E0,
-5.392635416667E0));
#5367=CARTESIAN_POINT('',(-3.372511451479E0,-3.619741000515E0,
-5.454791666667E0));
#5368=CARTESIAN_POINT('',(-4.496563260181E0,-2.063317049945E0,
-5.516947916667E0));
#5369=CARTESIAN_POINT('',(-4.943467839459E0,-1.961737025824E-1,
-5.579104166667E0));
#5370=CARTESIAN_POINT('',(-4.645924857918E0,1.700511868802E0,
-5.641260416667E0));
#5371=CARTESIAN_POINT('',(-3.648741959506E0,3.341113663780E0,
-5.703416666667E0));
#5372=CARTESIAN_POINT('',(-2.102087083114E0,4.478569894103E0,
-5.765572916667E0));
#5373=CARTESIAN_POINT('',(-2.388743464333E-1,4.941588555108E0,
-5.827729166667E0));
#5374=CARTESIAN_POINT('',(1.660310996992E0,4.660442660802E0,-5.889885416667E0));
#5375=CARTESIAN_POINT('',(3.309466500625E0,3.677470582152E0,-5.952041666667E0));
#5376=CARTESIAN_POINT('',(4.460242254651E0,2.140700219830E0,-6.014197916667E0));
#5377=CARTESIAN_POINT('',(4.939340438399E0,2.815571610797E-1,
-6.076354166667E0));
#5378=CARTESIAN_POINT('',(4.674612615614E0,-1.619986202194E0,
-6.138510416667E0));
#5379=CARTESIAN_POINT('',(3.705924724208E0,-3.277572324123E0,
-6.200666666667E0));
#5380=CARTESIAN_POINT('',(2.179153578065E0,-4.441581709770E0,
-6.262822916667E0));
#5381=CARTESIAN_POINT('',(3.242189607446E-1,-4.936723657128E0,
-6.324979166667E0));
#5382=CARTESIAN_POINT('',(-1.579540494187E0,-4.688433664731E0,
-6.387135416667E0));
#5383=CARTESIAN_POINT('',(-3.245433514805E0,-3.734102261901E0,
-6.449291666667E0));
#5384=CARTESIAN_POINT('',(-4.422589652251E0,-2.217444287723E0,
-6.511447916667E0));
#5385=CARTESIAN_POINT('',(-4.933738406609E0,-3.668565612190E-1,
-6.573604166667E0));
#5386=CARTESIAN_POINT('',(-4.701904776571E0,1.538976891775E0,
-6.635760416667E0));
#5387=CARTESIAN_POINT('',(-3.762001092106E0,3.213052471460E0,
-6.697916666667E0));
#5388=CARTESIAN_POINT('',(-2.255569490845E0,4.403267499633E0,
-6.760072916667E0));
#5389=CARTESIAN_POINT('',(-4.094667800996E-1,4.930384909655E0,
-6.822229166667E0));
#5390=CARTESIAN_POINT('',(1.498298422561E0,4.715024945672E0,-6.884385416667E0));
#5391=CARTESIAN_POINT('',(3.180431610958E0,3.789619132496E0,-6.946541666667E0));
#5392=CARTESIAN_POINT('',(4.383616694091E0,2.293526341826E0,-7.008697916667E0));
#5393=CARTESIAN_POINT('',(4.926663416566E0,4.520464370270E-1,
-7.070854166667E0));
#5394=CARTESIAN_POINT('',(4.727793192765E0,-1.457508122721E0,
-7.133010416667E0));
#5395=CARTESIAN_POINT('',(3.816954321705E0,-3.147573368069E0,
-7.195166666667E0));
#5396=CARTESIAN_POINT('',(2.331312007626E0,-4.363638702328E0,
-7.257322916667E0));
#5397=CARTESIAN_POINT('',(4.945923539231E-1,-4.922574205108E0,
-7.319479166667E0));
#5398=CARTESIAN_POINT('',(-1.416609036779E0,-4.740208564850E0,
-7.381635416667E0));
#5399=CARTESIAN_POINT('',(-3.114480195279E0,-3.844004619478E0,
-7.443791666667E0));
#5400=CARTESIAN_POINT('',(-4.343335015471E0,-2.368923667985E0,
-7.505947916667E0));
#5401=CARTESIAN_POINT('',(-4.918117580495E0,-5.371013552278E-1,
-7.568104166667E0));
#5402=CARTESIAN_POINT('',(-4.752270135260E0,1.375604217378E0,
-7.630260416667E0));
#5403=CARTESIAN_POINT('',(-3.870768006824E0,3.081154562612E0,
-7.692416666667E0));
#5404=CARTESIAN_POINT('',(-2.406358515625E0,4.322707148956E0,
-7.754572916667E0));
#5405=CARTESIAN_POINT('',(-5.795702681374E-1,4.913293875359E0,
-7.816729166667E0));
#5406=CARTESIAN_POINT('',(1.334496725056E0,4.763977003746E0,-7.878885416667E0));
#5407=CARTESIAN_POINT('',(3.047598957428E0,3.897242486149E0,-7.941041666667E0));
#5408=CARTESIAN_POINT('',(4.301756642456E0,2.443613756530E0,-8.003197916667E0));
#5409=CARTESIAN_POINT('',(4.908103449576E0,6.219959226173E-1,
-8.065354166667E0));
#5410=CARTESIAN_POINT('',(4.775328297118E0,-1.293289627184E0,
-8.127510416667E0));
#5411=CARTESIAN_POINT('',(3.923426079224E0,-3.013815887355E0,
-8.189666666667E0));
#5412=CARTESIAN_POINT('',(2.480686618299E0,-4.280485048152E0,
-8.251822916667E0));
#5413=CARTESIAN_POINT('',(6.643751212076E-1,-4.902546733592E0,
-8.313979166667E0));
#5414=CARTESIAN_POINT('',(-1.251985884161E0,-4.786323007499E0,
-8.376135416667E0));
#5415=CARTESIAN_POINT('',(-2.979808303959E0,-3.949317431242E0,
-8.438291666667E0));
#5416=CARTESIAN_POINT('',(-4.258892348745E0,-2.517572096525E0,
-8.500447916667E0));
#5417=CARTESIAN_POINT('',(-4.896630132003E0,-7.067130506917E-1,
-8.562604166667E0));
#5418=CARTESIAN_POINT('',(-4.796937959836E0,1.210619741086E0,
-8.624760416667E0));
#5419=CARTESIAN_POINT('',(-4.248978011654E0,2.367181544635E0,
-8.666197916667E0));
#5420=CARTESIAN_POINT('',(-3.875147698542E0,2.871647286128E0,
-8.686916666667E0));
#5421=CARTESIAN_POINT('',(-3.576424469223E0,3.509637927040E0,-4.81725E0));
#5422=CARTESIAN_POINT('',(-3.119540696792E0,3.975215954541E0,-4.83796875E0));
#5423=CARTESIAN_POINT('',(-2.021832362580E0,4.725449498726E0,-4.87940625E0));
#5424=CARTESIAN_POINT('',(-7.063450345316E-2,5.139350446131E0,-4.9415625E0));
#5425=CARTESIAN_POINT('',(1.891156621583E0,4.779260875743E0,-5.00371875E0));
#5426=CARTESIAN_POINT('',(3.568166082148E0,3.699463970327E0,-5.065875E0));
#5427=CARTESIAN_POINT('',(4.707834520937E0,2.062553549175E0,-5.12803125E0));
#5428=CARTESIAN_POINT('',(5.138540773629E0,1.150395659171E-1,-5.1901875E0));
#5429=CARTESIAN_POINT('',(4.795422783120E0,-1.849798705224E0,-5.25234375E0));
#5430=CARTESIAN_POINT('',(3.730151718835E0,-3.536071709397E0,-5.3145E0));
#5431=CARTESIAN_POINT('',(2.103148987876E0,-4.689840009807E0,-5.37665625E0));
#5432=CARTESIAN_POINT('',(1.594284864207E-1,-5.137355110806E0,-5.4388125E0));
#5433=CARTESIAN_POINT('',(-1.808300698299E0,-4.811224746784E0,-5.50096875E0));
#5434=CARTESIAN_POINT('',(-3.503713952311E0,-3.760561596224E0,-5.563125E0));
#5435=CARTESIAN_POINT('',(-4.671495311080E0,-2.143587305765E0,-5.62528125E0));
#5436=CARTESIAN_POINT('',(-5.135786042867E0,-2.038055463127E-1,-5.6874375E0));
#5437=CARTESIAN_POINT('',(-4.826667597805E0,1.766667733087E0,-5.74959375E0));
#5438=CARTESIAN_POINT('',(-3.790690794037E0,3.471094680764E0,-5.81175E0));
#5439=CARTESIAN_POINT('',(-2.183865628937E0,4.652801940076E0,-5.87390625E0));
#5440=CARTESIAN_POINT('',(-2.481673946817E-1,5.133833647777E0,-5.9360625E0));
#5441=CARTESIAN_POINT('',(1.724902906642E0,4.841750194040E0,-5.99821875E0));
#5442=CARTESIAN_POINT('',(3.438216332183E0,3.820537060668E0,-6.060375E0));
#5443=CARTESIAN_POINT('',(4.633761291295E0,2.223980951835E0,-6.12253125E0));
#5444=CARTESIAN_POINT('',(5.131498071458E0,2.925107202276E-1,-6.1846875E0));
#5445=CARTESIAN_POINT('',(4.856471409695E0,-1.683009336170E0,-6.24684375E0));
#5446=CARTESIAN_POINT('',(3.850098168453E0,-3.405081360570E0,-6.309E0));
#5447=CARTESIAN_POINT('',(2.263930280310E0,-4.614374785897E0,-6.37115625E0));
#5448=CARTESIAN_POINT('',(3.368322132358E-1,-5.128779488236E0,-6.4333125E0));
#5449=CARTESIAN_POINT('',(-1.640990148543E0,-4.870830146003E0,-6.49546875E0));
#5450=CARTESIAN_POINT('',(-3.371692239069E0,-3.879371910997E0,-6.557625E0));
#5451=CARTESIAN_POINT('',(-4.594643870860E0,-2.303710632609E0,-6.61978125E0));
#5452=CARTESIAN_POINT('',(-5.125678101022E0,-3.811285656202E-1,-6.6819375E0));
#5453=CARTESIAN_POINT('',(-4.884825331249E0,1.598848480005E0,-6.74409375E0));
#5454=CARTESIAN_POINT('',(-3.908356103355E0,3.338051459788E0,-6.80625E0));
#5455=CARTESIAN_POINT('',(-2.343319039588E0,4.574570018868E0,-6.86840625E0));
#5456=CARTESIAN_POINT('',(-4.253964711710E-1,5.122194141297E0,-6.9305625E0));
#5457=CARTESIAN_POINT('',(1.556587475945E0,4.898455920855E0,-6.99271875E0));
#5458=CARTESIAN_POINT('',(3.304161533625E0,3.937048582192E0,-7.054875E0));
#5459=CARTESIAN_POINT('',(4.554154728203E0,2.382752544939E0,-7.11703125E0));
#5460=CARTESIAN_POINT('',(5.118327869100E0,4.696326258017E-1,-7.1791875E0));
#5461=CARTESIAN_POINT('',(4.911720897455E0,-1.514210290656E0,-7.24134375E0));
#5462=CARTESIAN_POINT('',(3.965447205948E0,-3.270024990068E0,-7.3035E0));
#5463=CARTESIAN_POINT('',(2.422008205407E0,-4.533399522628E0,-7.36565625E0));
#5464=CARTESIAN_POINT('',(5.138337277956E-1,-5.114079573003E0,-7.4278125E0));
#5465=CARTESIAN_POINT('',(-1.471720087105E0,-4.924619270973E0,-7.48996875E0));
#5466=CARTESIAN_POINT('',(-3.235644377016E0,-3.993549854993E0,-7.552125E0));
#5467=CARTESIAN_POINT('',(-4.512305951280E0,-2.461083091012E0,-7.61428125E0));
#5468=CARTESIAN_POINT('',(-5.109449570091E0,-5.579964780525E-1,-7.6764375E0));
#5469=CARTESIAN_POINT('',(-4.937150078694E0,1.429120036693E0,-7.73859375E0));
#5470=CARTESIAN_POINT('',(-4.021354431791E0,3.201022260582E0,-7.80075E0));
#5471=CARTESIAN_POINT('',(-2.499974285265E0,4.490875588551E0,-7.86290625E0));
#5472=CARTESIAN_POINT('',(-6.021175803354E-1,5.104438205941E0,-7.9250625E0));
#5473=CARTESIAN_POINT('',(1.386413319025E0,4.949312385343E0,-7.98721875E0));
#5474=CARTESIAN_POINT('',(3.166161224896E0,4.048858861035E0,-8.049375E0));
#5475=CARTESIAN_POINT('',(4.469110034011E0,2.538678885452E0,-8.11153125E0));
#5476=CARTESIAN_POINT('',(5.099045854425E0,6.461937412843E-1,-8.1736875E0));
#5477=CARTESIAN_POINT('',(4.961105283762E0,-1.343603120801E0,-8.23584375E0));
#5478=CARTESIAN_POINT('',(4.076061087535E0,-3.131063875141E0,-8.298E0));
#5479=CARTESIAN_POINT('',(2.577194011316E0,-4.447010900228E0,-8.36015625E0));
#5480=CARTESIAN_POINT('',(6.902216390467E-1,-5.093272962739E0,-8.4223125E0));
#5481=CARTESIAN_POINT('',(-1.300692517592E0,-4.972527726863E0,-8.48446875E0));
#5482=CARTESIAN_POINT('',(-3.095733277708E0,-4.102959703779E0,-8.546625E0));
#5483=CARTESIAN_POINT('',(-4.424578169229E0,-2.615514463762E0,-8.60878125E0));
#5484=CARTESIAN_POINT('',(-5.087126184637E0,-7.342066621904E-1,-8.6709375E0));
#5485=CARTESIAN_POINT('',(-4.983555638004E0,1.257717086750E0,-8.73309375E0));
#5486=CARTESIAN_POINT('',(-4.414278129721E0,2.459273192965E0,-8.77453125E0));
#5487=CARTESIAN_POINT('',(-4.025904508848E0,2.983364417669E0,-8.79525E0));
#5488=B_SPLINE_SURFACE_WITH_KNOTS('',3,3,((#5220,#5221,#5222,#5223,#5224,#5225,
#5226,#5227,#5228,#5229,#5230,#5231,#5232,#5233,#5234,#5235,#5236,#5237,#5238,
#5239,#5240,#5241,#5242,#5243,#5244,#5245,#5246,#5247,#5248,#5249,#5250,#5251,
#5252,#5253,#5254,#5255,#5256,#5257,#5258,#5259,#5260,#5261,#5262,#5263,#5264,
#5265,#5266,#5267,#5268,#5269,#5270,#5271,#5272,#5273,#5274,#5275,#5276,#5277,
#5278,#5279,#5280,#5281,#5282,#5283,#5284,#5285,#5286),(#5287,#5288,#5289,#5290,
#5291,#5292,#5293,#5294,#5295,#5296,#5297,#5298,#5299,#5300,#5301,#5302,#5303,
#5304,#5305,#5306,#5307,#5308,#5309,#5310,#5311,#5312,#5313,#5314,#5315,#5316,
#5317,#5318,#5319,#5320,#5321,#5322,#5323,#5324,#5325,#5326,#5327,#5328,#5329,
#5330,#5331,#5332,#5333,#5334,#5335,#5336,#5337,#5338,#5339,#5340,#5341,#5342,
#5343,#5344,#5345,#5346,#5347,#5348,#5349,#5350,#5351,#5352,#5353),(#5354,#5355,
#5356,#5357,#5358,#5359,#5360,#5361,#5362,#5363,#5364,#5365,#5366,#5367,#5368,
#5369,#5370,#5371,#5372,#5373,#5374,#5375,#5376,#5377,#5378,#5379,#5380,#5381,
#5382,#5383,#5384,#5385,#5386,#5387,#5388,#5389,#5390,#5391,#5392,#5393,#5394,
#5395,#5396,#5397,#5398,#5399,#5400,#5401,#5402,#5403,#5404,#5405,#5406,#5407,
#5408,#5409,#5410,#5411,#5412,#5413,#5414,#5415,#5416,#5417,#5418,#5419,#5420),(
#5421,#5422,#5423,#5424,#5425,#5426,#5427,#5428,#5429,#5430,#5431,#5432,#5433,
#5434,#5435,#5436,#5437,#5438,#5439,#5440,#5441,#5442,#5443,#5444,#5445,#5446,
#5447,#5448,#5449,#5450,#5451,#5452,#5453,#5454,#5455,#5456,#5457,#5458,#5459,
#5460,#5461,#5462,#5463,#5464,#5465,#5466,#5467,#5468,#5469,#5470,#5471,#5472,
#5473,#5474,#5475,#5476,#5477,#5478,#5479,#5480,#5481,#5482,#5483,#5484,#5485,
#5486,#5487)),.UNSPECIFIED.,.F.,.F.,.F.,(4,4),(4,1,1,1,1,1,1,1,1,1,1,1,1,1,1,1,
1,1,1,1,1,1,1,1,1,1,1,1,1,1,1,1,1,1,1,1,1,1,1,1,1,1,1,1,1,1,1,1,1,1,1,1,1,1,1,1,
1,1,1,1,1,1,1,1,4),(-2.E-2,1.02E0),(-1.936708860759E-2,-3.631329113924E-3,
1.210443037975E-2,2.784018987342E-2,4.357594936709E-2,5.931170886076E-2,
7.504746835443E-2,9.078322784810E-2,1.065189873418E-1,1.222547468354E-1,
1.379905063291E-1,1.537262658228E-1,1.694620253165E-1,1.851977848101E-1,
2.009335443038E-1,2.166693037975E-1,2.324050632911E-1,2.481408227848E-1,
2.638765822785E-1,2.796123417722E-1,2.953481012658E-1,3.110838607595E-1,
3.268196202532E-1,3.425553797468E-1,3.582911392405E-1,3.740268987342E-1,
3.897626582278E-1,4.054984177215E-1,4.212341772152E-1,4.369699367089E-1,
4.527056962025E-1,4.684414556962E-1,4.841772151899E-1,4.999129746835E-1,
5.156487341772E-1,5.313844936709E-1,5.471202531646E-1,5.628560126582E-1,
5.785917721519E-1,5.943275316456E-1,6.100632911392E-1,6.257990506329E-1,
6.415348101266E-1,6.572705696203E-1,6.730063291139E-1,6.887420886076E-1,
7.044778481013E-1,7.202136075949E-1,7.359493670886E-1,7.516851265823E-1,
7.674208860759E-1,7.831566455696E-1,7.988924050633E-1,8.146281645570E-1,
8.303639240506E-1,8.460996835443E-1,8.618354430380E-1,8.775712025316E-1,
8.933069620253E-1,9.090427215190E-1,9.247784810127E-1,9.405142405063E-1,
9.5625E-1,9.719857594937E-1,9.877215189873E-1),.UNSPECIFIED.);
#5490=ORIENTED_EDGE('',*,*,#5489,.T.);
#5491=ORIENTED_EDGE('',*,*,#4132,.F.);
#5493=ORIENTED_EDGE('',*,*,#5492,.T.);
#5495=ORIENTED_EDGE('',*,*,#5494,.F.);
#5497=ORIENTED_EDGE('',*,*,#5496,.T.);
#5498=ORIENTED_EDGE('',*,*,#4204,.F.);
#5499=ORIENTED_EDGE('',*,*,#4100,.F.);
#5500=ORIENTED_EDGE('',*,*,#4270,.F.);
#5501=ORIENTED_EDGE('',*,*,#4424,.F.);
#5502=ORIENTED_EDGE('',*,*,#4296,.F.);
#5503=EDGE_LOOP('',(#5490,#5491,#5493,#5495,#5497,#5498,#5499,#5500,#5501,
#5502));
#5504=FACE_OUTER_BOUND('',#5503,.F.);
#5506=CARTESIAN_POINT('',(-3.174648661505E0,3.115364924753E0,-4.49225E0));
#5507=CARTESIAN_POINT('',(-2.769091248202E0,3.528639879823E0,-4.51296875E0));
#5508=CARTESIAN_POINT('',(-1.794699555069E0,4.194592128322E0,-4.55440625E0));
#5509=CARTESIAN_POINT('',(-6.269941774902E-2,4.561995410561E0,-4.6165625E0));
#5510=CARTESIAN_POINT('',(1.678703937150E0,4.242358330989E0,-4.67871875E0));
#5511=CARTESIAN_POINT('',(3.167318022287E0,3.283865895324E0,-4.740875E0));
#5512=CARTESIAN_POINT('',(4.178956018531E0,1.830846120341E0,-4.80303125E0));
#5513=CARTESIAN_POINT('',(4.561276696733E0,1.021160119839E-1,-4.8651875E0));
#5514=CARTESIAN_POINT('',(4.256704608413E0,-1.641992172385E0,-4.92734375E0));
#5515=CARTESIAN_POINT('',(3.311106179738E0,-3.138829133910E0,-4.9895E0));
#5516=CARTESIAN_POINT('',(1.866881064248E0,-4.162983012205E0,-5.05165625E0));
#5517=CARTESIAN_POINT('',(1.415182776476E-1,-4.560224231365E0,-5.1138125E0));
#5518=CARTESIAN_POINT('',(-1.605156054841E0,-4.270731378230E0,-5.17596875E0));
#5519=CARTESIAN_POINT('',(-3.110106449814E0,-3.338099809096E0,-5.238125E0));
#5520=CARTESIAN_POINT('',(-4.146699158383E0,-1.902776538307E0,-5.30028125E0));
#5521=CARTESIAN_POINT('',(-4.558831432642E0,-1.809100151217E-1,-5.3624375E0));
#5522=CARTESIAN_POINT('',(-4.284439378145E0,1.568200140233E0,-5.42459375E0));
#5523=CARTESIAN_POINT('',(-3.364844290444E0,3.081151629812E0,-5.48675E0));
#5524=CARTESIAN_POINT('',(-1.938529991468E0,4.130105802156E0,-5.54890625E0));
#5525=CARTESIAN_POINT('',(-2.202882499365E-1,4.557098369770E0,-5.6110625E0));
#5526=CARTESIAN_POINT('',(1.531127177694E0,4.297827594326E0,-5.67321875E0));
#5527=CARTESIAN_POINT('',(3.051966837510E0,3.391337625121E0,-5.735375E0));
#5528=CARTESIAN_POINT('',(4.113204181365E0,1.974138755819E0,-5.79753125E0));
#5529=CARTESIAN_POINT('',(4.555025172280E0,2.596500427837E-1,-5.8596875E0));
#5530=CARTESIAN_POINT('',(4.310895027451E0,-1.493939934242E0,-5.92184375E0));
#5531=CARTESIAN_POINT('',(3.417577835719E0,-3.022554251229E0,-5.984E0));
#5532=CARTESIAN_POINT('',(2.009600173575E0,-4.095995557516E0,-6.04615625E0));
#5533=CARTESIAN_POINT('',(2.989924557622E-1,-4.552611994913E0,-6.1083125E0));
#5534=CARTESIAN_POINT('',(-1.456641185476E0,-4.323640702186E0,-6.17046875E0));
#5535=CARTESIAN_POINT('',(-2.992916066278E0,-3.443562963711E0,-6.232625E0));
#5536=CARTESIAN_POINT('',(-4.078481215035E0,-2.044911597950E0,-6.29478125E0));
#5537=CARTESIAN_POINT('',(-4.549859017783E0,-3.383125524165E-1,-6.3569375E0));
#5538=CARTESIAN_POINT('',(-4.336063667215E0,1.419233715315E0,-6.41909375E0));
#5539=CARTESIAN_POINT('',(-3.469291069607E0,2.963054494802E0,-6.48125E0));
#5540=CARTESIAN_POINT('',(-2.080070393357E0,4.060662461164E0,-6.54340625E0));
#5541=CARTESIAN_POINT('',(-3.776073979567E-1,4.546766446370E0,-6.6055625E0));
#5542=CARTESIAN_POINT('',(1.381720315793E0,4.348162995306E0,-6.66771875E0));
#5543=CARTESIAN_POINT('',(2.932971765624E0,3.494760233103E0,-6.729875E0));
#5544=CARTESIAN_POINT('',(4.042540625866E0,2.115073935598E0,-6.79203125E0));
#5545=CARTESIAN_POINT('',(4.543334511497E0,4.168740594777E-1,-6.8541875E0));
#5546=CARTESIAN_POINT('',(4.359937783386E0,-1.344103786851E0,-6.91634375E0));
#5547=CARTESIAN_POINT('',(3.519968553220E0,-2.902670124070E0,-6.9785E0));
#5548=CARTESIAN_POINT('',(2.149919612065E0,-4.024117061727E0,-7.04065625E0));
#5549=CARTESIAN_POINT('',(4.561096061780E-1,-4.539563469319E0,-7.1028125E0));
#5550=CARTESIAN_POINT('',(-1.306386936127E0,-4.371387152603E0,-7.16496875E0));
#5551=CARTESIAN_POINT('',(-2.872151831807E0,-3.544914148449E0,-7.227125E0));
#5552=CARTESIAN_POINT('',(-4.005393143853E0,-2.184604821930E0,-7.28928125E0));
#5553=CARTESIAN_POINT('',(-4.535453601301E0,-4.953111095784E-1,-7.3514375E0));
#5554=CARTESIAN_POINT('',(-4.382510248394E0,1.268572578748E0,-7.41359375E0));
#5555=CARTESIAN_POINT('',(-3.569595156890E0,2.841419166672E0,-7.47575E0));
#5556=CARTESIAN_POINT('',(-2.219126976345E0,3.986370269767E0,-7.53790625E0));
#5557=CARTESIAN_POINT('',(-5.344756437414E-1,4.531005214195E0,-7.6000625E0));
#5558=CARTESIAN_POINT('',(1.230663537119E0,4.393306240552E0,-7.66221875E0));
#5559=CARTESIAN_POINT('',(2.810474422492E0,3.594009736378E0,-7.724375E0));
#5560=CARTESIAN_POINT('',(3.967049859346E0,2.253483498686E0,-7.78653125E0));
#5561=CARTESIAN_POINT('',(4.526218639876E0,5.736002852834E-1,-7.8486875E0));
#5562=CARTESIAN_POINT('',(4.403774323829E0,-1.192662639950E0,-7.91084375E0));
#5563=CARTESIAN_POINT('',(3.618156062602E0,-2.779319911784E0,-7.973E0));
#5564=CARTESIAN_POINT('',(2.287671832265E0,-3.947433343999E0,-8.03515625E0));
#5565=CARTESIAN_POINT('',(6.126820855292E-1,-4.521094275298E0,-8.0973125E0));
#5566=CARTESIAN_POINT('',(-1.154572617299E0,-4.413913568770E0,-8.15946875E0));
#5567=CARTESIAN_POINT('',(-2.747958356461E0,-3.642032886169E0,-8.221625E0));
#5568=CARTESIAN_POINT('',(-3.927520707775E0,-2.321687362052E0,-8.28378125E0));
#5569=CARTESIAN_POINT('',(-4.515638026734E0,-6.517258276944E-1,-8.3459375E0));
#5570=CARTESIAN_POINT('',(-4.423702603501E0,1.116425049757E0,-8.40809375E0));
#5571=CARTESIAN_POINT('',(-3.918377775521E0,2.182998247973E0,-8.44953125E0));
#5572=CARTESIAN_POINT('',(-3.573634077931E0,2.648213023046E0,-8.47025E0));
#5573=CARTESIAN_POINT('',(-3.308573930744E0,3.246789258848E0,
-4.600583333333E0));
#5574=CARTESIAN_POINT('',(-2.885907731065E0,3.677498571396E0,
-4.621302083333E0));
#5575=CARTESIAN_POINT('',(-1.870410490906E0,4.371544585123E0,
-4.662739583333E0));
#5576=CARTESIAN_POINT('',(-6.534444631706E-2,4.754447089085E0,
-4.724895833333E0));
#5577=CARTESIAN_POINT('',(1.749521498628E0,4.421325845907E0,-4.787052083333E0));
#5578=CARTESIAN_POINT('',(3.300934042241E0,3.422398586992E0,-4.849208333333E0));
#5579=CARTESIAN_POINT('',(4.355248852667E0,1.908081929952E0,-4.911364583333E0));
#5580=CARTESIAN_POINT('',(4.753698055698E0,1.064238632950E-1,
-4.973520833333E0));
#5581=CARTESIAN_POINT('',(4.436277333315E0,-1.711261016665E0,
-5.035677083333E0));
#5582=CARTESIAN_POINT('',(3.450788026103E0,-3.271243325739E0,
-5.097833333333E0));
#5583=CARTESIAN_POINT('',(1.945637038791E0,-4.338602011406E0,
-5.159989583333E0));
#5584=CARTESIAN_POINT('',(1.474883472387E-1,-4.752601191179E0,
-5.222145833333E0));
#5585=CARTESIAN_POINT('',(-1.672870935993E0,-4.450895834415E0,
-5.284302083333E0));
#5586=CARTESIAN_POINT('',(-3.241308950646E0,-3.478920404805E0,
-5.346458333333E0));
#5587=CARTESIAN_POINT('',(-4.321631209282E0,-1.983046794126E0,
-5.408614583333E0));
#5588=CARTESIAN_POINT('',(-4.751149636050E0,-1.885418588520E-1,
-5.470770833333E0));
#5589=CARTESIAN_POINT('',(-4.465182118032E0,1.634356004518E0,
-5.532927083333E0));
#5590=CARTESIAN_POINT('',(-3.506793124975E0,3.211132646796E0,
-5.595083333333E0));
#5591=CARTESIAN_POINT('',(-2.020308537291E0,4.304337848129E0,
-5.657239583333E0));
#5592=CARTESIAN_POINT('',(-2.295812981849E-1,4.749343462439E0,
-5.719395833333E0));
#5593=CARTESIAN_POINT('',(1.595719087343E0,4.479135127564E0,-5.781552083333E0));
#5594=CARTESIAN_POINT('',(3.180716669068E0,3.534404103637E0,-5.843708333333E0));
#5595=CARTESIAN_POINT('',(4.286723218008E0,2.057419487825E0,-5.905864583333E0));
#5596=CARTESIAN_POINT('',(4.747182805340E0,2.706036019317E-1,
-5.968020833333E0));
#5597=CARTESIAN_POINT('',(4.492753821532E0,-1.556963068218E0,
-6.030177083333E0));
#5598=CARTESIAN_POINT('',(3.561751279964E0,-3.150063287676E0,
-6.092333333333E0));
#5599=CARTESIAN_POINT('',(2.094376875820E0,-4.268788633643E0,
-6.154489583333E0));
#5600=CARTESIAN_POINT('',(3.116057082534E-1,-4.744667826020E0,
-6.216645833333E0));
#5601=CARTESIAN_POINT('',(-1.518090839832E0,-4.506037183458E0,
-6.278802083333E0));
#5602=CARTESIAN_POINT('',(-3.119174790541E0,-3.588832612806E0,
-6.340958333333E0));
#5603=CARTESIAN_POINT('',(-4.250535433643E0,-2.131177942837E0,
-6.403114583333E0));
#5604=CARTESIAN_POINT('',(-4.741798712196E0,-3.525845568177E-1,
-6.465270833333E0));
#5605=CARTESIAN_POINT('',(-4.518984221893E0,1.479105303545E0,
-6.527427083333E0));
#5606=CARTESIAN_POINT('',(-3.615646080856E0,3.088053483131E0,
-6.589583333333E0));
#5607=CARTESIAN_POINT('',(-2.167819942101E0,4.231964980399E0,
-6.651739583333E0));
#5608=CARTESIAN_POINT('',(-3.935370890281E-1,4.738575678012E0,
-6.713895833333E0));
#5609=CARTESIAN_POINT('',(1.440009369177E0,4.531593970489E0,-6.776052083333E0));
#5610=CARTESIAN_POINT('',(3.056701688291E0,3.642189682799E0,-6.838208333333E0));
#5611=CARTESIAN_POINT('',(4.213078659978E0,2.204300138712E0,-6.900364583333E0));
#5612=CARTESIAN_POINT('',(4.734998964031E0,4.344602482523E-1,
-6.962520833333E0));
#5613=CARTESIAN_POINT('',(4.543865488076E0,-1.400805954786E0,
-7.024677083333E0));
#5614=CARTESIAN_POINT('',(3.668461437462E0,-3.025121746069E0,
-7.086833333333E0));
#5615=CARTESIAN_POINT('',(2.240615809845E0,-4.193877882028E0,
-7.148989583333E0));
#5616=CARTESIAN_POINT('',(4.753509800505E-1,-4.731068837214E0,
-7.211145833333E0));
#5617=CARTESIAN_POINT('',(-1.361497986453E0,-4.555797858726E0,
-7.273302083333E0));
#5618=CARTESIAN_POINT('',(-2.993316013543E0,-3.694459383963E0,
-7.335458333333E0));
#5619=CARTESIAN_POINT('',(-4.174364079662E0,-2.276764244957E0,
-7.397614583333E0));
#5620=CARTESIAN_POINT('',(-4.726785590898E0,-5.162062324031E-1,
-7.459770833333E0));
#5621=CARTESIAN_POINT('',(-4.567390191827E0,1.322088398063E0,
-7.521927083333E0));
#5622=CARTESIAN_POINT('',(-3.720181581857E0,2.961286864642E0,
-7.584083333333E0));
#5623=CARTESIAN_POINT('',(-2.312742745985E0,4.154538709362E0,
-7.646239583333E0));
#5624=CARTESIAN_POINT('',(-5.570229559394E-1,4.722149544777E0,
-7.708395833333E0));
#5625=CARTESIAN_POINT('',(1.282580131088E0,4.578641622149E0,-7.770552083333E0));
#5626=CARTESIAN_POINT('',(2.929036689960E0,3.745626111263E0,-7.832708333333E0));
#5627=CARTESIAN_POINT('',(4.134403250901E0,2.348548627608E0,-7.894864583333E0));
#5628=CARTESIAN_POINT('',(4.717161044726E0,5.977981039504E-1,
-7.957020833333E0));
#5629=CARTESIAN_POINT('',(4.589551310474E0,-1.242976133567E0,
-8.019177083333E0));
#5630=CARTESIAN_POINT('',(3.770791070913E0,-2.896567899569E0,
-8.081333333333E0));
#5631=CARTESIAN_POINT('',(2.384179225282E0,-4.113959196076E0,
-8.143489583333E0));
#5632=CARTESIAN_POINT('',(6.385286033684E-1,-4.711820504445E0,
-8.205645833333E0));
#5633=CARTESIAN_POINT('',(-1.203279250730E0,-4.600118288134E0,
-8.267802083333E0));
#5634=CARTESIAN_POINT('',(-2.863883330210E0,-3.795675158706E0,
-8.329958333333E0));
#5635=CARTESIAN_POINT('',(-4.093206528260E0,-2.419629729288E0,
-8.392114583333E0));
#5636=CARTESIAN_POINT('',(-4.706134079368E0,-6.792194391930E-1,
-8.454270833333E0));
#5637=CARTESIAN_POINT('',(-4.610320281669E0,1.163522395421E0,
-8.516427083333E0));
#5638=CARTESIAN_POINT('',(-4.083677893587E0,2.275089896304E0,
-8.557864583333E0));
#5639=CARTESIAN_POINT('',(-3.724390888236E0,2.759930154587E0,
-8.578583333333E0));
#5640=CARTESIAN_POINT('',(-3.442499199984E0,3.378213592944E0,
-4.708916666667E0));
#5641=CARTESIAN_POINT('',(-3.002724213929E0,3.826357262968E0,
-4.729635416667E0));
#5642=CARTESIAN_POINT('',(-1.946121426743E0,4.548497041925E0,
-4.771072916667E0));
#5643=CARTESIAN_POINT('',(-6.798947488511E-2,4.946898767608E0,
-4.833229166667E0));
#5644=CARTESIAN_POINT('',(1.820339060106E0,4.600293360825E0,-4.895385416667E0));
#5645=CARTESIAN_POINT('',(3.434550062195E0,3.560931278659E0,-4.957541666667E0));
#5646=CARTESIAN_POINT('',(4.531541686802E0,1.985317739564E0,-5.019697916667E0));
#5647=CARTESIAN_POINT('',(4.946119414664E0,1.107317146060E-1,
-5.081854166667E0));
#5648=CARTESIAN_POINT('',(4.615850058217E0,-1.780529860944E0,
-5.144010416667E0));
#5649=CARTESIAN_POINT('',(3.590469872469E0,-3.403657517568E0,
-5.206166666667E0));
#5650=CARTESIAN_POINT('',(2.024393013333E0,-4.514221010607E0,
-5.268322916667E0));
#5651=CARTESIAN_POINT('',(1.534584168297E-1,-4.944978150992E0,
-5.330479166667E0));
#5652=CARTESIAN_POINT('',(-1.740585817146E0,-4.631060290600E0,
-5.392635416667E0));
#5653=CARTESIAN_POINT('',(-3.372511451479E0,-3.619741000515E0,
-5.454791666667E0));
#5654=CARTESIAN_POINT('',(-4.496563260181E0,-2.063317049945E0,
-5.516947916667E0));
#5655=CARTESIAN_POINT('',(-4.943467839459E0,-1.961737025824E-1,
-5.579104166667E0));
#5656=CARTESIAN_POINT('',(-4.645924857918E0,1.700511868802E0,
-5.641260416667E0));
#5657=CARTESIAN_POINT('',(-3.648741959506E0,3.341113663780E0,
-5.703416666667E0));
#5658=CARTESIAN_POINT('',(-2.102087083114E0,4.478569894103E0,
-5.765572916667E0));
#5659=CARTESIAN_POINT('',(-2.388743464333E-1,4.941588555108E0,
-5.827729166667E0));
#5660=CARTESIAN_POINT('',(1.660310996992E0,4.660442660802E0,-5.889885416667E0));
#5661=CARTESIAN_POINT('',(3.309466500625E0,3.677470582152E0,-5.952041666667E0));
#5662=CARTESIAN_POINT('',(4.460242254651E0,2.140700219830E0,-6.014197916667E0));
#5663=CARTESIAN_POINT('',(4.939340438399E0,2.815571610797E-1,
-6.076354166667E0));
#5664=CARTESIAN_POINT('',(4.674612615614E0,-1.619986202194E0,
-6.138510416667E0));
#5665=CARTESIAN_POINT('',(3.705924724208E0,-3.277572324123E0,
-6.200666666667E0));
#5666=CARTESIAN_POINT('',(2.179153578065E0,-4.441581709770E0,
-6.262822916667E0));
#5667=CARTESIAN_POINT('',(3.242189607446E-1,-4.936723657128E0,
-6.324979166667E0));
#5668=CARTESIAN_POINT('',(-1.579540494187E0,-4.688433664731E0,
-6.387135416667E0));
#5669=CARTESIAN_POINT('',(-3.245433514805E0,-3.734102261901E0,
-6.449291666667E0));
#5670=CARTESIAN_POINT('',(-4.422589652251E0,-2.217444287723E0,
-6.511447916667E0));
#5671=CARTESIAN_POINT('',(-4.933738406609E0,-3.668565612190E-1,
-6.573604166667E0));
#5672=CARTESIAN_POINT('',(-4.701904776571E0,1.538976891775E0,
-6.635760416667E0));
#5673=CARTESIAN_POINT('',(-3.762001092106E0,3.213052471460E0,
-6.697916666667E0));
#5674=CARTESIAN_POINT('',(-2.255569490845E0,4.403267499633E0,
-6.760072916667E0));
#5675=CARTESIAN_POINT('',(-4.094667800996E-1,4.930384909655E0,
-6.822229166667E0));
#5676=CARTESIAN_POINT('',(1.498298422561E0,4.715024945672E0,-6.884385416667E0));
#5677=CARTESIAN_POINT('',(3.180431610958E0,3.789619132496E0,-6.946541666667E0));
#5678=CARTESIAN_POINT('',(4.383616694091E0,2.293526341826E0,-7.008697916667E0));
#5679=CARTESIAN_POINT('',(4.926663416566E0,4.520464370270E-1,
-7.070854166667E0));
#5680=CARTESIAN_POINT('',(4.727793192765E0,-1.457508122721E0,
-7.133010416667E0));
#5681=CARTESIAN_POINT('',(3.816954321705E0,-3.147573368069E0,
-7.195166666667E0));
#5682=CARTESIAN_POINT('',(2.331312007626E0,-4.363638702328E0,
-7.257322916667E0));
#5683=CARTESIAN_POINT('',(4.945923539231E-1,-4.922574205108E0,
-7.319479166667E0));
#5684=CARTESIAN_POINT('',(-1.416609036779E0,-4.740208564850E0,
-7.381635416667E0));
#5685=CARTESIAN_POINT('',(-3.114480195279E0,-3.844004619478E0,
-7.443791666667E0));
#5686=CARTESIAN_POINT('',(-4.343335015471E0,-2.368923667985E0,
-7.505947916667E0));
#5687=CARTESIAN_POINT('',(-4.918117580495E0,-5.371013552278E-1,
-7.568104166667E0));
#5688=CARTESIAN_POINT('',(-4.752270135260E0,1.375604217378E0,
-7.630260416667E0));
#5689=CARTESIAN_POINT('',(-3.870768006824E0,3.081154562612E0,
-7.692416666667E0));
#5690=CARTESIAN_POINT('',(-2.406358515625E0,4.322707148956E0,
-7.754572916667E0));
#5691=CARTESIAN_POINT('',(-5.795702681374E-1,4.913293875359E0,
-7.816729166667E0));
#5692=CARTESIAN_POINT('',(1.334496725056E0,4.763977003746E0,-7.878885416667E0));
#5693=CARTESIAN_POINT('',(3.047598957428E0,3.897242486149E0,-7.941041666667E0));
#5694=CARTESIAN_POINT('',(4.301756642456E0,2.443613756530E0,-8.003197916667E0));
#5695=CARTESIAN_POINT('',(4.908103449576E0,6.219959226173E-1,
-8.065354166667E0));
#5696=CARTESIAN_POINT('',(4.775328297118E0,-1.293289627184E0,
-8.127510416667E0));
#5697=CARTESIAN_POINT('',(3.923426079224E0,-3.013815887355E0,
-8.189666666667E0));
#5698=CARTESIAN_POINT('',(2.480686618299E0,-4.280485048152E0,
-8.251822916667E0));
#5699=CARTESIAN_POINT('',(6.643751212076E-1,-4.902546733592E0,
-8.313979166667E0));
#5700=CARTESIAN_POINT('',(-1.251985884161E0,-4.786323007499E0,
-8.376135416667E0));
#5701=CARTESIAN_POINT('',(-2.979808303959E0,-3.949317431242E0,
-8.438291666667E0));
#5702=CARTESIAN_POINT('',(-4.258892348745E0,-2.517572096525E0,
-8.500447916667E0));
#5703=CARTESIAN_POINT('',(-4.896630132003E0,-7.067130506917E-1,
-8.562604166667E0));
#5704=CARTESIAN_POINT('',(-4.796937959836E0,1.210619741086E0,
-8.624760416667E0));
#5705=CARTESIAN_POINT('',(-4.248978011654E0,2.367181544635E0,
-8.666197916667E0));
#5706=CARTESIAN_POINT('',(-3.875147698542E0,2.871647286128E0,
-8.686916666667E0));
#5707=CARTESIAN_POINT('',(-3.576424469223E0,3.509637927040E0,-4.81725E0));
#5708=CARTESIAN_POINT('',(-3.119540696792E0,3.975215954541E0,-4.83796875E0));
#5709=CARTESIAN_POINT('',(-2.021832362580E0,4.725449498726E0,-4.87940625E0));
#5710=CARTESIAN_POINT('',(-7.063450345316E-2,5.139350446131E0,-4.9415625E0));
#5711=CARTESIAN_POINT('',(1.891156621583E0,4.779260875743E0,-5.00371875E0));
#5712=CARTESIAN_POINT('',(3.568166082148E0,3.699463970327E0,-5.065875E0));
#5713=CARTESIAN_POINT('',(4.707834520937E0,2.062553549175E0,-5.12803125E0));
#5714=CARTESIAN_POINT('',(5.138540773629E0,1.150395659171E-1,-5.1901875E0));
#5715=CARTESIAN_POINT('',(4.795422783120E0,-1.849798705224E0,-5.25234375E0));
#5716=CARTESIAN_POINT('',(3.730151718835E0,-3.536071709397E0,-5.3145E0));
#5717=CARTESIAN_POINT('',(2.103148987876E0,-4.689840009807E0,-5.37665625E0));
#5718=CARTESIAN_POINT('',(1.594284864207E-1,-5.137355110806E0,-5.4388125E0));
#5719=CARTESIAN_POINT('',(-1.808300698299E0,-4.811224746784E0,-5.50096875E0));
#5720=CARTESIAN_POINT('',(-3.503713952311E0,-3.760561596224E0,-5.563125E0));
#5721=CARTESIAN_POINT('',(-4.671495311080E0,-2.143587305765E0,-5.62528125E0));
#5722=CARTESIAN_POINT('',(-5.135786042867E0,-2.038055463127E-1,-5.6874375E0));
#5723=CARTESIAN_POINT('',(-4.826667597805E0,1.766667733087E0,-5.74959375E0));
#5724=CARTESIAN_POINT('',(-3.790690794037E0,3.471094680764E0,-5.81175E0));
#5725=CARTESIAN_POINT('',(-2.183865628937E0,4.652801940076E0,-5.87390625E0));
#5726=CARTESIAN_POINT('',(-2.481673946817E-1,5.133833647777E0,-5.9360625E0));
#5727=CARTESIAN_POINT('',(1.724902906642E0,4.841750194040E0,-5.99821875E0));
#5728=CARTESIAN_POINT('',(3.438216332183E0,3.820537060668E0,-6.060375E0));
#5729=CARTESIAN_POINT('',(4.633761291295E0,2.223980951835E0,-6.12253125E0));
#5730=CARTESIAN_POINT('',(5.131498071458E0,2.925107202276E-1,-6.1846875E0));
#5731=CARTESIAN_POINT('',(4.856471409695E0,-1.683009336170E0,-6.24684375E0));
#5732=CARTESIAN_POINT('',(3.850098168453E0,-3.405081360570E0,-6.309E0));
#5733=CARTESIAN_POINT('',(2.263930280310E0,-4.614374785897E0,-6.37115625E0));
#5734=CARTESIAN_POINT('',(3.368322132358E-1,-5.128779488236E0,-6.4333125E0));
#5735=CARTESIAN_POINT('',(-1.640990148543E0,-4.870830146003E0,-6.49546875E0));
#5736=CARTESIAN_POINT('',(-3.371692239069E0,-3.879371910997E0,-6.557625E0));
#5737=CARTESIAN_POINT('',(-4.594643870860E0,-2.303710632609E0,-6.61978125E0));
#5738=CARTESIAN_POINT('',(-5.125678101022E0,-3.811285656202E-1,-6.6819375E0));
#5739=CARTESIAN_POINT('',(-4.884825331249E0,1.598848480005E0,-6.74409375E0));
#5740=CARTESIAN_POINT('',(-3.908356103355E0,3.338051459788E0,-6.80625E0));
#5741=CARTESIAN_POINT('',(-2.343319039588E0,4.574570018868E0,-6.86840625E0));
#5742=CARTESIAN_POINT('',(-4.253964711710E-1,5.122194141297E0,-6.9305625E0));
#5743=CARTESIAN_POINT('',(1.556587475945E0,4.898455920855E0,-6.99271875E0));
#5744=CARTESIAN_POINT('',(3.304161533625E0,3.937048582192E0,-7.054875E0));
#5745=CARTESIAN_POINT('',(4.554154728203E0,2.382752544939E0,-7.11703125E0));
#5746=CARTESIAN_POINT('',(5.118327869100E0,4.696326258017E-1,-7.1791875E0));
#5747=CARTESIAN_POINT('',(4.911720897455E0,-1.514210290656E0,-7.24134375E0));
#5748=CARTESIAN_POINT('',(3.965447205948E0,-3.270024990068E0,-7.3035E0));
#5749=CARTESIAN_POINT('',(2.422008205407E0,-4.533399522628E0,-7.36565625E0));
#5750=CARTESIAN_POINT('',(5.138337277956E-1,-5.114079573003E0,-7.4278125E0));
#5751=CARTESIAN_POINT('',(-1.471720087105E0,-4.924619270973E0,-7.48996875E0));
#5752=CARTESIAN_POINT('',(-3.235644377016E0,-3.993549854993E0,-7.552125E0));
#5753=CARTESIAN_POINT('',(-4.512305951280E0,-2.461083091012E0,-7.61428125E0));
#5754=CARTESIAN_POINT('',(-5.109449570091E0,-5.579964780525E-1,-7.6764375E0));
#5755=CARTESIAN_POINT('',(-4.937150078694E0,1.429120036693E0,-7.73859375E0));
#5756=CARTESIAN_POINT('',(-4.021354431791E0,3.201022260582E0,-7.80075E0));
#5757=CARTESIAN_POINT('',(-2.499974285265E0,4.490875588551E0,-7.86290625E0));
#5758=CARTESIAN_POINT('',(-6.021175803354E-1,5.104438205941E0,-7.9250625E0));
#5759=CARTESIAN_POINT('',(1.386413319025E0,4.949312385343E0,-7.98721875E0));
#5760=CARTESIAN_POINT('',(3.166161224896E0,4.048858861035E0,-8.049375E0));
#5761=CARTESIAN_POINT('',(4.469110034011E0,2.538678885452E0,-8.11153125E0));
#5762=CARTESIAN_POINT('',(5.099045854425E0,6.461937412843E-1,-8.1736875E0));
#5763=CARTESIAN_POINT('',(4.961105283762E0,-1.343603120801E0,-8.23584375E0));
#5764=CARTESIAN_POINT('',(4.076061087535E0,-3.131063875141E0,-8.298E0));
#5765=CARTESIAN_POINT('',(2.577194011316E0,-4.447010900228E0,-8.36015625E0));
#5766=CARTESIAN_POINT('',(6.902216390467E-1,-5.093272962739E0,-8.4223125E0));
#5767=CARTESIAN_POINT('',(-1.300692517592E0,-4.972527726863E0,-8.48446875E0));
#5768=CARTESIAN_POINT('',(-3.095733277708E0,-4.102959703779E0,-8.546625E0));
#5769=CARTESIAN_POINT('',(-4.424578169229E0,-2.615514463762E0,-8.60878125E0));
#5770=CARTESIAN_POINT('',(-5.087126184637E0,-7.342066621904E-1,-8.6709375E0));
#5771=CARTESIAN_POINT('',(-4.983555638004E0,1.257717086750E0,-8.73309375E0));
#5772=CARTESIAN_POINT('',(-4.414278129721E0,2.459273192965E0,-8.77453125E0));
#5773=CARTESIAN_POINT('',(-4.025904508848E0,2.983364417669E0,-8.79525E0));
#5774=B_SPLINE_SURFACE_WITH_KNOTS('',3,3,((#5506,#5507,#5508,#5509,#5510,#5511,
#5512,#5513,#5514,#5515,#5516,#5517,#5518,#5519,#5520,#5521,#5522,#5523,#5524,
#5525,#5526,#5527,#5528,#5529,#5530,#5531,#5532,#5533,#5534,#5535,#5536,#5537,
#5538,#5539,#5540,#5541,#5542,#5543,#5544,#5545,#5546,#5547,#5548,#5549,#5550,
#5551,#5552,#5553,#5554,#5555,#5556,#5557,#5558,#5559,#5560,#5561,#5562,#5563,
#5564,#5565,#5566,#5567,#5568,#5569,#5570,#5571,#5572),(#5573,#5574,#5575,#5576,
#5577,#5578,#5579,#5580,#5581,#5582,#5583,#5584,#5585,#5586,#5587,#5588,#5589,
#5590,#5591,#5592,#5593,#5594,#5595,#5596,#5597,#5598,#5599,#5600,#5601,#5602,
#5603,#5604,#5605,#5606,#5607,#5608,#5609,#5610,#5611,#5612,#5613,#5614,#5615,
#5616,#5617,#5618,#5619,#5620,#5621,#5622,#5623,#5624,#5625,#5626,#5627,#5628,
#5629,#5630,#5631,#5632,#5633,#5634,#5635,#5636,#5637,#5638,#5639),(#5640,#5641,
#5642,#5643,#5644,#5645,#5646,#5647,#5648,#5649,#5650,#5651,#5652,#5653,#5654,
#5655,#5656,#5657,#5658,#5659,#5660,#5661,#5662,#5663,#5664,#5665,#5666,#5667,
#5668,#5669,#5670,#5671,#5672,#5673,#5674,#5675,#5676,#5677,#5678,#5679,#5680,
#5681,#5682,#5683,#5684,#5685,#5686,#5687,#5688,#5689,#5690,#5691,#5692,#5693,
#5694,#5695,#5696,#5697,#5698,#5699,#5700,#5701,#5702,#5703,#5704,#5705,#5706),(
#5707,#5708,#5709,#5710,#5711,#5712,#5713,#5714,#5715,#5716,#5717,#5718,#5719,
#5720,#5721,#5722,#5723,#5724,#5725,#5726,#5727,#5728,#5729,#5730,#5731,#5732,
#5733,#5734,#5735,#5736,#5737,#5738,#5739,#5740,#5741,#5742,#5743,#5744,#5745,
#5746,#5747,#5748,#5749,#5750,#5751,#5752,#5753,#5754,#5755,#5756,#5757,#5758,
#5759,#5760,#5761,#5762,#5763,#5764,#5765,#5766,#5767,#5768,#5769,#5770,#5771,
#5772,#5773)),.UNSPECIFIED.,.F.,.F.,.F.,(4,4),(4,1,1,1,1,1,1,1,1,1,1,1,1,1,1,1,
1,1,1,1,1,1,1,1,1,1,1,1,1,1,1,1,1,1,1,1,1,1,1,1,1,1,1,1,1,1,1,1,1,1,1,1,1,1,1,1,
1,1,1,1,1,1,1,1,4),(-2.E-2,1.02E0),(-1.936708860759E-2,-3.631329113924E-3,
1.210443037975E-2,2.784018987342E-2,4.357594936709E-2,5.931170886076E-2,
7.504746835443E-2,9.078322784810E-2,1.065189873418E-1,1.222547468354E-1,
1.379905063291E-1,1.537262658228E-1,1.694620253165E-1,1.851977848101E-1,
2.009335443038E-1,2.166693037975E-1,2.324050632911E-1,2.481408227848E-1,
2.638765822785E-1,2.796123417722E-1,2.953481012658E-1,3.110838607595E-1,
3.268196202532E-1,3.425553797468E-1,3.582911392405E-1,3.740268987342E-1,
3.897626582278E-1,4.054984177215E-1,4.212341772152E-1,4.369699367089E-1,
4.527056962025E-1,4.684414556962E-1,4.841772151899E-1,4.999129746835E-1,
5.156487341772E-1,5.313844936709E-1,5.471202531646E-1,5.628560126582E-1,
5.785917721519E-1,5.943275316456E-1,6.100632911392E-1,6.257990506329E-1,
6.415348101266E-1,6.572705696203E-1,6.730063291139E-1,6.887420886076E-1,
7.044778481013E-1,7.202136075949E-1,7.359493670886E-1,7.516851265823E-1,
7.674208860759E-1,7.831566455696E-1,7.988924050633E-1,8.146281645570E-1,
8.303639240506E-1,8.460996835443E-1,8.618354430380E-1,8.775712025316E-1,
8.933069620253E-1,9.090427215190E-1,9.247784810127E-1,9.405142405063E-1,
9.5625E-1,9.719857594937E-1,9.877215189873E-1),.UNSPECIFIED.);
#5775=ORIENTED_EDGE('',*,*,#5204,.T.);
#5776=ORIENTED_EDGE('',*,*,#4120,.F.);
#5777=ORIENTED_EDGE('',*,*,#4284,.T.);
#5778=ORIENTED_EDGE('',*,*,#4448,.T.);
#5779=ORIENTED_EDGE('',*,*,#4329,.F.);
#5780=ORIENTED_EDGE('',*,*,#4445,.T.);
#5782=ORIENTED_EDGE('',*,*,#5781,.F.);
#5783=EDGE_LOOP('',(#5775,#5776,#5777,#5778,#5779,#5780,#5782));
#5784=FACE_OUTER_BOUND('',#5783,.F.);
#5786=CARTESIAN_POINT('',(-3.174648661505E0,3.115364924753E0,-4.49225E0));
#5787=CARTESIAN_POINT('',(-2.769091248202E0,3.528639879823E0,-4.51296875E0));
#5788=CARTESIAN_POINT('',(-1.794699555069E0,4.194592128322E0,-4.55440625E0));
#5789=CARTESIAN_POINT('',(-6.269941774902E-2,4.561995410561E0,-4.6165625E0));
#5790=CARTESIAN_POINT('',(1.678703937150E0,4.242358330989E0,-4.67871875E0));
#5791=CARTESIAN_POINT('',(3.167318022287E0,3.283865895324E0,-4.740875E0));
#5792=CARTESIAN_POINT('',(4.178956018531E0,1.830846120341E0,-4.80303125E0));
#5793=CARTESIAN_POINT('',(4.561276696733E0,1.021160119839E-1,-4.8651875E0));
#5794=CARTESIAN_POINT('',(4.256704608413E0,-1.641992172385E0,-4.92734375E0));
#5795=CARTESIAN_POINT('',(3.311106179738E0,-3.138829133910E0,-4.9895E0));
#5796=CARTESIAN_POINT('',(1.866881064248E0,-4.162983012205E0,-5.05165625E0));
#5797=CARTESIAN_POINT('',(1.415182776476E-1,-4.560224231365E0,-5.1138125E0));
#5798=CARTESIAN_POINT('',(-1.605156054841E0,-4.270731378230E0,-5.17596875E0));
#5799=CARTESIAN_POINT('',(-3.110106449814E0,-3.338099809096E0,-5.238125E0));
#5800=CARTESIAN_POINT('',(-4.146699158383E0,-1.902776538307E0,-5.30028125E0));
#5801=CARTESIAN_POINT('',(-4.558831432642E0,-1.809100151217E-1,-5.3624375E0));
#5802=CARTESIAN_POINT('',(-4.284439378145E0,1.568200140233E0,-5.42459375E0));
#5803=CARTESIAN_POINT('',(-3.364844290444E0,3.081151629812E0,-5.48675E0));
#5804=CARTESIAN_POINT('',(-1.938529991468E0,4.130105802156E0,-5.54890625E0));
#5805=CARTESIAN_POINT('',(-2.202882499365E-1,4.557098369770E0,-5.6110625E0));
#5806=CARTESIAN_POINT('',(1.531127177694E0,4.297827594326E0,-5.67321875E0));
#5807=CARTESIAN_POINT('',(3.051966837510E0,3.391337625121E0,-5.735375E0));
#5808=CARTESIAN_POINT('',(4.113204181365E0,1.974138755819E0,-5.79753125E0));
#5809=CARTESIAN_POINT('',(4.555025172280E0,2.596500427837E-1,-5.8596875E0));
#5810=CARTESIAN_POINT('',(4.310895027451E0,-1.493939934242E0,-5.92184375E0));
#5811=CARTESIAN_POINT('',(3.417577835719E0,-3.022554251229E0,-5.984E0));
#5812=CARTESIAN_POINT('',(2.009600173575E0,-4.095995557516E0,-6.04615625E0));
#5813=CARTESIAN_POINT('',(2.989924557622E-1,-4.552611994913E0,-6.1083125E0));
#5814=CARTESIAN_POINT('',(-1.456641185476E0,-4.323640702186E0,-6.17046875E0));
#5815=CARTESIAN_POINT('',(-2.992916066278E0,-3.443562963711E0,-6.232625E0));
#5816=CARTESIAN_POINT('',(-4.078481215035E0,-2.044911597950E0,-6.29478125E0));
#5817=CARTESIAN_POINT('',(-4.549859017783E0,-3.383125524165E-1,-6.3569375E0));
#5818=CARTESIAN_POINT('',(-4.336063667215E0,1.419233715315E0,-6.41909375E0));
#5819=CARTESIAN_POINT('',(-3.469291069607E0,2.963054494802E0,-6.48125E0));
#5820=CARTESIAN_POINT('',(-2.080070393357E0,4.060662461164E0,-6.54340625E0));
#5821=CARTESIAN_POINT('',(-3.776073979567E-1,4.546766446370E0,-6.6055625E0));
#5822=CARTESIAN_POINT('',(1.381720315793E0,4.348162995306E0,-6.66771875E0));
#5823=CARTESIAN_POINT('',(2.932971765624E0,3.494760233103E0,-6.729875E0));
#5824=CARTESIAN_POINT('',(4.042540625866E0,2.115073935598E0,-6.79203125E0));
#5825=CARTESIAN_POINT('',(4.543334511497E0,4.168740594777E-1,-6.8541875E0));
#5826=CARTESIAN_POINT('',(4.359937783386E0,-1.344103786851E0,-6.91634375E0));
#5827=CARTESIAN_POINT('',(3.519968553220E0,-2.902670124070E0,-6.9785E0));
#5828=CARTESIAN_POINT('',(2.149919612065E0,-4.024117061727E0,-7.04065625E0));
#5829=CARTESIAN_POINT('',(4.561096061780E-1,-4.539563469319E0,-7.1028125E0));
#5830=CARTESIAN_POINT('',(-1.306386936127E0,-4.371387152603E0,-7.16496875E0));
#5831=CARTESIAN_POINT('',(-2.872151831807E0,-3.544914148449E0,-7.227125E0));
#5832=CARTESIAN_POINT('',(-4.005393143853E0,-2.184604821930E0,-7.28928125E0));
#5833=CARTESIAN_POINT('',(-4.535453601301E0,-4.953111095784E-1,-7.3514375E0));
#5834=CARTESIAN_POINT('',(-4.382510248394E0,1.268572578748E0,-7.41359375E0));
#5835=CARTESIAN_POINT('',(-3.569595156890E0,2.841419166672E0,-7.47575E0));
#5836=CARTESIAN_POINT('',(-2.219126976345E0,3.986370269767E0,-7.53790625E0));
#5837=CARTESIAN_POINT('',(-5.344756437414E-1,4.531005214195E0,-7.6000625E0));
#5838=CARTESIAN_POINT('',(1.230663537119E0,4.393306240552E0,-7.66221875E0));
#5839=CARTESIAN_POINT('',(2.810474422492E0,3.594009736378E0,-7.724375E0));
#5840=CARTESIAN_POINT('',(3.967049859346E0,2.253483498686E0,-7.78653125E0));
#5841=CARTESIAN_POINT('',(4.526218639876E0,5.736002852834E-1,-7.8486875E0));
#5842=CARTESIAN_POINT('',(4.403774323829E0,-1.192662639950E0,-7.91084375E0));
#5843=CARTESIAN_POINT('',(3.618156062602E0,-2.779319911784E0,-7.973E0));
#5844=CARTESIAN_POINT('',(2.287671832265E0,-3.947433343999E0,-8.03515625E0));
#5845=CARTESIAN_POINT('',(6.126820855292E-1,-4.521094275298E0,-8.0973125E0));
#5846=CARTESIAN_POINT('',(-1.154572617299E0,-4.413913568770E0,-8.15946875E0));
#5847=CARTESIAN_POINT('',(-2.747958356461E0,-3.642032886169E0,-8.221625E0));
#5848=CARTESIAN_POINT('',(-3.927520707775E0,-2.321687362052E0,-8.28378125E0));
#5849=CARTESIAN_POINT('',(-4.515638026734E0,-6.517258276944E-1,-8.3459375E0));
#5850=CARTESIAN_POINT('',(-4.423702603501E0,1.116425049757E0,-8.40809375E0));
#5851=CARTESIAN_POINT('',(-3.918377775521E0,2.182998247973E0,-8.44953125E0));
#5852=CARTESIAN_POINT('',(-3.573634077931E0,2.648213023046E0,-8.47025E0));
#5853=CARTESIAN_POINT('',(-3.308573930744E0,3.246789258848E0,
-4.600583333333E0));
#5854=CARTESIAN_POINT('',(-2.885907731065E0,3.677498571396E0,
-4.621302083333E0));
#5855=CARTESIAN_POINT('',(-1.870410490906E0,4.371544585123E0,
-4.662739583333E0));
#5856=CARTESIAN_POINT('',(-6.534444631706E-2,4.754447089085E0,
-4.724895833333E0));
#5857=CARTESIAN_POINT('',(1.749521498628E0,4.421325845907E0,-4.787052083333E0));
#5858=CARTESIAN_POINT('',(3.300934042241E0,3.422398586992E0,-4.849208333333E0));
#5859=CARTESIAN_POINT('',(4.355248852667E0,1.908081929952E0,-4.911364583333E0));
#5860=CARTESIAN_POINT('',(4.753698055698E0,1.064238632950E-1,
-4.973520833333E0));
#5861=CARTESIAN_POINT('',(4.436277333315E0,-1.711261016665E0,
-5.035677083333E0));
#5862=CARTESIAN_POINT('',(3.450788026103E0,-3.271243325739E0,
-5.097833333333E0));
#5863=CARTESIAN_POINT('',(1.945637038791E0,-4.338602011406E0,
-5.159989583333E0));
#5864=CARTESIAN_POINT('',(1.474883472387E-1,-4.752601191179E0,
-5.222145833333E0));
#5865=CARTESIAN_POINT('',(-1.672870935993E0,-4.450895834415E0,
-5.284302083333E0));
#5866=CARTESIAN_POINT('',(-3.241308950646E0,-3.478920404805E0,
-5.346458333333E0));
#5867=CARTESIAN_POINT('',(-4.321631209282E0,-1.983046794126E0,
-5.408614583333E0));
#5868=CARTESIAN_POINT('',(-4.751149636050E0,-1.885418588520E-1,
-5.470770833333E0));
#5869=CARTESIAN_POINT('',(-4.465182118032E0,1.634356004518E0,
-5.532927083333E0));
#5870=CARTESIAN_POINT('',(-3.506793124975E0,3.211132646796E0,
-5.595083333333E0));
#5871=CARTESIAN_POINT('',(-2.020308537291E0,4.304337848129E0,
-5.657239583333E0));
#5872=CARTESIAN_POINT('',(-2.295812981849E-1,4.749343462439E0,
-5.719395833333E0));
#5873=CARTESIAN_POINT('',(1.595719087343E0,4.479135127564E0,-5.781552083333E0));
#5874=CARTESIAN_POINT('',(3.180716669068E0,3.534404103637E0,-5.843708333333E0));
#5875=CARTESIAN_POINT('',(4.286723218008E0,2.057419487825E0,-5.905864583333E0));
#5876=CARTESIAN_POINT('',(4.747182805340E0,2.706036019317E-1,
-5.968020833333E0));
#5877=CARTESIAN_POINT('',(4.492753821532E0,-1.556963068218E0,
-6.030177083333E0));
#5878=CARTESIAN_POINT('',(3.561751279964E0,-3.150063287676E0,
-6.092333333333E0));
#5879=CARTESIAN_POINT('',(2.094376875820E0,-4.268788633643E0,
-6.154489583333E0));
#5880=CARTESIAN_POINT('',(3.116057082534E-1,-4.744667826020E0,
-6.216645833333E0));
#5881=CARTESIAN_POINT('',(-1.518090839832E0,-4.506037183458E0,
-6.278802083333E0));
#5882=CARTESIAN_POINT('',(-3.119174790541E0,-3.588832612806E0,
-6.340958333333E0));
#5883=CARTESIAN_POINT('',(-4.250535433643E0,-2.131177942837E0,
-6.403114583333E0));
#5884=CARTESIAN_POINT('',(-4.741798712196E0,-3.525845568177E-1,
-6.465270833333E0));
#5885=CARTESIAN_POINT('',(-4.518984221893E0,1.479105303545E0,
-6.527427083333E0));
#5886=CARTESIAN_POINT('',(-3.615646080856E0,3.088053483131E0,
-6.589583333333E0));
#5887=CARTESIAN_POINT('',(-2.167819942101E0,4.231964980399E0,
-6.651739583333E0));
#5888=CARTESIAN_POINT('',(-3.935370890281E-1,4.738575678012E0,
-6.713895833333E0));
#5889=CARTESIAN_POINT('',(1.440009369177E0,4.531593970489E0,-6.776052083333E0));
#5890=CARTESIAN_POINT('',(3.056701688291E0,3.642189682799E0,-6.838208333333E0));
#5891=CARTESIAN_POINT('',(4.213078659978E0,2.204300138712E0,-6.900364583333E0));
#5892=CARTESIAN_POINT('',(4.734998964031E0,4.344602482523E-1,
-6.962520833333E0));
#5893=CARTESIAN_POINT('',(4.543865488076E0,-1.400805954786E0,
-7.024677083333E0));
#5894=CARTESIAN_POINT('',(3.668461437462E0,-3.025121746069E0,
-7.086833333333E0));
#5895=CARTESIAN_POINT('',(2.240615809845E0,-4.193877882028E0,
-7.148989583333E0));
#5896=CARTESIAN_POINT('',(4.753509800505E-1,-4.731068837214E0,
-7.211145833333E0));
#5897=CARTESIAN_POINT('',(-1.361497986453E0,-4.555797858726E0,
-7.273302083333E0));
#5898=CARTESIAN_POINT('',(-2.993316013543E0,-3.694459383963E0,
-7.335458333333E0));
#5899=CARTESIAN_POINT('',(-4.174364079662E0,-2.276764244957E0,
-7.397614583333E0));
#5900=CARTESIAN_POINT('',(-4.726785590898E0,-5.162062324031E-1,
-7.459770833333E0));
#5901=CARTESIAN_POINT('',(-4.567390191827E0,1.322088398063E0,
-7.521927083333E0));
#5902=CARTESIAN_POINT('',(-3.720181581857E0,2.961286864642E0,
-7.584083333333E0));
#5903=CARTESIAN_POINT('',(-2.312742745985E0,4.154538709362E0,
-7.646239583333E0));
#5904=CARTESIAN_POINT('',(-5.570229559394E-1,4.722149544777E0,
-7.708395833333E0));
#5905=CARTESIAN_POINT('',(1.282580131088E0,4.578641622149E0,-7.770552083333E0));
#5906=CARTESIAN_POINT('',(2.929036689960E0,3.745626111263E0,-7.832708333333E0));
#5907=CARTESIAN_POINT('',(4.134403250901E0,2.348548627608E0,-7.894864583333E0));
#5908=CARTESIAN_POINT('',(4.717161044726E0,5.977981039504E-1,
-7.957020833333E0));
#5909=CARTESIAN_POINT('',(4.589551310474E0,-1.242976133567E0,
-8.019177083333E0));
#5910=CARTESIAN_POINT('',(3.770791070913E0,-2.896567899569E0,
-8.081333333333E0));
#5911=CARTESIAN_POINT('',(2.384179225282E0,-4.113959196076E0,
-8.143489583333E0));
#5912=CARTESIAN_POINT('',(6.385286033684E-1,-4.711820504445E0,
-8.205645833333E0));
#5913=CARTESIAN_POINT('',(-1.203279250730E0,-4.600118288134E0,
-8.267802083333E0));
#5914=CARTESIAN_POINT('',(-2.863883330210E0,-3.795675158706E0,
-8.329958333333E0));
#5915=CARTESIAN_POINT('',(-4.093206528260E0,-2.419629729288E0,
-8.392114583333E0));
#5916=CARTESIAN_POINT('',(-4.706134079368E0,-6.792194391930E-1,
-8.454270833333E0));
#5917=CARTESIAN_POINT('',(-4.610320281669E0,1.163522395421E0,
-8.516427083333E0));
#5918=CARTESIAN_POINT('',(-4.083677893587E0,2.275089896304E0,
-8.557864583333E0));
#5919=CARTESIAN_POINT('',(-3.724390888236E0,2.759930154587E0,
-8.578583333333E0));
#5920=CARTESIAN_POINT('',(-3.442499199984E0,3.378213592944E0,
-4.708916666667E0));
#5921=CARTESIAN_POINT('',(-3.002724213929E0,3.826357262968E0,
-4.729635416667E0));
#5922=CARTESIAN_POINT('',(-1.946121426743E0,4.548497041925E0,
-4.771072916667E0));
#5923=CARTESIAN_POINT('',(-6.798947488511E-2,4.946898767608E0,
-4.833229166667E0));
#5924=CARTESIAN_POINT('',(1.820339060106E0,4.600293360825E0,-4.895385416667E0));
#5925=CARTESIAN_POINT('',(3.434550062195E0,3.560931278659E0,-4.957541666667E0));
#5926=CARTESIAN_POINT('',(4.531541686802E0,1.985317739564E0,-5.019697916667E0));
#5927=CARTESIAN_POINT('',(4.946119414664E0,1.107317146060E-1,
-5.081854166667E0));
#5928=CARTESIAN_POINT('',(4.615850058217E0,-1.780529860944E0,
-5.144010416667E0));
#5929=CARTESIAN_POINT('',(3.590469872469E0,-3.403657517568E0,
-5.206166666667E0));
#5930=CARTESIAN_POINT('',(2.024393013333E0,-4.514221010607E0,
-5.268322916667E0));
#5931=CARTESIAN_POINT('',(1.534584168297E-1,-4.944978150992E0,
-5.330479166667E0));
#5932=CARTESIAN_POINT('',(-1.740585817146E0,-4.631060290600E0,
-5.392635416667E0));
#5933=CARTESIAN_POINT('',(-3.372511451479E0,-3.619741000515E0,
-5.454791666667E0));
#5934=CARTESIAN_POINT('',(-4.496563260181E0,-2.063317049945E0,
-5.516947916667E0));
#5935=CARTESIAN_POINT('',(-4.943467839459E0,-1.961737025824E-1,
-5.579104166667E0));
#5936=CARTESIAN_POINT('',(-4.645924857918E0,1.700511868802E0,
-5.641260416667E0));
#5937=CARTESIAN_POINT('',(-3.648741959506E0,3.341113663780E0,
-5.703416666667E0));
#5938=CARTESIAN_POINT('',(-2.102087083114E0,4.478569894103E0,
-5.765572916667E0));
#5939=CARTESIAN_POINT('',(-2.388743464333E-1,4.941588555108E0,
-5.827729166667E0));
#5940=CARTESIAN_POINT('',(1.660310996992E0,4.660442660802E0,-5.889885416667E0));
#5941=CARTESIAN_POINT('',(3.309466500625E0,3.677470582152E0,-5.952041666667E0));
#5942=CARTESIAN_POINT('',(4.460242254651E0,2.140700219830E0,-6.014197916667E0));
#5943=CARTESIAN_POINT('',(4.939340438399E0,2.815571610797E-1,
-6.076354166667E0));
#5944=CARTESIAN_POINT('',(4.674612615614E0,-1.619986202194E0,
-6.138510416667E0));
#5945=CARTESIAN_POINT('',(3.705924724208E0,-3.277572324123E0,
-6.200666666667E0));
#5946=CARTESIAN_POINT('',(2.179153578065E0,-4.441581709770E0,
-6.262822916667E0));
#5947=CARTESIAN_POINT('',(3.242189607446E-1,-4.936723657128E0,
-6.324979166667E0));
#5948=CARTESIAN_POINT('',(-1.579540494187E0,-4.688433664731E0,
-6.387135416667E0));
#5949=CARTESIAN_POINT('',(-3.245433514805E0,-3.734102261901E0,
-6.449291666667E0));
#5950=CARTESIAN_POINT('',(-4.422589652251E0,-2.217444287723E0,
-6.511447916667E0));
#5951=CARTESIAN_POINT('',(-4.933738406609E0,-3.668565612190E-1,
-6.573604166667E0));
#5952=CARTESIAN_POINT('',(-4.701904776571E0,1.538976891775E0,
-6.635760416667E0));
#5953=CARTESIAN_POINT('',(-3.762001092106E0,3.213052471460E0,
-6.697916666667E0));
#5954=CARTESIAN_POINT('',(-2.255569490845E0,4.403267499633E0,
-6.760072916667E0));
#5955=CARTESIAN_POINT('',(-4.094667800996E-1,4.930384909655E0,
-6.822229166667E0));
#5956=CARTESIAN_POINT('',(1.498298422561E0,4.715024945672E0,-6.884385416667E0));
#5957=CARTESIAN_POINT('',(3.180431610958E0,3.789619132496E0,-6.946541666667E0));
#5958=CARTESIAN_POINT('',(4.383616694091E0,2.293526341826E0,-7.008697916667E0));
#5959=CARTESIAN_POINT('',(4.926663416566E0,4.520464370270E-1,
-7.070854166667E0));
#5960=CARTESIAN_POINT('',(4.727793192765E0,-1.457508122721E0,
-7.133010416667E0));
#5961=CARTESIAN_POINT('',(3.816954321705E0,-3.147573368069E0,
-7.195166666667E0));
#5962=CARTESIAN_POINT('',(2.331312007626E0,-4.363638702328E0,
-7.257322916667E0));
#5963=CARTESIAN_POINT('',(4.945923539231E-1,-4.922574205108E0,
-7.319479166667E0));
#5964=CARTESIAN_POINT('',(-1.416609036779E0,-4.740208564850E0,
-7.381635416667E0));
#5965=CARTESIAN_POINT('',(-3.114480195279E0,-3.844004619478E0,
-7.443791666667E0));
#5966=CARTESIAN_POINT('',(-4.343335015471E0,-2.368923667985E0,
-7.505947916667E0));
#5967=CARTESIAN_POINT('',(-4.918117580495E0,-5.371013552278E-1,
-7.568104166667E0));
#5968=CARTESIAN_POINT('',(-4.752270135260E0,1.375604217378E0,
-7.630260416667E0));
#5969=CARTESIAN_POINT('',(-3.870768006824E0,3.081154562612E0,
-7.692416666667E0));
#5970=CARTESIAN_POINT('',(-2.406358515625E0,4.322707148956E0,
-7.754572916667E0));
#5971=CARTESIAN_POINT('',(-5.795702681374E-1,4.913293875359E0,
-7.816729166667E0));
#5972=CARTESIAN_POINT('',(1.334496725056E0,4.763977003746E0,-7.878885416667E0));
#5973=CARTESIAN_POINT('',(3.047598957428E0,3.897242486149E0,-7.941041666667E0));
#5974=CARTESIAN_POINT('',(4.301756642456E0,2.443613756530E0,-8.003197916667E0));
#5975=CARTESIAN_POINT('',(4.908103449576E0,6.219959226173E-1,
-8.065354166667E0));
#5976=CARTESIAN_POINT('',(4.775328297118E0,-1.293289627184E0,
-8.127510416667E0));
#5977=CARTESIAN_POINT('',(3.923426079224E0,-3.013815887355E0,
-8.189666666667E0));
#5978=CARTESIAN_POINT('',(2.480686618299E0,-4.280485048152E0,
-8.251822916667E0));
#5979=CARTESIAN_POINT('',(6.643751212076E-1,-4.902546733592E0,
-8.313979166667E0));
#5980=CARTESIAN_POINT('',(-1.251985884161E0,-4.786323007499E0,
-8.376135416667E0));
#5981=CARTESIAN_POINT('',(-2.979808303959E0,-3.949317431242E0,
-8.438291666667E0));
#5982=CARTESIAN_POINT('',(-4.258892348745E0,-2.517572096525E0,
-8.500447916667E0));
#5983=CARTESIAN_POINT('',(-4.896630132003E0,-7.067130506917E-1,
-8.562604166667E0));
#5984=CARTESIAN_POINT('',(-4.796937959836E0,1.210619741086E0,
-8.624760416667E0));
#5985=CARTESIAN_POINT('',(-4.248978011654E0,2.367181544635E0,
-8.666197916667E0));
#5986=CARTESIAN_POINT('',(-3.875147698542E0,2.871647286128E0,
-8.686916666667E0));
#5987=CARTESIAN_POINT('',(-3.576424469223E0,3.509637927040E0,-4.81725E0));
#5988=CARTESIAN_POINT('',(-3.119540696792E0,3.975215954541E0,-4.83796875E0));
#5989=CARTESIAN_POINT('',(-2.021832362580E0,4.725449498726E0,-4.87940625E0));
#5990=CARTESIAN_POINT('',(-7.063450345316E-2,5.139350446131E0,-4.9415625E0));
#5991=CARTESIAN_POINT('',(1.891156621583E0,4.779260875743E0,-5.00371875E0));
#5992=CARTESIAN_POINT('',(3.568166082148E0,3.699463970327E0,-5.065875E0));
#5993=CARTESIAN_POINT('',(4.707834520937E0,2.062553549175E0,-5.12803125E0));
#5994=CARTESIAN_POINT('',(5.138540773629E0,1.150395659171E-1,-5.1901875E0));
#5995=CARTESIAN_POINT('',(4.795422783120E0,-1.849798705224E0,-5.25234375E0));
#5996=CARTESIAN_POINT('',(3.730151718835E0,-3.536071709397E0,-5.3145E0));
#5997=CARTESIAN_POINT('',(2.103148987876E0,-4.689840009807E0,-5.37665625E0));
#5998=CARTESIAN_POINT('',(1.594284864207E-1,-5.137355110806E0,-5.4388125E0));
#5999=CARTESIAN_POINT('',(-1.808300698299E0,-4.811224746784E0,-5.50096875E0));
#6000=CARTESIAN_POINT('',(-3.503713952311E0,-3.760561596224E0,-5.563125E0));
#6001=CARTESIAN_POINT('',(-4.671495311080E0,-2.143587305765E0,-5.62528125E0));
#6002=CARTESIAN_POINT('',(-5.135786042867E0,-2.038055463127E-1,-5.6874375E0));
#6003=CARTESIAN_POINT('',(-4.826667597805E0,1.766667733087E0,-5.74959375E0));
#6004=CARTESIAN_POINT('',(-3.790690794037E0,3.471094680764E0,-5.81175E0));
#6005=CARTESIAN_POINT('',(-2.183865628937E0,4.652801940076E0,-5.87390625E0));
#6006=CARTESIAN_POINT('',(-2.481673946817E-1,5.133833647777E0,-5.9360625E0));
#6007=CARTESIAN_POINT('',(1.724902906642E0,4.841750194040E0,-5.99821875E0));
#6008=CARTESIAN_POINT('',(3.438216332183E0,3.820537060668E0,-6.060375E0));
#6009=CARTESIAN_POINT('',(4.633761291295E0,2.223980951835E0,-6.12253125E0));
#6010=CARTESIAN_POINT('',(5.131498071458E0,2.925107202276E-1,-6.1846875E0));
#6011=CARTESIAN_POINT('',(4.856471409695E0,-1.683009336170E0,-6.24684375E0));
#6012=CARTESIAN_POINT('',(3.850098168453E0,-3.405081360570E0,-6.309E0));
#6013=CARTESIAN_POINT('',(2.263930280310E0,-4.614374785897E0,-6.37115625E0));
#6014=CARTESIAN_POINT('',(3.368322132358E-1,-5.128779488236E0,-6.4333125E0));
#6015=CARTESIAN_POINT('',(-1.640990148543E0,-4.870830146003E0,-6.49546875E0));
#6016=CARTESIAN_POINT('',(-3.371692239069E0,-3.879371910997E0,-6.557625E0));
#6017=CARTESIAN_POINT('',(-4.594643870860E0,-2.303710632609E0,-6.61978125E0));
#6018=CARTESIAN_POINT('',(-5.125678101022E0,-3.811285656202E-1,-6.6819375E0));
#6019=CARTESIAN_POINT('',(-4.884825331249E0,1.598848480005E0,-6.74409375E0));
#6020=CARTESIAN_POINT('',(-3.908356103355E0,3.338051459788E0,-6.80625E0));
#6021=CARTESIAN_POINT('',(-2.343319039588E0,4.574570018868E0,-6.86840625E0));
#6022=CARTESIAN_POINT('',(-4.253964711710E-1,5.122194141297E0,-6.9305625E0));
#6023=CARTESIAN_POINT('',(1.556587475945E0,4.898455920855E0,-6.99271875E0));
#6024=CARTESIAN_POINT('',(3.304161533625E0,3.937048582192E0,-7.054875E0));
#6025=CARTESIAN_POINT('',(4.554154728203E0,2.382752544939E0,-7.11703125E0));
#6026=CARTESIAN_POINT('',(5.118327869100E0,4.696326258017E-1,-7.1791875E0));
#6027=CARTESIAN_POINT('',(4.911720897455E0,-1.514210290656E0,-7.24134375E0));
#6028=CARTESIAN_POINT('',(3.965447205948E0,-3.270024990068E0,-7.3035E0));
#6029=CARTESIAN_POINT('',(2.422008205407E0,-4.533399522628E0,-7.36565625E0));
#6030=CARTESIAN_POINT('',(5.138337277956E-1,-5.114079573003E0,-7.4278125E0));
#6031=CARTESIAN_POINT('',(-1.471720087105E0,-4.924619270973E0,-7.48996875E0));
#6032=CARTESIAN_POINT('',(-3.235644377016E0,-3.993549854993E0,-7.552125E0));
#6033=CARTESIAN_POINT('',(-4.512305951280E0,-2.461083091012E0,-7.61428125E0));
#6034=CARTESIAN_POINT('',(-5.109449570091E0,-5.579964780525E-1,-7.6764375E0));
#6035=CARTESIAN_POINT('',(-4.937150078694E0,1.429120036693E0,-7.73859375E0));
#6036=CARTESIAN_POINT('',(-4.021354431791E0,3.201022260582E0,-7.80075E0));
#6037=CARTESIAN_POINT('',(-2.499974285265E0,4.490875588551E0,-7.86290625E0));
#6038=CARTESIAN_POINT('',(-6.021175803354E-1,5.104438205941E0,-7.9250625E0));
#6039=CARTESIAN_POINT('',(1.386413319025E0,4.949312385343E0,-7.98721875E0));
#6040=CARTESIAN_POINT('',(3.166161224896E0,4.048858861035E0,-8.049375E0));
#6041=CARTESIAN_POINT('',(4.469110034011E0,2.538678885452E0,-8.11153125E0));
#6042=CARTESIAN_POINT('',(5.099045854425E0,6.461937412843E-1,-8.1736875E0));
#6043=CARTESIAN_POINT('',(4.961105283762E0,-1.343603120801E0,-8.23584375E0));
#6044=CARTESIAN_POINT('',(4.076061087535E0,-3.131063875141E0,-8.298E0));
#6045=CARTESIAN_POINT('',(2.577194011316E0,-4.447010900228E0,-8.36015625E0));
#6046=CARTESIAN_POINT('',(6.902216390467E-1,-5.093272962739E0,-8.4223125E0));
#6047=CARTESIAN_POINT('',(-1.300692517592E0,-4.972527726863E0,-8.48446875E0));
#6048=CARTESIAN_POINT('',(-3.095733277708E0,-4.102959703779E0,-8.546625E0));
#6049=CARTESIAN_POINT('',(-4.424578169229E0,-2.615514463762E0,-8.60878125E0));
#6050=CARTESIAN_POINT('',(-5.087126184637E0,-7.342066621904E-1,-8.6709375E0));
#6051=CARTESIAN_POINT('',(-4.983555638004E0,1.257717086750E0,-8.73309375E0));
#6052=CARTESIAN_POINT('',(-4.414278129721E0,2.459273192965E0,-8.77453125E0));
#6053=CARTESIAN_POINT('',(-4.025904508848E0,2.983364417669E0,-8.79525E0));
#6054=B_SPLINE_SURFACE_WITH_KNOTS('',3,3,((#5786,#5787,#5788,#5789,#5790,#5791,
#5792,#5793,#5794,#5795,#5796,#5797,#5798,#5799,#5800,#5801,#5802,#5803,#5804,
#5805,#5806,#5807,#5808,#5809,#5810,#5811,#5812,#5813,#5814,#5815,#5816,#5817,
#5818,#5819,#5820,#5821,#5822,#5823,#5824,#5825,#5826,#5827,#5828,#5829,#5830,
#5831,#5832,#5833,#5834,#5835,#5836,#5837,#5838,#5839,#5840,#5841,#5842,#5843,
#5844,#5845,#5846,#5847,#5848,#5849,#5850,#5851,#5852),(#5853,#5854,#5855,#5856,
#5857,#5858,#5859,#5860,#5861,#5862,#5863,#5864,#5865,#5866,#5867,#5868,#5869,
#5870,#5871,#5872,#5873,#5874,#5875,#5876,#5877,#5878,#5879,#5880,#5881,#5882,
#5883,#5884,#5885,#5886,#5887,#5888,#5889,#5890,#5891,#5892,#5893,#5894,#5895,
#5896,#5897,#5898,#5899,#5900,#5901,#5902,#5903,#5904,#5905,#5906,#5907,#5908,
#5909,#5910,#5911,#5912,#5913,#5914,#5915,#5916,#5917,#5918,#5919),(#5920,#5921,
#5922,#5923,#5924,#5925,#5926,#5927,#5928,#5929,#5930,#5931,#5932,#5933,#5934,
#5935,#5936,#5937,#5938,#5939,#5940,#5941,#5942,#5943,#5944,#5945,#5946,#5947,
#5948,#5949,#5950,#5951,#5952,#5953,#5954,#5955,#5956,#5957,#5958,#5959,#5960,
#5961,#5962,#5963,#5964,#5965,#5966,#5967,#5968,#5969,#5970,#5971,#5972,#5973,
#5974,#5975,#5976,#5977,#5978,#5979,#5980,#5981,#5982,#5983,#5984,#5985,#5986),(
#5987,#5988,#5989,#5990,#5991,#5992,#5993,#5994,#5995,#5996,#5997,#5998,#5999,
#6000,#6001,#6002,#6003,#6004,#6005,#6006,#6007,#6008,#6009,#6010,#6011,#6012,
#6013,#6014,#6015,#6016,#6017,#6018,#6019,#6020,#6021,#6022,#6023,#6024,#6025,
#6026,#6027,#6028,#6029,#6030,#6031,#6032,#6033,#6034,#6035,#6036,#6037,#6038,
#6039,#6040,#6041,#6042,#6043,#6044,#6045,#6046,#6047,#6048,#6049,#6050,#6051,
#6052,#6053)),.UNSPECIFIED.,.F.,.F.,.F.,(4,4),(4,1,1,1,1,1,1,1,1,1,1,1,1,1,1,1,
1,1,1,1,1,1,1,1,1,1,1,1,1,1,1,1,1,1,1,1,1,1,1,1,1,1,1,1,1,1,1,1,1,1,1,1,1,1,1,1,
1,1,1,1,1,1,1,1,4),(-2.E-2,1.02E0),(-1.936708860759E-2,-3.631329113924E-3,
1.210443037975E-2,2.784018987342E-2,4.357594936709E-2,5.931170886076E-2,
7.504746835443E-2,9.078322784810E-2,1.065189873418E-1,1.222547468354E-1,
1.379905063291E-1,1.537262658228E-1,1.694620253165E-1,1.851977848101E-1,
2.009335443038E-1,2.166693037975E-1,2.324050632911E-1,2.481408227848E-1,
2.638765822785E-1,2.796123417722E-1,2.953481012658E-1,3.110838607595E-1,
3.268196202532E-1,3.425553797468E-1,3.582911392405E-1,3.740268987342E-1,
3.897626582278E-1,4.054984177215E-1,4.212341772152E-1,4.369699367089E-1,
4.527056962025E-1,4.684414556962E-1,4.841772151899E-1,4.999129746835E-1,
5.156487341772E-1,5.313844936709E-1,5.471202531646E-1,5.628560126582E-1,
5.785917721519E-1,5.943275316456E-1,6.100632911392E-1,6.257990506329E-1,
6.415348101266E-1,6.572705696203E-1,6.730063291139E-1,6.887420886076E-1,
7.044778481013E-1,7.202136075949E-1,7.359493670886E-1,7.516851265823E-1,
7.674208860759E-1,7.831566455696E-1,7.988924050633E-1,8.146281645570E-1,
8.303639240506E-1,8.460996835443E-1,8.618354430380E-1,8.775712025316E-1,
8.933069620253E-1,9.090427215190E-1,9.247784810127E-1,9.405142405063E-1,
9.5625E-1,9.719857594937E-1,9.877215189873E-1),.UNSPECIFIED.);
#6055=ORIENTED_EDGE('',*,*,#4317,.F.);
#6056=ORIENTED_EDGE('',*,*,#4112,.F.);
#6057=ORIENTED_EDGE('',*,*,#5215,.T.);
#6058=EDGE_LOOP('',(#6055,#6056,#6057));
#6059=FACE_OUTER_BOUND('',#6058,.F.);
#6061=CARTESIAN_POINT('',(0.E0,0.E0,-6.E0));
#6062=DIRECTION('',(0.E0,0.E0,1.E0));
#6063=DIRECTION('',(1.E0,0.E0,0.E0));
#6064=AXIS2_PLACEMENT_3D('',#6061,#6062,#6063);
#6065=PLANE('',#6064);
#6067=ORIENTED_EDGE('',*,*,#6066,.F.);
#6069=ORIENTED_EDGE('',*,*,#6068,.T.);
#6071=ORIENTED_EDGE('',*,*,#6070,.T.);
#6073=ORIENTED_EDGE('',*,*,#6072,.F.);
#6075=ORIENTED_EDGE('',*,*,#6074,.T.);
#6077=ORIENTED_EDGE('',*,*,#6076,.T.);
#6078=EDGE_LOOP('',(#6067,#6069,#6071,#6073,#6075,#6077));
#6079=FACE_OUTER_BOUND('',#6078,.F.);
#6080=ORIENTED_EDGE('',*,*,#4294,.F.);
#6082=ORIENTED_EDGE('',*,*,#6081,.F.);
#6083=ORIENTED_EDGE('',*,*,#4419,.F.);
#6085=ORIENTED_EDGE('',*,*,#6084,.F.);
#6087=ORIENTED_EDGE('',*,*,#6086,.F.);
#6088=ORIENTED_EDGE('',*,*,#5492,.F.);
#6089=ORIENTED_EDGE('',*,*,#4130,.F.);
#6090=ORIENTED_EDGE('',*,*,#5489,.F.);
#6091=EDGE_LOOP('',(#6080,#6082,#6083,#6085,#6087,#6088,#6089,#6090));
#6092=FACE_BOUND('',#6091,.F.);
#6094=CARTESIAN_POINT('',(-3.631110251181E0,3.453028917739E0,-3.92725E0));
#6095=CARTESIAN_POINT('',(-3.166905811257E0,3.941173541085E0,
-3.948645833333E0));
#6096=CARTESIAN_POINT('',(-2.039185548773E0,4.727443735186E0,-3.9914375E0));
#6097=CARTESIAN_POINT('',(-2.020946298810E-2,5.148482900887E0,-4.055625E0));
#6098=CARTESIAN_POINT('',(2.001958914131E0,4.743344747174E0,-4.1198125E0));
#6099=CARTESIAN_POINT('',(3.702907030055E0,3.577104986731E0,-4.184E0));
#6100=CARTESIAN_POINT('',(4.809684039468E0,1.836880095240E0,-4.2481875E0));
#6101=CARTESIAN_POINT('',(5.144701395531E0,-1.980890671780E-1,-4.312375E0));
#6102=CARTESIAN_POINT('',(4.654201069995E0,-2.201273184238E0,-4.3765625E0));
#6103=CARTESIAN_POINT('',(3.416888945138E0,-3.851241516710E0,-4.44075E0));
#6104=CARTESIAN_POINT('',(1.631303707834E0,-4.883240676672E0,-4.5049375E0));
#6105=CARTESIAN_POINT('',(-4.160400846908E-1,-5.131676327746E0,-4.569125E0));
#6106=CARTESIAN_POINT('',(-2.396626196929E0,-4.556684557940E0,-4.6333125E0));
#6107=CARTESIAN_POINT('',(-3.992650304992E0,-3.250528392321E0,-4.6975E0));
#6108=CARTESIAN_POINT('',(-4.948014804327E0,-1.422793303227E0,-4.7616875E0));
#6109=CARTESIAN_POINT('',(-5.109422160673E0,6.332428219115E-1,-4.825875E0));
#6110=CARTESIAN_POINT('',(-4.450972992480E0,2.587668971817E0,-4.8900625E0));
#6111=CARTESIAN_POINT('',(-3.078321878603E0,4.126878444927E0,-4.95425E0));
#6112=CARTESIAN_POINT('',(-1.211724052661E0,5.003890097483E0,-5.0184375E0));
#6113=CARTESIAN_POINT('',(8.493066933432E-1,5.077978872360E0,-5.082625E0));
#6114=CARTESIAN_POINT('',(2.774057912625E0,4.337256504392E0,-5.1468125E0));
#6115=CARTESIAN_POINT('',(4.253684535110E0,2.900579108256E0,-5.211E0));
#6116=CARTESIAN_POINT('',(5.050766065449E0,9.984755578338E-1,-5.2751875E0));
#6117=CARTESIAN_POINT('',(5.037403012723E0,-1.063843115737E0,-5.339375E0));
#6118=CARTESIAN_POINT('',(4.215739608826E0,-2.955457805157E0,-5.4035625E0));
#6119=CARTESIAN_POINT('',(2.717619745589E0,-4.372840519145E0,-5.46775E0));
#6120=CARTESIAN_POINT('',(7.834313388667E-1,-5.088558403396E0,-5.5319375E0));
#6121=CARTESIAN_POINT('',(-1.276466252672E0,-4.987767556059E0,-5.596125E0));
#6122=CARTESIAN_POINT('',(-3.131542407911E0,-4.086640849762E0,-5.6603125E0));
#6123=CARTESIAN_POINT('',(-4.484132099067E0,-2.529772836759E0,-5.7245E0));
#6124=CARTESIAN_POINT('',(-5.117199143095E0,-5.669781454321E-1,-5.7886875E0));
#6125=CARTESIAN_POINT('',(-4.929161770040E0,1.486793708711E0,-5.852875E0));
#6126=CARTESIAN_POINT('',(-3.950192406904E0,3.301995038750E0,-5.9170625E0));
#6127=CARTESIAN_POINT('',(-2.337376218007E0,4.587359120778E0,-5.98125E0));
#6128=CARTESIAN_POINT('',(-3.495052611948E-1,5.136636775156E0,-6.0454375E0));
#6129=CARTESIAN_POINT('',(1.694447217117E0,4.861691055167E0,-6.109625E0));
#6130=CARTESIAN_POINT('',(3.466509144449E0,3.806639678107E0,-6.1738125E0));
#6131=CARTESIAN_POINT('',(4.682335934009E0,2.140775908070E0,-6.238E0));
#6132=CARTESIAN_POINT('',(5.146836341663E0,1.314038036993E-1,-6.3021875E0));
#6133=CARTESIAN_POINT('',(4.785476755214E0,-1.899053320157E0,-6.366375E0));
#6134=CARTESIAN_POINT('',(3.656240838047E0,-3.624788852014E0,-6.4305625E0));
#6135=CARTESIAN_POINT('',(1.940325485883E0,-4.768891726211E0,-6.49475E0));
#6136=CARTESIAN_POINT('',(-8.693397904288E-2,-5.147779499044E0,-6.5589375E0));
#6137=CARTESIAN_POINT('',(-2.100244040752E0,-4.700655938991E0,-6.623125E0));
#6138=CARTESIAN_POINT('',(-3.776549500806E0,-3.499266373892E0,-6.6873125E0));
#6139=CARTESIAN_POINT('',(-4.846870829750E0,-1.736385454674E0,-6.7515E0));
#6140=CARTESIAN_POINT('',(-5.139464551063E0,3.051154139971E-1,-6.8156875E0));
#6141=CARTESIAN_POINT('',(-4.607381153836E0,2.297657544275E0,-6.879875E0));
#6142=CARTESIAN_POINT('',(-3.335998598847E0,3.921518154488E0,-6.9440625E0));
#6143=CARTESIAN_POINT('',(-1.529322593613E0,4.916133001878E0,-7.00825E0));
#6144=CARTESIAN_POINT('',(5.227481093154E-1,5.121906451869E0,-7.0724375E0));
#6145=CARTESIAN_POINT('',(2.490938789287E0,4.505820151260E0,-7.136625E0));
#6146=CARTESIAN_POINT('',(4.059434091902E0,3.166731144422E0,-7.2008125E0));
#6147=CARTESIAN_POINT('',(4.976553676922E0,1.319509298171E0,-7.265E0));
#6148=CARTESIAN_POINT('',(5.095136779192E0,-7.394406600257E-1,-7.3291875E0));
#6149=CARTESIAN_POINT('',(4.396155584922E0,-2.679740166131E0,-7.393375E0));
#6150=CARTESIAN_POINT('',(2.991768433576E0,-4.190049275767E0,-7.4575625E0));
#6151=CARTESIAN_POINT('',(1.107322905787E0,-5.028024191047E0,-7.52175E0));
#6152=CARTESIAN_POINT('',(-9.548033348362E-1,-5.059203674826E0,-7.5859375E0));
#6153=CARTESIAN_POINT('',(-2.863722185995E0,-4.278584692297E0,-7.650125E0));
#6154=CARTESIAN_POINT('',(-4.313128560264E0,-2.811425095292E0,-7.7143125E0));
#6155=CARTESIAN_POINT('',(-5.070452867805E0,-8.931451588024E-1,-7.7785E0));
#6156=CARTESIAN_POINT('',(-5.014168436064E0,1.168449305355E0,-7.8426875E0));
#6157=CARTESIAN_POINT('',(-4.153331337765E0,3.042552119826E0,-7.906875E0));
#6158=CARTESIAN_POINT('',(-2.625979129460E0,4.428457472226E0,-7.9710625E0));
#6159=CARTESIAN_POINT('',(-1.327015841262E0,4.878644305067E0,
-8.013854166667E0));
#6160=CARTESIAN_POINT('',(-6.592460214264E-1,4.967269375241E0,-8.03525E0));
#6161=CARTESIAN_POINT('',(-3.495137180252E0,3.323724403837E0,
-4.035583333333E0));
#6162=CARTESIAN_POINT('',(-3.048315661492E0,3.793589625319E0,
-4.056979166667E0));
#6163=CARTESIAN_POINT('',(-1.962824793499E0,4.550416600824E0,
-4.099770833333E0));
#6164=CARTESIAN_POINT('',(-1.945268543131E-2,4.955689242134E0,
-4.163958333333E0));
#6165=CARTESIAN_POINT('',(1.926992173218E0,4.565722172497E0,-4.228145833333E0));
#6166=CARTESIAN_POINT('',(3.564245407187E0,3.443154234362E0,-4.292333333333E0));
#6167=CARTESIAN_POINT('',(4.629577277677E0,1.768095010183E0,-4.356520833333E0));
#6168=CARTESIAN_POINT('',(4.952049341649E0,-1.906712866870E-1,
-4.420708333333E0));
#6169=CARTESIAN_POINT('',(4.479916631233E0,-2.118842783036E0,
-4.484895833333E0));
#6170=CARTESIAN_POINT('',(3.288937753696E0,-3.707025257854E0,
-4.549083333333E0));
#6171=CARTESIAN_POINT('',(1.570216778650E0,-4.700379462068E0,
-4.613270833333E0));
#6172=CARTESIAN_POINT('',(-4.004607593518E-1,-4.939512019578E0,
-4.677458333333E0));
#6173=CARTESIAN_POINT('',(-2.306880471428E0,-4.386051790070E0,
-4.741645833333E0));
#6174=CARTESIAN_POINT('',(-3.843138754650E0,-3.128806853433E0,
-4.805833333333E0));
#6175=CARTESIAN_POINT('',(-4.762728012848E0,-1.369514399158E0,
-4.870020833333E0));
#6176=CARTESIAN_POINT('',(-4.918091197468E0,6.095299723468E-1,
-4.934208333333E0));
#6177=CARTESIAN_POINT('',(-4.284298773151E0,2.490769326169E0,
-4.998395833333E0));
#6178=CARTESIAN_POINT('',(-2.963048904172E0,3.972340494633E0,
-5.062583333333E0));
#6179=CARTESIAN_POINT('',(-1.166348994025E0,4.816510961053E0,
-5.126770833333E0));
#6180=CARTESIAN_POINT('',(8.175029663104E-1,4.887825356320E0,
-5.190958333333E0));
#6181=CARTESIAN_POINT('',(2.670178617527E0,4.174840591485E0,-5.255145833333E0));
#6182=CARTESIAN_POINT('',(4.094398116083E0,2.791962012783E0,-5.319333333333E0));
#6183=CARTESIAN_POINT('',(4.861631579037E0,9.610859501230E-1,
-5.383520833333E0));
#6184=CARTESIAN_POINT('',(4.848768928443E0,-1.024005709151E0,
-5.447708333333E0));
#6185=CARTESIAN_POINT('',(4.057874101805E0,-2.844785683968E0,
-5.511895833333E0));
#6186=CARTESIAN_POINT('',(2.615853873207E0,-4.209092102561E0,
-5.576083333333E0));
#6187=CARTESIAN_POINT('',(7.540944260111E-1,-4.898008718905E0,
-5.640270833333E0));
#6188=CARTESIAN_POINT('',(-1.228666812747E0,-4.800992155489E0,
-5.704458333333E0));
#6189=CARTESIAN_POINT('',(-3.014276500655E0,-3.933609664343E0,
-5.768645833333E0));
#6190=CARTESIAN_POINT('',(-4.316216180853E0,-2.435041209909E0,
-5.832833333333E0));
#6191=CARTESIAN_POINT('',(-4.925576957617E0,-5.457466888661E-1,
-5.897020833333E0));
#6192=CARTESIAN_POINT('',(-4.744580962349E0,1.431118201104E0,
-5.961208333333E0));
#6193=CARTESIAN_POINT('',(-3.802270764438E0,3.178346244152E0,
-6.025395833333E0));
#6194=CARTESIAN_POINT('',(-2.249849208278E0,4.415577691970E0,
-6.089583333333E0));
#6195=CARTESIAN_POINT('',(-3.364174449669E-1,4.944286714637E0,
-6.153770833333E0));
#6196=CARTESIAN_POINT('',(1.630995772324E0,4.679636802624E0,-6.217958333333E0));
#6197=CARTESIAN_POINT('',(3.336699840635E0,3.664093610610E0,-6.282145833333E0));
#6198=CARTESIAN_POINT('',(4.506997937631E0,2.060610929798E0,-6.346333333333E0));
#6199=CARTESIAN_POINT('',(4.954104341108E0,1.264831657994E-1,
-6.410520833333E0));
#6200=CARTESIAN_POINT('',(4.606276476165E0,-1.827940053431E0,
-6.474708333333E0));
#6201=CARTESIAN_POINT('',(3.519326709746E0,-3.489052496579E0,
-6.538895833333E0));
#6202=CARTESIAN_POINT('',(1.867666713038E0,-4.590312501652E0,
-6.603083333333E0));
#6203=CARTESIAN_POINT('',(-8.367858901589E-2,-4.955012180364E0,
-6.667270833333E0));
#6204=CARTESIAN_POINT('',(-2.021596846873E0,-4.524631919010E0,
-6.731458333333E0));
#6205=CARTESIAN_POINT('',(-3.635130210942E0,-3.368230420163E0,
-6.795645833333E0));
#6206=CARTESIAN_POINT('',(-4.665371545639E0,-1.671363561573E0,
-6.859833333333E0));
#6207=CARTESIAN_POINT('',(-4.947008599687E0,2.936898507508E-1,
-6.924020833333E0));
#6208=CARTESIAN_POINT('',(-4.434849966102E0,2.211617867529E0,
-6.988208333333E0));
#6209=CARTESIAN_POINT('',(-3.211076483371E0,3.774670267951E0,
-7.052395833333E0));
#6210=CARTESIAN_POINT('',(-1.472054519908E0,4.732040078468E0,
-7.116583333333E0));
#6211=CARTESIAN_POINT('',(5.031729213345E-1,4.930107993244E0,
-7.180770833333E0));
#6212=CARTESIAN_POINT('',(2.397661369092E0,4.337092087213E0,-7.244958333333E0));
#6213=CARTESIAN_POINT('',(3.907421709592E0,3.048147535352E0,-7.309145833333E0));
#6214=CARTESIAN_POINT('',(4.790198199041E0,1.270098038534E0,-7.373333333333E0));
#6215=CARTESIAN_POINT('',(4.904340756282E0,-7.117510526167E-1,
-7.437520833333E0));
#6216=CARTESIAN_POINT('',(4.231534096227E0,-2.579392758734E0,
-7.501708333333E0));
#6217=CARTESIAN_POINT('',(2.879736599431E0,-4.033145786762E0,
-7.565895833333E0));
#6218=CARTESIAN_POINT('',(1.065857324851E0,-4.839741312624E0,
-7.630083333333E0));
#6219=CARTESIAN_POINT('',(-9.190491074538E-1,-4.869753227845E0,
-7.694270833333E0));
#6220=CARTESIAN_POINT('',(-2.756485260377E0,-4.118365844727E0,
-7.758458333333E0));
#6221=CARTESIAN_POINT('',(-4.151616159074E0,-2.706146522776E0,
-7.822645833333E0));
#6222=CARTESIAN_POINT('',(-4.880581175748E0,-8.596998262106E-1,
-7.886833333333E0));
#6223=CARTESIAN_POINT('',(-4.826404409845E0,1.124694742898E0,
-7.951020833333E0));
#6224=CARTESIAN_POINT('',(-3.997802814114E0,2.928618604571E0,
-8.015208333333E0));
#6225=CARTESIAN_POINT('',(-2.527644895099E0,4.262626384673E0,
-8.079395833333E0));
#6226=CARTESIAN_POINT('',(-1.277323486410E0,4.695955209379E0,-8.1221875E0));
#6227=CARTESIAN_POINT('',(-6.345594380317E-1,4.781261563755E0,
-8.143583333333E0));
#6228=CARTESIAN_POINT('',(-3.359164109322E0,3.194419889935E0,
-4.143916666667E0));
#6229=CARTESIAN_POINT('',(-2.929725511727E0,3.646005709553E0,-4.1653125E0));
#6230=CARTESIAN_POINT('',(-1.886464038226E0,4.373389466462E0,
-4.208104166667E0));
#6231=CARTESIAN_POINT('',(-1.869590787452E-2,4.762895583381E0,
-4.272291666667E0));
#6232=CARTESIAN_POINT('',(1.852025432304E0,4.388099597820E0,-4.336479166667E0));
#6233=CARTESIAN_POINT('',(3.425583784318E0,3.309203481992E0,-4.400666666667E0));
#6234=CARTESIAN_POINT('',(4.449470515886E0,1.699309925126E0,-4.464854166667E0));
#6235=CARTESIAN_POINT('',(4.759397287766E0,-1.832535061960E-1,
-4.529041666667E0));
#6236=CARTESIAN_POINT('',(4.305632192471E0,-2.036412381833E0,
-4.593229166667E0));
#6237=CARTESIAN_POINT('',(3.160986562254E0,-3.562808998999E0,
-4.657416666667E0));
#6238=CARTESIAN_POINT('',(1.509129849466E0,-4.517518247463E0,
-4.721604166667E0));
#6239=CARTESIAN_POINT('',(-3.848814340127E-1,-4.747347711410E0,
-4.785791666667E0));
#6240=CARTESIAN_POINT('',(-2.217134745928E0,-4.215419022200E0,
-4.849979166667E0));
#6241=CARTESIAN_POINT('',(-3.693627204308E0,-3.007085314545E0,
-4.914166666667E0));
#6242=CARTESIAN_POINT('',(-4.577441221369E0,-1.316235495089E0,
-4.978354166667E0));
#6243=CARTESIAN_POINT('',(-4.726760234263E0,5.858171227820E-1,
-5.042541666667E0));
#6244=CARTESIAN_POINT('',(-4.117624553823E0,2.393869680522E0,
-5.106729166667E0));
#6245=CARTESIAN_POINT('',(-2.847775929740E0,3.817802544339E0,
-5.170916666667E0));
#6246=CARTESIAN_POINT('',(-1.120973935390E0,4.629131824624E0,
-5.235104166667E0));
#6247=CARTESIAN_POINT('',(7.856992392775E-1,4.697671840281E0,
-5.299291666667E0));
#6248=CARTESIAN_POINT('',(2.566299322429E0,4.012424678578E0,-5.363479166667E0));
#6249=CARTESIAN_POINT('',(3.935111697056E0,2.683344917311E0,-5.427666666667E0));
#6250=CARTESIAN_POINT('',(4.672497092624E0,9.236963424121E-1,
-5.491854166667E0));
#6251=CARTESIAN_POINT('',(4.660134844164E0,-9.841683025652E-1,
-5.556041666667E0));
#6252=CARTESIAN_POINT('',(3.900008594785E0,-2.734113562779E0,
-5.620229166667E0));
#6253=CARTESIAN_POINT('',(2.514088000825E0,-4.045343685977E0,
-5.684416666667E0));
#6254=CARTESIAN_POINT('',(7.247575131555E-1,-4.707459034415E0,
-5.748604166667E0));
#6255=CARTESIAN_POINT('',(-1.180867372822E0,-4.614216754919E0,
-5.812791666667E0));
#6256=CARTESIAN_POINT('',(-2.897010593400E0,-3.780578478923E0,
-5.876979166667E0));
#6257=CARTESIAN_POINT('',(-4.148300262639E0,-2.340309583058E0,
-5.941166666667E0));
#6258=CARTESIAN_POINT('',(-4.733954772138E0,-5.245152323001E-1,
-6.005354166667E0));
#6259=CARTESIAN_POINT('',(-4.560000154657E0,1.375442693497E0,
-6.069541666667E0));
#6260=CARTESIAN_POINT('',(-3.654349121972E0,3.054697449553E0,
-6.133729166667E0));
#6261=CARTESIAN_POINT('',(-2.162322198550E0,4.243796263162E0,
-6.197916666667E0));
#6262=CARTESIAN_POINT('',(-3.233296287391E-1,4.751936654118E0,
-6.262104166667E0));
#6263=CARTESIAN_POINT('',(1.567544327531E0,4.497582550081E0,-6.326291666667E0));
#6264=CARTESIAN_POINT('',(3.206890536822E0,3.521547543114E0,-6.390479166667E0));
#6265=CARTESIAN_POINT('',(4.331659941253E0,1.980445951525E0,-6.454666666667E0));
#6266=CARTESIAN_POINT('',(4.761372340552E0,1.215625278994E-1,
-6.518854166667E0));
#6267=CARTESIAN_POINT('',(4.427076197117E0,-1.756826786706E0,
-6.583041666667E0));
#6268=CARTESIAN_POINT('',(3.382412581444E0,-3.353316141144E0,
-6.647229166667E0));
#6269=CARTESIAN_POINT('',(1.795007940192E0,-4.411733277094E0,
-6.711416666667E0));
#6270=CARTESIAN_POINT('',(-8.042319898891E-2,-4.762244861684E0,
-6.775604166667E0));
#6271=CARTESIAN_POINT('',(-1.942949652994E0,-4.348607899029E0,
-6.839791666667E0));
#6272=CARTESIAN_POINT('',(-3.493710921077E0,-3.237194466434E0,
-6.903979166667E0));
#6273=CARTESIAN_POINT('',(-4.483872261527E0,-1.606341668472E0,
-6.968166666667E0));
#6274=CARTESIAN_POINT('',(-4.754552648312E0,2.822642875045E-1,
-7.032354166667E0));
#6275=CARTESIAN_POINT('',(-4.262318778368E0,2.125578190784E0,
-7.096541666667E0));
#6276=CARTESIAN_POINT('',(-3.086154367896E0,3.627822381413E0,
-7.160729166667E0));
#6277=CARTESIAN_POINT('',(-1.414786446203E0,4.547947155059E0,
-7.224916666667E0));
#6278=CARTESIAN_POINT('',(4.835977333537E-1,4.738309534619E0,
-7.289104166667E0));
#6279=CARTESIAN_POINT('',(2.304383948896E0,4.168364023166E0,-7.353291666667E0));
#6280=CARTESIAN_POINT('',(3.755409327282E0,2.929563926283E0,-7.417479166667E0));
#6281=CARTESIAN_POINT('',(4.603842721161E0,1.220686778896E0,-7.481666666667E0));
#6282=CARTESIAN_POINT('',(4.713544733373E0,-6.840614452078E-1,
-7.545854166667E0));
#6283=CARTESIAN_POINT('',(4.066912607532E0,-2.479045351336E0,
-7.610041666667E0));
#6284=CARTESIAN_POINT('',(2.767704765286E0,-3.876242297758E0,
-7.674229166667E0));
#6285=CARTESIAN_POINT('',(1.024391743914E0,-4.651458434201E0,
-7.738416666667E0));
#6286=CARTESIAN_POINT('',(-8.832948800714E-1,-4.680302780864E0,
-7.802604166667E0));
#6287=CARTESIAN_POINT('',(-2.649248334758E0,-3.958146997158E0,
-7.866791666667E0));
#6288=CARTESIAN_POINT('',(-3.990103757885E0,-2.600867950259E0,
-7.930979166667E0));
#6289=CARTESIAN_POINT('',(-4.690709483691E0,-8.262544936189E-1,
-7.995166666667E0));
#6290=CARTESIAN_POINT('',(-4.638640383625E0,1.080940180441E0,
-8.059354166667E0));
#6291=CARTESIAN_POINT('',(-3.842274290462E0,2.814685089316E0,
-8.123541666667E0));
#6292=CARTESIAN_POINT('',(-2.429310660739E0,4.096795297120E0,
-8.187729166667E0));
#6293=CARTESIAN_POINT('',(-1.227631131558E0,4.513266113691E0,
-8.230520833333E0));
#6294=CARTESIAN_POINT('',(-6.098728546369E-1,4.595253752270E0,
-8.251916666667E0));
#6295=CARTESIAN_POINT('',(-3.223191038393E0,3.065115376033E0,-4.25225E0));
#6296=CARTESIAN_POINT('',(-2.811135361962E0,3.498421793787E0,
-4.273645833333E0));
#6297=CARTESIAN_POINT('',(-1.810103282953E0,4.196362332100E0,-4.3164375E0));
#6298=CARTESIAN_POINT('',(-1.793913031773E-2,4.570101924628E0,-4.380625E0));
#6299=CARTESIAN_POINT('',(1.777058691390E0,4.210477023144E0,-4.4448125E0));
#6300=CARTESIAN_POINT('',(3.286922161450E0,3.175252729623E0,-4.509E0));
#6301=CARTESIAN_POINT('',(4.269363754095E0,1.630524840069E0,-4.5731875E0));
#6302=CARTESIAN_POINT('',(4.566745233883E0,-1.758357257051E-1,-4.637375E0));
#6303=CARTESIAN_POINT('',(4.131347753709E0,-1.953981980631E0,-4.7015625E0));
#6304=CARTESIAN_POINT('',(3.033035370813E0,-3.418592740143E0,-4.76575E0));
#6305=CARTESIAN_POINT('',(1.448042920282E0,-4.334657032858E0,-4.8299375E0));
#6306=CARTESIAN_POINT('',(-3.693021086737E-1,-4.555183403243E0,-4.894125E0));
#6307=CARTESIAN_POINT('',(-2.127389020427E0,-4.044786254330E0,-4.9583125E0));
#6308=CARTESIAN_POINT('',(-3.544115653966E0,-2.885363775656E0,-5.0225E0));
#6309=CARTESIAN_POINT('',(-4.392154429889E0,-1.262956591019E0,-5.0866875E0));
#6310=CARTESIAN_POINT('',(-4.535429271059E0,5.621042732173E-1,-5.150875E0));
#6311=CARTESIAN_POINT('',(-3.950950334495E0,2.296970034874E0,-5.2150625E0));
#6312=CARTESIAN_POINT('',(-2.732502955309E0,3.663264594045E0,-5.27925E0));
#6313=CARTESIAN_POINT('',(-1.075598876754E0,4.441752688194E0,-5.3434375E0));
#6314=CARTESIAN_POINT('',(7.538955122447E-1,4.507518324241E0,-5.407625E0));
#6315=CARTESIAN_POINT('',(2.462420027331E0,3.850008765672E0,-5.4718125E0));
#6316=CARTESIAN_POINT('',(3.775825278029E0,2.574727821839E0,-5.536E0));
#6317=CARTESIAN_POINT('',(4.483362606211E0,8.863067347012E-1,-5.6001875E0));
#6318=CARTESIAN_POINT('',(4.471500759885E0,-9.443308959795E-1,-5.664375E0));
#6319=CARTESIAN_POINT('',(3.742143087764E0,-2.623441441590E0,-5.7285625E0));
#6320=CARTESIAN_POINT('',(2.412322128444E0,-3.881595269393E0,-5.79275E0));
#6321=CARTESIAN_POINT('',(6.954206002999E-1,-4.516909349924E0,-5.8569375E0));
#6322=CARTESIAN_POINT('',(-1.133067932896E0,-4.427441354348E0,-5.921125E0));
#6323=CARTESIAN_POINT('',(-2.779744686144E0,-3.627547293503E0,-5.9853125E0));
#6324=CARTESIAN_POINT('',(-3.980384344425E0,-2.245577956208E0,-6.0495E0));
#6325=CARTESIAN_POINT('',(-4.542332586660E0,-5.032837757341E-1,-6.1136875E0));
#6326=CARTESIAN_POINT('',(-4.375419346966E0,1.319767185890E0,-6.177875E0));
#6327=CARTESIAN_POINT('',(-3.506427479507E0,2.931048654955E0,-6.2420625E0));
#6328=CARTESIAN_POINT('',(-2.074795188822E0,4.072014834353E0,-6.30625E0));
#6329=CARTESIAN_POINT('',(-3.102418125112E-1,4.559586593598E0,-6.3704375E0));
#6330=CARTESIAN_POINT('',(1.504092882738E0,4.315528297538E0,-6.434625E0));
#6331=CARTESIAN_POINT('',(3.077081233009E0,3.379001475617E0,-6.4988125E0));
#6332=CARTESIAN_POINT('',(4.156321944875E0,1.900280973252E0,-6.563E0));
#6333=CARTESIAN_POINT('',(4.568640339997E0,1.166418899995E-1,-6.6271875E0));
#6334=CARTESIAN_POINT('',(4.247875918068E0,-1.685713519981E0,-6.691375E0));
#6335=CARTESIAN_POINT('',(3.245498453143E0,-3.217579785708E0,-6.7555625E0));
#6336=CARTESIAN_POINT('',(1.722349167346E0,-4.233154052535E0,-6.81975E0));
#6337=CARTESIAN_POINT('',(-7.716780896193E-2,-4.569477543003E0,-6.8839375E0));
#6338=CARTESIAN_POINT('',(-1.864302459114E0,-4.172583879048E0,-6.948125E0));
#6339=CARTESIAN_POINT('',(-3.352291631213E0,-3.106158512705E0,-7.0123125E0));
#6340=CARTESIAN_POINT('',(-4.302372977416E0,-1.541319775372E0,-7.0765E0));
#6341=CARTESIAN_POINT('',(-4.562096696936E0,2.708387242583E-1,-7.1406875E0));
#6342=CARTESIAN_POINT('',(-4.089787590634E0,2.039538514038E0,-7.204875E0));
#6343=CARTESIAN_POINT('',(-2.961232252421E0,3.480974494876E0,-7.2690625E0));
#6344=CARTESIAN_POINT('',(-1.357518372498E0,4.363854231649E0,-7.33325E0));
#6345=CARTESIAN_POINT('',(4.640225453728E-1,4.546511075994E0,-7.3974375E0));
#6346=CARTESIAN_POINT('',(2.211106528700E0,3.999635959120E0,-7.461625E0));
#6347=CARTESIAN_POINT('',(3.603396944973E0,2.810980317213E0,-7.5258125E0));
#6348=CARTESIAN_POINT('',(4.417487243280E0,1.171275519259E0,-7.59E0));
#6349=CARTESIAN_POINT('',(4.522748710463E0,-6.563718377989E-1,-7.6541875E0));
#6350=CARTESIAN_POINT('',(3.902291118837E0,-2.378697943938E0,-7.718375E0));
#6351=CARTESIAN_POINT('',(2.655672931141E0,-3.719338808753E0,-7.7825625E0));
#6352=CARTESIAN_POINT('',(9.829261629772E-1,-4.463175555778E0,-7.84675E0));
#6353=CARTESIAN_POINT('',(-8.475406526890E-1,-4.490852333883E0,-7.9109375E0));
#6354=CARTESIAN_POINT('',(-2.542011409140E0,-3.797928149588E0,-7.975125E0));
#6355=CARTESIAN_POINT('',(-3.828591356695E0,-2.495589377743E0,-8.0393125E0));
#6356=CARTESIAN_POINT('',(-4.500837791634E0,-7.928091610272E-1,-8.1035E0));
#6357=CARTESIAN_POINT('',(-4.450876357406E0,1.037185617984E0,-8.1676875E0));
#6358=CARTESIAN_POINT('',(-3.686745766810E0,2.700751574061E0,-8.231875E0));
#6359=CARTESIAN_POINT('',(-2.330976426378E0,3.930964209567E0,-8.2960625E0));
#6360=CARTESIAN_POINT('',(-1.177938776706E0,4.330577018003E0,
-8.338854166667E0));
#6361=CARTESIAN_POINT('',(-5.851862712422E-1,4.409245940784E0,-8.36025E0));
#6362=B_SPLINE_SURFACE_WITH_KNOTS('',3,3,((#6094,#6095,#6096,#6097,#6098,#6099,
#6100,#6101,#6102,#6103,#6104,#6105,#6106,#6107,#6108,#6109,#6110,#6111,#6112,
#6113,#6114,#6115,#6116,#6117,#6118,#6119,#6120,#6121,#6122,#6123,#6124,#6125,
#6126,#6127,#6128,#6129,#6130,#6131,#6132,#6133,#6134,#6135,#6136,#6137,#6138,
#6139,#6140,#6141,#6142,#6143,#6144,#6145,#6146,#6147,#6148,#6149,#6150,#6151,
#6152,#6153,#6154,#6155,#6156,#6157,#6158,#6159,#6160),(#6161,#6162,#6163,#6164,
#6165,#6166,#6167,#6168,#6169,#6170,#6171,#6172,#6173,#6174,#6175,#6176,#6177,
#6178,#6179,#6180,#6181,#6182,#6183,#6184,#6185,#6186,#6187,#6188,#6189,#6190,
#6191,#6192,#6193,#6194,#6195,#6196,#6197,#6198,#6199,#6200,#6201,#6202,#6203,
#6204,#6205,#6206,#6207,#6208,#6209,#6210,#6211,#6212,#6213,#6214,#6215,#6216,
#6217,#6218,#6219,#6220,#6221,#6222,#6223,#6224,#6225,#6226,#6227),(#6228,#6229,
#6230,#6231,#6232,#6233,#6234,#6235,#6236,#6237,#6238,#6239,#6240,#6241,#6242,
#6243,#6244,#6245,#6246,#6247,#6248,#6249,#6250,#6251,#6252,#6253,#6254,#6255,
#6256,#6257,#6258,#6259,#6260,#6261,#6262,#6263,#6264,#6265,#6266,#6267,#6268,
#6269,#6270,#6271,#6272,#6273,#6274,#6275,#6276,#6277,#6278,#6279,#6280,#6281,
#6282,#6283,#6284,#6285,#6286,#6287,#6288,#6289,#6290,#6291,#6292,#6293,#6294),(
#6295,#6296,#6297,#6298,#6299,#6300,#6301,#6302,#6303,#6304,#6305,#6306,#6307,
#6308,#6309,#6310,#6311,#6312,#6313,#6314,#6315,#6316,#6317,#6318,#6319,#6320,
#6321,#6322,#6323,#6324,#6325,#6326,#6327,#6328,#6329,#6330,#6331,#6332,#6333,
#6334,#6335,#6336,#6337,#6338,#6339,#6340,#6341,#6342,#6343,#6344,#6345,#6346,
#6347,#6348,#6349,#6350,#6351,#6352,#6353,#6354,#6355,#6356,#6357,#6358,#6359,
#6360,#6361)),.UNSPECIFIED.,.F.,.F.,.F.,(4,4),(4,1,1,1,1,1,1,1,1,1,1,1,1,1,1,1,
1,1,1,1,1,1,1,1,1,1,1,1,1,1,1,1,1,1,1,1,1,1,1,1,1,1,1,1,1,1,1,1,1,1,1,1,1,1,1,1,
1,1,1,1,1,1,1,1,4),(-2.000000000001E-2,1.02E0),(-2.E-2,-3.75E-3,1.25E-2,
2.875E-2,4.5E-2,6.125E-2,7.75E-2,9.375E-2,1.1E-1,1.2625E-1,1.425E-1,1.5875E-1,
1.75E-1,1.9125E-1,2.075E-1,2.2375E-1,2.4E-1,2.5625E-1,2.725E-1,2.8875E-1,
3.05E-1,3.2125E-1,3.375E-1,3.5375E-1,3.7E-1,3.8625E-1,4.025E-1,4.1875E-1,
4.35E-1,4.5125E-1,4.675E-1,4.8375E-1,5.E-1,5.1625E-1,5.325E-1,5.4875E-1,5.65E-1,
5.8125E-1,5.975E-1,6.1375E-1,6.3E-1,6.4625E-1,6.625E-1,6.7875E-1,6.95E-1,
7.1125E-1,7.275E-1,7.4375E-1,7.6E-1,7.7625E-1,7.925E-1,8.0875E-1,8.25E-1,
8.4125E-1,8.575E-1,8.7375E-1,8.9E-1,9.0625E-1,9.225E-1,9.3875E-1,9.55E-1,
9.7125E-1,9.875E-1,1.00375E0,1.02E0),.UNSPECIFIED.);
#6363=ORIENTED_EDGE('',*,*,#6084,.T.);
#6364=ORIENTED_EDGE('',*,*,#4427,.F.);
#6365=ORIENTED_EDGE('',*,*,#4266,.F.);
#6366=ORIENTED_EDGE('',*,*,#4096,.F.);
#6367=ORIENTED_EDGE('',*,*,#4210,.F.);
#6368=ORIENTED_EDGE('',*,*,#4382,.F.);
#6369=ORIENTED_EDGE('',*,*,#4251,.F.);
#6370=ORIENTED_EDGE('',*,*,#4080,.F.);
#6371=ORIENTED_EDGE('',*,*,#4193,.F.);
#6373=ORIENTED_EDGE('',*,*,#6372,.T.);
#6375=ORIENTED_EDGE('',*,*,#6374,.T.);
#6376=EDGE_LOOP('',(#6363,#6364,#6365,#6366,#6367,#6368,#6369,#6370,#6371,#6373,
#6375));
#6377=FACE_OUTER_BOUND('',#6376,.F.);
#6379=CARTESIAN_POINT('',(-3.631110251181E0,3.453028917739E0,-3.92725E0));
#6380=CARTESIAN_POINT('',(-3.166905811257E0,3.941173541085E0,
-3.948645833333E0));
#6381=CARTESIAN_POINT('',(-2.039185548773E0,4.727443735186E0,-3.9914375E0));
#6382=CARTESIAN_POINT('',(-2.020946298810E-2,5.148482900887E0,-4.055625E0));
#6383=CARTESIAN_POINT('',(2.001958914131E0,4.743344747174E0,-4.1198125E0));
#6384=CARTESIAN_POINT('',(3.702907030055E0,3.577104986731E0,-4.184E0));
#6385=CARTESIAN_POINT('',(4.809684039468E0,1.836880095240E0,-4.2481875E0));
#6386=CARTESIAN_POINT('',(5.144701395531E0,-1.980890671780E-1,-4.312375E0));
#6387=CARTESIAN_POINT('',(4.654201069995E0,-2.201273184238E0,-4.3765625E0));
#6388=CARTESIAN_POINT('',(3.416888945138E0,-3.851241516710E0,-4.44075E0));
#6389=CARTESIAN_POINT('',(1.631303707834E0,-4.883240676672E0,-4.5049375E0));
#6390=CARTESIAN_POINT('',(-4.160400846908E-1,-5.131676327746E0,-4.569125E0));
#6391=CARTESIAN_POINT('',(-2.396626196929E0,-4.556684557940E0,-4.6333125E0));
#6392=CARTESIAN_POINT('',(-3.992650304992E0,-3.250528392321E0,-4.6975E0));
#6393=CARTESIAN_POINT('',(-4.948014804327E0,-1.422793303227E0,-4.7616875E0));
#6394=CARTESIAN_POINT('',(-5.109422160673E0,6.332428219115E-1,-4.825875E0));
#6395=CARTESIAN_POINT('',(-4.450972992480E0,2.587668971817E0,-4.8900625E0));
#6396=CARTESIAN_POINT('',(-3.078321878603E0,4.126878444927E0,-4.95425E0));
#6397=CARTESIAN_POINT('',(-1.211724052661E0,5.003890097483E0,-5.0184375E0));
#6398=CARTESIAN_POINT('',(8.493066933432E-1,5.077978872360E0,-5.082625E0));
#6399=CARTESIAN_POINT('',(2.774057912625E0,4.337256504392E0,-5.1468125E0));
#6400=CARTESIAN_POINT('',(4.253684535110E0,2.900579108256E0,-5.211E0));
#6401=CARTESIAN_POINT('',(5.050766065449E0,9.984755578338E-1,-5.2751875E0));
#6402=CARTESIAN_POINT('',(5.037403012723E0,-1.063843115737E0,-5.339375E0));
#6403=CARTESIAN_POINT('',(4.215739608826E0,-2.955457805157E0,-5.4035625E0));
#6404=CARTESIAN_POINT('',(2.717619745589E0,-4.372840519145E0,-5.46775E0));
#6405=CARTESIAN_POINT('',(7.834313388667E-1,-5.088558403396E0,-5.5319375E0));
#6406=CARTESIAN_POINT('',(-1.276466252672E0,-4.987767556059E0,-5.596125E0));
#6407=CARTESIAN_POINT('',(-3.131542407911E0,-4.086640849762E0,-5.6603125E0));
#6408=CARTESIAN_POINT('',(-4.484132099067E0,-2.529772836759E0,-5.7245E0));
#6409=CARTESIAN_POINT('',(-5.117199143095E0,-5.669781454321E-1,-5.7886875E0));
#6410=CARTESIAN_POINT('',(-4.929161770040E0,1.486793708711E0,-5.852875E0));
#6411=CARTESIAN_POINT('',(-3.950192406904E0,3.301995038750E0,-5.9170625E0));
#6412=CARTESIAN_POINT('',(-2.337376218007E0,4.587359120778E0,-5.98125E0));
#6413=CARTESIAN_POINT('',(-3.495052611948E-1,5.136636775156E0,-6.0454375E0));
#6414=CARTESIAN_POINT('',(1.694447217117E0,4.861691055167E0,-6.109625E0));
#6415=CARTESIAN_POINT('',(3.466509144449E0,3.806639678107E0,-6.1738125E0));
#6416=CARTESIAN_POINT('',(4.682335934009E0,2.140775908070E0,-6.238E0));
#6417=CARTESIAN_POINT('',(5.146836341663E0,1.314038036993E-1,-6.3021875E0));
#6418=CARTESIAN_POINT('',(4.785476755214E0,-1.899053320157E0,-6.366375E0));
#6419=CARTESIAN_POINT('',(3.656240838047E0,-3.624788852014E0,-6.4305625E0));
#6420=CARTESIAN_POINT('',(1.940325485883E0,-4.768891726211E0,-6.49475E0));
#6421=CARTESIAN_POINT('',(-8.693397904288E-2,-5.147779499044E0,-6.5589375E0));
#6422=CARTESIAN_POINT('',(-2.100244040752E0,-4.700655938991E0,-6.623125E0));
#6423=CARTESIAN_POINT('',(-3.776549500806E0,-3.499266373892E0,-6.6873125E0));
#6424=CARTESIAN_POINT('',(-4.846870829750E0,-1.736385454674E0,-6.7515E0));
#6425=CARTESIAN_POINT('',(-5.139464551063E0,3.051154139971E-1,-6.8156875E0));
#6426=CARTESIAN_POINT('',(-4.607381153836E0,2.297657544275E0,-6.879875E0));
#6427=CARTESIAN_POINT('',(-3.335998598847E0,3.921518154488E0,-6.9440625E0));
#6428=CARTESIAN_POINT('',(-1.529322593613E0,4.916133001878E0,-7.00825E0));
#6429=CARTESIAN_POINT('',(5.227481093154E-1,5.121906451869E0,-7.0724375E0));
#6430=CARTESIAN_POINT('',(2.490938789287E0,4.505820151260E0,-7.136625E0));
#6431=CARTESIAN_POINT('',(4.059434091902E0,3.166731144422E0,-7.2008125E0));
#6432=CARTESIAN_POINT('',(4.976553676922E0,1.319509298171E0,-7.265E0));
#6433=CARTESIAN_POINT('',(5.095136779192E0,-7.394406600257E-1,-7.3291875E0));
#6434=CARTESIAN_POINT('',(4.396155584922E0,-2.679740166131E0,-7.393375E0));
#6435=CARTESIAN_POINT('',(2.991768433576E0,-4.190049275767E0,-7.4575625E0));
#6436=CARTESIAN_POINT('',(1.107322905787E0,-5.028024191047E0,-7.52175E0));
#6437=CARTESIAN_POINT('',(-9.548033348362E-1,-5.059203674826E0,-7.5859375E0));
#6438=CARTESIAN_POINT('',(-2.863722185995E0,-4.278584692297E0,-7.650125E0));
#6439=CARTESIAN_POINT('',(-4.313128560264E0,-2.811425095292E0,-7.7143125E0));
#6440=CARTESIAN_POINT('',(-5.070452867805E0,-8.931451588024E-1,-7.7785E0));
#6441=CARTESIAN_POINT('',(-5.014168436064E0,1.168449305355E0,-7.8426875E0));
#6442=CARTESIAN_POINT('',(-4.153331337765E0,3.042552119826E0,-7.906875E0));
#6443=CARTESIAN_POINT('',(-2.625979129460E0,4.428457472226E0,-7.9710625E0));
#6444=CARTESIAN_POINT('',(-1.327015841262E0,4.878644305067E0,
-8.013854166667E0));
#6445=CARTESIAN_POINT('',(-6.592460214264E-1,4.967269375241E0,-8.03525E0));
#6446=CARTESIAN_POINT('',(-3.495137180252E0,3.323724403837E0,
-4.035583333333E0));
#6447=CARTESIAN_POINT('',(-3.048315661492E0,3.793589625319E0,
-4.056979166667E0));
#6448=CARTESIAN_POINT('',(-1.962824793499E0,4.550416600824E0,
-4.099770833333E0));
#6449=CARTESIAN_POINT('',(-1.945268543131E-2,4.955689242134E0,
-4.163958333333E0));
#6450=CARTESIAN_POINT('',(1.926992173218E0,4.565722172497E0,-4.228145833333E0));
#6451=CARTESIAN_POINT('',(3.564245407187E0,3.443154234362E0,-4.292333333333E0));
#6452=CARTESIAN_POINT('',(4.629577277677E0,1.768095010183E0,-4.356520833333E0));
#6453=CARTESIAN_POINT('',(4.952049341649E0,-1.906712866870E-1,
-4.420708333333E0));
#6454=CARTESIAN_POINT('',(4.479916631233E0,-2.118842783036E0,
-4.484895833333E0));
#6455=CARTESIAN_POINT('',(3.288937753696E0,-3.707025257854E0,
-4.549083333333E0));
#6456=CARTESIAN_POINT('',(1.570216778650E0,-4.700379462068E0,
-4.613270833333E0));
#6457=CARTESIAN_POINT('',(-4.004607593518E-1,-4.939512019578E0,
-4.677458333333E0));
#6458=CARTESIAN_POINT('',(-2.306880471428E0,-4.386051790070E0,
-4.741645833333E0));
#6459=CARTESIAN_POINT('',(-3.843138754650E0,-3.128806853433E0,
-4.805833333333E0));
#6460=CARTESIAN_POINT('',(-4.762728012848E0,-1.369514399158E0,
-4.870020833333E0));
#6461=CARTESIAN_POINT('',(-4.918091197468E0,6.095299723468E-1,
-4.934208333333E0));
#6462=CARTESIAN_POINT('',(-4.284298773151E0,2.490769326169E0,
-4.998395833333E0));
#6463=CARTESIAN_POINT('',(-2.963048904172E0,3.972340494633E0,
-5.062583333333E0));
#6464=CARTESIAN_POINT('',(-1.166348994025E0,4.816510961053E0,
-5.126770833333E0));
#6465=CARTESIAN_POINT('',(8.175029663104E-1,4.887825356320E0,
-5.190958333333E0));
#6466=CARTESIAN_POINT('',(2.670178617527E0,4.174840591485E0,-5.255145833333E0));
#6467=CARTESIAN_POINT('',(4.094398116083E0,2.791962012783E0,-5.319333333333E0));
#6468=CARTESIAN_POINT('',(4.861631579037E0,9.610859501230E-1,
-5.383520833333E0));
#6469=CARTESIAN_POINT('',(4.848768928443E0,-1.024005709151E0,
-5.447708333333E0));
#6470=CARTESIAN_POINT('',(4.057874101805E0,-2.844785683968E0,
-5.511895833333E0));
#6471=CARTESIAN_POINT('',(2.615853873207E0,-4.209092102561E0,
-5.576083333333E0));
#6472=CARTESIAN_POINT('',(7.540944260111E-1,-4.898008718905E0,
-5.640270833333E0));
#6473=CARTESIAN_POINT('',(-1.228666812747E0,-4.800992155489E0,
-5.704458333333E0));
#6474=CARTESIAN_POINT('',(-3.014276500655E0,-3.933609664343E0,
-5.768645833333E0));
#6475=CARTESIAN_POINT('',(-4.316216180853E0,-2.435041209909E0,
-5.832833333333E0));
#6476=CARTESIAN_POINT('',(-4.925576957617E0,-5.457466888661E-1,
-5.897020833333E0));
#6477=CARTESIAN_POINT('',(-4.744580962349E0,1.431118201104E0,
-5.961208333333E0));
#6478=CARTESIAN_POINT('',(-3.802270764438E0,3.178346244152E0,
-6.025395833333E0));
#6479=CARTESIAN_POINT('',(-2.249849208278E0,4.415577691970E0,
-6.089583333333E0));
#6480=CARTESIAN_POINT('',(-3.364174449669E-1,4.944286714637E0,
-6.153770833333E0));
#6481=CARTESIAN_POINT('',(1.630995772324E0,4.679636802624E0,-6.217958333333E0));
#6482=CARTESIAN_POINT('',(3.336699840635E0,3.664093610610E0,-6.282145833333E0));
#6483=CARTESIAN_POINT('',(4.506997937631E0,2.060610929798E0,-6.346333333333E0));
#6484=CARTESIAN_POINT('',(4.954104341108E0,1.264831657994E-1,
-6.410520833333E0));
#6485=CARTESIAN_POINT('',(4.606276476165E0,-1.827940053431E0,
-6.474708333333E0));
#6486=CARTESIAN_POINT('',(3.519326709746E0,-3.489052496579E0,
-6.538895833333E0));
#6487=CARTESIAN_POINT('',(1.867666713038E0,-4.590312501652E0,
-6.603083333333E0));
#6488=CARTESIAN_POINT('',(-8.367858901589E-2,-4.955012180364E0,
-6.667270833333E0));
#6489=CARTESIAN_POINT('',(-2.021596846873E0,-4.524631919010E0,
-6.731458333333E0));
#6490=CARTESIAN_POINT('',(-3.635130210942E0,-3.368230420163E0,
-6.795645833333E0));
#6491=CARTESIAN_POINT('',(-4.665371545639E0,-1.671363561573E0,
-6.859833333333E0));
#6492=CARTESIAN_POINT('',(-4.947008599687E0,2.936898507508E-1,
-6.924020833333E0));
#6493=CARTESIAN_POINT('',(-4.434849966102E0,2.211617867529E0,
-6.988208333333E0));
#6494=CARTESIAN_POINT('',(-3.211076483371E0,3.774670267951E0,
-7.052395833333E0));
#6495=CARTESIAN_POINT('',(-1.472054519908E0,4.732040078468E0,
-7.116583333333E0));
#6496=CARTESIAN_POINT('',(5.031729213345E-1,4.930107993244E0,
-7.180770833333E0));
#6497=CARTESIAN_POINT('',(2.397661369092E0,4.337092087213E0,-7.244958333333E0));
#6498=CARTESIAN_POINT('',(3.907421709592E0,3.048147535352E0,-7.309145833333E0));
#6499=CARTESIAN_POINT('',(4.790198199041E0,1.270098038534E0,-7.373333333333E0));
#6500=CARTESIAN_POINT('',(4.904340756282E0,-7.117510526167E-1,
-7.437520833333E0));
#6501=CARTESIAN_POINT('',(4.231534096227E0,-2.579392758734E0,
-7.501708333333E0));
#6502=CARTESIAN_POINT('',(2.879736599431E0,-4.033145786762E0,
-7.565895833333E0));
#6503=CARTESIAN_POINT('',(1.065857324851E0,-4.839741312624E0,
-7.630083333333E0));
#6504=CARTESIAN_POINT('',(-9.190491074538E-1,-4.869753227845E0,
-7.694270833333E0));
#6505=CARTESIAN_POINT('',(-2.756485260377E0,-4.118365844727E0,
-7.758458333333E0));
#6506=CARTESIAN_POINT('',(-4.151616159074E0,-2.706146522776E0,
-7.822645833333E0));
#6507=CARTESIAN_POINT('',(-4.880581175748E0,-8.596998262106E-1,
-7.886833333333E0));
#6508=CARTESIAN_POINT('',(-4.826404409845E0,1.124694742898E0,
-7.951020833333E0));
#6509=CARTESIAN_POINT('',(-3.997802814114E0,2.928618604571E0,
-8.015208333333E0));
#6510=CARTESIAN_POINT('',(-2.527644895099E0,4.262626384673E0,
-8.079395833333E0));
#6511=CARTESIAN_POINT('',(-1.277323486410E0,4.695955209379E0,-8.1221875E0));
#6512=CARTESIAN_POINT('',(-6.345594380317E-1,4.781261563755E0,
-8.143583333333E0));
#6513=CARTESIAN_POINT('',(-3.359164109322E0,3.194419889935E0,
-4.143916666667E0));
#6514=CARTESIAN_POINT('',(-2.929725511727E0,3.646005709553E0,-4.1653125E0));
#6515=CARTESIAN_POINT('',(-1.886464038226E0,4.373389466462E0,
-4.208104166667E0));
#6516=CARTESIAN_POINT('',(-1.869590787452E-2,4.762895583381E0,
-4.272291666667E0));
#6517=CARTESIAN_POINT('',(1.852025432304E0,4.388099597820E0,-4.336479166667E0));
#6518=CARTESIAN_POINT('',(3.425583784318E0,3.309203481992E0,-4.400666666667E0));
#6519=CARTESIAN_POINT('',(4.449470515886E0,1.699309925126E0,-4.464854166667E0));
#6520=CARTESIAN_POINT('',(4.759397287766E0,-1.832535061960E-1,
-4.529041666667E0));
#6521=CARTESIAN_POINT('',(4.305632192471E0,-2.036412381833E0,
-4.593229166667E0));
#6522=CARTESIAN_POINT('',(3.160986562254E0,-3.562808998999E0,
-4.657416666667E0));
#6523=CARTESIAN_POINT('',(1.509129849466E0,-4.517518247463E0,
-4.721604166667E0));
#6524=CARTESIAN_POINT('',(-3.848814340127E-1,-4.747347711410E0,
-4.785791666667E0));
#6525=CARTESIAN_POINT('',(-2.217134745928E0,-4.215419022200E0,
-4.849979166667E0));
#6526=CARTESIAN_POINT('',(-3.693627204308E0,-3.007085314545E0,
-4.914166666667E0));
#6527=CARTESIAN_POINT('',(-4.577441221369E0,-1.316235495089E0,
-4.978354166667E0));
#6528=CARTESIAN_POINT('',(-4.726760234263E0,5.858171227820E-1,
-5.042541666667E0));
#6529=CARTESIAN_POINT('',(-4.117624553823E0,2.393869680522E0,
-5.106729166667E0));
#6530=CARTESIAN_POINT('',(-2.847775929740E0,3.817802544339E0,
-5.170916666667E0));
#6531=CARTESIAN_POINT('',(-1.120973935390E0,4.629131824624E0,
-5.235104166667E0));
#6532=CARTESIAN_POINT('',(7.856992392775E-1,4.697671840281E0,
-5.299291666667E0));
#6533=CARTESIAN_POINT('',(2.566299322429E0,4.012424678578E0,-5.363479166667E0));
#6534=CARTESIAN_POINT('',(3.935111697056E0,2.683344917311E0,-5.427666666667E0));
#6535=CARTESIAN_POINT('',(4.672497092624E0,9.236963424121E-1,
-5.491854166667E0));
#6536=CARTESIAN_POINT('',(4.660134844164E0,-9.841683025652E-1,
-5.556041666667E0));
#6537=CARTESIAN_POINT('',(3.900008594785E0,-2.734113562779E0,
-5.620229166667E0));
#6538=CARTESIAN_POINT('',(2.514088000825E0,-4.045343685977E0,
-5.684416666667E0));
#6539=CARTESIAN_POINT('',(7.247575131555E-1,-4.707459034415E0,
-5.748604166667E0));
#6540=CARTESIAN_POINT('',(-1.180867372822E0,-4.614216754919E0,
-5.812791666667E0));
#6541=CARTESIAN_POINT('',(-2.897010593400E0,-3.780578478923E0,
-5.876979166667E0));
#6542=CARTESIAN_POINT('',(-4.148300262639E0,-2.340309583058E0,
-5.941166666667E0));
#6543=CARTESIAN_POINT('',(-4.733954772138E0,-5.245152323001E-1,
-6.005354166667E0));
#6544=CARTESIAN_POINT('',(-4.560000154657E0,1.375442693497E0,
-6.069541666667E0));
#6545=CARTESIAN_POINT('',(-3.654349121972E0,3.054697449553E0,
-6.133729166667E0));
#6546=CARTESIAN_POINT('',(-2.162322198550E0,4.243796263162E0,
-6.197916666667E0));
#6547=CARTESIAN_POINT('',(-3.233296287391E-1,4.751936654118E0,
-6.262104166667E0));
#6548=CARTESIAN_POINT('',(1.567544327531E0,4.497582550081E0,-6.326291666667E0));
#6549=CARTESIAN_POINT('',(3.206890536822E0,3.521547543114E0,-6.390479166667E0));
#6550=CARTESIAN_POINT('',(4.331659941253E0,1.980445951525E0,-6.454666666667E0));
#6551=CARTESIAN_POINT('',(4.761372340552E0,1.215625278994E-1,
-6.518854166667E0));
#6552=CARTESIAN_POINT('',(4.427076197117E0,-1.756826786706E0,
-6.583041666667E0));
#6553=CARTESIAN_POINT('',(3.382412581444E0,-3.353316141144E0,
-6.647229166667E0));
#6554=CARTESIAN_POINT('',(1.795007940192E0,-4.411733277094E0,
-6.711416666667E0));
#6555=CARTESIAN_POINT('',(-8.042319898891E-2,-4.762244861684E0,
-6.775604166667E0));
#6556=CARTESIAN_POINT('',(-1.942949652994E0,-4.348607899029E0,
-6.839791666667E0));
#6557=CARTESIAN_POINT('',(-3.493710921077E0,-3.237194466434E0,
-6.903979166667E0));
#6558=CARTESIAN_POINT('',(-4.483872261527E0,-1.606341668472E0,
-6.968166666667E0));
#6559=CARTESIAN_POINT('',(-4.754552648312E0,2.822642875045E-1,
-7.032354166667E0));
#6560=CARTESIAN_POINT('',(-4.262318778368E0,2.125578190784E0,
-7.096541666667E0));
#6561=CARTESIAN_POINT('',(-3.086154367896E0,3.627822381413E0,
-7.160729166667E0));
#6562=CARTESIAN_POINT('',(-1.414786446203E0,4.547947155059E0,
-7.224916666667E0));
#6563=CARTESIAN_POINT('',(4.835977333537E-1,4.738309534619E0,
-7.289104166667E0));
#6564=CARTESIAN_POINT('',(2.304383948896E0,4.168364023166E0,-7.353291666667E0));
#6565=CARTESIAN_POINT('',(3.755409327282E0,2.929563926283E0,-7.417479166667E0));
#6566=CARTESIAN_POINT('',(4.603842721161E0,1.220686778896E0,-7.481666666667E0));
#6567=CARTESIAN_POINT('',(4.713544733373E0,-6.840614452078E-1,
-7.545854166667E0));
#6568=CARTESIAN_POINT('',(4.066912607532E0,-2.479045351336E0,
-7.610041666667E0));
#6569=CARTESIAN_POINT('',(2.767704765286E0,-3.876242297758E0,
-7.674229166667E0));
#6570=CARTESIAN_POINT('',(1.024391743914E0,-4.651458434201E0,
-7.738416666667E0));
#6571=CARTESIAN_POINT('',(-8.832948800714E-1,-4.680302780864E0,
-7.802604166667E0));
#6572=CARTESIAN_POINT('',(-2.649248334758E0,-3.958146997158E0,
-7.866791666667E0));
#6573=CARTESIAN_POINT('',(-3.990103757885E0,-2.600867950259E0,
-7.930979166667E0));
#6574=CARTESIAN_POINT('',(-4.690709483691E0,-8.262544936189E-1,
-7.995166666667E0));
#6575=CARTESIAN_POINT('',(-4.638640383625E0,1.080940180441E0,
-8.059354166667E0));
#6576=CARTESIAN_POINT('',(-3.842274290462E0,2.814685089316E0,
-8.123541666667E0));
#6577=CARTESIAN_POINT('',(-2.429310660739E0,4.096795297120E0,
-8.187729166667E0));
#6578=CARTESIAN_POINT('',(-1.227631131558E0,4.513266113691E0,
-8.230520833333E0));
#6579=CARTESIAN_POINT('',(-6.098728546369E-1,4.595253752270E0,
-8.251916666667E0));
#6580=CARTESIAN_POINT('',(-3.223191038393E0,3.065115376033E0,-4.25225E0));
#6581=CARTESIAN_POINT('',(-2.811135361962E0,3.498421793787E0,
-4.273645833333E0));
#6582=CARTESIAN_POINT('',(-1.810103282953E0,4.196362332100E0,-4.3164375E0));
#6583=CARTESIAN_POINT('',(-1.793913031773E-2,4.570101924628E0,-4.380625E0));
#6584=CARTESIAN_POINT('',(1.777058691390E0,4.210477023144E0,-4.4448125E0));
#6585=CARTESIAN_POINT('',(3.286922161450E0,3.175252729623E0,-4.509E0));
#6586=CARTESIAN_POINT('',(4.269363754095E0,1.630524840069E0,-4.5731875E0));
#6587=CARTESIAN_POINT('',(4.566745233883E0,-1.758357257051E-1,-4.637375E0));
#6588=CARTESIAN_POINT('',(4.131347753709E0,-1.953981980631E0,-4.7015625E0));
#6589=CARTESIAN_POINT('',(3.033035370813E0,-3.418592740143E0,-4.76575E0));
#6590=CARTESIAN_POINT('',(1.448042920282E0,-4.334657032858E0,-4.8299375E0));
#6591=CARTESIAN_POINT('',(-3.693021086737E-1,-4.555183403243E0,-4.894125E0));
#6592=CARTESIAN_POINT('',(-2.127389020427E0,-4.044786254330E0,-4.9583125E0));
#6593=CARTESIAN_POINT('',(-3.544115653966E0,-2.885363775656E0,-5.0225E0));
#6594=CARTESIAN_POINT('',(-4.392154429889E0,-1.262956591019E0,-5.0866875E0));
#6595=CARTESIAN_POINT('',(-4.535429271059E0,5.621042732173E-1,-5.150875E0));
#6596=CARTESIAN_POINT('',(-3.950950334495E0,2.296970034874E0,-5.2150625E0));
#6597=CARTESIAN_POINT('',(-2.732502955309E0,3.663264594045E0,-5.27925E0));
#6598=CARTESIAN_POINT('',(-1.075598876754E0,4.441752688194E0,-5.3434375E0));
#6599=CARTESIAN_POINT('',(7.538955122447E-1,4.507518324241E0,-5.407625E0));
#6600=CARTESIAN_POINT('',(2.462420027331E0,3.850008765672E0,-5.4718125E0));
#6601=CARTESIAN_POINT('',(3.775825278029E0,2.574727821839E0,-5.536E0));
#6602=CARTESIAN_POINT('',(4.483362606211E0,8.863067347012E-1,-5.6001875E0));
#6603=CARTESIAN_POINT('',(4.471500759885E0,-9.443308959795E-1,-5.664375E0));
#6604=CARTESIAN_POINT('',(3.742143087764E0,-2.623441441590E0,-5.7285625E0));
#6605=CARTESIAN_POINT('',(2.412322128444E0,-3.881595269393E0,-5.79275E0));
#6606=CARTESIAN_POINT('',(6.954206002999E-1,-4.516909349924E0,-5.8569375E0));
#6607=CARTESIAN_POINT('',(-1.133067932896E0,-4.427441354348E0,-5.921125E0));
#6608=CARTESIAN_POINT('',(-2.779744686144E0,-3.627547293503E0,-5.9853125E0));
#6609=CARTESIAN_POINT('',(-3.980384344425E0,-2.245577956208E0,-6.0495E0));
#6610=CARTESIAN_POINT('',(-4.542332586660E0,-5.032837757341E-1,-6.1136875E0));
#6611=CARTESIAN_POINT('',(-4.375419346966E0,1.319767185890E0,-6.177875E0));
#6612=CARTESIAN_POINT('',(-3.506427479507E0,2.931048654955E0,-6.2420625E0));
#6613=CARTESIAN_POINT('',(-2.074795188822E0,4.072014834353E0,-6.30625E0));
#6614=CARTESIAN_POINT('',(-3.102418125112E-1,4.559586593598E0,-6.3704375E0));
#6615=CARTESIAN_POINT('',(1.504092882738E0,4.315528297538E0,-6.434625E0));
#6616=CARTESIAN_POINT('',(3.077081233009E0,3.379001475617E0,-6.4988125E0));
#6617=CARTESIAN_POINT('',(4.156321944875E0,1.900280973252E0,-6.563E0));
#6618=CARTESIAN_POINT('',(4.568640339997E0,1.166418899995E-1,-6.6271875E0));
#6619=CARTESIAN_POINT('',(4.247875918068E0,-1.685713519981E0,-6.691375E0));
#6620=CARTESIAN_POINT('',(3.245498453143E0,-3.217579785708E0,-6.7555625E0));
#6621=CARTESIAN_POINT('',(1.722349167346E0,-4.233154052535E0,-6.81975E0));
#6622=CARTESIAN_POINT('',(-7.716780896193E-2,-4.569477543003E0,-6.8839375E0));
#6623=CARTESIAN_POINT('',(-1.864302459114E0,-4.172583879048E0,-6.948125E0));
#6624=CARTESIAN_POINT('',(-3.352291631213E0,-3.106158512705E0,-7.0123125E0));
#6625=CARTESIAN_POINT('',(-4.302372977416E0,-1.541319775372E0,-7.0765E0));
#6626=CARTESIAN_POINT('',(-4.562096696936E0,2.708387242583E-1,-7.1406875E0));
#6627=CARTESIAN_POINT('',(-4.089787590634E0,2.039538514038E0,-7.204875E0));
#6628=CARTESIAN_POINT('',(-2.961232252421E0,3.480974494876E0,-7.2690625E0));
#6629=CARTESIAN_POINT('',(-1.357518372498E0,4.363854231649E0,-7.33325E0));
#6630=CARTESIAN_POINT('',(4.640225453728E-1,4.546511075994E0,-7.3974375E0));
#6631=CARTESIAN_POINT('',(2.211106528700E0,3.999635959120E0,-7.461625E0));
#6632=CARTESIAN_POINT('',(3.603396944973E0,2.810980317213E0,-7.5258125E0));
#6633=CARTESIAN_POINT('',(4.417487243280E0,1.171275519259E0,-7.59E0));
#6634=CARTESIAN_POINT('',(4.522748710463E0,-6.563718377989E-1,-7.6541875E0));
#6635=CARTESIAN_POINT('',(3.902291118837E0,-2.378697943938E0,-7.718375E0));
#6636=CARTESIAN_POINT('',(2.655672931141E0,-3.719338808753E0,-7.7825625E0));
#6637=CARTESIAN_POINT('',(9.829261629772E-1,-4.463175555778E0,-7.84675E0));
#6638=CARTESIAN_POINT('',(-8.475406526890E-1,-4.490852333883E0,-7.9109375E0));
#6639=CARTESIAN_POINT('',(-2.542011409140E0,-3.797928149588E0,-7.975125E0));
#6640=CARTESIAN_POINT('',(-3.828591356695E0,-2.495589377743E0,-8.0393125E0));
#6641=CARTESIAN_POINT('',(-4.500837791634E0,-7.928091610272E-1,-8.1035E0));
#6642=CARTESIAN_POINT('',(-4.450876357406E0,1.037185617984E0,-8.1676875E0));
#6643=CARTESIAN_POINT('',(-3.686745766810E0,2.700751574061E0,-8.231875E0));
#6644=CARTESIAN_POINT('',(-2.330976426378E0,3.930964209567E0,-8.2960625E0));
#6645=CARTESIAN_POINT('',(-1.177938776706E0,4.330577018003E0,
-8.338854166667E0));
#6646=CARTESIAN_POINT('',(-5.851862712422E-1,4.409245940784E0,-8.36025E0));
#6647=B_SPLINE_SURFACE_WITH_KNOTS('',3,3,((#6379,#6380,#6381,#6382,#6383,#6384,
#6385,#6386,#6387,#6388,#6389,#6390,#6391,#6392,#6393,#6394,#6395,#6396,#6397,
#6398,#6399,#6400,#6401,#6402,#6403,#6404,#6405,#6406,#6407,#6408,#6409,#6410,
#6411,#6412,#6413,#6414,#6415,#6416,#6417,#6418,#6419,#6420,#6421,#6422,#6423,
#6424,#6425,#6426,#6427,#6428,#6429,#6430,#6431,#6432,#6433,#6434,#6435,#6436,
#6437,#6438,#6439,#6440,#6441,#6442,#6443,#6444,#6445),(#6446,#6447,#6448,#6449,
#6450,#6451,#6452,#6453,#6454,#6455,#6456,#6457,#6458,#6459,#6460,#6461,#6462,
#6463,#6464,#6465,#6466,#6467,#6468,#6469,#6470,#6471,#6472,#6473,#6474,#6475,
#6476,#6477,#6478,#6479,#6480,#6481,#6482,#6483,#6484,#6485,#6486,#6487,#6488,
#6489,#6490,#6491,#6492,#6493,#6494,#6495,#6496,#6497,#6498,#6499,#6500,#6501,
#6502,#6503,#6504,#6505,#6506,#6507,#6508,#6509,#6510,#6511,#6512),(#6513,#6514,
#6515,#6516,#6517,#6518,#6519,#6520,#6521,#6522,#6523,#6524,#6525,#6526,#6527,
#6528,#6529,#6530,#6531,#6532,#6533,#6534,#6535,#6536,#6537,#6538,#6539,#6540,
#6541,#6542,#6543,#6544,#6545,#6546,#6547,#6548,#6549,#6550,#6551,#6552,#6553,
#6554,#6555,#6556,#6557,#6558,#6559,#6560,#6561,#6562,#6563,#6564,#6565,#6566,
#6567,#6568,#6569,#6570,#6571,#6572,#6573,#6574,#6575,#6576,#6577,#6578,#6579),(
#6580,#6581,#6582,#6583,#6584,#6585,#6586,#6587,#6588,#6589,#6590,#6591,#6592,
#6593,#6594,#6595,#6596,#6597,#6598,#6599,#6600,#6601,#6602,#6603,#6604,#6605,
#6606,#6607,#6608,#6609,#6610,#6611,#6612,#6613,#6614,#6615,#6616,#6617,#6618,
#6619,#6620,#6621,#6622,#6623,#6624,#6625,#6626,#6627,#6628,#6629,#6630,#6631,
#6632,#6633,#6634,#6635,#6636,#6637,#6638,#6639,#6640,#6641,#6642,#6643,#6644,
#6645,#6646)),.UNSPECIFIED.,.F.,.F.,.F.,(4,4),(4,1,1,1,1,1,1,1,1,1,1,1,1,1,1,1,
1,1,1,1,1,1,1,1,1,1,1,1,1,1,1,1,1,1,1,1,1,1,1,1,1,1,1,1,1,1,1,1,1,1,1,1,1,1,1,1,
1,1,1,1,1,1,1,1,4),(-2.000000000001E-2,1.02E0),(-2.E-2,-3.75E-3,1.25E-2,
2.875E-2,4.5E-2,6.125E-2,7.75E-2,9.375E-2,1.1E-1,1.2625E-1,1.425E-1,1.5875E-1,
1.75E-1,1.9125E-1,2.075E-1,2.2375E-1,2.4E-1,2.5625E-1,2.725E-1,2.8875E-1,
3.05E-1,3.2125E-1,3.375E-1,3.5375E-1,3.7E-1,3.8625E-1,4.025E-1,4.1875E-1,
4.35E-1,4.5125E-1,4.675E-1,4.8375E-1,5.E-1,5.1625E-1,5.325E-1,5.4875E-1,5.65E-1,
5.8125E-1,5.975E-1,6.1375E-1,6.3E-1,6.4625E-1,6.625E-1,6.7875E-1,6.95E-1,
7.1125E-1,7.275E-1,7.4375E-1,7.6E-1,7.7625E-1,7.925E-1,8.0875E-1,8.25E-1,
8.4125E-1,8.575E-1,8.7375E-1,8.9E-1,9.0625E-1,9.225E-1,9.3875E-1,9.55E-1,
9.7125E-1,9.875E-1,1.00375E0,1.02E0),.UNSPECIFIED.);
#6648=ORIENTED_EDGE('',*,*,#6081,.T.);
#6649=ORIENTED_EDGE('',*,*,#4300,.F.);
#6650=ORIENTED_EDGE('',*,*,#4421,.F.);
#6651=EDGE_LOOP('',(#6648,#6649,#6650));
#6652=FACE_OUTER_BOUND('',#6651,.F.);
#6654=CARTESIAN_POINT('',(-3.631110251181E0,3.453028917739E0,-3.92725E0));
#6655=CARTESIAN_POINT('',(-3.166905811257E0,3.941173541085E0,
-3.948645833333E0));
#6656=CARTESIAN_POINT('',(-2.039185548773E0,4.727443735186E0,-3.9914375E0));
#6657=CARTESIAN_POINT('',(-2.020946298810E-2,5.148482900887E0,-4.055625E0));
#6658=CARTESIAN_POINT('',(2.001958914131E0,4.743344747174E0,-4.1198125E0));
#6659=CARTESIAN_POINT('',(3.702907030055E0,3.577104986731E0,-4.184E0));
#6660=CARTESIAN_POINT('',(4.809684039468E0,1.836880095240E0,-4.2481875E0));
#6661=CARTESIAN_POINT('',(5.144701395531E0,-1.980890671780E-1,-4.312375E0));
#6662=CARTESIAN_POINT('',(4.654201069995E0,-2.201273184238E0,-4.3765625E0));
#6663=CARTESIAN_POINT('',(3.416888945138E0,-3.851241516710E0,-4.44075E0));
#6664=CARTESIAN_POINT('',(1.631303707834E0,-4.883240676672E0,-4.5049375E0));
#6665=CARTESIAN_POINT('',(-4.160400846908E-1,-5.131676327746E0,-4.569125E0));
#6666=CARTESIAN_POINT('',(-2.396626196929E0,-4.556684557940E0,-4.6333125E0));
#6667=CARTESIAN_POINT('',(-3.992650304992E0,-3.250528392321E0,-4.6975E0));
#6668=CARTESIAN_POINT('',(-4.948014804327E0,-1.422793303227E0,-4.7616875E0));
#6669=CARTESIAN_POINT('',(-5.109422160673E0,6.332428219115E-1,-4.825875E0));
#6670=CARTESIAN_POINT('',(-4.450972992480E0,2.587668971817E0,-4.8900625E0));
#6671=CARTESIAN_POINT('',(-3.078321878603E0,4.126878444927E0,-4.95425E0));
#6672=CARTESIAN_POINT('',(-1.211724052661E0,5.003890097483E0,-5.0184375E0));
#6673=CARTESIAN_POINT('',(8.493066933432E-1,5.077978872360E0,-5.082625E0));
#6674=CARTESIAN_POINT('',(2.774057912625E0,4.337256504392E0,-5.1468125E0));
#6675=CARTESIAN_POINT('',(4.253684535110E0,2.900579108256E0,-5.211E0));
#6676=CARTESIAN_POINT('',(5.050766065449E0,9.984755578338E-1,-5.2751875E0));
#6677=CARTESIAN_POINT('',(5.037403012723E0,-1.063843115737E0,-5.339375E0));
#6678=CARTESIAN_POINT('',(4.215739608826E0,-2.955457805157E0,-5.4035625E0));
#6679=CARTESIAN_POINT('',(2.717619745589E0,-4.372840519145E0,-5.46775E0));
#6680=CARTESIAN_POINT('',(7.834313388667E-1,-5.088558403396E0,-5.5319375E0));
#6681=CARTESIAN_POINT('',(-1.276466252672E0,-4.987767556059E0,-5.596125E0));
#6682=CARTESIAN_POINT('',(-3.131542407911E0,-4.086640849762E0,-5.6603125E0));
#6683=CARTESIAN_POINT('',(-4.484132099067E0,-2.529772836759E0,-5.7245E0));
#6684=CARTESIAN_POINT('',(-5.117199143095E0,-5.669781454321E-1,-5.7886875E0));
#6685=CARTESIAN_POINT('',(-4.929161770040E0,1.486793708711E0,-5.852875E0));
#6686=CARTESIAN_POINT('',(-3.950192406904E0,3.301995038750E0,-5.9170625E0));
#6687=CARTESIAN_POINT('',(-2.337376218007E0,4.587359120778E0,-5.98125E0));
#6688=CARTESIAN_POINT('',(-3.495052611948E-1,5.136636775156E0,-6.0454375E0));
#6689=CARTESIAN_POINT('',(1.694447217117E0,4.861691055167E0,-6.109625E0));
#6690=CARTESIAN_POINT('',(3.466509144449E0,3.806639678107E0,-6.1738125E0));
#6691=CARTESIAN_POINT('',(4.682335934009E0,2.140775908070E0,-6.238E0));
#6692=CARTESIAN_POINT('',(5.146836341663E0,1.314038036993E-1,-6.3021875E0));
#6693=CARTESIAN_POINT('',(4.785476755214E0,-1.899053320157E0,-6.366375E0));
#6694=CARTESIAN_POINT('',(3.656240838047E0,-3.624788852014E0,-6.4305625E0));
#6695=CARTESIAN_POINT('',(1.940325485883E0,-4.768891726211E0,-6.49475E0));
#6696=CARTESIAN_POINT('',(-8.693397904288E-2,-5.147779499044E0,-6.5589375E0));
#6697=CARTESIAN_POINT('',(-2.100244040752E0,-4.700655938991E0,-6.623125E0));
#6698=CARTESIAN_POINT('',(-3.776549500806E0,-3.499266373892E0,-6.6873125E0));
#6699=CARTESIAN_POINT('',(-4.846870829750E0,-1.736385454674E0,-6.7515E0));
#6700=CARTESIAN_POINT('',(-5.139464551063E0,3.051154139971E-1,-6.8156875E0));
#6701=CARTESIAN_POINT('',(-4.607381153836E0,2.297657544275E0,-6.879875E0));
#6702=CARTESIAN_POINT('',(-3.335998598847E0,3.921518154488E0,-6.9440625E0));
#6703=CARTESIAN_POINT('',(-1.529322593613E0,4.916133001878E0,-7.00825E0));
#6704=CARTESIAN_POINT('',(5.227481093154E-1,5.121906451869E0,-7.0724375E0));
#6705=CARTESIAN_POINT('',(2.490938789287E0,4.505820151260E0,-7.136625E0));
#6706=CARTESIAN_POINT('',(4.059434091902E0,3.166731144422E0,-7.2008125E0));
#6707=CARTESIAN_POINT('',(4.976553676922E0,1.319509298171E0,-7.265E0));
#6708=CARTESIAN_POINT('',(5.095136779192E0,-7.394406600257E-1,-7.3291875E0));
#6709=CARTESIAN_POINT('',(4.396155584922E0,-2.679740166131E0,-7.393375E0));
#6710=CARTESIAN_POINT('',(2.991768433576E0,-4.190049275767E0,-7.4575625E0));
#6711=CARTESIAN_POINT('',(1.107322905787E0,-5.028024191047E0,-7.52175E0));
#6712=CARTESIAN_POINT('',(-9.548033348362E-1,-5.059203674826E0,-7.5859375E0));
#6713=CARTESIAN_POINT('',(-2.863722185995E0,-4.278584692297E0,-7.650125E0));
#6714=CARTESIAN_POINT('',(-4.313128560264E0,-2.811425095292E0,-7.7143125E0));
#6715=CARTESIAN_POINT('',(-5.070452867805E0,-8.931451588024E-1,-7.7785E0));
#6716=CARTESIAN_POINT('',(-5.014168436064E0,1.168449305355E0,-7.8426875E0));
#6717=CARTESIAN_POINT('',(-4.153331337765E0,3.042552119826E0,-7.906875E0));
#6718=CARTESIAN_POINT('',(-2.625979129460E0,4.428457472226E0,-7.9710625E0));
#6719=CARTESIAN_POINT('',(-1.327015841262E0,4.878644305067E0,
-8.013854166667E0));
#6720=CARTESIAN_POINT('',(-6.592460214264E-1,4.967269375241E0,-8.03525E0));
#6721=CARTESIAN_POINT('',(-3.495137180252E0,3.323724403837E0,
-4.035583333333E0));
#6722=CARTESIAN_POINT('',(-3.048315661492E0,3.793589625319E0,
-4.056979166667E0));
#6723=CARTESIAN_POINT('',(-1.962824793499E0,4.550416600824E0,
-4.099770833333E0));
#6724=CARTESIAN_POINT('',(-1.945268543131E-2,4.955689242134E0,
-4.163958333333E0));
#6725=CARTESIAN_POINT('',(1.926992173218E0,4.565722172497E0,-4.228145833333E0));
#6726=CARTESIAN_POINT('',(3.564245407187E0,3.443154234362E0,-4.292333333333E0));
#6727=CARTESIAN_POINT('',(4.629577277677E0,1.768095010183E0,-4.356520833333E0));
#6728=CARTESIAN_POINT('',(4.952049341649E0,-1.906712866870E-1,
-4.420708333333E0));
#6729=CARTESIAN_POINT('',(4.479916631233E0,-2.118842783036E0,
-4.484895833333E0));
#6730=CARTESIAN_POINT('',(3.288937753696E0,-3.707025257854E0,
-4.549083333333E0));
#6731=CARTESIAN_POINT('',(1.570216778650E0,-4.700379462068E0,
-4.613270833333E0));
#6732=CARTESIAN_POINT('',(-4.004607593518E-1,-4.939512019578E0,
-4.677458333333E0));
#6733=CARTESIAN_POINT('',(-2.306880471428E0,-4.386051790070E0,
-4.741645833333E0));
#6734=CARTESIAN_POINT('',(-3.843138754650E0,-3.128806853433E0,
-4.805833333333E0));
#6735=CARTESIAN_POINT('',(-4.762728012848E0,-1.369514399158E0,
-4.870020833333E0));
#6736=CARTESIAN_POINT('',(-4.918091197468E0,6.095299723468E-1,
-4.934208333333E0));
#6737=CARTESIAN_POINT('',(-4.284298773151E0,2.490769326169E0,
-4.998395833333E0));
#6738=CARTESIAN_POINT('',(-2.963048904172E0,3.972340494633E0,
-5.062583333333E0));
#6739=CARTESIAN_POINT('',(-1.166348994025E0,4.816510961053E0,
-5.126770833333E0));
#6740=CARTESIAN_POINT('',(8.175029663104E-1,4.887825356320E0,
-5.190958333333E0));
#6741=CARTESIAN_POINT('',(2.670178617527E0,4.174840591485E0,-5.255145833333E0));
#6742=CARTESIAN_POINT('',(4.094398116083E0,2.791962012783E0,-5.319333333333E0));
#6743=CARTESIAN_POINT('',(4.861631579037E0,9.610859501230E-1,
-5.383520833333E0));
#6744=CARTESIAN_POINT('',(4.848768928443E0,-1.024005709151E0,
-5.447708333333E0));
#6745=CARTESIAN_POINT('',(4.057874101805E0,-2.844785683968E0,
-5.511895833333E0));
#6746=CARTESIAN_POINT('',(2.615853873207E0,-4.209092102561E0,
-5.576083333333E0));
#6747=CARTESIAN_POINT('',(7.540944260111E-1,-4.898008718905E0,
-5.640270833333E0));
#6748=CARTESIAN_POINT('',(-1.228666812747E0,-4.800992155489E0,
-5.704458333333E0));
#6749=CARTESIAN_POINT('',(-3.014276500655E0,-3.933609664343E0,
-5.768645833333E0));
#6750=CARTESIAN_POINT('',(-4.316216180853E0,-2.435041209909E0,
-5.832833333333E0));
#6751=CARTESIAN_POINT('',(-4.925576957617E0,-5.457466888661E-1,
-5.897020833333E0));
#6752=CARTESIAN_POINT('',(-4.744580962349E0,1.431118201104E0,
-5.961208333333E0));
#6753=CARTESIAN_POINT('',(-3.802270764438E0,3.178346244152E0,
-6.025395833333E0));
#6754=CARTESIAN_POINT('',(-2.249849208278E0,4.415577691970E0,
-6.089583333333E0));
#6755=CARTESIAN_POINT('',(-3.364174449669E-1,4.944286714637E0,
-6.153770833333E0));
#6756=CARTESIAN_POINT('',(1.630995772324E0,4.679636802624E0,-6.217958333333E0));
#6757=CARTESIAN_POINT('',(3.336699840635E0,3.664093610610E0,-6.282145833333E0));
#6758=CARTESIAN_POINT('',(4.506997937631E0,2.060610929798E0,-6.346333333333E0));
#6759=CARTESIAN_POINT('',(4.954104341108E0,1.264831657994E-1,
-6.410520833333E0));
#6760=CARTESIAN_POINT('',(4.606276476165E0,-1.827940053431E0,
-6.474708333333E0));
#6761=CARTESIAN_POINT('',(3.519326709746E0,-3.489052496579E0,
-6.538895833333E0));
#6762=CARTESIAN_POINT('',(1.867666713038E0,-4.590312501652E0,
-6.603083333333E0));
#6763=CARTESIAN_POINT('',(-8.367858901589E-2,-4.955012180364E0,
-6.667270833333E0));
#6764=CARTESIAN_POINT('',(-2.021596846873E0,-4.524631919010E0,
-6.731458333333E0));
#6765=CARTESIAN_POINT('',(-3.635130210942E0,-3.368230420163E0,
-6.795645833333E0));
#6766=CARTESIAN_POINT('',(-4.665371545639E0,-1.671363561573E0,
-6.859833333333E0));
#6767=CARTESIAN_POINT('',(-4.947008599687E0,2.936898507508E-1,
-6.924020833333E0));
#6768=CARTESIAN_POINT('',(-4.434849966102E0,2.211617867529E0,
-6.988208333333E0));
#6769=CARTESIAN_POINT('',(-3.211076483371E0,3.774670267951E0,
-7.052395833333E0));
#6770=CARTESIAN_POINT('',(-1.472054519908E0,4.732040078468E0,
-7.116583333333E0));
#6771=CARTESIAN_POINT('',(5.031729213345E-1,4.930107993244E0,
-7.180770833333E0));
#6772=CARTESIAN_POINT('',(2.397661369092E0,4.337092087213E0,-7.244958333333E0));
#6773=CARTESIAN_POINT('',(3.907421709592E0,3.048147535352E0,-7.309145833333E0));
#6774=CARTESIAN_POINT('',(4.790198199041E0,1.270098038534E0,-7.373333333333E0));
#6775=CARTESIAN_POINT('',(4.904340756282E0,-7.117510526167E-1,
-7.437520833333E0));
#6776=CARTESIAN_POINT('',(4.231534096227E0,-2.579392758734E0,
-7.501708333333E0));
#6777=CARTESIAN_POINT('',(2.879736599431E0,-4.033145786762E0,
-7.565895833333E0));
#6778=CARTESIAN_POINT('',(1.065857324851E0,-4.839741312624E0,
-7.630083333333E0));
#6779=CARTESIAN_POINT('',(-9.190491074538E-1,-4.869753227845E0,
-7.694270833333E0));
#6780=CARTESIAN_POINT('',(-2.756485260377E0,-4.118365844727E0,
-7.758458333333E0));
#6781=CARTESIAN_POINT('',(-4.151616159074E0,-2.706146522776E0,
-7.822645833333E0));
#6782=CARTESIAN_POINT('',(-4.880581175748E0,-8.596998262106E-1,
-7.886833333333E0));
#6783=CARTESIAN_POINT('',(-4.826404409845E0,1.124694742898E0,
-7.951020833333E0));
#6784=CARTESIAN_POINT('',(-3.997802814114E0,2.928618604571E0,
-8.015208333333E0));
#6785=CARTESIAN_POINT('',(-2.527644895099E0,4.262626384673E0,
-8.079395833333E0));
#6786=CARTESIAN_POINT('',(-1.277323486410E0,4.695955209379E0,-8.1221875E0));
#6787=CARTESIAN_POINT('',(-6.345594380317E-1,4.781261563755E0,
-8.143583333333E0));
#6788=CARTESIAN_POINT('',(-3.359164109322E0,3.194419889935E0,
-4.143916666667E0));
#6789=CARTESIAN_POINT('',(-2.929725511727E0,3.646005709553E0,-4.1653125E0));
#6790=CARTESIAN_POINT('',(-1.886464038226E0,4.373389466462E0,
-4.208104166667E0));
#6791=CARTESIAN_POINT('',(-1.869590787452E-2,4.762895583381E0,
-4.272291666667E0));
#6792=CARTESIAN_POINT('',(1.852025432304E0,4.388099597820E0,-4.336479166667E0));
#6793=CARTESIAN_POINT('',(3.425583784318E0,3.309203481992E0,-4.400666666667E0));
#6794=CARTESIAN_POINT('',(4.449470515886E0,1.699309925126E0,-4.464854166667E0));
#6795=CARTESIAN_POINT('',(4.759397287766E0,-1.832535061960E-1,
-4.529041666667E0));
#6796=CARTESIAN_POINT('',(4.305632192471E0,-2.036412381833E0,
-4.593229166667E0));
#6797=CARTESIAN_POINT('',(3.160986562254E0,-3.562808998999E0,
-4.657416666667E0));
#6798=CARTESIAN_POINT('',(1.509129849466E0,-4.517518247463E0,
-4.721604166667E0));
#6799=CARTESIAN_POINT('',(-3.848814340127E-1,-4.747347711410E0,
-4.785791666667E0));
#6800=CARTESIAN_POINT('',(-2.217134745928E0,-4.215419022200E0,
-4.849979166667E0));
#6801=CARTESIAN_POINT('',(-3.693627204308E0,-3.007085314545E0,
-4.914166666667E0));
#6802=CARTESIAN_POINT('',(-4.577441221369E0,-1.316235495089E0,
-4.978354166667E0));
#6803=CARTESIAN_POINT('',(-4.726760234263E0,5.858171227820E-1,
-5.042541666667E0));
#6804=CARTESIAN_POINT('',(-4.117624553823E0,2.393869680522E0,
-5.106729166667E0));
#6805=CARTESIAN_POINT('',(-2.847775929740E0,3.817802544339E0,
-5.170916666667E0));
#6806=CARTESIAN_POINT('',(-1.120973935390E0,4.629131824624E0,
-5.235104166667E0));
#6807=CARTESIAN_POINT('',(7.856992392775E-1,4.697671840281E0,
-5.299291666667E0));
#6808=CARTESIAN_POINT('',(2.566299322429E0,4.012424678578E0,-5.363479166667E0));
#6809=CARTESIAN_POINT('',(3.935111697056E0,2.683344917311E0,-5.427666666667E0));
#6810=CARTESIAN_POINT('',(4.672497092624E0,9.236963424121E-1,
-5.491854166667E0));
#6811=CARTESIAN_POINT('',(4.660134844164E0,-9.841683025652E-1,
-5.556041666667E0));
#6812=CARTESIAN_POINT('',(3.900008594785E0,-2.734113562779E0,
-5.620229166667E0));
#6813=CARTESIAN_POINT('',(2.514088000825E0,-4.045343685977E0,
-5.684416666667E0));
#6814=CARTESIAN_POINT('',(7.247575131555E-1,-4.707459034415E0,
-5.748604166667E0));
#6815=CARTESIAN_POINT('',(-1.180867372822E0,-4.614216754919E0,
-5.812791666667E0));
#6816=CARTESIAN_POINT('',(-2.897010593400E0,-3.780578478923E0,
-5.876979166667E0));
#6817=CARTESIAN_POINT('',(-4.148300262639E0,-2.340309583058E0,
-5.941166666667E0));
#6818=CARTESIAN_POINT('',(-4.733954772138E0,-5.245152323001E-1,
-6.005354166667E0));
#6819=CARTESIAN_POINT('',(-4.560000154657E0,1.375442693497E0,
-6.069541666667E0));
#6820=CARTESIAN_POINT('',(-3.654349121972E0,3.054697449553E0,
-6.133729166667E0));
#6821=CARTESIAN_POINT('',(-2.162322198550E0,4.243796263162E0,
-6.197916666667E0));
#6822=CARTESIAN_POINT('',(-3.233296287391E-1,4.751936654118E0,
-6.262104166667E0));
#6823=CARTESIAN_POINT('',(1.567544327531E0,4.497582550081E0,-6.326291666667E0));
#6824=CARTESIAN_POINT('',(3.206890536822E0,3.521547543114E0,-6.390479166667E0));
#6825=CARTESIAN_POINT('',(4.331659941253E0,1.980445951525E0,-6.454666666667E0));
#6826=CARTESIAN_POINT('',(4.761372340552E0,1.215625278994E-1,
-6.518854166667E0));
#6827=CARTESIAN_POINT('',(4.427076197117E0,-1.756826786706E0,
-6.583041666667E0));
#6828=CARTESIAN_POINT('',(3.382412581444E0,-3.353316141144E0,
-6.647229166667E0));
#6829=CARTESIAN_POINT('',(1.795007940192E0,-4.411733277094E0,
-6.711416666667E0));
#6830=CARTESIAN_POINT('',(-8.042319898891E-2,-4.762244861684E0,
-6.775604166667E0));
#6831=CARTESIAN_POINT('',(-1.942949652994E0,-4.348607899029E0,
-6.839791666667E0));
#6832=CARTESIAN_POINT('',(-3.493710921077E0,-3.237194466434E0,
-6.903979166667E0));
#6833=CARTESIAN_POINT('',(-4.483872261527E0,-1.606341668472E0,
-6.968166666667E0));
#6834=CARTESIAN_POINT('',(-4.754552648312E0,2.822642875045E-1,
-7.032354166667E0));
#6835=CARTESIAN_POINT('',(-4.262318778368E0,2.125578190784E0,
-7.096541666667E0));
#6836=CARTESIAN_POINT('',(-3.086154367896E0,3.627822381413E0,
-7.160729166667E0));
#6837=CARTESIAN_POINT('',(-1.414786446203E0,4.547947155059E0,
-7.224916666667E0));
#6838=CARTESIAN_POINT('',(4.835977333537E-1,4.738309534619E0,
-7.289104166667E0));
#6839=CARTESIAN_POINT('',(2.304383948896E0,4.168364023166E0,-7.353291666667E0));
#6840=CARTESIAN_POINT('',(3.755409327282E0,2.929563926283E0,-7.417479166667E0));
#6841=CARTESIAN_POINT('',(4.603842721161E0,1.220686778896E0,-7.481666666667E0));
#6842=CARTESIAN_POINT('',(4.713544733373E0,-6.840614452078E-1,
-7.545854166667E0));
#6843=CARTESIAN_POINT('',(4.066912607532E0,-2.479045351336E0,
-7.610041666667E0));
#6844=CARTESIAN_POINT('',(2.767704765286E0,-3.876242297758E0,
-7.674229166667E0));
#6845=CARTESIAN_POINT('',(1.024391743914E0,-4.651458434201E0,
-7.738416666667E0));
#6846=CARTESIAN_POINT('',(-8.832948800714E-1,-4.680302780864E0,
-7.802604166667E0));
#6847=CARTESIAN_POINT('',(-2.649248334758E0,-3.958146997158E0,
-7.866791666667E0));
#6848=CARTESIAN_POINT('',(-3.990103757885E0,-2.600867950259E0,
-7.930979166667E0));
#6849=CARTESIAN_POINT('',(-4.690709483691E0,-8.262544936189E-1,
-7.995166666667E0));
#6850=CARTESIAN_POINT('',(-4.638640383625E0,1.080940180441E0,
-8.059354166667E0));
#6851=CARTESIAN_POINT('',(-3.842274290462E0,2.814685089316E0,
-8.123541666667E0));
#6852=CARTESIAN_POINT('',(-2.429310660739E0,4.096795297120E0,
-8.187729166667E0));
#6853=CARTESIAN_POINT('',(-1.227631131558E0,4.513266113691E0,
-8.230520833333E0));
#6854=CARTESIAN_POINT('',(-6.098728546369E-1,4.595253752270E0,
-8.251916666667E0));
#6855=CARTESIAN_POINT('',(-3.223191038393E0,3.065115376033E0,-4.25225E0));
#6856=CARTESIAN_POINT('',(-2.811135361962E0,3.498421793787E0,
-4.273645833333E0));
#6857=CARTESIAN_POINT('',(-1.810103282953E0,4.196362332100E0,-4.3164375E0));
#6858=CARTESIAN_POINT('',(-1.793913031773E-2,4.570101924628E0,-4.380625E0));
#6859=CARTESIAN_POINT('',(1.777058691390E0,4.210477023144E0,-4.4448125E0));
#6860=CARTESIAN_POINT('',(3.286922161450E0,3.175252729623E0,-4.509E0));
#6861=CARTESIAN_POINT('',(4.269363754095E0,1.630524840069E0,-4.5731875E0));
#6862=CARTESIAN_POINT('',(4.566745233883E0,-1.758357257051E-1,-4.637375E0));
#6863=CARTESIAN_POINT('',(4.131347753709E0,-1.953981980631E0,-4.7015625E0));
#6864=CARTESIAN_POINT('',(3.033035370813E0,-3.418592740143E0,-4.76575E0));
#6865=CARTESIAN_POINT('',(1.448042920282E0,-4.334657032858E0,-4.8299375E0));
#6866=CARTESIAN_POINT('',(-3.693021086737E-1,-4.555183403243E0,-4.894125E0));
#6867=CARTESIAN_POINT('',(-2.127389020427E0,-4.044786254330E0,-4.9583125E0));
#6868=CARTESIAN_POINT('',(-3.544115653966E0,-2.885363775656E0,-5.0225E0));
#6869=CARTESIAN_POINT('',(-4.392154429889E0,-1.262956591019E0,-5.0866875E0));
#6870=CARTESIAN_POINT('',(-4.535429271059E0,5.621042732173E-1,-5.150875E0));
#6871=CARTESIAN_POINT('',(-3.950950334495E0,2.296970034874E0,-5.2150625E0));
#6872=CARTESIAN_POINT('',(-2.732502955309E0,3.663264594045E0,-5.27925E0));
#6873=CARTESIAN_POINT('',(-1.075598876754E0,4.441752688194E0,-5.3434375E0));
#6874=CARTESIAN_POINT('',(7.538955122447E-1,4.507518324241E0,-5.407625E0));
#6875=CARTESIAN_POINT('',(2.462420027331E0,3.850008765672E0,-5.4718125E0));
#6876=CARTESIAN_POINT('',(3.775825278029E0,2.574727821839E0,-5.536E0));
#6877=CARTESIAN_POINT('',(4.483362606211E0,8.863067347012E-1,-5.6001875E0));
#6878=CARTESIAN_POINT('',(4.471500759885E0,-9.443308959795E-1,-5.664375E0));
#6879=CARTESIAN_POINT('',(3.742143087764E0,-2.623441441590E0,-5.7285625E0));
#6880=CARTESIAN_POINT('',(2.412322128444E0,-3.881595269393E0,-5.79275E0));
#6881=CARTESIAN_POINT('',(6.954206002999E-1,-4.516909349924E0,-5.8569375E0));
#6882=CARTESIAN_POINT('',(-1.133067932896E0,-4.427441354348E0,-5.921125E0));
#6883=CARTESIAN_POINT('',(-2.779744686144E0,-3.627547293503E0,-5.9853125E0));
#6884=CARTESIAN_POINT('',(-3.980384344425E0,-2.245577956208E0,-6.0495E0));
#6885=CARTESIAN_POINT('',(-4.542332586660E0,-5.032837757341E-1,-6.1136875E0));
#6886=CARTESIAN_POINT('',(-4.375419346966E0,1.319767185890E0,-6.177875E0));
#6887=CARTESIAN_POINT('',(-3.506427479507E0,2.931048654955E0,-6.2420625E0));
#6888=CARTESIAN_POINT('',(-2.074795188822E0,4.072014834353E0,-6.30625E0));
#6889=CARTESIAN_POINT('',(-3.102418125112E-1,4.559586593598E0,-6.3704375E0));
#6890=CARTESIAN_POINT('',(1.504092882738E0,4.315528297538E0,-6.434625E0));
#6891=CARTESIAN_POINT('',(3.077081233009E0,3.379001475617E0,-6.4988125E0));
#6892=CARTESIAN_POINT('',(4.156321944875E0,1.900280973252E0,-6.563E0));
#6893=CARTESIAN_POINT('',(4.568640339997E0,1.166418899995E-1,-6.6271875E0));
#6894=CARTESIAN_POINT('',(4.247875918068E0,-1.685713519981E0,-6.691375E0));
#6895=CARTESIAN_POINT('',(3.245498453143E0,-3.217579785708E0,-6.7555625E0));
#6896=CARTESIAN_POINT('',(1.722349167346E0,-4.233154052535E0,-6.81975E0));
#6897=CARTESIAN_POINT('',(-7.716780896193E-2,-4.569477543003E0,-6.8839375E0));
#6898=CARTESIAN_POINT('',(-1.864302459114E0,-4.172583879048E0,-6.948125E0));
#6899=CARTESIAN_POINT('',(-3.352291631213E0,-3.106158512705E0,-7.0123125E0));
#6900=CARTESIAN_POINT('',(-4.302372977416E0,-1.541319775372E0,-7.0765E0));
#6901=CARTESIAN_POINT('',(-4.562096696936E0,2.708387242583E-1,-7.1406875E0));
#6902=CARTESIAN_POINT('',(-4.089787590634E0,2.039538514038E0,-7.204875E0));
#6903=CARTESIAN_POINT('',(-2.961232252421E0,3.480974494876E0,-7.2690625E0));
#6904=CARTESIAN_POINT('',(-1.357518372498E0,4.363854231649E0,-7.33325E0));
#6905=CARTESIAN_POINT('',(4.640225453728E-1,4.546511075994E0,-7.3974375E0));
#6906=CARTESIAN_POINT('',(2.211106528700E0,3.999635959120E0,-7.461625E0));
#6907=CARTESIAN_POINT('',(3.603396944973E0,2.810980317213E0,-7.5258125E0));
#6908=CARTESIAN_POINT('',(4.417487243280E0,1.171275519259E0,-7.59E0));
#6909=CARTESIAN_POINT('',(4.522748710463E0,-6.563718377989E-1,-7.6541875E0));
#6910=CARTESIAN_POINT('',(3.902291118837E0,-2.378697943938E0,-7.718375E0));
#6911=CARTESIAN_POINT('',(2.655672931141E0,-3.719338808753E0,-7.7825625E0));
#6912=CARTESIAN_POINT('',(9.829261629772E-1,-4.463175555778E0,-7.84675E0));
#6913=CARTESIAN_POINT('',(-8.475406526890E-1,-4.490852333883E0,-7.9109375E0));
#6914=CARTESIAN_POINT('',(-2.542011409140E0,-3.797928149588E0,-7.975125E0));
#6915=CARTESIAN_POINT('',(-3.828591356695E0,-2.495589377743E0,-8.0393125E0));
#6916=CARTESIAN_POINT('',(-4.500837791634E0,-7.928091610272E-1,-8.1035E0));
#6917=CARTESIAN_POINT('',(-4.450876357406E0,1.037185617984E0,-8.1676875E0));
#6918=CARTESIAN_POINT('',(-3.686745766810E0,2.700751574061E0,-8.231875E0));
#6919=CARTESIAN_POINT('',(-2.330976426378E0,3.930964209567E0,-8.2960625E0));
#6920=CARTESIAN_POINT('',(-1.177938776706E0,4.330577018003E0,
-8.338854166667E0));
#6921=CARTESIAN_POINT('',(-5.851862712422E-1,4.409245940784E0,-8.36025E0));
#6922=B_SPLINE_SURFACE_WITH_KNOTS('',3,3,((#6654,#6655,#6656,#6657,#6658,#6659,
#6660,#6661,#6662,#6663,#6664,#6665,#6666,#6667,#6668,#6669,#6670,#6671,#6672,
#6673,#6674,#6675,#6676,#6677,#6678,#6679,#6680,#6681,#6682,#6683,#6684,#6685,
#6686,#6687,#6688,#6689,#6690,#6691,#6692,#6693,#6694,#6695,#6696,#6697,#6698,
#6699,#6700,#6701,#6702,#6703,#6704,#6705,#6706,#6707,#6708,#6709,#6710,#6711,
#6712,#6713,#6714,#6715,#6716,#6717,#6718,#6719,#6720),(#6721,#6722,#6723,#6724,
#6725,#6726,#6727,#6728,#6729,#6730,#6731,#6732,#6733,#6734,#6735,#6736,#6737,
#6738,#6739,#6740,#6741,#6742,#6743,#6744,#6745,#6746,#6747,#6748,#6749,#6750,
#6751,#6752,#6753,#6754,#6755,#6756,#6757,#6758,#6759,#6760,#6761,#6762,#6763,
#6764,#6765,#6766,#6767,#6768,#6769,#6770,#6771,#6772,#6773,#6774,#6775,#6776,
#6777,#6778,#6779,#6780,#6781,#6782,#6783,#6784,#6785,#6786,#6787),(#6788,#6789,
#6790,#6791,#6792,#6793,#6794,#6795,#6796,#6797,#6798,#6799,#6800,#6801,#6802,
#6803,#6804,#6805,#6806,#6807,#6808,#6809,#6810,#6811,#6812,#6813,#6814,#6815,
#6816,#6817,#6818,#6819,#6820,#6821,#6822,#6823,#6824,#6825,#6826,#6827,#6828,
#6829,#6830,#6831,#6832,#6833,#6834,#6835,#6836,#6837,#6838,#6839,#6840,#6841,
#6842,#6843,#6844,#6845,#6846,#6847,#6848,#6849,#6850,#6851,#6852,#6853,#6854),(
#6855,#6856,#6857,#6858,#6859,#6860,#6861,#6862,#6863,#6864,#6865,#6866,#6867,
#6868,#6869,#6870,#6871,#6872,#6873,#6874,#6875,#6876,#6877,#6878,#6879,#6880,
#6881,#6882,#6883,#6884,#6885,#6886,#6887,#6888,#6889,#6890,#6891,#6892,#6893,
#6894,#6895,#6896,#6897,#6898,#6899,#6900,#6901,#6902,#6903,#6904,#6905,#6906,
#6907,#6908,#6909,#6910,#6911,#6912,#6913,#6914,#6915,#6916,#6917,#6918,#6919,
#6920,#6921)),.UNSPECIFIED.,.F.,.F.,.F.,(4,4),(4,1,1,1,1,1,1,1,1,1,1,1,1,1,1,1,
1,1,1,1,1,1,1,1,1,1,1,1,1,1,1,1,1,1,1,1,1,1,1,1,1,1,1,1,1,1,1,1,1,1,1,1,1,1,1,1,
1,1,1,1,1,1,1,1,4),(-2.000000000001E-2,1.02E0),(-2.E-2,-3.75E-3,1.25E-2,
2.875E-2,4.5E-2,6.125E-2,7.75E-2,9.375E-2,1.1E-1,1.2625E-1,1.425E-1,1.5875E-1,
1.75E-1,1.9125E-1,2.075E-1,2.2375E-1,2.4E-1,2.5625E-1,2.725E-1,2.8875E-1,
3.05E-1,3.2125E-1,3.375E-1,3.5375E-1,3.7E-1,3.8625E-1,4.025E-1,4.1875E-1,
4.35E-1,4.5125E-1,4.675E-1,4.8375E-1,5.E-1,5.1625E-1,5.325E-1,5.4875E-1,5.65E-1,
5.8125E-1,5.975E-1,6.1375E-1,6.3E-1,6.4625E-1,6.625E-1,6.7875E-1,6.95E-1,
7.1125E-1,7.275E-1,7.4375E-1,7.6E-1,7.7625E-1,7.925E-1,8.0875E-1,8.25E-1,
8.4125E-1,8.575E-1,8.7375E-1,8.9E-1,9.0625E-1,9.225E-1,9.3875E-1,9.55E-1,
9.7125E-1,9.875E-1,1.00375E0,1.02E0),.UNSPECIFIED.);
#6923=ORIENTED_EDGE('',*,*,#5211,.T.);
#6924=ORIENTED_EDGE('',*,*,#4409,.F.);
#6925=ORIENTED_EDGE('',*,*,#5208,.T.);
#6927=ORIENTED_EDGE('',*,*,#6926,.T.);
#6928=ORIENTED_EDGE('',*,*,#5175,.F.);
#6929=EDGE_LOOP('',(#6923,#6924,#6925,#6927,#6928));
#6930=FACE_OUTER_BOUND('',#6929,.F.);
#6932=CARTESIAN_POINT('',(-1.800617008050E0,-4.676125399654E0,-6.1475E-1));
#6933=CARTESIAN_POINT('',(-2.329780383044E0,-4.472362563628E0,
-6.327604166667E-1));
#6934=CARTESIAN_POINT('',(-3.318127977721E0,-3.883512972224E0,-6.6878125E-1));
#6935=CARTESIAN_POINT('',(-4.421994323557E0,-2.556895247989E0,-7.228125E-1));
#6936=CARTESIAN_POINT('',(-5.021062533068E0,-9.384199521052E-1,-7.7684375E-1));
#6937=CARTESIAN_POINT('',(-5.046985913336E0,7.871786543575E-1,-8.30875E-1));
#6938=CARTESIAN_POINT('',(-4.496795474528E0,2.422920281995E0,-8.8490625E-1));
#6939=CARTESIAN_POINT('',(-3.433297907431E0,3.782086591837E0,-9.389375E-1));
#6940=CARTESIAN_POINT('',(-1.977890393576E0,4.709528936166E0,-9.9296875E-1));
#6941=CARTESIAN_POINT('',(-2.967073988592E-1,5.099380157318E0,-1.047E0));
#6942=CARTESIAN_POINT('',(1.418344656022E0,4.907138850432E0,-1.10103125E0));
#6943=CARTESIAN_POINT('',(2.971493144239E0,4.154749301045E0,-1.1550625E0));
#6944=CARTESIAN_POINT('',(4.185446693695E0,2.928096520882E0,-1.20909375E0));
#6945=CARTESIAN_POINT('',(4.921632915456E0,1.367202511177E0,-1.263125E0));
#6946=CARTESIAN_POINT('',(5.096016401032E0,-3.497572037659E-1,-1.31715625E0));
#6947=CARTESIAN_POINT('',(4.688691334331E0,-2.026792251937E0,-1.3711875E0));
#6948=CARTESIAN_POINT('',(3.746153734261E0,-3.472469648597E0,-1.42521875E0));
#6949=CARTESIAN_POINT('',(2.375993949759E0,-4.521765806835E0,-1.47925E0));
#6950=CARTESIAN_POINT('',(7.346152577936E-1,-5.054903924326E0,-1.53328125E0));
#6951=CARTESIAN_POINT('',(-9.906195179148E-1,-5.011026464895E0,-1.5873125E0));
#6952=CARTESIAN_POINT('',(-2.602775409989E0,-4.395142025726E0,-1.64134375E0));
#6953=CARTESIAN_POINT('',(-3.917825367454E0,-3.277553607690E0,-1.695375E0));
#6954=CARTESIAN_POINT('',(-4.785656881498E0,-1.785833551515E0,-1.74940625E0));
#6955=CARTESIAN_POINT('',(-5.107207277687E0,-9.026119815784E-2,-1.8034375E0));
#6956=CARTESIAN_POINT('',(-4.845771686819E0,1.615614440506E0,-1.85746875E0));
#6957=CARTESIAN_POINT('',(-4.031192893358E0,3.137068236059E0,-1.9115E0));
#6958=CARTESIAN_POINT('',(-2.756454791655E0,4.300426751232E0,-1.96553125E0));
#6959=CARTESIAN_POINT('',(-1.167068305792E0,4.972893004154E0,-2.0195625E0));
#6960=CARTESIAN_POINT('',(5.555386332881E-1,5.077705199012E0,-2.07359375E0));
#6961=CARTESIAN_POINT('',(2.214731024874E0,4.602899059137E0,-2.127625E0));
#6962=CARTESIAN_POINT('',(3.621112617447E0,3.602673545149E0,-2.18165625E0));
#6963=CARTESIAN_POINT('',(4.614145426870E0,2.191204061891E0,-2.2356875E0));
#6964=CARTESIAN_POINT('',(5.080475093098E0,5.296093745034E-1,-2.28971875E0));
#6965=CARTESIAN_POINT('',(4.966870242118E0,-1.192440044240E0,-2.34375E0));
#6966=CARTESIAN_POINT('',(4.286298829329E0,-2.778372834384E0,-2.39778125E0));
#6967=CARTESIAN_POINT('',(3.116447851805E0,-4.047155303188E0,-2.4518125E0));
#6968=CARTESIAN_POINT('',(1.590855403805E0,-4.853956360057E0,-2.50584375E0));
#6969=CARTESIAN_POINT('',(-1.163326516232E-1,-5.106679936643E0,-2.559875E0));
#6970=CARTESIAN_POINT('',(-1.810241374131E0,-4.776477721976E0,-2.61390625E0));
#6971=CARTESIAN_POINT('',(-3.297511654742E0,-3.901042187415E0,-2.6679375E0));
#6972=CARTESIAN_POINT('',(-4.408372092880E0,-2.580304003769E0,-2.72196875E0));
#6973=CARTESIAN_POINT('',(-5.016018344449E0,-9.650249889508E-1,-2.776E0));
#6974=CARTESIAN_POINT('',(-5.051087794915E0,7.604113026588E-1,-2.83003125E0));
#6975=CARTESIAN_POINT('',(-4.509577278342E0,2.399046900710E0,-2.8840625E0));
#6976=CARTESIAN_POINT('',(-3.453300037438E0,3.763832104728E0,-2.93809375E0));
#6977=CARTESIAN_POINT('',(-2.002829762754E0,4.698977144291E0,-2.992125E0));
#6978=CARTESIAN_POINT('',(-3.237371466116E-1,5.097735528747E0,-3.04615625E0));
#6979=CARTESIAN_POINT('',(1.392309955555E0,4.914589123092E0,-3.1001875E0));
#6980=CARTESIAN_POINT('',(2.949425346203E0,4.170444027718E0,-3.15421875E0));
#6981=CARTESIAN_POINT('',(4.169864829017E0,2.950244154112E0,-3.20825E0));
#6982=CARTESIAN_POINT('',(4.914315648937E0,1.393274906028E0,-3.26228125E0));
#6983=CARTESIAN_POINT('',(5.097798996119E0,-3.227362023469E-1,-3.3163125E0));
#6984=CARTESIAN_POINT('',(4.699370308416E0,-2.001907082148E0,-3.37034375E0));
#6985=CARTESIAN_POINT('',(3.764510086037E0,-3.452560944168E0,-3.424375E0));
#6986=CARTESIAN_POINT('',(2.399932307924E0,-4.509106139663E0,-3.47840625E0));
#6987=CARTESIAN_POINT('',(7.614030666242E-1,-5.050938391123E0,-3.5324375E0));
#6988=CARTESIAN_POINT('',(-9.640400769356E-1,-5.016207730024E0,-3.58646875E0));
#6989=CARTESIAN_POINT('',(-2.579438374141E0,-4.408878649202E0,-3.6405E0));
#6990=CARTESIAN_POINT('',(-3.900394640074E0,-3.298277559768E0,-3.69453125E0));
#6991=CARTESIAN_POINT('',(-4.776122216889E0,-1.811179195623E0,-3.7485625E0));
#6992=CARTESIAN_POINT('',(-5.106656895397E0,-1.173353541380E-1,-3.80259375E0));
#6993=CARTESIAN_POINT('',(-4.854269006945E0,1.589902340239E0,-3.856625E0));
#6994=CARTESIAN_POINT('',(-4.047765732299E0,3.115652988365E0,-3.91065625E0));
#6995=CARTESIAN_POINT('',(-2.779219640797E0,4.285753760422E0,-3.9646875E0));
#6996=CARTESIAN_POINT('',(-1.193395681236E0,4.966633973827E0,-4.01871875E0));
#6997=CARTESIAN_POINT('',(-4.543940594012E-2,5.042602383109E0,
-4.054739583333E0));
#6998=CARTESIAN_POINT('',(5.185550052965E-1,4.983921254339E0,-4.07275E0));
#6999=CARTESIAN_POINT('',(-1.733189855688E0,-4.501019967250E0,
-7.230833333333E-1));
#7000=CARTESIAN_POINT('',(-2.242537812215E0,-4.304887375594E0,-7.4109375E-1));
#7001=CARTESIAN_POINT('',(-3.193875057909E0,-3.738088254080E0,
-7.771145833333E-1));
#7002=CARTESIAN_POINT('',(-4.256405259548E0,-2.461147976531E0,
-8.311458333333E-1));
#7003=CARTESIAN_POINT('',(-4.833040345714E0,-9.032792282267E-1,
-8.851770833333E-1));
#7004=CARTESIAN_POINT('',(-4.857992981119E0,7.577014169290E-1,
-9.392083333333E-1));
#7005=CARTESIAN_POINT('',(-4.328405354781E0,2.332189929962E0,
-9.932395833333E-1));
#7006=CARTESIAN_POINT('',(-3.304732254615E0,3.640459956225E0,
-1.047270833333E0));
#7007=CARTESIAN_POINT('',(-1.903824939163E0,4.533172651784E0,
-1.101302083333E0));
#7008=CARTESIAN_POINT('',(-2.855966879748E-1,4.908425233930E0,
-1.155333333333E0));
#7009=CARTESIAN_POINT('',(1.365232339079E0,4.723382728251E0,-1.209364583333E0));
#7010=CARTESIAN_POINT('',(2.860220552630E0,3.999167679357E0,-1.263395833333E0));
#7011=CARTESIAN_POINT('',(4.028715556168E0,2.818448989306E0,-1.317427083333E0));
#7012=CARTESIAN_POINT('',(4.737334038471E0,1.316005298433E0,-1.371458333333E0));
#7013=CARTESIAN_POINT('',(4.905187439194E0,-3.366599531219E-1,
-1.425489583333E0));
#7014=CARTESIAN_POINT('',(4.513115349228E0,-1.950895584646E0,
-1.479520833333E0));
#7015=CARTESIAN_POINT('',(3.605872665336E0,-3.342437143615E0,
-1.533552083333E0));
#7016=CARTESIAN_POINT('',(2.287020833684E0,-4.352440630718E0,
-1.587583333333E0));
#7017=CARTESIAN_POINT('',(7.071063457408E-1,-4.865614488782E0,
-1.641614583333E0));
#7018=CARTESIAN_POINT('',(-9.535240929192E-1,-4.823380095105E0,
-1.695645833333E0));
#7019=CARTESIAN_POINT('',(-2.505310078189E0,-4.230558491471E0,
-1.749677083333E0));
#7020=CARTESIAN_POINT('',(-3.771115763579E0,-3.154820063857E0,
-1.803708333333E0));
#7021=CARTESIAN_POINT('',(-4.606449857316E0,-1.718959990711E0,
-1.857739583333E0));
#7022=CARTESIAN_POINT('',(-4.915959254525E0,-8.688121477802E-2,
-1.911770833333E0));
#7023=CARTESIAN_POINT('',(-4.664313561976E0,1.555115022500E0,
-1.965802083333E0));
#7024=CARTESIAN_POINT('',(-3.880238050541E0,3.019595404813E0,
-2.019833333333E0));
#7025=CARTESIAN_POINT('',(-2.653234675224E0,4.139389990786E0,
-2.073864583333E0));
#7026=CARTESIAN_POINT('',(-1.123365457202E0,4.786674606363E0,
-2.127895833333E0));
#7027=CARTESIAN_POINT('',(5.347355486218E-1,4.887561931134E0,
-2.181927083333E0));
#7028=CARTESIAN_POINT('',(2.131796672045E0,4.430535711028E0,-2.235958333333E0));
#7029=CARTESIAN_POINT('',(3.485513924839E0,3.467765334821E0,-2.289989583333E0));
#7030=CARTESIAN_POINT('',(4.441360939480E0,2.109150716022E0,-2.344020833333E0));
#7031=CARTESIAN_POINT('',(4.890228101847E0,5.097772548312E-1,
-2.398052083333E0));
#7032=CARTESIAN_POINT('',(4.780877376849E0,-1.147787107948E0,
-2.452083333333E0));
#7033=CARTESIAN_POINT('',(4.125791112838E0,-2.674331959735E0,
-2.506114583333E0));
#7034=CARTESIAN_POINT('',(2.999747185759E0,-3.895602720910E0,
-2.560145833333E0));
#7035=CARTESIAN_POINT('',(1.531283129846E0,-4.672191746267E0,
-2.614177083333E0));
#7036=CARTESIAN_POINT('',(-1.119763785287E-1,-4.915451660660E0,
-2.668208333333E0));
#7037=CARTESIAN_POINT('',(-1.742453821086E0,-4.597614426963E0,
-2.722239583333E0));
#7038=CARTESIAN_POINT('',(-3.174030748048E0,-3.754961058131E0,
-2.776270833333E0));
#7039=CARTESIAN_POINT('',(-4.243293136361E0,-2.483680151820E0,
-2.830302083333E0));
#7040=CARTESIAN_POINT('',(-4.828185045278E0,-9.288879944245E-1,
-2.884333333333E0));
#7041=CARTESIAN_POINT('',(-4.861941260798E0,7.319364140326E-1,
-2.938364583333E0));
#7042=CARTESIAN_POINT('',(-4.340708522311E0,2.309210527858E0,
-2.992395833333E0));
#7043=CARTESIAN_POINT('',(-3.323985371E0,3.622889039291E0,-3.046427083333E0));
#7044=CARTESIAN_POINT('',(-1.927830411440E0,4.523015989620E0,
-3.100458333333E0));
#7045=CARTESIAN_POINT('',(-3.116142610604E-1,4.906842191261E0,
-3.154489583333E0));
#7046=CARTESIAN_POINT('',(1.340172552049E0,4.730554012837E0,-3.208520833333E0));
#7047=CARTESIAN_POINT('',(2.838979120652E0,4.014274690418E0,-3.262552083333E0));
#7048=CARTESIAN_POINT('',(4.013717180794E0,2.839767266914E0,-3.316583333333E0));
#7049=CARTESIAN_POINT('',(4.730290779385E0,1.341101368317E0,-3.370614583333E0));
#7050=CARTESIAN_POINT('',(4.906903281990E0,-3.106507988484E-1,
-3.424645833333E0));
#7051=CARTESIAN_POINT('',(4.523394431048E0,-1.926942282171E0,
-3.478677083333E0));
#7052=CARTESIAN_POINT('',(3.623541632441E0,-3.323273954329E0,
-3.532708333333E0));
#7053=CARTESIAN_POINT('',(2.310062779500E0,-4.340255026217E0,
-3.586739583333E0));
#7054=CARTESIAN_POINT('',(7.328910397172E-1,-4.861797451684E0,
-3.640770833333E0));
#7055=CARTESIAN_POINT('',(-9.279399641072E-1,-4.828367338989E0,
-3.694802083333E0));
#7056=CARTESIAN_POINT('',(-2.482846937158E0,-4.243780723825E0,
-3.748833333333E0));
#7057=CARTESIAN_POINT('',(-3.754337759296E0,-3.174767972464E0,
-3.802864583333E0));
#7058=CARTESIAN_POINT('',(-4.597272234366E0,-1.743356524265E0,
-3.856895833333E0));
#7059=CARTESIAN_POINT('',(-4.915429482232E0,-1.129415331501E-1,
-3.910927083333E0));
#7060=CARTESIAN_POINT('',(-4.672492685563E0,1.530365755359E0,
-3.964958333333E0));
#7061=CARTESIAN_POINT('',(-3.896190291470E0,2.998982087326E0,
-4.018989583333E0));
#7062=CARTESIAN_POINT('',(-2.675147056049E0,4.125266454959E0,
-4.073020833333E0));
#7063=CARTESIAN_POINT('',(-1.148706959499E0,4.780649956023E0,
-4.127052083333E0));
#7064=CARTESIAN_POINT('',(-4.373785045448E-2,4.853773599603E0,
-4.163072916667E0));
#7065=CARTESIAN_POINT('',(4.991368351946E-1,4.797289885049E0,
-4.181083333333E0));
#7066=CARTESIAN_POINT('',(-1.665762703325E0,-4.325914534845E0,
-8.314166666667E-1));
#7067=CARTESIAN_POINT('',(-2.155295241387E0,-4.137412187561E0,
-8.494270833333E-1));
#7068=CARTESIAN_POINT('',(-3.069622138097E0,-3.592663535936E0,
-8.854479166667E-1));
#7069=CARTESIAN_POINT('',(-4.090816195539E0,-2.365400705073E0,
-9.394791666667E-1));
#7070=CARTESIAN_POINT('',(-4.645018158360E0,-8.681385043482E-1,
-9.935104166667E-1));
#7071=CARTESIAN_POINT('',(-4.669000048902E0,7.282241795005E-1,
-1.047541666667E0));
#7072=CARTESIAN_POINT('',(-4.160015235033E0,2.241459577929E0,
-1.101572916667E0));
#7073=CARTESIAN_POINT('',(-3.176166601799E0,3.498833320612E0,
-1.155604166667E0));
#7074=CARTESIAN_POINT('',(-1.829759484751E0,4.356816367401E0,
-1.209635416667E0));
#7075=CARTESIAN_POINT('',(-2.744859770903E-1,4.717470310542E0,
-1.263666666667E0));
#7076=CARTESIAN_POINT('',(1.312120022136E0,4.539626606070E0,-1.317697916667E0));
#7077=CARTESIAN_POINT('',(2.748947961021E0,3.843586057670E0,-1.371729166667E0));
#7078=CARTESIAN_POINT('',(3.871984418642E0,2.708801457730E0,-1.425760416667E0));
#7079=CARTESIAN_POINT('',(4.553035161486E0,1.264808085689E0,-1.479791666667E0));
#7080=CARTESIAN_POINT('',(4.714358477355E0,-3.235627024779E-1,
-1.533822916667E0));
#7081=CARTESIAN_POINT('',(4.337539364125E0,-1.874998917355E0,
-1.587854166667E0));
#7082=CARTESIAN_POINT('',(3.465591596411E0,-3.212404638632E0,
-1.641885416667E0));
#7083=CARTESIAN_POINT('',(2.198047717609E0,-4.183115454602E0,
-1.695916666667E0));
#7084=CARTESIAN_POINT('',(6.795974336880E-1,-4.676325053238E0,
-1.749947916667E0));
#7085=CARTESIAN_POINT('',(-9.164286679236E-1,-4.635733725315E0,
-1.803979166667E0));
#7086=CARTESIAN_POINT('',(-2.407844746388E0,-4.065974957216E0,
-1.858010416667E0));
#7087=CARTESIAN_POINT('',(-3.624406159704E0,-3.032086520025E0,
-1.912041666667E0));
#7088=CARTESIAN_POINT('',(-4.427242833134E0,-1.652086429908E0,
-1.966072916667E0));
#7089=CARTESIAN_POINT('',(-4.724711231364E0,-8.350123139820E-2,
-2.020104166667E0));
#7090=CARTESIAN_POINT('',(-4.482855437132E0,1.494615604493E0,
-2.074135416667E0));
#7091=CARTESIAN_POINT('',(-3.729283207724E0,2.902122573568E0,
-2.128166666667E0));
#7092=CARTESIAN_POINT('',(-2.550014558793E0,3.978353230341E0,
-2.182197916667E0));
#7093=CARTESIAN_POINT('',(-1.079662608611E0,4.600456208572E0,
-2.236229166667E0));
#7094=CARTESIAN_POINT('',(5.139324639555E-1,4.697418663257E0,
-2.290260416667E0));
#7095=CARTESIAN_POINT('',(2.048862319215E0,4.258172362918E0,-2.344291666667E0));
#7096=CARTESIAN_POINT('',(3.349915232231E0,3.332857124494E0,-2.398322916667E0));
#7097=CARTESIAN_POINT('',(4.268576452090E0,2.027097370153E0,-2.452354166667E0));
#7098=CARTESIAN_POINT('',(4.699981110595E0,4.899451351591E-1,
-2.506385416667E0));
#7099=CARTESIAN_POINT('',(4.594884511579E0,-1.103134171656E0,
-2.560416666667E0));
#7100=CARTESIAN_POINT('',(3.965283396347E0,-2.570291085087E0,
-2.614447916667E0));
#7101=CARTESIAN_POINT('',(2.883046519712E0,-3.744050138632E0,
-2.668479166667E0));
#7102=CARTESIAN_POINT('',(1.471710855886E0,-4.490427132477E0,
-2.722510416667E0));
#7103=CARTESIAN_POINT('',(-1.076201054341E-1,-4.724223384677E0,
-2.776541666667E0));
#7104=CARTESIAN_POINT('',(-1.674666268041E0,-4.418751131949E0,
-2.830572916667E0));
#7105=CARTESIAN_POINT('',(-3.050549841354E0,-3.608879928847E0,
-2.884604166667E0));
#7106=CARTESIAN_POINT('',(-4.078214179843E0,-2.387056299870E0,
-2.938635416667E0));
#7107=CARTESIAN_POINT('',(-4.640351746107E0,-8.927509998983E-1,
-2.992666666667E0));
#7108=CARTESIAN_POINT('',(-4.672794726680E0,7.034615254064E-1,
-3.046697916667E0));
#7109=CARTESIAN_POINT('',(-4.171839766280E0,2.219374155005E0,
-3.100729166667E0));
#7110=CARTESIAN_POINT('',(-3.194670704562E0,3.481945973853E0,
-3.154760416667E0));
#7111=CARTESIAN_POINT('',(-1.852831060125E0,4.347054834949E0,
-3.208791666667E0));
#7112=CARTESIAN_POINT('',(-2.994913755093E-1,4.715948853774E0,
-3.262822916667E0));
#7113=CARTESIAN_POINT('',(1.288035148542E0,4.546518902582E0,-3.316854166667E0));
#7114=CARTESIAN_POINT('',(2.728532895102E0,3.858105353119E0,-3.370885416667E0));
#7115=CARTESIAN_POINT('',(3.857569532570E0,2.729290379715E0,-3.424916666667E0));
#7116=CARTESIAN_POINT('',(4.546265909833E0,1.288927830607E0,-3.478947916667E0));
#7117=CARTESIAN_POINT('',(4.716007567860E0,-2.985653953498E-1,
-3.532979166667E0));
#7118=CARTESIAN_POINT('',(4.347418553681E0,-1.851977482194E0,
-3.587010416667E0));
#7119=CARTESIAN_POINT('',(3.482573178846E0,-3.193986964490E0,
-3.641041666667E0));
#7120=CARTESIAN_POINT('',(2.220193251075E0,-4.171403912771E0,
-3.695072916667E0));
#7121=CARTESIAN_POINT('',(7.043790128102E-1,-4.672656512245E0,
-3.749104166667E0));
#7122=CARTESIAN_POINT('',(-8.918398512788E-1,-4.640526947955E0,
-3.803135416667E0));
#7123=CARTESIAN_POINT('',(-2.386255500175E0,-4.078682798448E0,
-3.857166666667E0));
#7124=CARTESIAN_POINT('',(-3.608280878518E0,-3.051258385160E0,
-3.911197916667E0));
#7125=CARTESIAN_POINT('',(-4.418422251843E0,-1.675533852906E0,
-3.965229166667E0));
#7126=CARTESIAN_POINT('',(-4.724202069067E0,-1.085477121623E-1,
-4.019260416667E0));
#7127=CARTESIAN_POINT('',(-4.490716364181E0,1.470829170478E0,
-4.073291666667E0));
#7128=CARTESIAN_POINT('',(-3.744614850640E0,2.882311186287E0,
-4.127322916667E0));
#7129=CARTESIAN_POINT('',(-2.571074471301E0,3.964779149496E0,
-4.181354166667E0));
#7130=CARTESIAN_POINT('',(-1.104018237762E0,4.594665938219E0,
-4.235385416667E0));
#7131=CARTESIAN_POINT('',(-4.203629496883E-2,4.664944816097E0,-4.27140625E0));
#7132=CARTESIAN_POINT('',(4.797186650928E-1,4.610658515758E0,
-4.289416666667E0));
#7133=CARTESIAN_POINT('',(-1.598335550962E0,-4.150809102441E0,-9.3975E-1));
#7134=CARTESIAN_POINT('',(-2.068052670559E0,-3.969936999528E0,
-9.577604166667E-1));
#7135=CARTESIAN_POINT('',(-2.945369218286E0,-3.447238817792E0,-9.9378125E-1));
#7136=CARTESIAN_POINT('',(-3.925227131531E0,-2.269653433615E0,-1.0478125E0));
#7137=CARTESIAN_POINT('',(-4.456995971007E0,-8.329977804697E-1,-1.10184375E0));
#7138=CARTESIAN_POINT('',(-4.480007116685E0,6.987469420721E-1,-1.155875E0));
#7139=CARTESIAN_POINT('',(-3.991625115286E0,2.150729225896E0,-1.20990625E0));
#7140=CARTESIAN_POINT('',(-3.047600948984E0,3.357206685E0,-1.2639375E0));
#7141=CARTESIAN_POINT('',(-1.755694030338E0,4.180460083019E0,-1.31796875E0));
#7142=CARTESIAN_POINT('',(-2.633752662059E-1,4.526515387155E0,-1.372E0));
#7143=CARTESIAN_POINT('',(1.259007705193E0,4.355870483888E0,-1.42603125E0));
#7144=CARTESIAN_POINT('',(2.637675369411E0,3.688004435982E0,-1.4800625E0));
#7145=CARTESIAN_POINT('',(3.715253281115E0,2.599153926154E0,-1.53409375E0));
#7146=CARTESIAN_POINT('',(4.368736284501E0,1.213610872945E0,-1.588125E0));
#7147=CARTESIAN_POINT('',(4.523529515516E0,-3.104654518339E-1,-1.64215625E0));
#7148=CARTESIAN_POINT('',(4.161963379022E0,-1.799102250063E0,-1.6961875E0));
#7149=CARTESIAN_POINT('',(3.325310527486E0,-3.082372133650E0,-1.75021875E0));
#7150=CARTESIAN_POINT('',(2.109074601535E0,-4.013790278486E0,-1.80425E0));
#7151=CARTESIAN_POINT('',(6.520885216352E-1,-4.487035617695E0,-1.85828125E0));
#7152=CARTESIAN_POINT('',(-8.793332429280E-1,-4.448087355526E0,-1.9123125E0));
#7153=CARTESIAN_POINT('',(-2.310379414588E0,-3.901391422962E0,-1.96634375E0));
#7154=CARTESIAN_POINT('',(-3.477696555829E0,-2.909352976193E0,-2.020375E0));
#7155=CARTESIAN_POINT('',(-4.248035808952E0,-1.585212869104E0,-2.07440625E0));
#7156=CARTESIAN_POINT('',(-4.533463208202E0,-8.012124801838E-2,-2.1284375E0));
#7157=CARTESIAN_POINT('',(-4.301397312289E0,1.434116186487E0,-2.18246875E0));
#7158=CARTESIAN_POINT('',(-3.578328364907E0,2.784649742322E0,-2.2365E0));
#7159=CARTESIAN_POINT('',(-2.446794442363E0,3.817316469895E0,-2.29053125E0));
#7160=CARTESIAN_POINT('',(-1.035959760021E0,4.414237810781E0,-2.3445625E0));
#7161=CARTESIAN_POINT('',(4.931293792891E-1,4.507275395379E0,-2.39859375E0));
#7162=CARTESIAN_POINT('',(1.965927966385E0,4.085809014809E0,-2.452625E0));
#7163=CARTESIAN_POINT('',(3.214316539623E0,3.197948914166E0,-2.50665625E0));
#7164=CARTESIAN_POINT('',(4.095791964700E0,1.945044024284E0,-2.5606875E0));
#7165=CARTESIAN_POINT('',(4.509734119344E0,4.701130154869E-1,-2.61471875E0));
#7166=CARTESIAN_POINT('',(4.408891646309E0,-1.058481235364E0,-2.66875E0));
#7167=CARTESIAN_POINT('',(3.804775679856E0,-2.466250210438E0,-2.72278125E0));
#7168=CARTESIAN_POINT('',(2.766345853666E0,-3.592497556354E0,-2.7768125E0));
#7169=CARTESIAN_POINT('',(1.412138581927E0,-4.308662518687E0,-2.83084375E0));
#7170=CARTESIAN_POINT('',(-1.032638323396E-1,-4.532995108693E0,-2.884875E0));
#7171=CARTESIAN_POINT('',(-1.606878714996E0,-4.239887836936E0,-2.93890625E0));
#7172=CARTESIAN_POINT('',(-2.927068934661E0,-3.462798799563E0,-2.9929375E0));
#7173=CARTESIAN_POINT('',(-3.913135223325E0,-2.290432447920E0,-3.04696875E0));
#7174=CARTESIAN_POINT('',(-4.452518446936E0,-8.566140053720E-1,-3.101E0));
#7175=CARTESIAN_POINT('',(-4.483648192563E0,6.749866367802E-1,-3.15503125E0));
#7176=CARTESIAN_POINT('',(-4.002971010249E0,2.129537782153E0,-3.2090625E0));
#7177=CARTESIAN_POINT('',(-3.065356038124E0,3.341002908416E0,-3.26309375E0));
#7178=CARTESIAN_POINT('',(-1.777831708811E0,4.171093680278E0,-3.317125E0));
#7179=CARTESIAN_POINT('',(-2.873684899581E-1,4.525055516288E0,-3.37115625E0));
#7180=CARTESIAN_POINT('',(1.235897745036E0,4.362483792328E0,-3.4251875E0));
#7181=CARTESIAN_POINT('',(2.618086669552E0,3.701936015820E0,-3.47921875E0));
#7182=CARTESIAN_POINT('',(3.701421884347E0,2.618813492516E0,-3.53325E0));
#7183=CARTESIAN_POINT('',(4.362241040281E0,1.236754292896E0,-3.58728125E0));
#7184=CARTESIAN_POINT('',(4.525111853730E0,-2.864799918513E-1,-3.6413125E0));
#7185=CARTESIAN_POINT('',(4.171442676313E0,-1.777012682217E0,-3.69534375E0));
#7186=CARTESIAN_POINT('',(3.341604725251E0,-3.064699974651E0,-3.749375E0));
#7187=CARTESIAN_POINT('',(2.130323722651E0,-4.002552799325E0,-3.80340625E0));
#7188=CARTESIAN_POINT('',(6.758669859032E-1,-4.483515572806E0,-3.8574375E0));
#7189=CARTESIAN_POINT('',(-8.557397384505E-1,-4.452686556921E0,-3.91146875E0));
#7190=CARTESIAN_POINT('',(-2.289664063192E0,-3.913584873070E0,-3.9655E0));
#7191=CARTESIAN_POINT('',(-3.462223997741E0,-2.927748797856E0,-4.01953125E0));
#7192=CARTESIAN_POINT('',(-4.239572269319E0,-1.607711181548E0,-4.0735625E0));
#7193=CARTESIAN_POINT('',(-4.532974655903E0,-1.041538911745E-1,-4.12759375E0));
#7194=CARTESIAN_POINT('',(-4.308940042799E0,1.411292585598E0,-4.181625E0));
#7195=CARTESIAN_POINT('',(-3.593039409811E0,2.765640285247E0,-4.23565625E0));
#7196=CARTESIAN_POINT('',(-2.467001886552E0,3.804291844033E0,-4.2896875E0));
#7197=CARTESIAN_POINT('',(-1.059329516025E0,4.408681920415E0,-4.34371875E0));
#7198=CARTESIAN_POINT('',(-4.033473948318E-2,4.476116032591E0,
-4.379739583333E0));
#7199=CARTESIAN_POINT('',(4.603004949910E-1,4.424027146468E0,-4.39775E0));
#7200=B_SPLINE_SURFACE_WITH_KNOTS('',3,3,((#6932,#6933,#6934,#6935,#6936,#6937,
#6938,#6939,#6940,#6941,#6942,#6943,#6944,#6945,#6946,#6947,#6948,#6949,#6950,
#6951,#6952,#6953,#6954,#6955,#6956,#6957,#6958,#6959,#6960,#6961,#6962,#6963,
#6964,#6965,#6966,#6967,#6968,#6969,#6970,#6971,#6972,#6973,#6974,#6975,#6976,
#6977,#6978,#6979,#6980,#6981,#6982,#6983,#6984,#6985,#6986,#6987,#6988,#6989,
#6990,#6991,#6992,#6993,#6994,#6995,#6996,#6997,#6998),(#6999,#7000,#7001,#7002,
#7003,#7004,#7005,#7006,#7007,#7008,#7009,#7010,#7011,#7012,#7013,#7014,#7015,
#7016,#7017,#7018,#7019,#7020,#7021,#7022,#7023,#7024,#7025,#7026,#7027,#7028,
#7029,#7030,#7031,#7032,#7033,#7034,#7035,#7036,#7037,#7038,#7039,#7040,#7041,
#7042,#7043,#7044,#7045,#7046,#7047,#7048,#7049,#7050,#7051,#7052,#7053,#7054,
#7055,#7056,#7057,#7058,#7059,#7060,#7061,#7062,#7063,#7064,#7065),(#7066,#7067,
#7068,#7069,#7070,#7071,#7072,#7073,#7074,#7075,#7076,#7077,#7078,#7079,#7080,
#7081,#7082,#7083,#7084,#7085,#7086,#7087,#7088,#7089,#7090,#7091,#7092,#7093,
#7094,#7095,#7096,#7097,#7098,#7099,#7100,#7101,#7102,#7103,#7104,#7105,#7106,
#7107,#7108,#7109,#7110,#7111,#7112,#7113,#7114,#7115,#7116,#7117,#7118,#7119,
#7120,#7121,#7122,#7123,#7124,#7125,#7126,#7127,#7128,#7129,#7130,#7131,#7132),(
#7133,#7134,#7135,#7136,#7137,#7138,#7139,#7140,#7141,#7142,#7143,#7144,#7145,
#7146,#7147,#7148,#7149,#7150,#7151,#7152,#7153,#7154,#7155,#7156,#7157,#7158,
#7159,#7160,#7161,#7162,#7163,#7164,#7165,#7166,#7167,#7168,#7169,#7170,#7171,
#7172,#7173,#7174,#7175,#7176,#7177,#7178,#7179,#7180,#7181,#7182,#7183,#7184,
#7185,#7186,#7187,#7188,#7189,#7190,#7191,#7192,#7193,#7194,#7195,#7196,#7197,
#7198,#7199)),.UNSPECIFIED.,.F.,.F.,.F.,(4,4),(4,1,1,1,1,1,1,1,1,1,1,1,1,1,1,1,
1,1,1,1,1,1,1,1,1,1,1,1,1,1,1,1,1,1,1,1,1,1,1,1,1,1,1,1,1,1,1,1,1,1,1,1,1,1,1,1,
1,1,1,1,1,1,1,1,4),(-2.E-2,1.02E0),(1.413924050633E-1,1.550712025316E-1,
1.6875E-1,1.824287974684E-1,1.961075949367E-1,2.097863924051E-1,
2.234651898734E-1,2.371439873418E-1,2.508227848101E-1,2.645015822785E-1,
2.781803797468E-1,2.918591772152E-1,3.055379746835E-1,3.192167721519E-1,
3.328955696203E-1,3.465743670886E-1,3.602531645570E-1,3.739319620253E-1,
3.876107594937E-1,4.012895569620E-1,4.149683544304E-1,4.286471518987E-1,
4.423259493671E-1,4.560047468354E-1,4.696835443038E-1,4.833623417722E-1,
4.970411392405E-1,5.107199367089E-1,5.243987341772E-1,5.380775316456E-1,
5.517563291139E-1,5.654351265823E-1,5.791139240506E-1,5.927927215190E-1,
6.064715189873E-1,6.201503164557E-1,6.338291139241E-1,6.475079113924E-1,
6.611867088608E-1,6.748655063291E-1,6.885443037975E-1,7.022231012658E-1,
7.159018987342E-1,7.295806962025E-1,7.432594936709E-1,7.569382911392E-1,
7.706170886076E-1,7.842958860759E-1,7.979746835443E-1,8.116534810127E-1,
8.253322784810E-1,8.390110759494E-1,8.526898734177E-1,8.663686708861E-1,
8.800474683544E-1,8.937262658228E-1,9.074050632911E-1,9.210838607595E-1,
9.347626582278E-1,9.484414556962E-1,9.621202531646E-1,9.757990506329E-1,
9.894778481013E-1,1.003156645570E0,1.016835443038E0),.UNSPECIFIED.);
#7201=ORIENTED_EDGE('',*,*,#4067,.F.);
#7202=ORIENTED_EDGE('',*,*,#3992,.F.);
#7203=ORIENTED_EDGE('',*,*,#4395,.F.);
#7204=ORIENTED_EDGE('',*,*,#4024,.F.);
#7206=ORIENTED_EDGE('',*,*,#7205,.T.);
#7208=ORIENTED_EDGE('',*,*,#7207,.T.);
#7209=ORIENTED_EDGE('',*,*,#6372,.F.);
#7210=ORIENTED_EDGE('',*,*,#4191,.T.);
#7211=ORIENTED_EDGE('',*,*,#4368,.F.);
#7212=ORIENTED_EDGE('',*,*,#4236,.F.);
#7213=ORIENTED_EDGE('',*,*,#4052,.F.);
#7214=ORIENTED_EDGE('',*,*,#4176,.F.);
#7215=ORIENTED_EDGE('',*,*,#4354,.F.);
#7216=ORIENTED_EDGE('',*,*,#4221,.F.);
#7217=ORIENTED_EDGE('',*,*,#4036,.F.);
#7218=ORIENTED_EDGE('',*,*,#4161,.F.);
#7219=ORIENTED_EDGE('',*,*,#4340,.F.);
#7220=ORIENTED_EDGE('',*,*,#4147,.F.);
#7221=ORIENTED_EDGE('',*,*,#4004,.F.);
#7222=EDGE_LOOP('',(#7201,#7202,#7203,#7204,#7206,#7208,#7209,#7210,#7211,#7212,
#7213,#7214,#7215,#7216,#7217,#7218,#7219,#7220,#7221));
#7223=FACE_OUTER_BOUND('',#7222,.F.);
#7225=CARTESIAN_POINT('',(0.E0,0.E0,-1.E0));
#7226=DIRECTION('',(0.E0,0.E0,-1.E0));
#7227=DIRECTION('',(0.E0,-1.E0,0.E0));
#7228=AXIS2_PLACEMENT_3D('',#7225,#7226,#7227);
#7229=PLANE('',#7228);
#7230=ORIENTED_EDGE('',*,*,#4010,.F.);
#7232=ORIENTED_EDGE('',*,*,#7231,.F.);
#7234=ORIENTED_EDGE('',*,*,#7233,.F.);
#7235=ORIENTED_EDGE('',*,*,#7205,.F.);
#7236=ORIENTED_EDGE('',*,*,#4022,.F.);
#7237=ORIENTED_EDGE('',*,*,#3988,.F.);
#7238=EDGE_LOOP('',(#7230,#7232,#7234,#7235,#7236,#7237));
#7239=FACE_OUTER_BOUND('',#7238,.F.);
#7241=ORIENTED_EDGE('',*,*,#7240,.F.);
#7243=ORIENTED_EDGE('',*,*,#7242,.T.);
#7244=EDGE_LOOP('',(#7241,#7243));
#7245=FACE_BOUND('',#7244,.F.);
#7247=CARTESIAN_POINT('',(0.E0,0.E0,7.5E-1));
#7248=DIRECTION('',(0.E0,0.E0,-1.E0));
#7249=DIRECTION('',(0.E0,-1.E0,0.E0));
#7250=AXIS2_PLACEMENT_3D('',#7247,#7248,#7249);
#7251=CYLINDRICAL_SURFACE('',#7250,4.45E0);
#7253=ORIENTED_EDGE('',*,*,#7252,.F.);
#7254=ORIENTED_EDGE('',*,*,#7240,.T.);
#7256=ORIENTED_EDGE('',*,*,#7255,.T.);
#7258=ORIENTED_EDGE('',*,*,#7257,.F.);
#7259=EDGE_LOOP('',(#7253,#7254,#7256,#7258));
#7260=FACE_OUTER_BOUND('',#7259,.F.);
#7262=CARTESIAN_POINT('',(0.E0,0.E0,7.5E-1));
#7263=DIRECTION('',(0.E0,0.E0,-1.E0));
#7264=DIRECTION('',(0.E0,-1.E0,0.E0));
#7265=AXIS2_PLACEMENT_3D('',#7262,#7263,#7264);
#7266=CYLINDRICAL_SURFACE('',#7265,4.45E0);
#7267=ORIENTED_EDGE('',*,*,#7252,.T.);
#7269=ORIENTED_EDGE('',*,*,#7268,.T.);
#7270=ORIENTED_EDGE('',*,*,#7255,.F.);
#7271=ORIENTED_EDGE('',*,*,#7242,.F.);
#7272=EDGE_LOOP('',(#7267,#7269,#7270,#7271));
#7273=FACE_OUTER_BOUND('',#7272,.F.);
#7275=CARTESIAN_POINT('',(0.E0,0.E0,-2.E-1));
#7276=DIRECTION('',(0.E0,0.E0,-1.E0));
#7277=DIRECTION('',(0.E0,-1.E0,0.E0));
#7278=AXIS2_PLACEMENT_3D('',#7275,#7276,#7277);
#7279=TOROIDAL_SURFACE('',#7278,4.25E0,2.E-1);
#7281=ORIENTED_EDGE('',*,*,#7280,.T.);
#7283=ORIENTED_EDGE('',*,*,#7282,.T.);
#7285=ORIENTED_EDGE('',*,*,#7284,.F.);
#7286=ORIENTED_EDGE('',*,*,#7268,.F.);
#7287=EDGE_LOOP('',(#7281,#7283,#7285,#7286));
#7288=FACE_OUTER_BOUND('',#7287,.F.);
#7290=CARTESIAN_POINT('',(0.E0,0.E0,-2.E-1));
#7291=DIRECTION('',(0.E0,0.E0,-1.E0));
#7292=DIRECTION('',(0.E0,-1.E0,0.E0));
#7293=AXIS2_PLACEMENT_3D('',#7290,#7291,#7292);
#7294=TOROIDAL_SURFACE('',#7293,4.25E0,2.E-1);
#7295=ORIENTED_EDGE('',*,*,#7280,.F.);
#7296=ORIENTED_EDGE('',*,*,#7257,.T.);
#7297=ORIENTED_EDGE('',*,*,#7284,.T.);
#7299=ORIENTED_EDGE('',*,*,#7298,.F.);
#7300=EDGE_LOOP('',(#7295,#7296,#7297,#7299));
#7301=FACE_OUTER_BOUND('',#7300,.F.);
#7303=CARTESIAN_POINT('',(0.E0,0.E0,0.E0));
#7304=DIRECTION('',(0.E0,0.E0,-1.E0));
#7305=DIRECTION('',(0.E0,-1.E0,0.E0));
#7306=AXIS2_PLACEMENT_3D('',#7303,#7304,#7305);
#7307=PLANE('',#7306);
#7308=ORIENTED_EDGE('',*,*,#7282,.F.);
#7309=ORIENTED_EDGE('',*,*,#7298,.T.);
#7310=EDGE_LOOP('',(#7308,#7309));
#7311=FACE_OUTER_BOUND('',#7310,.F.);
#7313=ORIENTED_EDGE('',*,*,#7312,.F.);
#7315=ORIENTED_EDGE('',*,*,#7314,.T.);
#7316=EDGE_LOOP('',(#7313,#7315));
#7317=FACE_BOUND('',#7316,.F.);
#7319=CARTESIAN_POINT('',(0.E0,0.E0,7.5E-1));
#7320=DIRECTION('',(0.E0,0.E0,-1.E0));
#7321=DIRECTION('',(0.E0,-1.E0,0.E0));
#7322=AXIS2_PLACEMENT_3D('',#7319,#7320,#7321);
#7323=CYLINDRICAL_SURFACE('',#7322,3.53E0);
#7325=ORIENTED_EDGE('',*,*,#7324,.F.);
#7326=ORIENTED_EDGE('',*,*,#7312,.T.);
#7328=ORIENTED_EDGE('',*,*,#7327,.T.);
#7330=ORIENTED_EDGE('',*,*,#7329,.F.);
#7331=EDGE_LOOP('',(#7325,#7326,#7328,#7330));
#7332=FACE_OUTER_BOUND('',#7331,.F.);
#7334=CARTESIAN_POINT('',(0.E0,0.E0,7.5E-1));
#7335=DIRECTION('',(0.E0,0.E0,-1.E0));
#7336=DIRECTION('',(0.E0,-1.E0,0.E0));
#7337=AXIS2_PLACEMENT_3D('',#7334,#7335,#7336);
#7338=CYLINDRICAL_SURFACE('',#7337,3.53E0);
#7339=ORIENTED_EDGE('',*,*,#7324,.T.);
#7341=ORIENTED_EDGE('',*,*,#7340,.T.);
#7342=ORIENTED_EDGE('',*,*,#7327,.F.);
#7343=ORIENTED_EDGE('',*,*,#7314,.F.);
#7344=EDGE_LOOP('',(#7339,#7341,#7342,#7343));
#7345=FACE_OUTER_BOUND('',#7344,.F.);
#7347=CARTESIAN_POINT('',(0.E0,0.E0,-5.5E0));
#7348=DIRECTION('',(0.E0,0.E0,-1.E0));
#7349=DIRECTION('',(0.E0,-1.E0,0.E0));
#7350=AXIS2_PLACEMENT_3D('',#7347,#7348,#7349);
#7351=PLANE('',#7350);
#7352=ORIENTED_EDGE('',*,*,#7340,.F.);
#7353=ORIENTED_EDGE('',*,*,#7329,.T.);
#7354=EDGE_LOOP('',(#7352,#7353));
#7355=FACE_OUTER_BOUND('',#7354,.F.);
#7357=ORIENTED_EDGE('',*,*,#7356,.F.);
#7359=ORIENTED_EDGE('',*,*,#7358,.F.);
#7360=EDGE_LOOP('',(#7357,#7359));
#7361=FACE_BOUND('',#7360,.F.);
#7363=CARTESIAN_POINT('',(0.E0,0.E0,-5.175E0));
#7364=DIRECTION('',(0.E0,0.E0,-1.E0));
#7365=DIRECTION('',(0.E0,-1.E0,0.E0));
#7366=AXIS2_PLACEMENT_3D('',#7363,#7364,#7365);
#7367=TOROIDAL_SURFACE('',#7366,3.175E0,3.25E-1);
#7369=ORIENTED_EDGE('',*,*,#7368,.T.);
#7371=ORIENTED_EDGE('',*,*,#7370,.F.);
#7372=ORIENTED_EDGE('',*,*,#7356,.T.);
#7374=ORIENTED_EDGE('',*,*,#7373,.T.);
#7376=ORIENTED_EDGE('',*,*,#7375,.T.);
#7377=EDGE_LOOP('',(#7369,#7371,#7372,#7374,#7376));
#7378=FACE_OUTER_BOUND('',#7377,.F.);
#7380=CARTESIAN_POINT('',(0.E0,0.E0,-5.5E0));
#7381=DIRECTION('',(0.E0,0.E0,1.E0));
#7382=DIRECTION('',(1.E0,0.E0,0.E0));
#7383=AXIS2_PLACEMENT_3D('',#7380,#7381,#7382);
#7384=CYLINDRICAL_SURFACE('',#7383,2.85E0);
#7385=ORIENTED_EDGE('',*,*,#7368,.F.);
#7387=ORIENTED_EDGE('',*,*,#7386,.T.);
#7389=ORIENTED_EDGE('',*,*,#7388,.T.);
#7391=ORIENTED_EDGE('',*,*,#7390,.F.);
#7393=ORIENTED_EDGE('',*,*,#7392,.F.);
#7394=EDGE_LOOP('',(#7385,#7387,#7389,#7391,#7393));
#7395=FACE_OUTER_BOUND('',#7394,.F.);
#7397=CARTESIAN_POINT('',(0.E0,0.E0,-5.5E0));
#7398=DIRECTION('',(0.E0,0.E0,1.E0));
#7399=DIRECTION('',(1.E0,0.E0,0.E0));
#7400=AXIS2_PLACEMENT_3D('',#7397,#7398,#7399);
#7401=CYLINDRICAL_SURFACE('',#7400,2.85E0);
#7402=ORIENTED_EDGE('',*,*,#7375,.F.);
#7404=ORIENTED_EDGE('',*,*,#7403,.F.);
#7405=ORIENTED_EDGE('',*,*,#7390,.T.);
#7407=ORIENTED_EDGE('',*,*,#7406,.T.);
#7409=ORIENTED_EDGE('',*,*,#7408,.F.);
#7411=ORIENTED_EDGE('',*,*,#7410,.T.);
#7413=ORIENTED_EDGE('',*,*,#7412,.F.);
#7415=ORIENTED_EDGE('',*,*,#7414,.T.);
#7417=ORIENTED_EDGE('',*,*,#7416,.T.);
#7419=ORIENTED_EDGE('',*,*,#7418,.T.);
#7420=ORIENTED_EDGE('',*,*,#7386,.F.);
#7421=EDGE_LOOP('',(#7402,#7404,#7405,#7407,#7409,#7411,#7413,#7415,#7417,#7419,
#7420));
#7422=FACE_OUTER_BOUND('',#7421,.F.);
#7424=CARTESIAN_POINT('',(0.E0,0.E0,-5.175E0));
#7425=DIRECTION('',(0.E0,0.E0,-1.E0));
#7426=DIRECTION('',(0.E0,-1.E0,0.E0));
#7427=AXIS2_PLACEMENT_3D('',#7424,#7425,#7426);
#7428=TOROIDAL_SURFACE('',#7427,3.175E0,3.25E-1);
#7429=ORIENTED_EDGE('',*,*,#7392,.T.);
#7430=ORIENTED_EDGE('',*,*,#7403,.T.);
#7431=ORIENTED_EDGE('',*,*,#7373,.F.);
#7432=ORIENTED_EDGE('',*,*,#7358,.T.);
#7433=ORIENTED_EDGE('',*,*,#7370,.T.);
#7434=EDGE_LOOP('',(#7429,#7430,#7431,#7432,#7433));
#7435=FACE_OUTER_BOUND('',#7434,.F.);
#7437=CARTESIAN_POINT('',(0.E0,0.E0,-4.E-1));
#7438=DIRECTION('',(0.E0,0.E0,1.E0));
#7439=DIRECTION('',(9.999854450351E-1,-5.395342244561E-3,0.E0));
#7440=AXIS2_PLACEMENT_3D('',#7437,#7438,#7439);
#7441=TOROIDAL_SURFACE('',#7440,2.65E0,2.E-1);
#7442=ORIENTED_EDGE('',*,*,#7388,.F.);
#7443=ORIENTED_EDGE('',*,*,#7418,.F.);
#7445=ORIENTED_EDGE('',*,*,#7444,.F.);
#7447=ORIENTED_EDGE('',*,*,#7446,.T.);
#7449=ORIENTED_EDGE('',*,*,#7448,.T.);
#7450=ORIENTED_EDGE('',*,*,#7406,.F.);
#7451=EDGE_LOOP('',(#7442,#7443,#7445,#7447,#7449,#7450));
#7452=FACE_OUTER_BOUND('',#7451,.F.);
#7454=CARTESIAN_POINT('',(9.296590385608E-1,-2.481578947368E0,-4.E-1));
#7455=DIRECTION('',(-9.140963012925E-1,4.054971664060E-1,0.E0));
#7456=DIRECTION('',(-4.054971664060E-1,-9.140963012925E-1,0.E0));
#7457=AXIS2_PLACEMENT_3D('',#7454,#7455,#7456);
#7458=SPHERICAL_SURFACE('',#7457,2.E-1);
#7460=ORIENTED_EDGE('',*,*,#7459,.F.);
#7462=ORIENTED_EDGE('',*,*,#7461,.F.);
#7463=ORIENTED_EDGE('',*,*,#7444,.T.);
#7464=EDGE_LOOP('',(#7460,#7462,#7463));
#7465=FACE_OUTER_BOUND('',#7464,.F.);
#7467=CARTESIAN_POINT('',(9.296590385608E-1,-2.481578947368E0,-2.E-1));
#7468=DIRECTION('',(0.E0,0.E0,1.E0));
#7469=DIRECTION('',(1.E0,0.E0,0.E0));
#7470=AXIS2_PLACEMENT_3D('',#7467,#7468,#7469);
#7471=CYLINDRICAL_SURFACE('',#7470,2.E-1);
#7472=ORIENTED_EDGE('',*,*,#7459,.T.);
#7473=ORIENTED_EDGE('',*,*,#7416,.F.);
#7475=ORIENTED_EDGE('',*,*,#7474,.T.);
#7477=ORIENTED_EDGE('',*,*,#7476,.F.);
#7478=EDGE_LOOP('',(#7472,#7473,#7475,#7477));
#7479=FACE_OUTER_BOUND('',#7478,.F.);
#7481=CARTESIAN_POINT('',(1.014189342647E0,-2.662820981082E0,
-3.687745173709E0));
#7482=CARTESIAN_POINT('',(1.014303544280E0,-2.662778755948E0,
-3.691827821274E0));
#7483=CARTESIAN_POINT('',(1.014677881196E0,-2.662638570755E0,
-3.718748229881E0));
#7484=CARTESIAN_POINT('',(1.010760971259E0,-2.664111584091E0,
-3.769187376648E0));
#7485=CARTESIAN_POINT('',(9.942990236727E-1,-2.670230553943E0,
-3.837708140815E0));
#7486=CARTESIAN_POINT('',(9.662510089580E-1,-2.680395449727E0,
-3.903942037290E0));
#7487=CARTESIAN_POINT('',(9.265108319711E-1,-2.694252604979E0,
-3.965544015187E0));
#7488=CARTESIAN_POINT('',(8.752748730632E-1,-2.711213032103E0,
-4.020100881238E0));
#7489=CARTESIAN_POINT('',(8.132122690931E-1,-2.730445794212E0,
-4.064954827214E0));
#7490=CARTESIAN_POINT('',(7.418023656548E-1,-2.750863309596E0,
-4.097333679735E0));
#7491=CARTESIAN_POINT('',(6.637002315490E-1,-2.771139482026E0,
-4.114608058387E0));
#7492=CARTESIAN_POINT('',(6.059239888872E-1,-2.784489977532E0,
-4.114784645350E0));
#7493=CARTESIAN_POINT('',(5.754393235614E-1,-2.790988698708E0,
-4.111088105130E0));
#7494=CARTESIAN_POINT('',(5.714518465184E-1,-2.791828034831E0,
-4.110538403524E0));
#7495=CARTESIAN_POINT('',(8.977198593117E-1,-2.717274725928E0,
-3.691525279315E0));
#7496=CARTESIAN_POINT('',(8.977992918788E-1,-2.717246030684E0,
-3.694348679172E0));
#7497=CARTESIAN_POINT('',(8.980593161545E-1,-2.717150227005E0,
-3.712964982164E0));
#7498=CARTESIAN_POINT('',(8.953405445795E-1,-2.718158334168E0,
-3.747845560403E0));
#7499=CARTESIAN_POINT('',(8.838709824277E-1,-2.722348292005E0,
-3.795360850251E0));
#7500=CARTESIAN_POINT('',(8.641832624204E-1,-2.729307504456E0,
-3.841517786116E0));
#7501=CARTESIAN_POINT('',(8.360093804905E-1,-2.738769801725E0,
-3.884690197943E0));
#7502=CARTESIAN_POINT('',(7.992784016497E-1,-2.750256229315E0,
-3.923077832574E0));
#7503=CARTESIAN_POINT('',(7.542929526509E-1,-2.763036593874E0,
-3.954579373842E0));
#7504=CARTESIAN_POINT('',(7.020322546495E-1,-2.776088608591E0,
-3.976911257073E0));
#7505=CARTESIAN_POINT('',(6.444593117250E-1,-2.788096113888E0,
-3.987861056489E0));
#7506=CARTESIAN_POINT('',(6.016862352524E-1,-2.794837885951E0,
-3.986380256132E0));
#7507=CARTESIAN_POINT('',(5.790942683157E-1,-2.797547600308E0,
-3.982676149406E0));
#7508=CARTESIAN_POINT('',(5.761388016402E-1,-2.797885565907E0,
-3.982140679677E0));
#7509=CARTESIAN_POINT('',(7.796946563217E-1,-2.666214182324E0,
-3.694256833475E0));
#7510=CARTESIAN_POINT('',(7.797485170134E-1,-2.666195039426E0,
-3.696170173274E0));
#7511=CARTESIAN_POINT('',(7.799249749539E-1,-2.666131348528E0,
-3.708786204734E0));
#7512=CARTESIAN_POINT('',(7.780792520845E-1,-2.666801124995E0,
-3.732424212299E0));
#7513=CARTESIAN_POINT('',(7.703008648156E-1,-2.669565734538E0,
-3.764579107041E0));
#7514=CARTESIAN_POINT('',(7.569746999805E-1,-2.674090831093E0,
-3.795735812542E0));
#7515=CARTESIAN_POINT('',(7.379443430639E-1,-2.680097855078E0,
-3.824793858351E0));
#7516=CARTESIAN_POINT('',(7.131679253123E-1,-2.687127292460E0,
-3.850578991469E0));
#7517=CARTESIAN_POINT('',(6.828083288135E-1,-2.694510016546E0,
-3.871758844407E0));
#7518=CARTESIAN_POINT('',(6.474013204521E-1,-2.701336663949E0,
-3.886913449748E0));
#7519=CARTESIAN_POINT('',(6.080271058909E-1,-2.706455972124E0,
-3.894680659178E0));
#7520=CARTESIAN_POINT('',(5.782330859988E-1,-2.707936101892E0,
-3.894235069076E0));
#7521=CARTESIAN_POINT('',(5.622022160137E-1,-2.707766628385E0,
-3.892124371446E0));
#7522=CARTESIAN_POINT('',(5.600995506599E-1,-2.707726463222E0,
-3.891815557750E0));
#7523=CARTESIAN_POINT('',(7.395611190343E-1,-2.544010201424E0,
-3.694101120131E0));
#7524=CARTESIAN_POINT('',(7.396158184715E-1,-2.543990203267E0,
-3.696066184580E0));
#7525=CARTESIAN_POINT('',(7.397957081537E-1,-2.543924740048E0,
-3.709024796297E0));
#7526=CARTESIAN_POINT('',(7.379102610665E-1,-2.544610504934E0,
-3.733304045561E0));
#7527=CARTESIAN_POINT('',(7.300371637885E-1,-2.547412887649E0,
-3.766083307786E0));
#7528=CARTESIAN_POINT('',(7.167916027204E-1,-2.551913934463E0,
-3.797413755552E0));
#7529=CARTESIAN_POINT('',(6.983271360762E-1,-2.557731149601E0,
-3.826173567806E0));
#7530=CARTESIAN_POINT('',(6.749077772912E-1,-2.564320780720E0,
-3.851406166530E0));
#7531=CARTESIAN_POINT('',(6.468774968347E-1,-2.570993984557E0,
-3.872242980071E0));
#7532=CARTESIAN_POINT('',(6.146837839209E-1,-2.576925936488E0,
-3.887921305694E0));
#7533=CARTESIAN_POINT('',(5.789275582806E-1,-2.581174232740E0,
-3.897790240322E0));
#7534=CARTESIAN_POINT('',(5.513517741867E-1,-2.582281618806E0,
-3.900375617494E0));
#7535=CARTESIAN_POINT('',(5.361338684607E-1,-2.582080870474E0,
-3.900386718507E0));
#7536=CARTESIAN_POINT('',(5.341307414222E-1,-2.582040348935E0,
-3.900364413953E0));
#7537=(BOUNDED_SURFACE()B_SPLINE_SURFACE(3,3,((#7481,#7482,#7483,#7484,#7485,
#7486,#7487,#7488,#7489,#7490,#7491,#7492,#7493,#7494),(#7495,#7496,#7497,#7498,
#7499,#7500,#7501,#7502,#7503,#7504,#7505,#7506,#7507,#7508),(#7509,#7510,#7511,
#7512,#7513,#7514,#7515,#7516,#7517,#7518,#7519,#7520,#7521,#7522),(#7523,#7524,
#7525,#7526,#7527,#7528,#7529,#7530,#7531,#7532,#7533,#7534,#7535,#7536)),
.UNSPECIFIED.,.F.,.F.,.F.)B_SPLINE_SURFACE_WITH_KNOTS((4,4),(4,1,1,1,1,1,1,1,1,
1,1,4),(0.E0,1.E0),(-1.835215462632E-2,0.E0,1.025738592391E-1,2.078154394778E-1,
3.150371526495E-1,4.236090379957E-1,5.343319921113E-1,6.473714824074E-1,
7.624073766513E-1,8.801606868040E-1,1.E0,1.018109025241E0),.UNSPECIFIED.)GEOMETRIC_REPRESENTATION_ITEM()RATIONAL_B_SPLINE_SURFACE(((1.202334628897E0,
1.202334628897E0,1.202334628897E0,1.202334628897E0,1.202334628897E0,
1.202334628897E0,1.202334628897E0,1.202334628897E0,1.202334628897E0,
1.202334628897E0,1.202334628897E0,1.202334628897E0,1.202334628897E0,
1.202334628897E0),(9.325551237009E-1,9.325551237009E-1,9.325551237009E-1,
9.325551237009E-1,9.325551237009E-1,9.325551237009E-1,9.325551237009E-1,
9.325551237009E-1,9.325551237009E-1,9.325551237009E-1,9.325551237009E-1,
9.325551237009E-1,9.325551237009E-1,9.325551237009E-1),(9.325551237009E-1,
9.325551237009E-1,9.325551237009E-1,9.325551237009E-1,9.325551237009E-1,
9.325551237009E-1,9.325551237009E-1,9.325551237009E-1,9.325551237009E-1,
9.325551237009E-1,9.325551237009E-1,9.325551237009E-1,9.325551237009E-1,
9.325551237009E-1),(1.202334628897E0,1.202334628897E0,1.202334628897E0,
1.202334628897E0,1.202334628897E0,1.202334628897E0,1.202334628897E0,
1.202334628897E0,1.202334628897E0,1.202334628897E0,1.202334628897E0,
1.202334628897E0,1.202334628897E0,1.202334628897E0)))REPRESENTATION_ITEM('')SURFACE());
#7538=ORIENTED_EDGE('',*,*,#7474,.F.);
#7539=ORIENTED_EDGE('',*,*,#7414,.F.);
#7541=ORIENTED_EDGE('',*,*,#7540,.F.);
#7543=ORIENTED_EDGE('',*,*,#7542,.F.);
#7544=EDGE_LOOP('',(#7538,#7539,#7541,#7543));
#7545=FACE_OUTER_BOUND('',#7544,.F.);
#7547=CARTESIAN_POINT('',(0.E0,0.E0,-4.1E0));
#7548=DIRECTION('',(0.E0,0.E0,1.E0));
#7549=DIRECTION('',(1.087730577646E-3,9.999994084209E-1,0.E0));
#7550=AXIS2_PLACEMENT_3D('',#7547,#7548,#7549);
#7551=TOROIDAL_SURFACE('',#7550,2.65E0,2.E-1);
#7553=ORIENTED_EDGE('',*,*,#7552,.F.);
#7554=ORIENTED_EDGE('',*,*,#7540,.T.);
#7555=ORIENTED_EDGE('',*,*,#7412,.T.);
#7557=ORIENTED_EDGE('',*,*,#7556,.T.);
#7558=EDGE_LOOP('',(#7553,#7554,#7555,#7557));
#7559=FACE_OUTER_BOUND('',#7558,.F.);
#7561=CARTESIAN_POINT('',(0.E0,0.E0,-3.9E0));
#7562=DIRECTION('',(0.E0,0.E0,1.E0));
#7563=DIRECTION('',(1.E0,0.E0,0.E0));
#7564=AXIS2_PLACEMENT_3D('',#7561,#7562,#7563);
#7565=PLANE('',#7564);
#7567=ORIENTED_EDGE('',*,*,#7566,.T.);
#7568=ORIENTED_EDGE('',*,*,#7552,.T.);
#7569=EDGE_LOOP('',(#7567,#7568));
#7570=FACE_OUTER_BOUND('',#7569,.F.);
#7572=CARTESIAN_POINT('',(0.E0,-2.85E0,-3.7E0));
#7573=DIRECTION('',(0.E0,0.E0,1.E0));
#7574=DIRECTION('',(-9.393708157990E-1,3.429030043980E-1,0.E0));
#7575=AXIS2_PLACEMENT_3D('',#7572,#7573,#7574);
#7576=TOROIDAL_SURFACE('',#7575,6.E-1,2.E-1);
#7578=ORIENTED_EDGE('',*,*,#7577,.T.);
#7579=ORIENTED_EDGE('',*,*,#7542,.T.);
#7580=ORIENTED_EDGE('',*,*,#7566,.F.);
#7582=ORIENTED_EDGE('',*,*,#7581,.T.);
#7583=EDGE_LOOP('',(#7578,#7579,#7580,#7582));
#7584=FACE_OUTER_BOUND('',#7583,.F.);
#7586=CARTESIAN_POINT('',(0.E0,-2.85E0,-2.E-1));
#7587=DIRECTION('',(0.E0,0.E0,1.E0));
#7588=DIRECTION('',(1.E0,0.E0,0.E0));
#7589=AXIS2_PLACEMENT_3D('',#7586,#7587,#7588);
#7590=CYLINDRICAL_SURFACE('',#7589,8.E-1);
#7592=ORIENTED_EDGE('',*,*,#7591,.T.);
#7593=ORIENTED_EDGE('',*,*,#7476,.T.);
#7594=ORIENTED_EDGE('',*,*,#7577,.F.);
#7596=ORIENTED_EDGE('',*,*,#7595,.F.);
#7597=EDGE_LOOP('',(#7592,#7593,#7594,#7596));
#7598=FACE_OUTER_BOUND('',#7597,.F.);
#7600=CARTESIAN_POINT('',(0.E0,-2.85E0,-4.E-1));
#7601=DIRECTION('',(0.E0,0.E0,1.E0));
#7602=DIRECTION('',(-9.393708157990E-1,3.429030043980E-1,0.E0));
#7603=AXIS2_PLACEMENT_3D('',#7600,#7601,#7602);
#7604=TOROIDAL_SURFACE('',#7603,1.E0,2.E-1);
#7606=ORIENTED_EDGE('',*,*,#7605,.T.);
#7607=ORIENTED_EDGE('',*,*,#7461,.T.);
#7608=ORIENTED_EDGE('',*,*,#7591,.F.);
#7610=ORIENTED_EDGE('',*,*,#7609,.F.);
#7611=EDGE_LOOP('',(#7606,#7607,#7608,#7610));
#7612=FACE_OUTER_BOUND('',#7611,.F.);
#7614=CARTESIAN_POINT('',(0.E0,0.E0,-2.E-1));
#7615=DIRECTION('',(0.E0,0.E0,1.E0));
#7616=DIRECTION('',(1.E0,0.E0,0.E0));
#7617=AXIS2_PLACEMENT_3D('',#7614,#7615,#7616);
#7618=PLANE('',#7617);
#7619=ORIENTED_EDGE('',*,*,#7446,.F.);
#7620=ORIENTED_EDGE('',*,*,#7605,.F.);
#7621=EDGE_LOOP('',(#7619,#7620));
#7622=FACE_OUTER_BOUND('',#7621,.F.);
#7624=ORIENTED_EDGE('',*,*,#7623,.F.);
#7626=ORIENTED_EDGE('',*,*,#7625,.F.);
#7627=EDGE_LOOP('',(#7624,#7626));
#7628=FACE_BOUND('',#7627,.F.);
#7630=ORIENTED_EDGE('',*,*,#7629,.F.);
#7632=ORIENTED_EDGE('',*,*,#7631,.F.);
#7633=EDGE_LOOP('',(#7630,#7632));
#7634=FACE_BOUND('',#7633,.F.);
#7636=ORIENTED_EDGE('',*,*,#7635,.F.);
#7638=ORIENTED_EDGE('',*,*,#7637,.F.);
#7639=EDGE_LOOP('',(#7636,#7638));
#7640=FACE_BOUND('',#7639,.F.);
#7642=CARTESIAN_POINT('',(-1.75E0,0.E0,-3.000000000619E-1));
#7643=DIRECTION('',(0.E0,0.E0,1.E0));
#7644=DIRECTION('',(0.E0,-1.E0,0.E0));
#7645=AXIS2_PLACEMENT_3D('',#7642,#7643,#7644);
#7646=CONICAL_SURFACE('',#7645,6.999999999381E-1,4.5E1);
#7647=ORIENTED_EDGE('',*,*,#7623,.T.);
#7649=ORIENTED_EDGE('',*,*,#7648,.T.);
#7651=ORIENTED_EDGE('',*,*,#7650,.F.);
#7653=ORIENTED_EDGE('',*,*,#7652,.F.);
#7654=EDGE_LOOP('',(#7647,#7649,#7651,#7653));
#7655=FACE_OUTER_BOUND('',#7654,.F.);
#7657=CARTESIAN_POINT('',(-1.75E0,0.E0,-3.000000000619E-1));
#7658=DIRECTION('',(0.E0,0.E0,1.E0));
#7659=DIRECTION('',(0.E0,-1.E0,0.E0));
#7660=AXIS2_PLACEMENT_3D('',#7657,#7658,#7659);
#7661=CONICAL_SURFACE('',#7660,6.999999999381E-1,4.5E1);
#7662=ORIENTED_EDGE('',*,*,#7625,.T.);
#7663=ORIENTED_EDGE('',*,*,#7652,.T.);
#7665=ORIENTED_EDGE('',*,*,#7664,.F.);
#7666=ORIENTED_EDGE('',*,*,#7648,.F.);
#7667=EDGE_LOOP('',(#7662,#7663,#7665,#7666));
#7668=FACE_OUTER_BOUND('',#7667,.F.);
#7670=CARTESIAN_POINT('',(-1.75E0,0.E0,-2.E-1));
#7671=DIRECTION('',(0.E0,0.E0,1.E0));
#7672=DIRECTION('',(1.E0,0.E0,0.E0));
#7673=AXIS2_PLACEMENT_3D('',#7670,#7671,#7672);
#7674=CYLINDRICAL_SURFACE('',#7673,6.E-1);
#7675=ORIENTED_EDGE('',*,*,#7664,.T.);
#7677=ORIENTED_EDGE('',*,*,#7676,.T.);
#7679=ORIENTED_EDGE('',*,*,#7678,.T.);
#7681=ORIENTED_EDGE('',*,*,#7680,.F.);
#7682=EDGE_LOOP('',(#7675,#7677,#7679,#7681));
#7683=FACE_OUTER_BOUND('',#7682,.F.);
#7685=CARTESIAN_POINT('',(-1.75E0,0.E0,-2.E-1));
#7686=DIRECTION('',(0.E0,0.E0,1.E0));
#7687=DIRECTION('',(1.E0,0.E0,0.E0));
#7688=AXIS2_PLACEMENT_3D('',#7685,#7686,#7687);
#7689=CYLINDRICAL_SURFACE('',#7688,6.E-1);
#7690=ORIENTED_EDGE('',*,*,#7650,.T.);
#7691=ORIENTED_EDGE('',*,*,#7680,.T.);
#7693=ORIENTED_EDGE('',*,*,#7692,.T.);
#7694=ORIENTED_EDGE('',*,*,#7676,.F.);
#7695=EDGE_LOOP('',(#7690,#7691,#7693,#7694));
#7696=FACE_OUTER_BOUND('',#7695,.F.);
#7698=CARTESIAN_POINT('',(0.E0,0.E0,-1.2E0));
#7699=DIRECTION('',(0.E0,0.E0,1.E0));
#7700=DIRECTION('',(1.E0,0.E0,0.E0));
#7701=AXIS2_PLACEMENT_3D('',#7698,#7699,#7700);
#7702=PLANE('',#7701);
#7704=ORIENTED_EDGE('',*,*,#7703,.F.);
#7706=ORIENTED_EDGE('',*,*,#7705,.F.);
#7707=EDGE_LOOP('',(#7704,#7706));
#7708=FACE_OUTER_BOUND('',#7707,.F.);
#7710=CARTESIAN_POINT('',(0.E0,0.E0,-1.2E0));
#7711=DIRECTION('',(0.E0,0.E0,1.E0));
#7712=DIRECTION('',(1.E0,0.E0,0.E0));
#7713=AXIS2_PLACEMENT_3D('',#7710,#7711,#7712);
#7714=PLANE('',#7713);
#7715=ORIENTED_EDGE('',*,*,#7692,.F.);
#7716=ORIENTED_EDGE('',*,*,#7678,.F.);
#7717=EDGE_LOOP('',(#7715,#7716));
#7718=FACE_OUTER_BOUND('',#7717,.F.);
#7720=CARTESIAN_POINT('',(0.E0,0.E0,-1.2E0));
#7721=DIRECTION('',(0.E0,0.E0,1.E0));
#7722=DIRECTION('',(1.E0,0.E0,0.E0));
#7723=AXIS2_PLACEMENT_3D('',#7720,#7721,#7722);
#7724=PLANE('',#7723);
#7726=ORIENTED_EDGE('',*,*,#7725,.F.);
#7728=ORIENTED_EDGE('',*,*,#7727,.F.);
#7729=EDGE_LOOP('',(#7726,#7728));
#7730=FACE_OUTER_BOUND('',#7729,.F.);
#7732=CARTESIAN_POINT('',(0.E0,1.75E0,-2.E-1));
#7733=DIRECTION('',(0.E0,0.E0,1.E0));
#7734=DIRECTION('',(1.E0,0.E0,0.E0));
#7735=AXIS2_PLACEMENT_3D('',#7732,#7733,#7734);
#7736=CYLINDRICAL_SURFACE('',#7735,6.E-1);
#7738=ORIENTED_EDGE('',*,*,#7737,.T.);
#7740=ORIENTED_EDGE('',*,*,#7739,.T.);
#7741=ORIENTED_EDGE('',*,*,#7703,.T.);
#7743=ORIENTED_EDGE('',*,*,#7742,.F.);
#7744=EDGE_LOOP('',(#7738,#7740,#7741,#7743));
#7745=FACE_OUTER_BOUND('',#7744,.F.);
#7747=CARTESIAN_POINT('',(0.E0,1.75E0,-3.000000000619E-1));
#7748=DIRECTION('',(0.E0,0.E0,1.E0));
#7749=DIRECTION('',(0.E0,-1.E0,0.E0));
#7750=AXIS2_PLACEMENT_3D('',#7747,#7748,#7749);
#7751=CONICAL_SURFACE('',#7750,6.999999999381E-1,4.5E1);
#7752=ORIENTED_EDGE('',*,*,#7629,.T.);
#7754=ORIENTED_EDGE('',*,*,#7753,.T.);
#7755=ORIENTED_EDGE('',*,*,#7737,.F.);
#7757=ORIENTED_EDGE('',*,*,#7756,.F.);
#7758=EDGE_LOOP('',(#7752,#7754,#7755,#7757));
#7759=FACE_OUTER_BOUND('',#7758,.F.);
#7761=CARTESIAN_POINT('',(0.E0,1.75E0,-3.000000000619E-1));
#7762=DIRECTION('',(0.E0,0.E0,1.E0));
#7763=DIRECTION('',(0.E0,-1.E0,0.E0));
#7764=AXIS2_PLACEMENT_3D('',#7761,#7762,#7763);
#7765=CONICAL_SURFACE('',#7764,6.999999999381E-1,4.5E1);
#7766=ORIENTED_EDGE('',*,*,#7631,.T.);
#7767=ORIENTED_EDGE('',*,*,#7756,.T.);
#7769=ORIENTED_EDGE('',*,*,#7768,.F.);
#7770=ORIENTED_EDGE('',*,*,#7753,.F.);
#7771=EDGE_LOOP('',(#7766,#7767,#7769,#7770));
#7772=FACE_OUTER_BOUND('',#7771,.F.);
#7774=CARTESIAN_POINT('',(0.E0,1.75E0,-2.E-1));
#7775=DIRECTION('',(0.E0,0.E0,1.E0));
#7776=DIRECTION('',(1.E0,0.E0,0.E0));
#7777=AXIS2_PLACEMENT_3D('',#7774,#7775,#7776);
#7778=CYLINDRICAL_SURFACE('',#7777,6.E-1);
#7779=ORIENTED_EDGE('',*,*,#7768,.T.);
#7780=ORIENTED_EDGE('',*,*,#7742,.T.);
#7781=ORIENTED_EDGE('',*,*,#7705,.T.);
#7782=ORIENTED_EDGE('',*,*,#7739,.F.);
#7783=EDGE_LOOP('',(#7779,#7780,#7781,#7782));
#7784=FACE_OUTER_BOUND('',#7783,.F.);
#7786=CARTESIAN_POINT('',(1.75E0,0.E0,-2.E-1));
#7787=DIRECTION('',(0.E0,0.E0,1.E0));
#7788=DIRECTION('',(1.E0,0.E0,0.E0));
#7789=AXIS2_PLACEMENT_3D('',#7786,#7787,#7788);
#7790=CYLINDRICAL_SURFACE('',#7789,6.E-1);
#7792=ORIENTED_EDGE('',*,*,#7791,.T.);
#7794=ORIENTED_EDGE('',*,*,#7793,.T.);
#7795=ORIENTED_EDGE('',*,*,#7725,.T.);
#7797=ORIENTED_EDGE('',*,*,#7796,.F.);
#7798=EDGE_LOOP('',(#7792,#7794,#7795,#7797));
#7799=FACE_OUTER_BOUND('',#7798,.F.);
#7801=CARTESIAN_POINT('',(1.75E0,0.E0,-3.000000000619E-1));
#7802=DIRECTION('',(0.E0,0.E0,1.E0));
#7803=DIRECTION('',(0.E0,-1.E0,0.E0));
#7804=AXIS2_PLACEMENT_3D('',#7801,#7802,#7803);
#7805=CONICAL_SURFACE('',#7804,6.999999999381E-1,4.5E1);
#7806=ORIENTED_EDGE('',*,*,#7635,.T.);
#7808=ORIENTED_EDGE('',*,*,#7807,.T.);
#7809=ORIENTED_EDGE('',*,*,#7791,.F.);
#7811=ORIENTED_EDGE('',*,*,#7810,.F.);
#7812=EDGE_LOOP('',(#7806,#7808,#7809,#7811));
#7813=FACE_OUTER_BOUND('',#7812,.F.);
#7815=CARTESIAN_POINT('',(1.75E0,0.E0,-3.000000000619E-1));
#7816=DIRECTION('',(0.E0,0.E0,1.E0));
#7817=DIRECTION('',(0.E0,-1.E0,0.E0));
#7818=AXIS2_PLACEMENT_3D('',#7815,#7816,#7817);
#7819=CONICAL_SURFACE('',#7818,6.999999999381E-1,4.5E1);
#7820=ORIENTED_EDGE('',*,*,#7637,.T.);
#7821=ORIENTED_EDGE('',*,*,#7810,.T.);
#7823=ORIENTED_EDGE('',*,*,#7822,.F.);
#7824=ORIENTED_EDGE('',*,*,#7807,.F.);
#7825=EDGE_LOOP('',(#7820,#7821,#7823,#7824));
#7826=FACE_OUTER_BOUND('',#7825,.F.);
#7828=CARTESIAN_POINT('',(1.75E0,0.E0,-2.E-1));
#7829=DIRECTION('',(0.E0,0.E0,1.E0));
#7830=DIRECTION('',(1.E0,0.E0,0.E0));
#7831=AXIS2_PLACEMENT_3D('',#7828,#7829,#7830);
#7832=CYLINDRICAL_SURFACE('',#7831,6.E-1);
#7833=ORIENTED_EDGE('',*,*,#7822,.T.);
#7834=ORIENTED_EDGE('',*,*,#7796,.T.);
#7835=ORIENTED_EDGE('',*,*,#7727,.T.);
#7836=ORIENTED_EDGE('',*,*,#7793,.F.);
#7837=EDGE_LOOP('',(#7833,#7834,#7835,#7836));
#7838=FACE_OUTER_BOUND('',#7837,.F.);
#7840=CARTESIAN_POINT('',(-9.296590385608E-1,-2.481578947368E0,-4.E-1));
#7841=DIRECTION('',(-9.140963015735E-1,-4.054971657727E-1,0.E0));
#7842=DIRECTION('',(4.054971657727E-1,-9.140963015735E-1,0.E0));
#7843=AXIS2_PLACEMENT_3D('',#7840,#7841,#7842);
#7844=SPHERICAL_SURFACE('',#7843,2.E-1);
#7846=ORIENTED_EDGE('',*,*,#7845,.F.);
#7847=ORIENTED_EDGE('',*,*,#7448,.F.);
#7848=ORIENTED_EDGE('',*,*,#7609,.T.);
#7849=EDGE_LOOP('',(#7846,#7847,#7848));
#7850=FACE_OUTER_BOUND('',#7849,.F.);
#7852=CARTESIAN_POINT('',(-9.296590385608E-1,-2.481578947368E0,-2.E-1));
#7853=DIRECTION('',(0.E0,0.E0,1.E0));
#7854=DIRECTION('',(1.E0,0.E0,0.E0));
#7855=AXIS2_PLACEMENT_3D('',#7852,#7853,#7854);
#7856=CYLINDRICAL_SURFACE('',#7855,2.E-1);
#7857=ORIENTED_EDGE('',*,*,#7845,.T.);
#7858=ORIENTED_EDGE('',*,*,#7595,.T.);
#7860=ORIENTED_EDGE('',*,*,#7859,.T.);
#7861=ORIENTED_EDGE('',*,*,#7408,.T.);
#7862=EDGE_LOOP('',(#7857,#7858,#7860,#7861));
#7863=FACE_OUTER_BOUND('',#7862,.F.);
#7865=CARTESIAN_POINT('',(-7.395611142841E-1,-2.544010212620E0,
-3.694101167419E0));
#7866=CARTESIAN_POINT('',(-7.396158196671E-1,-2.543990205419E0,
-3.696066201570E0));
#7867=CARTESIAN_POINT('',(-7.397978559469E-1,-2.543923943512E0,
-3.709178738814E0));
#7868=CARTESIAN_POINT('',(-7.378721672063E-1,-2.544624475236E0,
-3.733631100375E0));
#7869=CARTESIAN_POINT('',(-7.298993902154E-1,-2.547461055798E0,
-3.766487108987E0));
#7870=CARTESIAN_POINT('',(-7.166256206080E-1,-2.551967958697E0,
-3.797710228666E0));
#7871=CARTESIAN_POINT('',(-6.981889582851E-1,-2.557772086834E0,
-3.826344588228E0));
#7872=CARTESIAN_POINT('',(-6.748016710319E-1,-2.564347746626E0,
-3.851494856845E0));
#7873=CARTESIAN_POINT('',(-6.468161831831E-1,-2.571005879922E0,
-3.872274811912E0));
#7874=CARTESIAN_POINT('',(-6.146688712586E-1,-2.576927486220E0,
-3.887924686818E0));
#7875=CARTESIAN_POINT('',(-5.789311894988E-1,-2.581173881928E0,
-3.897789541269E0));
#7876=CARTESIAN_POINT('',(-5.513561451932E-1,-2.582281676260E0,
-3.900375615803E0));
#7877=CARTESIAN_POINT('',(-5.361338701794E-1,-2.582080869795E0,
-3.900386718273E0));
#7878=CARTESIAN_POINT('',(-5.341307451625E-1,-2.582040348164E0,
-3.900364413213E0));
#7879=CARTESIAN_POINT('',(-7.796946424200E-1,-2.666214173577E0,
-3.694256880160E0));
#7880=CARTESIAN_POINT('',(-7.797485155019E-1,-2.666195037181E0,
-3.696170189818E0));
#7881=CARTESIAN_POINT('',(-7.799270813647E-1,-2.666130589003E0,
-3.708936075272E0));
#7882=CARTESIAN_POINT('',(-7.780421003135E-1,-2.666814721851E0,
-3.732742682581E0));
#7883=CARTESIAN_POINT('',(-7.701637205469E-1,-2.669613626403E0,
-3.764978026214E0));
#7884=CARTESIAN_POINT('',(-7.568052470392E-1,-2.674146022244E0,
-3.796033788841E0));
#7885=CARTESIAN_POINT('',(-7.377996699745E-1,-2.680140941873E0,
-3.824968157920E0));
#7886=CARTESIAN_POINT('',(-7.130537719404E-1,-2.687156778031E0,
-3.850669721209E0));
#7887=CARTESIAN_POINT('',(-6.827409384460E-1,-2.694523639118E0,
-3.871790075238E0));
#7888=CARTESIAN_POINT('',(-6.473848812142E-1,-2.701338569536E0,
-3.886915805834E0));
#7889=CARTESIAN_POINT('',(-6.080311270147E-1,-2.706455530706E0,
-3.894680235268E0));
#7890=CARTESIAN_POINT('',(-5.782376909972E-1,-2.707936152229E0,
-3.894235676768E0));
#7891=CARTESIAN_POINT('',(-5.622022177894E-1,-2.707766627500E0,
-3.892124371082E0));
#7892=CARTESIAN_POINT('',(-5.600995543576E-1,-2.707726461353E0,
-3.891815557269E0));
#7893=CARTESIAN_POINT('',(-8.977198357835E-1,-2.717274705368E0,
-3.691525348372E0));
#7894=CARTESIAN_POINT('',(-8.977992891107E-1,-2.717246025596E0,
-3.694348703577E0));
#7895=CARTESIAN_POINT('',(-8.980624221559E-1,-2.717149093174E0,
-3.713186131548E0));
#7896=CARTESIAN_POINT('',(-8.952858439509E-1,-2.718178746011E0,
-3.748315514546E0));
#7897=CARTESIAN_POINT('',(-8.836685871360E-1,-2.722421287647E0,
-3.795951108106E0));
#7898=CARTESIAN_POINT('',(-8.639325762268E-1,-2.729393546145E0,
-3.841960077950E0));
#7899=CARTESIAN_POINT('',(-8.357949770865E-1,-2.738839024074E0,
-3.884949563493E0));
#7900=CARTESIAN_POINT('',(-7.991091446477E-1,-2.750306093777E0,
-3.923212932623E0));
#7901=CARTESIAN_POINT('',(-7.541933600441E-1,-2.763062079103E0,
-3.954625525475E0));
#7902=CARTESIAN_POINT('',(-7.020082621658E-1,-2.776093385219E0,
-3.976914474120E0));
#7903=CARTESIAN_POINT('',(-6.444651846263E-1,-2.788094973501E0,
-3.987860502699E0));
#7904=CARTESIAN_POINT('',(-6.016927255239E-1,-2.794837110881E0,
-3.986381322582E0));
#7905=CARTESIAN_POINT('',(-5.790942708243E-1,-2.797547599071E0,
-3.982676149230E0));
#7906=CARTESIAN_POINT('',(-5.761388066990E-1,-2.797885562639E0,
-3.982140679429E0));
#7907=CARTESIAN_POINT('',(-1.014189315203E0,-2.662820964665E0,
-3.687745273059E0));
#7908=CARTESIAN_POINT('',(-1.014303542257E0,-2.662778751356E0,
-3.691827856560E0));
#7909=CARTESIAN_POINT('',(-1.014682354602E0,-2.662636903133E0,
-3.719068028344E0));
#7910=CARTESIAN_POINT('',(-1.010682043356E0,-2.664141411791E0,
-3.769866913290E0));
#7911=CARTESIAN_POINT('',(-9.940094197653E-1,-2.670337134954E0,
-3.838557160428E0));
#7912=CARTESIAN_POINT('',(-9.658960081039E-1,-2.680521258733E0,
-3.904574312455E0));
#7913=CARTESIAN_POINT('',(-9.262104011962E-1,-2.694354355864E0,
-3.965912972161E0));
#7914=CARTESIAN_POINT('',(-8.750405481097E-1,-2.711287416694E0,
-4.020292814906E0));
#7915=CARTESIAN_POINT('',(-8.130760251332E-1,-2.730485292159E0,
-4.065021377478E0));
#7916=CARTESIAN_POINT('',(-7.417698775041E-1,-2.750871539654E0,
-4.097339063969E0));
#7917=CARTESIAN_POINT('',(-6.637081715048E-1,-2.771137504607E0,
-4.114607056890E0));
#7918=CARTESIAN_POINT('',(-6.059327466033E-1,-2.784488114163E0,
-4.114785710894E0));
#7919=CARTESIAN_POINT('',(-5.754393269432E-1,-2.790988696986E0,
-4.111088105104E0));
#7920=CARTESIAN_POINT('',(-5.714518533858E-1,-2.791828030581E0,
-4.110538403102E0));
#7921=(BOUNDED_SURFACE()B_SPLINE_SURFACE(3,3,((#7865,#7866,#7867,#7868,#7869,
#7870,#7871,#7872,#7873,#7874,#7875,#7876,#7877,#7878),(#7879,#7880,#7881,#7882,
#7883,#7884,#7885,#7886,#7887,#7888,#7889,#7890,#7891,#7892),(#7893,#7894,#7895,
#7896,#7897,#7898,#7899,#7900,#7901,#7902,#7903,#7904,#7905,#7906),(#7907,#7908,
#7909,#7910,#7911,#7912,#7913,#7914,#7915,#7916,#7917,#7918,#7919,#7920)),
.UNSPECIFIED.,.F.,.F.,.F.)B_SPLINE_SURFACE_WITH_KNOTS((4,4),(4,1,1,1,1,1,1,1,1,
1,1,4),(0.E0,1.E0),(-1.835199599535E-2,0.E0,1.040102760229E-1,2.094132861681E-1,
3.159887558470E-1,4.242830602578E-1,5.348142825446E-1,6.475496980847E-1,
7.624131474238E-1,8.801210664342E-1,1.E0,1.018109014352E0),.UNSPECIFIED.)GEOMETRIC_REPRESENTATION_ITEM()RATIONAL_B_SPLINE_SURFACE(((1.202334629801E0,
1.202334629801E0,1.202334629801E0,1.202334629801E0,1.202334629801E0,
1.202334629801E0,1.202334629801E0,1.202334629801E0,1.202334629801E0,
1.202334629801E0,1.202334629801E0,1.202334629801E0,1.202334629801E0,
1.202334629801E0),(9.325551233998E-1,9.325551233998E-1,9.325551233998E-1,
9.325551233998E-1,9.325551233998E-1,9.325551233998E-1,9.325551233998E-1,
9.325551233998E-1,9.325551233998E-1,9.325551233998E-1,9.325551233998E-1,
9.325551233998E-1,9.325551233998E-1,9.325551233998E-1),(9.325551233998E-1,
9.325551233998E-1,9.325551233998E-1,9.325551233998E-1,9.325551233998E-1,
9.325551233998E-1,9.325551233998E-1,9.325551233998E-1,9.325551233998E-1,
9.325551233998E-1,9.325551233998E-1,9.325551233998E-1,9.325551233998E-1,
9.325551233998E-1),(1.202334629801E0,1.202334629801E0,1.202334629801E0,
1.202334629801E0,1.202334629801E0,1.202334629801E0,1.202334629801E0,
1.202334629801E0,1.202334629801E0,1.202334629801E0,1.202334629801E0,
1.202334629801E0,1.202334629801E0,1.202334629801E0)))REPRESENTATION_ITEM('')SURFACE());
#7922=ORIENTED_EDGE('',*,*,#7410,.F.);
#7923=ORIENTED_EDGE('',*,*,#7859,.F.);
#7924=ORIENTED_EDGE('',*,*,#7581,.F.);
#7925=ORIENTED_EDGE('',*,*,#7556,.F.);
#7926=EDGE_LOOP('',(#7922,#7923,#7924,#7925));
#7927=FACE_OUTER_BOUND('',#7926,.F.);
#7929=CARTESIAN_POINT('',(4.373265248228E0,-8.114455046490E-1,
-8.979486372867E-1));
#7930=CARTESIAN_POINT('',(4.273877683323E0,-1.347092299432E0,
-9.174422719743E-1));
#7931=CARTESIAN_POINT('',(3.876092178591E0,-2.381262606281E0,
-9.564295413495E-1));
#7932=CARTESIAN_POINT('',(2.761910257526E0,-3.614758842166E0,
-1.014910445412E0));
#7933=CARTESIAN_POINT('',(1.279008302860E0,-4.365628227210E0,
-1.073391349475E0));
#7934=CARTESIAN_POINT('',(-3.746490373107E-1,-4.533677299222E0,
-1.131872253538E0));
#7935=CARTESIAN_POINT('',(-1.978288502860E0,-4.096457084543E0,
-1.190353157601E0));
#7936=CARTESIAN_POINT('',(-3.317817660377E0,-3.112342117976E0,
-1.248834061664E0));
#7937=CARTESIAN_POINT('',(-4.214403134305E0,-1.712715212077E0,
-1.307314965727E0));
#7938=CARTESIAN_POINT('',(-4.548346762533E0,-8.443314412332E-2,
-1.365795869789E0));
#7939=CARTESIAN_POINT('',(-4.275065549112E0,1.555121144861E0,
-1.424276773852E0));
#7940=CARTESIAN_POINT('',(-3.431043774019E0,2.987059732124E0,
-1.482757677915E0));
#7941=CARTESIAN_POINT('',(-2.128962155960E0,4.020212352875E0,
-1.541238581978E0));
#7942=CARTESIAN_POINT('',(-5.426544730465E-1,4.516648463865E0,
-1.599719486041E0));
#7943=CARTESIAN_POINT('',(1.116100033347E0,4.410091602105E0,-1.658200390104E0));
#7944=CARTESIAN_POINT('',(2.625850143565E0,3.714767589890E0,-1.716681294166E0));
#7945=CARTESIAN_POINT('',(3.785037397956E0,2.523505323839E0,-1.775162198229E0));
#7946=CARTESIAN_POINT('',(4.438905061701E0,9.953436977101E-1,
-1.833643102292E0));
#7947=CARTESIAN_POINT('',(4.500158847996E0,-6.657008082939E-1,
-1.892124006355E0));
#7948=CARTESIAN_POINT('',(3.960621099673E0,-2.237871249244E0,
-1.950604910418E0));
#7949=CARTESIAN_POINT('',(2.892322543366E0,-3.511275769361E0,
-2.009085814481E0));
#7950=CARTESIAN_POINT('',(1.437885862131E0,-4.315909112904E0,
-2.067566718543E0));
#7951=CARTESIAN_POINT('',(-2.085150770101E-1,-4.544349093767E0,
-2.126047622606E0));
#7952=CARTESIAN_POINT('',(-1.827078311453E0,-4.166097942582E0,
-2.184528526669E0));
#7953=CARTESIAN_POINT('',(-3.201718337919E0,-3.231653896691E0,
-2.243009430732E0));
#7954=CARTESIAN_POINT('',(-4.148914503261E0,-1.865769457354E0,
-2.301490334795E0));
#7955=CARTESIAN_POINT('',(-4.542211840670E0,-2.507963672846E-1,
-2.359971238858E0));
#7956=CARTESIAN_POINT('',(-4.329103378973E0,1.397659170731E0,
-2.418452142920E0));
#7957=CARTESIAN_POINT('',(-3.538040060474E0,2.859520895857E0,
-2.476933046983E0));
#7958=CARTESIAN_POINT('',(-2.274632411636E0,3.939623664171E0,
-2.535413951046E0));
#7959=CARTESIAN_POINT('',(-7.075510607263E-1,4.493768876993E0,
-2.593894855109E0));
#7960=CARTESIAN_POINT('',(9.539915529864E-1,4.447975645189E0,
-2.652375759172E0));
#7961=CARTESIAN_POINT('',(2.488171984942E0,3.808357572066E0,-2.710856663235E0));
#7962=CARTESIAN_POINT('',(3.690170217175E0,2.660306559710E0,-2.769337567297E0));
#7963=CARTESIAN_POINT('',(4.399514055937E0,1.157092604322E0,-2.827818471360E0));
#7964=CARTESIAN_POINT('',(4.521502894458E0,-5.005984406371E-1,
-2.886299375423E0));
#7965=CARTESIAN_POINT('',(4.039850671741E0,-2.091457332435E0,
-2.944780279486E0));
#7966=CARTESIAN_POINT('',(3.018860135269E0,-3.403097222686E0,
-3.003261183549E0));
#7967=CARTESIAN_POINT('',(1.594838133745E0,-4.260408261014E0,
-3.061742087612E0));
#7968=CARTESIAN_POINT('',(-4.210196294033E-2,-4.548935551102E0,
-3.120222991674E0));
#7969=CARTESIAN_POINT('',(-1.673421257388E0,-4.230159396369E0,
-3.178703895737E0));
#7970=CARTESIAN_POINT('',(-3.081331254686E0,-3.346637853468E0,
-3.237184799800E0));
#7971=CARTESIAN_POINT('',(-4.077869610292E0,-2.016325039477E0,
-3.295665703863E0));
#7972=CARTESIAN_POINT('',(-4.529993952105E0,-4.168237244409E-1,
-3.354146607926E0));
#7973=CARTESIAN_POINT('',(-4.377343638127E0,1.238325440712E0,
-3.412627511989E0));
#7974=CARTESIAN_POINT('',(-3.640298174836E0,2.728152565684E0,
-3.471108416051E0));
#7975=CARTESIAN_POINT('',(-2.417256461011E0,3.853758999349E0,
-3.529589320114E0));
#7976=CARTESIAN_POINT('',(-8.715000902528E-1,4.464871198148E0,
-3.588070224177E0));
#7977=CARTESIAN_POINT('',(7.906054793518E-1,4.479902922987E0,
-3.646551128240E0));
#7978=CARTESIAN_POINT('',(2.347161646088E0,3.896847370696E0,-3.705032032303E0));
#7979=CARTESIAN_POINT('',(3.590361130320E0,2.793545091323E0,-3.763512936366E0));
#7980=CARTESIAN_POINT('',(4.354231185038E0,1.317291923074E0,-3.821993840428E0));
#7981=CARTESIAN_POINT('',(4.536791707342E0,-3.348256674629E-1,
-3.880474744491E0));
#7982=CARTESIAN_POINT('',(4.113670042802E0,-1.942242518895E0,
-3.938955648554E0));
#7983=CARTESIAN_POINT('',(3.141354845086E0,-3.290361220439E0,
-3.997436552617E0));
#7984=CARTESIAN_POINT('',(1.749654584929E0,-4.199201835581E0,
-4.055917456680E0));
#7985=CARTESIAN_POINT('',(1.243675351067E-1,-4.547430036912E0,
-4.114398360743E0));
#7986=CARTESIAN_POINT('',(-1.517523146471E0,-4.288555785809E0,
-4.172879264805E0));
#7987=CARTESIAN_POINT('',(-2.956817617947E0,-3.457139966840E0,
-4.231360168868E0));
#7988=CARTESIAN_POINT('',(-4.001363636655E0,-2.164180337702E0,
-4.289841072931E0));
#7989=CARTESIAN_POINT('',(-4.511709325808E0,-5.822928863256E-1,
-4.348321976994E0));
#7990=CARTESIAN_POINT('',(-4.419722218776E0,1.077333404057E0,
-4.406802881057E0));
#7991=CARTESIAN_POINT('',(-3.737679321727E0,2.593130414177E0,
-4.465283785120E0));
#7992=CARTESIAN_POINT('',(-2.556650206747E0,3.762734308715E0,
-4.523764689182E0));
#7993=CARTESIAN_POINT('',(-1.034256226414E0,4.429990545715E0,
-4.582245593245E0));
#7994=CARTESIAN_POINT('',(7.262421321183E-2,4.480559545285E0,
-4.621232862620E0));
#7995=CARTESIAN_POINT('',(6.122280751798E-1,4.405572553294E0,
-4.640726497308E0));
#7996=CARTESIAN_POINT('',(4.557755183422E0,-8.456770273371E-1,
-1.006281970620E0));
#7997=CARTESIAN_POINT('',(4.454174869079E0,-1.403920540326E0,
-1.025775605308E0));
#7998=CARTESIAN_POINT('',(4.039608442582E0,-2.481718206153E0,
-1.064762874683E0));
#7999=CARTESIAN_POINT('',(2.878423804155E0,-3.767250535827E0,
-1.123243778746E0));
#8000=CARTESIAN_POINT('',(1.332964362123E0,-4.549795988140E0,
-1.181724682809E0));
#8001=CARTESIAN_POINT('',(-3.904539274079E-1,-4.724934353996E0,
-1.240205586871E0));
#8002=CARTESIAN_POINT('',(-2.061744295493E0,-4.269269630583E0,
-1.298686490934E0));
#8003=CARTESIAN_POINT('',(-3.457782636294E0,-3.243638932383E0,
-1.357167394997E0));
#8004=CARTESIAN_POINT('',(-4.392191335340E0,-1.784967568279E0,
-1.415648299060E0));
#8005=CARTESIAN_POINT('',(-4.740222661165E0,-8.799502852853E-2,
-1.474129203123E0));
#8006=CARTESIAN_POINT('',(-4.455412846003E0,1.620725260539E0,
-1.532610107186E0));
#8007=CARTESIAN_POINT('',(-3.575785290388E0,3.113071401922E0,
-1.591091011248E0));
#8008=CARTESIAN_POINT('',(-2.218774245529E0,4.189808449692E0,
-1.649571915311E0));
#8009=CARTESIAN_POINT('',(-5.655468161546E-1,4.707187142654E0,
-1.708052819374E0));
#8010=CARTESIAN_POINT('',(1.163183667916E0,4.596135088537E0,-1.766533723437E0));
#8011=CARTESIAN_POINT('',(2.736623877907E0,3.871478238117E0,-1.825014627500E0));
#8012=CARTESIAN_POINT('',(3.944712438142E0,2.629961554419E0,-1.883495531563E0));
#8013=CARTESIAN_POINT('',(4.626164068571E0,1.037333122971E0,-1.941976435625E0));
#8014=CARTESIAN_POINT('',(4.690001898236E0,-6.937839663028E-1,
-2.000457339688E0));
#8015=CARTESIAN_POINT('',(4.127703288502E0,-2.332277762069E0,
-2.058938243751E0));
#8016=CARTESIAN_POINT('',(3.014337643822E0,-3.659401941081E0,
-2.117419147814E0));
#8017=CARTESIAN_POINT('',(1.498544307129E0,-4.497979430469E0,
-2.175900051877E0));
#8018=CARTESIAN_POINT('',(-2.173114638883E-1,-4.736056347323E0,
-2.234380955940E0));
#8019=CARTESIAN_POINT('',(-1.904155172823E0,-4.341848347785E0,
-2.292861860002E0));
#8020=CARTESIAN_POINT('',(-3.336785564612E0,-3.367983980537E0,
-2.351342764065E0));
#8021=CARTESIAN_POINT('',(-4.323940010378E0,-1.944478537809E0,
-2.409823668128E0));
#8022=CARTESIAN_POINT('',(-4.733828932375E0,-2.613764265586E-1,
-2.468304572191E0));
#8023=CARTESIAN_POINT('',(-4.511730307938E0,1.456620618344E0,
-2.526785476254E0));
#8024=CARTESIAN_POINT('',(-3.687295306708E0,2.980152230756E0,
-2.585266380317E0));
#8025=CARTESIAN_POINT('',(-2.370589725541E0,4.105820058224E0,
-2.643747284379E0));
#8026=CARTESIAN_POINT('',(-7.373997074309E-1,4.683342360839E0,
-2.702228188442E0));
#8027=CARTESIAN_POINT('',(9.942365026512E-1,4.635617302383E0,
-2.760709092505E0));
#8028=CARTESIAN_POINT('',(2.593137648399E0,3.969016393744E0,-2.819189996568E0));
#8029=CARTESIAN_POINT('',(3.845843204195E0,2.772533867440E0,-2.877670900631E0));
#8030=CARTESIAN_POINT('',(4.585111319536E0,1.205905545561E0,-2.936151804694E0));
#8031=CARTESIAN_POINT('',(4.712246361554E0,-5.217166140451E-1,
-2.994632708756E0));
#8032=CARTESIAN_POINT('',(4.210275227838E0,-2.179687248944E0,
-3.053113612819E0));
#8033=CARTESIAN_POINT('',(3.146213332274E0,-3.546659789883E0,
-3.111594516882E0));
#8034=CARTESIAN_POINT('',(1.662117744571E0,-4.440137227669E0,
-3.170075420945E0));
#8035=CARTESIAN_POINT('',(-4.387807025912E-2,-4.740836288283E0,
-3.228556325008E0));
#8036=CARTESIAN_POINT('',(-1.744015964501E0,-4.408612288795E0,
-3.287037229071E0));
#8037=CARTESIAN_POINT('',(-3.211319849299E0,-3.487818633882E0,
-3.345518133133E0));
#8038=CARTESIAN_POINT('',(-4.249898027831E0,-2.101385435942E0,
-3.403999037196E0));
#8039=CARTESIAN_POINT('',(-4.721095621731E0,-4.344077897890E-1,
-3.462479941259E0));
#8040=CARTESIAN_POINT('',(-4.562005623687E0,1.290565258637E0,
-3.520960845322E0));
#8041=CARTESIAN_POINT('',(-3.793867267091E0,2.843242015208E0,
-3.579441749385E0));
#8042=CARTESIAN_POINT('',(-2.519230492433E0,4.016333119071E0,
-3.637922653448E0));
#8043=CARTESIAN_POINT('',(-9.082650670027E-1,4.653225608695E0,
-3.696403557510E0));
#8044=CARTESIAN_POINT('',(8.239578477471E-1,4.668891459703E0,
-3.754884461573E0));
#8045=CARTESIAN_POINT('',(2.446178667786E0,4.061239210219E0,-3.813365365636E0));
#8046=CARTESIAN_POINT('',(3.741823585638E0,2.911393180475E0,-3.871846269699E0));
#8047=CARTESIAN_POINT('',(4.537918151995E0,1.372863009602E0,-3.930327173762E0));
#8048=CARTESIAN_POINT('',(4.728180146086E0,-3.489505746399E-1,
-3.988808077825E0));
#8049=CARTESIAN_POINT('',(4.287208732209E0,-2.024177680862E0,
-4.047288981887E0));
#8050=CARTESIAN_POINT('',(3.273875586202E0,-3.429167922953E0,
-4.105769885950E0));
#8051=CARTESIAN_POINT('',(1.823465260171E0,-4.376348756826E0,
-4.164250790013E0));
#8052=CARTESIAN_POINT('',(1.296140859537E-1,-4.739267262689E0,
-4.222731694076E0));
#8053=CARTESIAN_POINT('',(-1.581541158427E0,-4.469472179874E0,
-4.281212598139E0));
#8054=CARTESIAN_POINT('',(-3.081553498291E0,-3.602982373425E0,
-4.339693502202E0));
#8055=CARTESIAN_POINT('',(-4.170164584256E0,-2.255478136392E0,
-4.398174406264E0));
#8056=CARTESIAN_POINT('',(-4.702039642834E0,-6.068574098028E-1,
-4.456655310327E0));
#8057=CARTESIAN_POINT('',(-4.606171981010E0,1.122781635210E0,
-4.515136214390E0));
#8058=CARTESIAN_POINT('',(-3.895356520959E0,2.702523838748E0,
-4.573617118453E0));
#8059=CARTESIAN_POINT('',(-2.664504682564E0,3.921468474005E0,
-4.632098022516E0));
#8060=CARTESIAN_POINT('',(-1.077887209982E0,4.616873486104E0,
-4.690578926579E0));
#8061=CARTESIAN_POINT('',(7.568792776570E-2,4.669575782175E0,
-4.729566195954E0));
#8062=CARTESIAN_POINT('',(6.380554402040E-1,4.591425399786E0,
-4.749059830641E0));
#8063=CARTESIAN_POINT('',(4.742245118616E0,-8.799085500252E-1,
-1.114615303953E0));
#8064=CARTESIAN_POINT('',(4.634472054836E0,-1.460748781221E0,
-1.134108938641E0));
#8065=CARTESIAN_POINT('',(4.203124706573E0,-2.582173806026E0,
-1.173096208016E0));
#8066=CARTESIAN_POINT('',(2.994937350785E0,-3.919742229488E0,
-1.231577112079E0));
#8067=CARTESIAN_POINT('',(1.386920421386E0,-4.733963749069E0,
-1.290058016142E0));
#8068=CARTESIAN_POINT('',(-4.062588175050E-1,-4.916191408771E0,
-1.348538920205E0));
#8069=CARTESIAN_POINT('',(-2.145200088126E0,-4.442082176622E0,
-1.407019824268E0));
#8070=CARTESIAN_POINT('',(-3.597747612211E0,-3.374935746789E0,
-1.465500728330E0));
#8071=CARTESIAN_POINT('',(-4.569979536374E0,-1.857219924481E0,
-1.523981632393E0));
#8072=CARTESIAN_POINT('',(-4.932098559797E0,-9.155691293374E-2,
-1.582462536456E0));
#8073=CARTESIAN_POINT('',(-4.635760142894E0,1.686329376217E0,
-1.640943440519E0));
#8074=CARTESIAN_POINT('',(-3.720526806758E0,3.239083071720E0,
-1.699424344582E0));
#8075=CARTESIAN_POINT('',(-2.308586335098E0,4.359404546510E0,
-1.757905248645E0));
#8076=CARTESIAN_POINT('',(-5.884391592626E-1,4.897725821443E0,
-1.816386152707E0));
#8077=CARTESIAN_POINT('',(1.210267302486E0,4.782178574969E0,-1.874867056770E0));
#8078=CARTESIAN_POINT('',(2.847397612249E0,4.028188886344E0,-1.933347960833E0));
#8079=CARTESIAN_POINT('',(4.104387478328E0,2.736417785E0,-1.991828864896E0));
#8080=CARTESIAN_POINT('',(4.813423075442E0,1.079322548232E0,-2.050309768959E0));
#8081=CARTESIAN_POINT('',(4.879844948475E0,-7.218671243116E-1,
-2.108790673022E0));
#8082=CARTESIAN_POINT('',(4.294785477332E0,-2.426684274894E0,
-2.167271577084E0));
#8083=CARTESIAN_POINT('',(3.136352744279E0,-3.807528112801E0,
-2.225752481147E0));
#8084=CARTESIAN_POINT('',(1.559202752127E0,-4.680049748034E0,
-2.284233385210E0));
#8085=CARTESIAN_POINT('',(-2.261078507665E-1,-4.927763600878E0,
-2.342714289273E0));
#8086=CARTESIAN_POINT('',(-1.981232034193E0,-4.517598752988E0,
-2.401195193336E0));
#8087=CARTESIAN_POINT('',(-3.471852791305E0,-3.504314064382E0,
-2.459676097399E0));
#8088=CARTESIAN_POINT('',(-4.498965517496E0,-2.023187618264E0,
-2.518157001461E0));
#8089=CARTESIAN_POINT('',(-4.925446024080E0,-2.719564858326E-1,
-2.576637905524E0));
#8090=CARTESIAN_POINT('',(-4.694357236903E0,1.515582065957E0,
-2.635118809587E0));
#8091=CARTESIAN_POINT('',(-3.836550552942E0,3.100783565656E0,
-2.693599713650E0));
#8092=CARTESIAN_POINT('',(-2.466547039445E0,4.272016452276E0,
-2.752080617713E0));
#8093=CARTESIAN_POINT('',(-7.672483541354E-1,4.872915844686E0,
-2.810561521776E0));
#8094=CARTESIAN_POINT('',(1.034481452316E0,4.823258959576E0,-2.869042425838E0));
#8095=CARTESIAN_POINT('',(2.698103311856E0,4.129675215422E0,-2.927523329901E0));
#8096=CARTESIAN_POINT('',(4.001516191214E0,2.884761175170E0,-2.986004233964E0));
#8097=CARTESIAN_POINT('',(4.770708583135E0,1.254718486800E0,-3.044485138027E0));
#8098=CARTESIAN_POINT('',(4.902989828650E0,-5.428347874531E-1,
-3.102966042090E0));
#8099=CARTESIAN_POINT('',(4.380699783934E0,-2.267917165453E0,
-3.161446946153E0));
#8100=CARTESIAN_POINT('',(3.273566529279E0,-3.690222357081E0,
-3.219927850215E0));
#8101=CARTESIAN_POINT('',(1.729397355397E0,-4.619866194324E0,
-3.278408754278E0));
#8102=CARTESIAN_POINT('',(-4.565417757791E-2,-4.932737025464E0,
-3.336889658341E0));
#8103=CARTESIAN_POINT('',(-1.814610671614E0,-4.587065181222E0,
-3.395370562404E0));
#8104=CARTESIAN_POINT('',(-3.341308443912E0,-3.628999414296E0,
-3.453851466467E0));
#8105=CARTESIAN_POINT('',(-4.421926445370E0,-2.186445832408E0,
-3.512332370530E0));
#8106=CARTESIAN_POINT('',(-4.912197291356E0,-4.519918551370E-1,
-3.570813274592E0));
#8107=CARTESIAN_POINT('',(-4.746667609247E0,1.342805076562E0,
-3.629294178655E0));
#8108=CARTESIAN_POINT('',(-3.947436359346E0,2.958331464733E0,
-3.687775082718E0));
#8109=CARTESIAN_POINT('',(-2.621204523855E0,4.178907238793E0,
-3.746255986781E0));
#8110=CARTESIAN_POINT('',(-9.450300437525E-1,4.841580019242E0,
-3.804736890844E0));
#8111=CARTESIAN_POINT('',(8.573102161424E-1,4.857879996420E0,
-3.863217794907E0));
#8112=CARTESIAN_POINT('',(2.545195689485E0,4.225631049742E0,-3.921698698969E0));
#8113=CARTESIAN_POINT('',(3.893286040956E0,3.029241269627E0,-3.980179603032E0));
#8114=CARTESIAN_POINT('',(4.721605118953E0,1.428434096130E0,-4.038660507095E0));
#8115=CARTESIAN_POINT('',(4.919568584831E0,-3.630754818168E-1,
-4.097141411158E0));
#8116=CARTESIAN_POINT('',(4.460747421615E0,-2.106112842830E0,
-4.155622315221E0));
#8117=CARTESIAN_POINT('',(3.406396327318E0,-3.567974625466E0,
-4.214103219284E0));
#8118=CARTESIAN_POINT('',(1.897275935414E0,-4.553495678071E0,
-4.272584123346E0));
#8119=CARTESIAN_POINT('',(1.348606368006E-1,-4.931104488467E0,
-4.331065027409E0));
#8120=CARTESIAN_POINT('',(-1.645559170383E0,-4.650388573939E0,
-4.389545931472E0));
#8121=CARTESIAN_POINT('',(-3.206289378634E0,-3.748824780011E0,
-4.448026835535E0));
#8122=CARTESIAN_POINT('',(-4.338965531857E0,-2.346775935082E0,
-4.506507739598E0));
#8123=CARTESIAN_POINT('',(-4.892369959859E0,-6.314219332800E-1,
-4.564988643661E0));
#8124=CARTESIAN_POINT('',(-4.792621743243E0,1.168229866364E0,
-4.623469547723E0));
#8125=CARTESIAN_POINT('',(-4.053033720191E0,2.811917263319E0,
-4.681950451786E0));
#8126=CARTESIAN_POINT('',(-2.772359158381E0,4.080202639294E0,
-4.740431355849E0));
#8127=CARTESIAN_POINT('',(-1.121518193550E0,4.803756426493E0,
-4.798912259912E0));
#8128=CARTESIAN_POINT('',(7.875164231957E-2,4.858592019065E0,
-4.837899529287E0));
#8129=CARTESIAN_POINT('',(6.638828052282E-1,4.777278246278E0,
-4.857393163975E0));
#8130=CARTESIAN_POINT('',(4.926735053809E0,-9.141400727134E-1,
-1.222948637287E0));
#8131=CARTESIAN_POINT('',(4.814769240592E0,-1.517577022115E0,
-1.242442271974E0));
#8132=CARTESIAN_POINT('',(4.366640970565E0,-2.682629405898E0,
-1.281429541350E0));
#8133=CARTESIAN_POINT('',(3.111450897414E0,-4.072233923150E0,
-1.339910445412E0));
#8134=CARTESIAN_POINT('',(1.440876480650E0,-4.918131509999E0,
-1.398391349475E0));
#8135=CARTESIAN_POINT('',(-4.220637076021E-1,-5.107448463545E0,
-1.456872253538E0));
#8136=CARTESIAN_POINT('',(-2.228655880760E0,-4.614894722661E0,
-1.515353157601E0));
#8137=CARTESIAN_POINT('',(-3.737712588128E0,-3.506232561195E0,
-1.573834061664E0));
#8138=CARTESIAN_POINT('',(-4.747767737408E0,-1.929472280683E0,
-1.632314965727E0));
#8139=CARTESIAN_POINT('',(-5.123974458428E0,-9.511879733895E-2,
-1.690795869789E0));
#8140=CARTESIAN_POINT('',(-4.816107439785E0,1.751933491894E0,
-1.749276773852E0));
#8141=CARTESIAN_POINT('',(-3.865268323128E0,3.365094741518E0,
-1.807757677915E0));
#8142=CARTESIAN_POINT('',(-2.398398424667E0,4.529000643327E0,
-1.866238581978E0));
#8143=CARTESIAN_POINT('',(-6.113315023707E-1,5.088264500232E0,
-1.924719486041E0));
#8144=CARTESIAN_POINT('',(1.257350937055E0,4.968222061400E0,-1.983200390104E0));
#8145=CARTESIAN_POINT('',(2.958171346591E0,4.184899534571E0,-2.041681294166E0));
#8146=CARTESIAN_POINT('',(4.264062518514E0,2.842874015581E0,-2.100162198229E0));
#8147=CARTESIAN_POINT('',(5.000682082312E0,1.121311973492E0,-2.158643102292E0));
#8148=CARTESIAN_POINT('',(5.069687998714E0,-7.499502823205E-1,
-2.217124006355E0));
#8149=CARTESIAN_POINT('',(4.461867666161E0,-2.521090787719E0,
-2.275604910418E0));
#8150=CARTESIAN_POINT('',(3.258367844735E0,-3.955654284521E0,
-2.334085814481E0));
#8151=CARTESIAN_POINT('',(1.619861197125E0,-4.862120065599E0,
-2.392566718543E0));
#8152=CARTESIAN_POINT('',(-2.349042376448E-1,-5.119470854433E0,
-2.451047622606E0));
#8153=CARTESIAN_POINT('',(-2.058308895564E0,-4.693349158192E0,
-2.509528526669E0));
#8154=CARTESIAN_POINT('',(-3.606920017998E0,-3.640644148228E0,
-2.568009430732E0));
#8155=CARTESIAN_POINT('',(-4.673991024614E0,-2.101896698719E0,
-2.626490334795E0));
#8156=CARTESIAN_POINT('',(-5.117063115786E0,-2.825365451066E-1,
-2.684971238858E0));
#8157=CARTESIAN_POINT('',(-4.876984165868E0,1.574543513570E0,
-2.743452142920E0));
#8158=CARTESIAN_POINT('',(-3.985805799175E0,3.221414900555E0,
-2.801933046983E0));
#8159=CARTESIAN_POINT('',(-2.562504353350E0,4.438212846329E0,
-2.860413951046E0));
#8160=CARTESIAN_POINT('',(-7.970970008400E-1,5.062489328533E0,
-2.918894855109E0));
#8161=CARTESIAN_POINT('',(1.074726401981E0,5.010900616769E0,-2.977375759172E0));
#8162=CARTESIAN_POINT('',(2.803068975313E0,4.290334037100E0,-3.035856663235E0));
#8163=CARTESIAN_POINT('',(4.157189178234E0,2.996988482899E0,-3.094337567297E0));
#8164=CARTESIAN_POINT('',(4.956305846734E0,1.303531428039E0,-3.152818471360E0));
#8165=CARTESIAN_POINT('',(5.093733295746E0,-5.639529608611E-1,
-3.211299375423E0));
#8166=CARTESIAN_POINT('',(4.551124340031E0,-2.356147081961E0,
-3.269780279486E0));
#8167=CARTESIAN_POINT('',(3.400919726285E0,-3.833784924278E0,
-3.328261183549E0));
#8168=CARTESIAN_POINT('',(1.796676966223E0,-4.799595160980E0,
-3.386742087612E0));
#8169=CARTESIAN_POINT('',(-4.743028489670E-2,-5.124637762645E0,
-3.445222991674E0));
#8170=CARTESIAN_POINT('',(-1.885205378727E0,-4.765518073649E0,
-3.503703895737E0));
#8171=CARTESIAN_POINT('',(-3.471297038525E0,-3.770180194710E0,
-3.562184799800E0));
#8172=CARTESIAN_POINT('',(-4.593954862909E0,-2.271506228873E0,
-3.620665703863E0));
#8173=CARTESIAN_POINT('',(-5.103298960982E0,-4.695759204851E-1,
-3.679146607926E0));
#8174=CARTESIAN_POINT('',(-4.931329594807E0,1.395044894487E0,
-3.737627511989E0));
#8175=CARTESIAN_POINT('',(-4.101005451601E0,3.073420914257E0,
-3.796108416051E0));
#8176=CARTESIAN_POINT('',(-2.723178555277E0,4.341481358515E0,
-3.854589320114E0));
#8177=CARTESIAN_POINT('',(-9.817950205024E-1,5.029934429789E0,
-3.913070224177E0));
#8178=CARTESIAN_POINT('',(8.906625845378E-1,5.046868533136E0,
-3.971551128240E0));
#8179=CARTESIAN_POINT('',(2.644212711183E0,4.390022889265E0,-4.030032032303E0));
#8180=CARTESIAN_POINT('',(4.044748496275E0,3.147089358779E0,-4.088512936366E0));
#8181=CARTESIAN_POINT('',(4.905292085910E0,1.484005182658E0,-4.146993840428E0));
#8182=CARTESIAN_POINT('',(5.110957023576E0,-3.772003889938E-1,
-4.205474744491E0));
#8183=CARTESIAN_POINT('',(4.634286111022E0,-2.188048004798E0,
-4.263955648554E0));
#8184=CARTESIAN_POINT('',(3.538917068433E0,-3.706781327979E0,
-4.322436552617E0));
#8185=CARTESIAN_POINT('',(1.971086610656E0,-4.730642599316E0,
-4.380917456680E0));
#8186=CARTESIAN_POINT('',(1.401071876476E-1,-5.122941714244E0,
-4.439398360743E0));
#8187=CARTESIAN_POINT('',(-1.709577182339E0,-4.831304968004E0,
-4.497879264805E0));
#8188=CARTESIAN_POINT('',(-3.331025258978E0,-3.894667186596E0,
-4.556360168868E0));
#8189=CARTESIAN_POINT('',(-4.507766479459E0,-2.438073733772E0,
-4.614841072931E0));
#8190=CARTESIAN_POINT('',(-5.082700276885E0,-6.559864567572E-1,
-4.673321976994E0));
#8191=CARTESIAN_POINT('',(-4.979071505477E0,1.213678097517E0,
-4.731802881057E0));
#8192=CARTESIAN_POINT('',(-4.210710919424E0,2.921310687890E0,
-4.790283785120E0));
#8193=CARTESIAN_POINT('',(-2.880213634198E0,4.238936804583E0,
-4.848764689182E0));
#8194=CARTESIAN_POINT('',(-1.165149177118E0,4.990639366881E0,
-4.907245593245E0));
#8195=CARTESIAN_POINT('',(8.181535687345E-2,5.047608255955E0,
-4.946232862620E0));
#8196=CARTESIAN_POINT('',(6.897101702524E-1,4.963131092770E0,
-4.965726497308E0));
#8197=B_SPLINE_SURFACE_WITH_KNOTS('',3,3,((#7929,#7930,#7931,#7932,#7933,#7934,
#7935,#7936,#7937,#7938,#7939,#7940,#7941,#7942,#7943,#7944,#7945,#7946,#7947,
#7948,#7949,#7950,#7951,#7952,#7953,#7954,#7955,#7956,#7957,#7958,#7959,#7960,
#7961,#7962,#7963,#7964,#7965,#7966,#7967,#7968,#7969,#7970,#7971,#7972,#7973,
#7974,#7975,#7976,#7977,#7978,#7979,#7980,#7981,#7982,#7983,#7984,#7985,#7986,
#7987,#7988,#7989,#7990,#7991,#7992,#7993,#7994,#7995),(#7996,#7997,#7998,#7999,
#8000,#8001,#8002,#8003,#8004,#8005,#8006,#8007,#8008,#8009,#8010,#8011,#8012,
#8013,#8014,#8015,#8016,#8017,#8018,#8019,#8020,#8021,#8022,#8023,#8024,#8025,
#8026,#8027,#8028,#8029,#8030,#8031,#8032,#8033,#8034,#8035,#8036,#8037,#8038,
#8039,#8040,#8041,#8042,#8043,#8044,#8045,#8046,#8047,#8048,#8049,#8050,#8051,
#8052,#8053,#8054,#8055,#8056,#8057,#8058,#8059,#8060,#8061,#8062),(#8063,#8064,
#8065,#8066,#8067,#8068,#8069,#8070,#8071,#8072,#8073,#8074,#8075,#8076,#8077,
#8078,#8079,#8080,#8081,#8082,#8083,#8084,#8085,#8086,#8087,#8088,#8089,#8090,
#8091,#8092,#8093,#8094,#8095,#8096,#8097,#8098,#8099,#8100,#8101,#8102,#8103,
#8104,#8105,#8106,#8107,#8108,#8109,#8110,#8111,#8112,#8113,#8114,#8115,#8116,
#8117,#8118,#8119,#8120,#8121,#8122,#8123,#8124,#8125,#8126,#8127,#8128,#8129),(
#8130,#8131,#8132,#8133,#8134,#8135,#8136,#8137,#8138,#8139,#8140,#8141,#8142,
#8143,#8144,#8145,#8146,#8147,#8148,#8149,#8150,#8151,#8152,#8153,#8154,#8155,
#8156,#8157,#8158,#8159,#8160,#8161,#8162,#8163,#8164,#8165,#8166,#8167,#8168,
#8169,#8170,#8171,#8172,#8173,#8174,#8175,#8176,#8177,#8178,#8179,#8180,#8181,
#8182,#8183,#8184,#8185,#8186,#8187,#8188,#8189,#8190,#8191,#8192,#8193,#8194,
#8195,#8196)),.UNSPECIFIED.,.F.,.F.,.F.,(4,4),(4,1,1,1,1,1,1,1,1,1,1,1,1,1,1,1,
1,1,1,1,1,1,1,1,1,1,1,1,1,1,1,1,1,1,1,1,1,1,1,1,1,1,1,1,1,1,1,1,1,1,1,1,1,1,1,1,
1,1,1,1,1,1,1,1,4),(-2.E-2,1.02E0),(7.068319931309E-2,8.548849148090E-2,
1.002937836487E-1,1.150990758165E-1,1.299043679843E-1,1.447096601521E-1,
1.595149523199E-1,1.743202444877E-1,1.891255366555E-1,2.039308288233E-1,
2.187361209912E-1,2.335414131590E-1,2.483467053268E-1,2.631519974946E-1,
2.779572896624E-1,2.927625818302E-1,3.075678739980E-1,3.223731661658E-1,
3.371784583336E-1,3.519837505014E-1,3.667890426692E-1,3.815943348370E-1,
3.963996270048E-1,4.112049191726E-1,4.260102113404E-1,4.408155035082E-1,
4.556207956761E-1,4.704260878439E-1,4.852313800117E-1,5.000366721795E-1,
5.148419643473E-1,5.296472565151E-1,5.444525486829E-1,5.592578408507E-1,
5.740631330185E-1,5.888684251863E-1,6.036737173541E-1,6.184790095219E-1,
6.332843016897E-1,6.480895938575E-1,6.628948860253E-1,6.777001781931E-1,
6.925054703609E-1,7.073107625288E-1,7.221160546966E-1,7.369213468644E-1,
7.517266390322E-1,7.665319312E-1,7.813372233678E-1,7.961425155356E-1,
8.109478077034E-1,8.257530998712E-1,8.405583920390E-1,8.553636842068E-1,
8.701689763746E-1,8.849742685424E-1,8.997795607102E-1,9.145848528780E-1,
9.293901450458E-1,9.441954372137E-1,9.590007293815E-1,9.738060215493E-1,
9.886113137171E-1,1.003416605885E0,1.018221898053E0),.UNSPECIFIED.);
#8198=ORIENTED_EDGE('',*,*,#4040,.F.);
#8199=ORIENTED_EDGE('',*,*,#4225,.F.);
#8200=ORIENTED_EDGE('',*,*,#4357,.F.);
#8201=ORIENTED_EDGE('',*,*,#4172,.F.);
#8202=ORIENTED_EDGE('',*,*,#4056,.F.);
#8203=ORIENTED_EDGE('',*,*,#4240,.F.);
#8204=ORIENTED_EDGE('',*,*,#4371,.F.);
#8205=ORIENTED_EDGE('',*,*,#4187,.F.);
#8206=ORIENTED_EDGE('',*,*,#4084,.F.);
#8207=ORIENTED_EDGE('',*,*,#4255,.F.);
#8208=ORIENTED_EDGE('',*,*,#4385,.F.);
#8209=ORIENTED_EDGE('',*,*,#4206,.T.);
#8210=ORIENTED_EDGE('',*,*,#5496,.F.);
#8212=ORIENTED_EDGE('',*,*,#8211,.F.);
#8213=ORIENTED_EDGE('',*,*,#7231,.T.);
#8214=ORIENTED_EDGE('',*,*,#4008,.F.);
#8215=ORIENTED_EDGE('',*,*,#4144,.T.);
#8216=ORIENTED_EDGE('',*,*,#4343,.F.);
#8217=ORIENTED_EDGE('',*,*,#4157,.F.);
#8218=EDGE_LOOP('',(#8198,#8199,#8200,#8201,#8202,#8203,#8204,#8205,#8206,#8207,
#8208,#8209,#8210,#8212,#8213,#8214,#8215,#8216,#8217));
#8219=FACE_OUTER_BOUND('',#8218,.F.);
#8221=CARTESIAN_POINT('',(4.209185302007E0,-1.470737593767E0,
-6.664995199808E-1));
#8222=CARTESIAN_POINT('',(4.030238797784E0,-1.982874496100E0,
-6.858641033141E-1));
#8223=CARTESIAN_POINT('',(3.483386227126E0,-2.940924203889E0,
-7.245932699808E-1));
#8224=CARTESIAN_POINT('',(2.204079464635E0,-3.990635500782E0,
-7.826870199808E-1));
#8225=CARTESIAN_POINT('',(6.343711469833E-1,-4.514493930979E0,
-8.407807699808E-1));
#8226=CARTESIAN_POINT('',(-1.018926895152E0,-4.443522168874E0,
-8.988745199808E-1));
#8227=CARTESIAN_POINT('',(-2.537967819026E0,-3.787058896712E0,
-9.569682699808E-1));
#8228=CARTESIAN_POINT('',(-3.722600448655E0,-2.631604651820E0,
-1.015062019981E0));
#8229=CARTESIAN_POINT('',(-4.416734512835E0,-1.129403860951E0,
-1.073155769981E0));
#8230=CARTESIAN_POINT('',(-4.528909377463E0,5.216097591591E-1,
-1.131249519981E0));
#8231=CARTESIAN_POINT('',(-4.044344598418E0,2.103894877419E0,
-1.189343269981E0));
#8232=CARTESIAN_POINT('',(-3.026887564762E0,3.408965906929E0,
-1.247437019981E0));
#8233=CARTESIAN_POINT('',(-1.610600781334E0,4.264863656509E0,
-1.305530769981E0));
#8234=CARTESIAN_POINT('',(1.790250898887E-2,4.558813045648E0,
-1.363624519981E0));
#8235=CARTESIAN_POINT('',(1.644046923091E0,4.252082619119E0,-1.421718269981E0));
#8236=CARTESIAN_POINT('',(3.053567888728E0,3.385087891626E0,-1.479812019981E0));
#8237=CARTESIAN_POINT('',(4.060743643369E0,2.072066106076E0,-1.537905769981E0));
#8238=CARTESIAN_POINT('',(4.532866365776E0,4.860240684691E-1,
-1.595999519981E0));
#8239=CARTESIAN_POINT('',(4.407728067363E0,-1.164057631429E0,
-1.654093269981E0));
#8240=CARTESIAN_POINT('',(3.701817261542E0,-2.660760388923E0,
-1.712187019981E0));
#8241=CARTESIAN_POINT('',(2.508146398815E0,-3.806875165700E0,
-1.770280769981E0));
#8242=CARTESIAN_POINT('',(9.839963298563E-1,-4.451387211639E0,
-1.828374519981E0));
#8243=CARTESIAN_POINT('',(-6.698073853889E-1,-4.509374119719E0,
-1.886468269981E0));
#8244=CARTESIAN_POINT('',(-2.235355720822E0,-3.973195399990E0,
-1.944562019981E0));
#8245=CARTESIAN_POINT('',(-3.506368384568E0,-2.913499208308E0,
-2.002655769981E0));
#8246=CARTESIAN_POINT('',(-4.315373790270E0,-1.469913580916E0,
-2.060749519981E0));
#8247=CARTESIAN_POINT('',(-4.555775503030E0,1.673512805432E-1,
-2.118843269981E0));
#8248=CARTESIAN_POINT('',(-4.195897633735E0,1.782565547834E0,
-2.176937019981E0));
#8249=CARTESIAN_POINT('',(-3.283158527918E0,3.162904830322E0,
-2.235030769981E0));
#8250=CARTESIAN_POINT('',(-1.937822814201E0,4.126492411949E0,
-2.293124519981E0));
#8251=CARTESIAN_POINT('',(-3.371550569649E-1,4.546363750589E0,
-2.351218269981E0));
#8252=CARTESIAN_POINT('',(1.307937035173E0,4.367195621578E0,-2.409312019981E0));
#8253=CARTESIAN_POINT('',(2.780692299847E0,3.612595634538E0,-2.467405769981E0));
#8254=CARTESIAN_POINT('',(3.887057076126E0,2.381991639795E0,-2.525499519981E0));
#8255=CARTESIAN_POINT('',(4.481254166457E0,8.375308834434E-1,
-2.583593269981E0));
#8256=CARTESIAN_POINT('',(4.484990779459E0,-8.172848911342E-1,
-2.641687019981E0));
#8257=CARTESIAN_POINT('',(3.897774570307E0,-2.364413306547E0,
-2.699780769981E0));
#8258=CARTESIAN_POINT('',(2.796978513234E0,-3.600001122446E0,
-2.757874519981E0));
#8259=CARTESIAN_POINT('',(1.327646058390E0,-4.361244412866E0,
-2.815968269981E0));
#8260=CARTESIAN_POINT('',(-3.166201306821E-1,-4.547839990364E0,
-2.874062019981E0));
#8261=CARTESIAN_POINT('',(-1.919167714527E0,-4.135201587423E0,
-2.932155769981E0));
#8262=CARTESIAN_POINT('',(-3.268841294197E0,-3.177699400268E0,
-2.990249519981E0));
#8263=CARTESIAN_POINT('',(-4.187804738001E0,-1.801496145287E0,
-3.048343269981E0));
#8264=CARTESIAN_POINT('',(-4.554973284058E0,-1.879235659300E-1,
-3.106437019981E0));
#8265=CARTESIAN_POINT('',(-4.321967950298E0,1.450410259793E0,
-3.164530769981E0));
#8266=CARTESIAN_POINT('',(-3.519490061725E0,2.897634654425E0,
-3.222624519981E0));
#8267=CARTESIAN_POINT('',(-2.253275972391E0,3.963059963886E0,
-3.280718269981E0));
#8268=CARTESIAN_POINT('',(-6.901649973209E-1,4.506303270041E0,
-3.338812019981E0));
#8269=CARTESIAN_POINT('',(9.638837238840E-1,4.455785570687E0,
-3.396905769981E0));
#8270=CARTESIAN_POINT('',(2.490928882570E0,3.818163195450E0,-3.454999519981E0));
#8271=CARTESIAN_POINT('',(3.689763455031E0,2.677450752308E0,-3.513093269981E0));
#8272=CARTESIAN_POINT('',(4.402426208182E0,1.183951167327E0,-3.571187019981E0));
#8273=CARTESIAN_POINT('',(4.535015039233E0,-4.655485786414E-1,
-3.629280769981E0));
#8274=CARTESIAN_POINT('',(4.070059735230E0,-2.053706560504E0,
-3.687374519981E0));
#8275=CARTESIAN_POINT('',(3.068823889125E0,-3.371263386771E0,
-3.745468269981E0));
#8276=CARTESIAN_POINT('',(1.663232665628E0,-4.244614703869E0,
-3.803562019981E0));
#8277=CARTESIAN_POINT('',(3.849003663209E-2,-4.558685710056E0,
-3.861655769981E0));
#8278=CARTESIAN_POINT('',(-1.591324133058E0,-4.272093678007E0,
-3.919749519981E0));
#8279=CARTESIAN_POINT('',(-3.011461717249E0,-3.422600643303E0,
-3.977843269981E0));
#8280=CARTESIAN_POINT('',(-4.034802151872E0,-2.122137775702E0,
-4.035937019981E0));
#8281=CARTESIAN_POINT('',(-4.526507462938E0,-5.420571238709E-1,
-4.094030769981E0));
#8282=CARTESIAN_POINT('',(-4.421790373171E0,1.109446338799E0,
-4.152124519981E0));
#8283=CARTESIAN_POINT('',(-3.734445071871E0,2.614766186515E0,
-4.210218269981E0));
#8284=CARTESIAN_POINT('',(-2.555051129239E0,3.775559788097E0,
-4.268312019981E0));
#8285=CARTESIAN_POINT('',(-1.038958398769E0,4.438871503657E0,
-4.326405769981E0));
#8286=CARTESIAN_POINT('',(6.293601320357E-2,4.491175246268E0,
-4.365134936647E0));
#8287=CARTESIAN_POINT('',(6.004933473388E-1,4.418112460786E0,
-4.384499519981E0));
#8288=CARTESIAN_POINT('',(4.209185302007E0,-1.470737593767E0,
-7.578331733269E-1));
#8289=CARTESIAN_POINT('',(4.030238797784E0,-1.982874496100E0,
-7.771977566603E-1));
#8290=CARTESIAN_POINT('',(3.483386227126E0,-2.940924203889E0,
-8.159269233269E-1));
#8291=CARTESIAN_POINT('',(2.204079464635E0,-3.990635500782E0,
-8.740206733269E-1));
#8292=CARTESIAN_POINT('',(6.343711469833E-1,-4.514493930979E0,
-9.321144233269E-1));
#8293=CARTESIAN_POINT('',(-1.018926895152E0,-4.443522168874E0,
-9.902081733269E-1));
#8294=CARTESIAN_POINT('',(-2.537967819026E0,-3.787058896712E0,
-1.048301923327E0));
#8295=CARTESIAN_POINT('',(-3.722600448655E0,-2.631604651820E0,
-1.106395673327E0));
#8296=CARTESIAN_POINT('',(-4.416734512835E0,-1.129403860951E0,
-1.164489423327E0));
#8297=CARTESIAN_POINT('',(-4.528909377463E0,5.216097591591E-1,
-1.222583173327E0));
#8298=CARTESIAN_POINT('',(-4.044344598418E0,2.103894877419E0,
-1.280676923327E0));
#8299=CARTESIAN_POINT('',(-3.026887564762E0,3.408965906929E0,
-1.338770673327E0));
#8300=CARTESIAN_POINT('',(-1.610600781334E0,4.264863656509E0,
-1.396864423327E0));
#8301=CARTESIAN_POINT('',(1.790250898887E-2,4.558813045648E0,
-1.454958173327E0));
#8302=CARTESIAN_POINT('',(1.644046923091E0,4.252082619119E0,-1.513051923327E0));
#8303=CARTESIAN_POINT('',(3.053567888728E0,3.385087891626E0,-1.571145673327E0));
#8304=CARTESIAN_POINT('',(4.060743643369E0,2.072066106076E0,-1.629239423327E0));
#8305=CARTESIAN_POINT('',(4.532866365776E0,4.860240684691E-1,
-1.687333173327E0));
#8306=CARTESIAN_POINT('',(4.407728067363E0,-1.164057631429E0,
-1.745426923327E0));
#8307=CARTESIAN_POINT('',(3.701817261542E0,-2.660760388923E0,
-1.803520673327E0));
#8308=CARTESIAN_POINT('',(2.508146398815E0,-3.806875165700E0,
-1.861614423327E0));
#8309=CARTESIAN_POINT('',(9.839963298563E-1,-4.451387211639E0,
-1.919708173327E0));
#8310=CARTESIAN_POINT('',(-6.698073853889E-1,-4.509374119719E0,
-1.977801923327E0));
#8311=CARTESIAN_POINT('',(-2.235355720822E0,-3.973195399990E0,
-2.035895673327E0));
#8312=CARTESIAN_POINT('',(-3.506368384568E0,-2.913499208308E0,
-2.093989423327E0));
#8313=CARTESIAN_POINT('',(-4.315373790270E0,-1.469913580916E0,
-2.152083173327E0));
#8314=CARTESIAN_POINT('',(-4.555775503030E0,1.673512805432E-1,
-2.210176923327E0));
#8315=CARTESIAN_POINT('',(-4.195897633735E0,1.782565547834E0,
-2.268270673327E0));
#8316=CARTESIAN_POINT('',(-3.283158527918E0,3.162904830322E0,
-2.326364423327E0));
#8317=CARTESIAN_POINT('',(-1.937822814201E0,4.126492411949E0,
-2.384458173327E0));
#8318=CARTESIAN_POINT('',(-3.371550569649E-1,4.546363750589E0,
-2.442551923327E0));
#8319=CARTESIAN_POINT('',(1.307937035173E0,4.367195621578E0,-2.500645673327E0));
#8320=CARTESIAN_POINT('',(2.780692299847E0,3.612595634538E0,-2.558739423327E0));
#8321=CARTESIAN_POINT('',(3.887057076126E0,2.381991639795E0,-2.616833173327E0));
#8322=CARTESIAN_POINT('',(4.481254166457E0,8.375308834434E-1,
-2.674926923327E0));
#8323=CARTESIAN_POINT('',(4.484990779459E0,-8.172848911342E-1,
-2.733020673327E0));
#8324=CARTESIAN_POINT('',(3.897774570307E0,-2.364413306547E0,
-2.791114423327E0));
#8325=CARTESIAN_POINT('',(2.796978513234E0,-3.600001122446E0,
-2.849208173327E0));
#8326=CARTESIAN_POINT('',(1.327646058390E0,-4.361244412866E0,
-2.907301923327E0));
#8327=CARTESIAN_POINT('',(-3.166201306821E-1,-4.547839990364E0,
-2.965395673327E0));
#8328=CARTESIAN_POINT('',(-1.919167714527E0,-4.135201587423E0,
-3.023489423327E0));
#8329=CARTESIAN_POINT('',(-3.268841294197E0,-3.177699400268E0,
-3.081583173327E0));
#8330=CARTESIAN_POINT('',(-4.187804738001E0,-1.801496145287E0,
-3.139676923327E0));
#8331=CARTESIAN_POINT('',(-4.554973284058E0,-1.879235659300E-1,
-3.197770673327E0));
#8332=CARTESIAN_POINT('',(-4.321967950298E0,1.450410259793E0,
-3.255864423327E0));
#8333=CARTESIAN_POINT('',(-3.519490061725E0,2.897634654425E0,
-3.313958173327E0));
#8334=CARTESIAN_POINT('',(-2.253275972391E0,3.963059963886E0,
-3.372051923327E0));
#8335=CARTESIAN_POINT('',(-6.901649973209E-1,4.506303270041E0,
-3.430145673327E0));
#8336=CARTESIAN_POINT('',(9.638837238840E-1,4.455785570687E0,
-3.488239423327E0));
#8337=CARTESIAN_POINT('',(2.490928882570E0,3.818163195450E0,-3.546333173327E0));
#8338=CARTESIAN_POINT('',(3.689763455031E0,2.677450752308E0,-3.604426923327E0));
#8339=CARTESIAN_POINT('',(4.402426208182E0,1.183951167327E0,-3.662520673327E0));
#8340=CARTESIAN_POINT('',(4.535015039233E0,-4.655485786414E-1,
-3.720614423327E0));
#8341=CARTESIAN_POINT('',(4.070059735230E0,-2.053706560504E0,
-3.778708173327E0));
#8342=CARTESIAN_POINT('',(3.068823889125E0,-3.371263386771E0,
-3.836801923327E0));
#8343=CARTESIAN_POINT('',(1.663232665628E0,-4.244614703869E0,
-3.894895673327E0));
#8344=CARTESIAN_POINT('',(3.849003663209E-2,-4.558685710056E0,
-3.952989423327E0));
#8345=CARTESIAN_POINT('',(-1.591324133058E0,-4.272093678007E0,
-4.011083173327E0));
#8346=CARTESIAN_POINT('',(-3.011461717249E0,-3.422600643303E0,
-4.069176923327E0));
#8347=CARTESIAN_POINT('',(-4.034802151872E0,-2.122137775702E0,
-4.127270673327E0));
#8348=CARTESIAN_POINT('',(-4.526507462938E0,-5.420571238709E-1,
-4.185364423327E0));
#8349=CARTESIAN_POINT('',(-4.421790373171E0,1.109446338799E0,
-4.243458173327E0));
#8350=CARTESIAN_POINT('',(-3.734445071871E0,2.614766186515E0,
-4.301551923327E0));
#8351=CARTESIAN_POINT('',(-2.555051129239E0,3.775559788097E0,
-4.359645673327E0));
#8352=CARTESIAN_POINT('',(-1.038958398769E0,4.438871503657E0,
-4.417739423327E0));
#8353=CARTESIAN_POINT('',(6.293601320357E-2,4.491175246268E0,
-4.456468589994E0));
#8354=CARTESIAN_POINT('',(6.004933473388E-1,4.418112460786E0,
-4.475833173327E0));
#8355=CARTESIAN_POINT('',(4.209185302007E0,-1.470737593767E0,
-8.491668266731E-1));
#8356=CARTESIAN_POINT('',(4.030238797784E0,-1.982874496100E0,
-8.685314100064E-1));
#8357=CARTESIAN_POINT('',(3.483386227126E0,-2.940924203889E0,
-9.072605766731E-1));
#8358=CARTESIAN_POINT('',(2.204079464635E0,-3.990635500782E0,
-9.653543266731E-1));
#8359=CARTESIAN_POINT('',(6.343711469833E-1,-4.514493930979E0,
-1.023448076673E0));
#8360=CARTESIAN_POINT('',(-1.018926895152E0,-4.443522168874E0,
-1.081541826673E0));
#8361=CARTESIAN_POINT('',(-2.537967819026E0,-3.787058896712E0,
-1.139635576673E0));
#8362=CARTESIAN_POINT('',(-3.722600448655E0,-2.631604651820E0,
-1.197729326673E0));
#8363=CARTESIAN_POINT('',(-4.416734512835E0,-1.129403860951E0,
-1.255823076673E0));
#8364=CARTESIAN_POINT('',(-4.528909377463E0,5.216097591591E-1,
-1.313916826673E0));
#8365=CARTESIAN_POINT('',(-4.044344598418E0,2.103894877419E0,
-1.372010576673E0));
#8366=CARTESIAN_POINT('',(-3.026887564762E0,3.408965906929E0,
-1.430104326673E0));
#8367=CARTESIAN_POINT('',(-1.610600781334E0,4.264863656509E0,
-1.488198076673E0));
#8368=CARTESIAN_POINT('',(1.790250898887E-2,4.558813045648E0,
-1.546291826673E0));
#8369=CARTESIAN_POINT('',(1.644046923091E0,4.252082619119E0,-1.604385576673E0));
#8370=CARTESIAN_POINT('',(3.053567888728E0,3.385087891626E0,-1.662479326673E0));
#8371=CARTESIAN_POINT('',(4.060743643369E0,2.072066106076E0,-1.720573076673E0));
#8372=CARTESIAN_POINT('',(4.532866365776E0,4.860240684691E-1,
-1.778666826673E0));
#8373=CARTESIAN_POINT('',(4.407728067363E0,-1.164057631429E0,
-1.836760576673E0));
#8374=CARTESIAN_POINT('',(3.701817261542E0,-2.660760388923E0,
-1.894854326673E0));
#8375=CARTESIAN_POINT('',(2.508146398815E0,-3.806875165700E0,
-1.952948076673E0));
#8376=CARTESIAN_POINT('',(9.839963298563E-1,-4.451387211639E0,
-2.011041826673E0));
#8377=CARTESIAN_POINT('',(-6.698073853889E-1,-4.509374119719E0,
-2.069135576673E0));
#8378=CARTESIAN_POINT('',(-2.235355720822E0,-3.973195399990E0,
-2.127229326673E0));
#8379=CARTESIAN_POINT('',(-3.506368384568E0,-2.913499208308E0,
-2.185323076673E0));
#8380=CARTESIAN_POINT('',(-4.315373790270E0,-1.469913580916E0,
-2.243416826673E0));
#8381=CARTESIAN_POINT('',(-4.555775503030E0,1.673512805432E-1,
-2.301510576673E0));
#8382=CARTESIAN_POINT('',(-4.195897633735E0,1.782565547834E0,
-2.359604326673E0));
#8383=CARTESIAN_POINT('',(-3.283158527918E0,3.162904830322E0,
-2.417698076673E0));
#8384=CARTESIAN_POINT('',(-1.937822814201E0,4.126492411949E0,
-2.475791826673E0));
#8385=CARTESIAN_POINT('',(-3.371550569649E-1,4.546363750589E0,
-2.533885576673E0));
#8386=CARTESIAN_POINT('',(1.307937035173E0,4.367195621578E0,-2.591979326673E0));
#8387=CARTESIAN_POINT('',(2.780692299847E0,3.612595634538E0,-2.650073076673E0));
#8388=CARTESIAN_POINT('',(3.887057076126E0,2.381991639795E0,-2.708166826673E0));
#8389=CARTESIAN_POINT('',(4.481254166457E0,8.375308834434E-1,
-2.766260576673E0));
#8390=CARTESIAN_POINT('',(4.484990779459E0,-8.172848911342E-1,
-2.824354326673E0));
#8391=CARTESIAN_POINT('',(3.897774570307E0,-2.364413306547E0,
-2.882448076673E0));
#8392=CARTESIAN_POINT('',(2.796978513234E0,-3.600001122446E0,
-2.940541826673E0));
#8393=CARTESIAN_POINT('',(1.327646058390E0,-4.361244412866E0,
-2.998635576673E0));
#8394=CARTESIAN_POINT('',(-3.166201306821E-1,-4.547839990364E0,
-3.056729326673E0));
#8395=CARTESIAN_POINT('',(-1.919167714527E0,-4.135201587423E0,
-3.114823076673E0));
#8396=CARTESIAN_POINT('',(-3.268841294197E0,-3.177699400268E0,
-3.172916826673E0));
#8397=CARTESIAN_POINT('',(-4.187804738001E0,-1.801496145287E0,
-3.231010576673E0));
#8398=CARTESIAN_POINT('',(-4.554973284058E0,-1.879235659300E-1,
-3.289104326673E0));
#8399=CARTESIAN_POINT('',(-4.321967950298E0,1.450410259793E0,
-3.347198076673E0));
#8400=CARTESIAN_POINT('',(-3.519490061725E0,2.897634654425E0,
-3.405291826673E0));
#8401=CARTESIAN_POINT('',(-2.253275972391E0,3.963059963886E0,
-3.463385576673E0));
#8402=CARTESIAN_POINT('',(-6.901649973209E-1,4.506303270041E0,
-3.521479326673E0));
#8403=CARTESIAN_POINT('',(9.638837238840E-1,4.455785570687E0,
-3.579573076673E0));
#8404=CARTESIAN_POINT('',(2.490928882570E0,3.818163195450E0,-3.637666826673E0));
#8405=CARTESIAN_POINT('',(3.689763455031E0,2.677450752308E0,-3.695760576673E0));
#8406=CARTESIAN_POINT('',(4.402426208182E0,1.183951167327E0,-3.753854326673E0));
#8407=CARTESIAN_POINT('',(4.535015039233E0,-4.655485786414E-1,
-3.811948076673E0));
#8408=CARTESIAN_POINT('',(4.070059735230E0,-2.053706560504E0,
-3.870041826673E0));
#8409=CARTESIAN_POINT('',(3.068823889125E0,-3.371263386771E0,
-3.928135576673E0));
#8410=CARTESIAN_POINT('',(1.663232665628E0,-4.244614703869E0,
-3.986229326673E0));
#8411=CARTESIAN_POINT('',(3.849003663210E-2,-4.558685710056E0,
-4.044323076673E0));
#8412=CARTESIAN_POINT('',(-1.591324133058E0,-4.272093678007E0,
-4.102416826673E0));
#8413=CARTESIAN_POINT('',(-3.011461717249E0,-3.422600643303E0,
-4.160510576673E0));
#8414=CARTESIAN_POINT('',(-4.034802151872E0,-2.122137775702E0,
-4.218604326673E0));
#8415=CARTESIAN_POINT('',(-4.526507462938E0,-5.420571238709E-1,
-4.276698076673E0));
#8416=CARTESIAN_POINT('',(-4.421790373171E0,1.109446338799E0,
-4.334791826673E0));
#8417=CARTESIAN_POINT('',(-3.734445071871E0,2.614766186515E0,
-4.392885576673E0));
#8418=CARTESIAN_POINT('',(-2.555051129239E0,3.775559788097E0,
-4.450979326673E0));
#8419=CARTESIAN_POINT('',(-1.038958398769E0,4.438871503657E0,
-4.509073076673E0));
#8420=CARTESIAN_POINT('',(6.293601320357E-2,4.491175246268E0,
-4.547802243340E0));
#8421=CARTESIAN_POINT('',(6.004933473388E-1,4.418112460786E0,
-4.567166826673E0));
#8422=CARTESIAN_POINT('',(4.209185302007E0,-1.470737593767E0,
-9.405004800192E-1));
#8423=CARTESIAN_POINT('',(4.030238797784E0,-1.982874496100E0,
-9.598650633525E-1));
#8424=CARTESIAN_POINT('',(3.483386227126E0,-2.940924203889E0,
-9.985942300192E-1));
#8425=CARTESIAN_POINT('',(2.204079464635E0,-3.990635500782E0,
-1.056687980019E0));
#8426=CARTESIAN_POINT('',(6.343711469833E-1,-4.514493930979E0,
-1.114781730019E0));
#8427=CARTESIAN_POINT('',(-1.018926895152E0,-4.443522168874E0,
-1.172875480019E0));
#8428=CARTESIAN_POINT('',(-2.537967819026E0,-3.787058896712E0,
-1.230969230019E0));
#8429=CARTESIAN_POINT('',(-3.722600448655E0,-2.631604651820E0,
-1.289062980019E0));
#8430=CARTESIAN_POINT('',(-4.416734512835E0,-1.129403860951E0,
-1.347156730019E0));
#8431=CARTESIAN_POINT('',(-4.528909377463E0,5.216097591591E-1,
-1.405250480019E0));
#8432=CARTESIAN_POINT('',(-4.044344598418E0,2.103894877419E0,
-1.463344230019E0));
#8433=CARTESIAN_POINT('',(-3.026887564762E0,3.408965906929E0,
-1.521437980019E0));
#8434=CARTESIAN_POINT('',(-1.610600781334E0,4.264863656509E0,
-1.579531730019E0));
#8435=CARTESIAN_POINT('',(1.790250898887E-2,4.558813045648E0,
-1.637625480019E0));
#8436=CARTESIAN_POINT('',(1.644046923091E0,4.252082619119E0,-1.695719230019E0));
#8437=CARTESIAN_POINT('',(3.053567888728E0,3.385087891626E0,-1.753812980019E0));
#8438=CARTESIAN_POINT('',(4.060743643369E0,2.072066106076E0,-1.811906730019E0));
#8439=CARTESIAN_POINT('',(4.532866365776E0,4.860240684691E-1,
-1.870000480019E0));
#8440=CARTESIAN_POINT('',(4.407728067363E0,-1.164057631429E0,
-1.928094230019E0));
#8441=CARTESIAN_POINT('',(3.701817261542E0,-2.660760388923E0,
-1.986187980019E0));
#8442=CARTESIAN_POINT('',(2.508146398815E0,-3.806875165700E0,
-2.044281730019E0));
#8443=CARTESIAN_POINT('',(9.839963298563E-1,-4.451387211639E0,
-2.102375480019E0));
#8444=CARTESIAN_POINT('',(-6.698073853889E-1,-4.509374119719E0,
-2.160469230019E0));
#8445=CARTESIAN_POINT('',(-2.235355720822E0,-3.973195399990E0,
-2.218562980019E0));
#8446=CARTESIAN_POINT('',(-3.506368384568E0,-2.913499208308E0,
-2.276656730019E0));
#8447=CARTESIAN_POINT('',(-4.315373790270E0,-1.469913580916E0,
-2.334750480019E0));
#8448=CARTESIAN_POINT('',(-4.555775503030E0,1.673512805432E-1,
-2.392844230019E0));
#8449=CARTESIAN_POINT('',(-4.195897633735E0,1.782565547834E0,
-2.450937980019E0));
#8450=CARTESIAN_POINT('',(-3.283158527918E0,3.162904830322E0,
-2.509031730019E0));
#8451=CARTESIAN_POINT('',(-1.937822814201E0,4.126492411949E0,
-2.567125480019E0));
#8452=CARTESIAN_POINT('',(-3.371550569649E-1,4.546363750589E0,
-2.625219230019E0));
#8453=CARTESIAN_POINT('',(1.307937035173E0,4.367195621578E0,-2.683312980019E0));
#8454=CARTESIAN_POINT('',(2.780692299847E0,3.612595634538E0,-2.741406730019E0));
#8455=CARTESIAN_POINT('',(3.887057076126E0,2.381991639795E0,-2.799500480019E0));
#8456=CARTESIAN_POINT('',(4.481254166457E0,8.375308834434E-1,
-2.857594230019E0));
#8457=CARTESIAN_POINT('',(4.484990779459E0,-8.172848911342E-1,
-2.915687980019E0));
#8458=CARTESIAN_POINT('',(3.897774570307E0,-2.364413306547E0,
-2.973781730019E0));
#8459=CARTESIAN_POINT('',(2.796978513234E0,-3.600001122446E0,
-3.031875480019E0));
#8460=CARTESIAN_POINT('',(1.327646058390E0,-4.361244412866E0,
-3.089969230019E0));
#8461=CARTESIAN_POINT('',(-3.166201306821E-1,-4.547839990364E0,
-3.148062980019E0));
#8462=CARTESIAN_POINT('',(-1.919167714527E0,-4.135201587423E0,
-3.206156730019E0));
#8463=CARTESIAN_POINT('',(-3.268841294197E0,-3.177699400268E0,
-3.264250480019E0));
#8464=CARTESIAN_POINT('',(-4.187804738001E0,-1.801496145287E0,
-3.322344230019E0));
#8465=CARTESIAN_POINT('',(-4.554973284058E0,-1.879235659300E-1,
-3.380437980019E0));
#8466=CARTESIAN_POINT('',(-4.321967950298E0,1.450410259793E0,
-3.438531730019E0));
#8467=CARTESIAN_POINT('',(-3.519490061725E0,2.897634654425E0,
-3.496625480019E0));
#8468=CARTESIAN_POINT('',(-2.253275972391E0,3.963059963886E0,
-3.554719230019E0));
#8469=CARTESIAN_POINT('',(-6.901649973209E-1,4.506303270041E0,
-3.612812980019E0));
#8470=CARTESIAN_POINT('',(9.638837238840E-1,4.455785570687E0,
-3.670906730019E0));
#8471=CARTESIAN_POINT('',(2.490928882570E0,3.818163195450E0,-3.729000480019E0));
#8472=CARTESIAN_POINT('',(3.689763455031E0,2.677450752308E0,-3.787094230019E0));
#8473=CARTESIAN_POINT('',(4.402426208182E0,1.183951167327E0,-3.845187980019E0));
#8474=CARTESIAN_POINT('',(4.535015039233E0,-4.655485786414E-1,
-3.903281730019E0));
#8475=CARTESIAN_POINT('',(4.070059735230E0,-2.053706560504E0,
-3.961375480019E0));
#8476=CARTESIAN_POINT('',(3.068823889125E0,-3.371263386771E0,
-4.019469230019E0));
#8477=CARTESIAN_POINT('',(1.663232665628E0,-4.244614703869E0,
-4.077562980019E0));
#8478=CARTESIAN_POINT('',(3.849003663210E-2,-4.558685710056E0,
-4.135656730019E0));
#8479=CARTESIAN_POINT('',(-1.591324133058E0,-4.272093678007E0,
-4.193750480019E0));
#8480=CARTESIAN_POINT('',(-3.011461717249E0,-3.422600643303E0,
-4.251844230019E0));
#8481=CARTESIAN_POINT('',(-4.034802151872E0,-2.122137775702E0,
-4.309937980019E0));
#8482=CARTESIAN_POINT('',(-4.526507462938E0,-5.420571238709E-1,
-4.368031730019E0));
#8483=CARTESIAN_POINT('',(-4.421790373171E0,1.109446338799E0,
-4.426125480019E0));
#8484=CARTESIAN_POINT('',(-3.734445071871E0,2.614766186515E0,
-4.484219230019E0));
#8485=CARTESIAN_POINT('',(-2.555051129239E0,3.775559788097E0,
-4.542312980019E0));
#8486=CARTESIAN_POINT('',(-1.038958398769E0,4.438871503657E0,
-4.600406730019E0));
#8487=CARTESIAN_POINT('',(6.293601320357E-2,4.491175246268E0,
-4.639135896686E0));
#8488=CARTESIAN_POINT('',(6.004933473388E-1,4.418112460786E0,
-4.658500480019E0));
#8489=B_SPLINE_SURFACE_WITH_KNOTS('',3,3,((#8221,#8222,#8223,#8224,#8225,#8226,
#8227,#8228,#8229,#8230,#8231,#8232,#8233,#8234,#8235,#8236,#8237,#8238,#8239,
#8240,#8241,#8242,#8243,#8244,#8245,#8246,#8247,#8248,#8249,#8250,#8251,#8252,
#8253,#8254,#8255,#8256,#8257,#8258,#8259,#8260,#8261,#8262,#8263,#8264,#8265,
#8266,#8267,#8268,#8269,#8270,#8271,#8272,#8273,#8274,#8275,#8276,#8277,#8278,
#8279,#8280,#8281,#8282,#8283,#8284,#8285,#8286,#8287),(#8288,#8289,#8290,#8291,
#8292,#8293,#8294,#8295,#8296,#8297,#8298,#8299,#8300,#8301,#8302,#8303,#8304,
#8305,#8306,#8307,#8308,#8309,#8310,#8311,#8312,#8313,#8314,#8315,#8316,#8317,
#8318,#8319,#8320,#8321,#8322,#8323,#8324,#8325,#8326,#8327,#8328,#8329,#8330,
#8331,#8332,#8333,#8334,#8335,#8336,#8337,#8338,#8339,#8340,#8341,#8342,#8343,
#8344,#8345,#8346,#8347,#8348,#8349,#8350,#8351,#8352,#8353,#8354),(#8355,#8356,
#8357,#8358,#8359,#8360,#8361,#8362,#8363,#8364,#8365,#8366,#8367,#8368,#8369,
#8370,#8371,#8372,#8373,#8374,#8375,#8376,#8377,#8378,#8379,#8380,#8381,#8382,
#8383,#8384,#8385,#8386,#8387,#8388,#8389,#8390,#8391,#8392,#8393,#8394,#8395,
#8396,#8397,#8398,#8399,#8400,#8401,#8402,#8403,#8404,#8405,#8406,#8407,#8408,
#8409,#8410,#8411,#8412,#8413,#8414,#8415,#8416,#8417,#8418,#8419,#8420,#8421),(
#8422,#8423,#8424,#8425,#8426,#8427,#8428,#8429,#8430,#8431,#8432,#8433,#8434,
#8435,#8436,#8437,#8438,#8439,#8440,#8441,#8442,#8443,#8444,#8445,#8446,#8447,
#8448,#8449,#8450,#8451,#8452,#8453,#8454,#8455,#8456,#8457,#8458,#8459,#8460,
#8461,#8462,#8463,#8464,#8465,#8466,#8467,#8468,#8469,#8470,#8471,#8472,#8473,
#8474,#8475,#8476,#8477,#8478,#8479,#8480,#8481,#8482,#8483,#8484,#8485,#8486,
#8487,#8488)),.UNSPECIFIED.,.F.,.F.,.F.,(4,4),(4,1,1,1,1,1,1,1,1,1,1,1,1,1,1,1,
1,1,1,1,1,1,1,1,1,1,1,1,1,1,1,1,1,1,1,1,1,1,1,1,1,1,1,1,1,1,1,1,1,1,1,1,1,1,1,1,
1,1,1,1,1,1,1,1,4),(-4.800192007680E-2,1.048001920077E0),(7.683544303797E-2,
9.154272151899E-2,1.0625E-1,1.209572784810E-1,1.356645569620E-1,
1.503718354430E-1,1.650791139241E-1,1.797863924051E-1,1.944936708861E-1,
2.092009493671E-1,2.239082278481E-1,2.386155063291E-1,2.533227848101E-1,
2.680300632911E-1,2.827373417722E-1,2.974446202532E-1,3.121518987342E-1,
3.268591772152E-1,3.415664556962E-1,3.562737341772E-1,3.709810126582E-1,
3.856882911392E-1,4.003955696203E-1,4.151028481013E-1,4.298101265823E-1,
4.445174050633E-1,4.592246835443E-1,4.739319620253E-1,4.886392405063E-1,
5.033465189873E-1,5.180537974684E-1,5.327610759494E-1,5.474683544304E-1,
5.621756329114E-1,5.768829113924E-1,5.915901898734E-1,6.062974683544E-1,
6.210047468354E-1,6.357120253165E-1,6.504193037975E-1,6.651265822785E-1,
6.798338607595E-1,6.945411392405E-1,7.092484177215E-1,7.239556962025E-1,
7.386629746835E-1,7.533702531646E-1,7.680775316456E-1,7.827848101266E-1,
7.974920886076E-1,8.121993670886E-1,8.269066455696E-1,8.416139240506E-1,
8.563212025316E-1,8.710284810127E-1,8.857357594937E-1,9.004430379747E-1,
9.151503164557E-1,9.298575949367E-1,9.445648734177E-1,9.592721518987E-1,
9.739794303797E-1,9.886867088608E-1,1.003393987342E0,1.018101265823E0),
.UNSPECIFIED.);
#8490=ORIENTED_EDGE('',*,*,#8211,.T.);
#8492=ORIENTED_EDGE('',*,*,#8491,.F.);
#8493=ORIENTED_EDGE('',*,*,#7207,.F.);
#8494=ORIENTED_EDGE('',*,*,#7233,.T.);
#8495=EDGE_LOOP('',(#8490,#8492,#8493,#8494));
#8496=FACE_OUTER_BOUND('',#8495,.F.);
#8498=CARTESIAN_POINT('',(-3.231035638639E0,3.072575251835E0,
-4.233999519981E0));
#8499=CARTESIAN_POINT('',(-2.817977101372E0,3.506936250466E0,
-4.255395353314E0));
#8500=CARTESIAN_POINT('',(-1.814508711141E0,4.206575436005E0,
-4.298187019981E0));
#8501=CARTESIAN_POINT('',(-1.798279056140E-2,4.581224635710E0,
-4.362374519981E0));
#8502=CARTESIAN_POINT('',(1.781383695674E0,4.220724479375E0,-4.426562019981E0));
#8503=CARTESIAN_POINT('',(3.294921870462E0,3.182980657644E0,-4.490749519981E0));
#8504=CARTESIAN_POINT('',(4.279754528814E0,1.634493210360E0,-4.554937019981E0));
#8505=CARTESIAN_POINT('',(4.577859775453E0,-1.762636745796E-1,
-4.619124519981E0));
#8506=CARTESIAN_POINT('',(4.141402625176E0,-1.958737580700E0,
-4.683312019981E0));
#8507=CARTESIAN_POINT('',(3.040417170319E0,-3.426912908923E0,
-4.747499519981E0));
#8508=CARTESIAN_POINT('',(1.451567166197E0,-4.345206718316E0,
-4.811687019981E0));
#8509=CARTESIAN_POINT('',(-3.702009159048E-1,-4.566269805637E0,
-4.875874519981E0));
#8510=CARTESIAN_POINT('',(-2.132566658436E0,-4.054630452477E0,
-4.940062019981E0));
#8511=CARTESIAN_POINT('',(-3.552741320332E0,-2.892386172131E0,
-5.004249519981E0));
#8512=CARTESIAN_POINT('',(-4.402844052475E0,-1.266030373946E0,
-5.068437019981E0));
#8513=CARTESIAN_POINT('',(-4.546467595859E0,5.634723222307E-1,
-5.132624519981E0));
#8514=CARTESIAN_POINT('',(-3.960566154840E0,2.302560399046E0,
-5.196812019981E0));
#8515=CARTESIAN_POINT('',(-2.739153319218E0,3.672180245023E0,
-5.260999519981E0));
#8516=CARTESIAN_POINT('',(-1.078216668598E0,4.452563022988E0,
-5.325187019981E0));
#8517=CARTESIAN_POINT('',(7.557303426504E-1,4.518488719397E0,
-5.389374519981E0));
#8518=CARTESIAN_POINT('',(2.468413063587E0,3.859378914493E0,-5.453562019981E0));
#8519=CARTESIAN_POINT('',(3.785014879127E0,2.580994192731E0,-5.517749519981E0));
#8520=CARTESIAN_POINT('',(4.494274211197E0,8.884638274538E-1,
-5.581937019981E0));
#8521=CARTESIAN_POINT('',(4.482383495516E0,-9.466292078979E-1,
-5.646124519981E0));
#8522=CARTESIAN_POINT('',(3.751250713169E0,-2.629826371659E0,
-5.710312019981E0));
#8523=CARTESIAN_POINT('',(2.418193236466E0,-3.891042293427E0,
-5.774499519981E0));
#8524=CARTESIAN_POINT('',(6.971131145031E-1,-4.527902600952E0,
-5.838687019981E0));
#8525=CARTESIAN_POINT('',(-1.135825592892E0,-4.438216858227E0,
-5.902874519981E0));
#8526=CARTESIAN_POINT('',(-2.786510026948E0,-3.636376015739E0,
-5.967062019981E0));
#8527=CARTESIAN_POINT('',(-3.990071801245E0,-2.251043242372E0,
-6.031249519981E0));
#8528=CARTESIAN_POINT('',(-4.553387712745E0,-5.045086674591E-1,
-6.095437019981E0));
#8529=CARTESIAN_POINT('',(-4.386068239717E0,1.322979234405E0,
-6.159624519981E0));
#8530=CARTESIAN_POINT('',(-3.514961420418E0,2.938182239259E0,
-6.223812019981E0));
#8531=CARTESIAN_POINT('',(-2.079844823999E0,4.081925301400E0,
-6.287999519981E0));
#8532=CARTESIAN_POINT('',(-3.109968788321E-1,4.570683712474E0,
-6.352187019981E0));
#8533=CARTESIAN_POINT('',(1.507753543015E0,4.326031427492E0,-6.416374519981E0));
#8534=CARTESIAN_POINT('',(3.084570231305E0,3.387225287203E0,-6.480562019981E0));
#8535=CARTESIAN_POINT('',(4.166437598512E0,1.904905875845E0,-6.544749519981E0));
#8536=CARTESIAN_POINT('',(4.579759493875E0,1.169257729553E-1,
-6.608937019981E0));
#8537=CARTESIAN_POINT('',(4.258214395706E0,-1.689816208446E0,
-6.673124519981E0));
#8538=CARTESIAN_POINT('',(3.253397345160E0,-3.225410729291E0,
-6.737312019981E0));
#8539=CARTESIAN_POINT('',(1.726541019626E0,-4.243456700106E0,
-6.801499519981E0));
#8540=CARTESIAN_POINT('',(-7.735561992497E-2,-4.580598734466E0,
-6.865687019981E0));
#8541=CARTESIAN_POINT('',(-1.868839797223E0,-4.182739110970E0,
-6.929874519981E0));
#8542=CARTESIAN_POINT('',(-3.360450436397E0,-3.113718279267E0,
-6.994062019981E0));
#8543=CARTESIAN_POINT('',(-4.312844089961E0,-1.545071038435E0,
-7.058249519981E0));
#8544=CARTESIAN_POINT('',(-4.573199924900E0,2.714978913686E-1,
-7.122437019981E0));
#8545=CARTESIAN_POINT('',(-4.099741313004E0,2.044502341543E0,
-7.186624519981E0));
#8546=CARTESIAN_POINT('',(-2.968439297545E0,3.489446488330E0,
-7.250812019981E0));
#8547=CARTESIAN_POINT('',(-1.360822299827E0,4.374474977230E0,
-7.314999519981E0));
#8548=CARTESIAN_POINT('',(4.651518831409E-1,4.557576371684E0,
-7.379187019981E0));
#8549=CARTESIAN_POINT('',(2.216487918327E0,4.009370270507E0,-7.443374519981E0));
#8550=CARTESIAN_POINT('',(3.612166890106E0,2.817821679275E0,-7.507562019981E0));
#8551=CARTESIAN_POINT('',(4.428238520850E0,1.174126168854E0,-7.571749519981E0));
#8552=CARTESIAN_POINT('',(4.533756173323E0,-6.579693151494E-1,
-7.635937019981E0));
#8553=CARTESIAN_POINT('',(3.911788512415E0,-2.384487217442E0,
-7.700124519981E0));
#8554=CARTESIAN_POINT('',(2.662136306188E0,-3.728390933118E0,
-7.764312019981E0));
#8555=CARTESIAN_POINT('',(9.853184080313E-1,-4.474038029533E0,
-7.828499519981E0));
#8556=CARTESIAN_POINT('',(-8.496033965764E-1,-4.501782167363E0,
-7.892687019981E0));
#8557=CARTESIAN_POINT('',(-2.548198154849E0,-3.807171544640E0,
-7.956874519981E0));
#8558=CARTESIAN_POINT('',(-3.837909379841E0,-2.501663141542E0,
-8.021062019981E0));
#8559=CARTESIAN_POINT('',(-4.511791927714E0,-7.947386994460E-1,
-8.085249519981E0));
#8560=CARTESIAN_POINT('',(-4.461708897380E0,1.039709919664E0,
-8.149437019981E0));
#8561=CARTESIAN_POINT('',(-3.695718566252E0,2.707324661480E0,
-8.213624519981E0));
#8562=CARTESIAN_POINT('',(-2.336649555283E0,3.940531387695E0,
-8.277812019981E0));
#8563=CARTESIAN_POINT('',(-1.180805643332E0,4.341116773523E0,
-8.320603686647E0));
#8564=CARTESIAN_POINT('',(-5.866104972073E-1,4.419977160678E0,
-8.341999519981E0));
#8565=CARTESIAN_POINT('',(-3.231035638639E0,3.072575251835E0,
-4.325333173327E0));
#8566=CARTESIAN_POINT('',(-2.817977101372E0,3.506936250466E0,
-4.346729006660E0));
#8567=CARTESIAN_POINT('',(-1.814508711141E0,4.206575436005E0,
-4.389520673327E0));
#8568=CARTESIAN_POINT('',(-1.798279056140E-2,4.581224635710E0,
-4.453708173327E0));
#8569=CARTESIAN_POINT('',(1.781383695674E0,4.220724479375E0,-4.517895673327E0));
#8570=CARTESIAN_POINT('',(3.294921870462E0,3.182980657644E0,-4.582083173327E0));
#8571=CARTESIAN_POINT('',(4.279754528814E0,1.634493210360E0,-4.646270673327E0));
#8572=CARTESIAN_POINT('',(4.577859775453E0,-1.762636745796E-1,
-4.710458173327E0));
#8573=CARTESIAN_POINT('',(4.141402625176E0,-1.958737580700E0,
-4.774645673327E0));
#8574=CARTESIAN_POINT('',(3.040417170319E0,-3.426912908923E0,
-4.838833173327E0));
#8575=CARTESIAN_POINT('',(1.451567166197E0,-4.345206718316E0,
-4.903020673327E0));
#8576=CARTESIAN_POINT('',(-3.702009159048E-1,-4.566269805637E0,
-4.967208173327E0));
#8577=CARTESIAN_POINT('',(-2.132566658436E0,-4.054630452477E0,
-5.031395673327E0));
#8578=CARTESIAN_POINT('',(-3.552741320332E0,-2.892386172131E0,
-5.095583173327E0));
#8579=CARTESIAN_POINT('',(-4.402844052475E0,-1.266030373946E0,
-5.159770673327E0));
#8580=CARTESIAN_POINT('',(-4.546467595859E0,5.634723222307E-1,
-5.223958173327E0));
#8581=CARTESIAN_POINT('',(-3.960566154840E0,2.302560399046E0,
-5.288145673327E0));
#8582=CARTESIAN_POINT('',(-2.739153319218E0,3.672180245023E0,
-5.352333173327E0));
#8583=CARTESIAN_POINT('',(-1.078216668598E0,4.452563022988E0,
-5.416520673327E0));
#8584=CARTESIAN_POINT('',(7.557303426504E-1,4.518488719397E0,
-5.480708173327E0));
#8585=CARTESIAN_POINT('',(2.468413063587E0,3.859378914493E0,-5.544895673327E0));
#8586=CARTESIAN_POINT('',(3.785014879127E0,2.580994192731E0,-5.609083173327E0));
#8587=CARTESIAN_POINT('',(4.494274211197E0,8.884638274538E-1,
-5.673270673327E0));
#8588=CARTESIAN_POINT('',(4.482383495516E0,-9.466292078979E-1,
-5.737458173327E0));
#8589=CARTESIAN_POINT('',(3.751250713169E0,-2.629826371659E0,
-5.801645673327E0));
#8590=CARTESIAN_POINT('',(2.418193236466E0,-3.891042293427E0,
-5.865833173327E0));
#8591=CARTESIAN_POINT('',(6.971131145031E-1,-4.527902600952E0,
-5.930020673327E0));
#8592=CARTESIAN_POINT('',(-1.135825592892E0,-4.438216858227E0,
-5.994208173327E0));
#8593=CARTESIAN_POINT('',(-2.786510026948E0,-3.636376015739E0,
-6.058395673327E0));
#8594=CARTESIAN_POINT('',(-3.990071801245E0,-2.251043242372E0,
-6.122583173327E0));
#8595=CARTESIAN_POINT('',(-4.553387712745E0,-5.045086674591E-1,
-6.186770673327E0));
#8596=CARTESIAN_POINT('',(-4.386068239717E0,1.322979234405E0,
-6.250958173327E0));
#8597=CARTESIAN_POINT('',(-3.514961420418E0,2.938182239259E0,
-6.315145673327E0));
#8598=CARTESIAN_POINT('',(-2.079844823999E0,4.081925301400E0,
-6.379333173327E0));
#8599=CARTESIAN_POINT('',(-3.109968788321E-1,4.570683712474E0,
-6.443520673327E0));
#8600=CARTESIAN_POINT('',(1.507753543015E0,4.326031427492E0,-6.507708173327E0));
#8601=CARTESIAN_POINT('',(3.084570231305E0,3.387225287203E0,-6.571895673327E0));
#8602=CARTESIAN_POINT('',(4.166437598512E0,1.904905875845E0,-6.636083173327E0));
#8603=CARTESIAN_POINT('',(4.579759493875E0,1.169257729553E-1,
-6.700270673327E0));
#8604=CARTESIAN_POINT('',(4.258214395706E0,-1.689816208446E0,
-6.764458173327E0));
#8605=CARTESIAN_POINT('',(3.253397345160E0,-3.225410729291E0,
-6.828645673327E0));
#8606=CARTESIAN_POINT('',(1.726541019626E0,-4.243456700106E0,
-6.892833173327E0));
#8607=CARTESIAN_POINT('',(-7.735561992497E-2,-4.580598734466E0,
-6.957020673327E0));
#8608=CARTESIAN_POINT('',(-1.868839797223E0,-4.182739110970E0,
-7.021208173327E0));
#8609=CARTESIAN_POINT('',(-3.360450436397E0,-3.113718279267E0,
-7.085395673327E0));
#8610=CARTESIAN_POINT('',(-4.312844089961E0,-1.545071038435E0,
-7.149583173327E0));
#8611=CARTESIAN_POINT('',(-4.573199924900E0,2.714978913686E-1,
-7.213770673327E0));
#8612=CARTESIAN_POINT('',(-4.099741313004E0,2.044502341543E0,
-7.277958173327E0));
#8613=CARTESIAN_POINT('',(-2.968439297545E0,3.489446488330E0,
-7.342145673327E0));
#8614=CARTESIAN_POINT('',(-1.360822299827E0,4.374474977230E0,
-7.406333173327E0));
#8615=CARTESIAN_POINT('',(4.651518831409E-1,4.557576371684E0,
-7.470520673327E0));
#8616=CARTESIAN_POINT('',(2.216487918327E0,4.009370270507E0,-7.534708173327E0));
#8617=CARTESIAN_POINT('',(3.612166890106E0,2.817821679275E0,-7.598895673327E0));
#8618=CARTESIAN_POINT('',(4.428238520850E0,1.174126168854E0,-7.663083173327E0));
#8619=CARTESIAN_POINT('',(4.533756173323E0,-6.579693151494E-1,
-7.727270673327E0));
#8620=CARTESIAN_POINT('',(3.911788512415E0,-2.384487217442E0,
-7.791458173327E0));
#8621=CARTESIAN_POINT('',(2.662136306188E0,-3.728390933118E0,
-7.855645673327E0));
#8622=CARTESIAN_POINT('',(9.853184080313E-1,-4.474038029533E0,
-7.919833173327E0));
#8623=CARTESIAN_POINT('',(-8.496033965764E-1,-4.501782167363E0,
-7.984020673327E0));
#8624=CARTESIAN_POINT('',(-2.548198154849E0,-3.807171544640E0,
-8.048208173327E0));
#8625=CARTESIAN_POINT('',(-3.837909379841E0,-2.501663141542E0,
-8.112395673327E0));
#8626=CARTESIAN_POINT('',(-4.511791927714E0,-7.947386994460E-1,
-8.176583173327E0));
#8627=CARTESIAN_POINT('',(-4.461708897380E0,1.039709919664E0,
-8.240770673327E0));
#8628=CARTESIAN_POINT('',(-3.695718566252E0,2.707324661480E0,
-8.304958173327E0));
#8629=CARTESIAN_POINT('',(-2.336649555283E0,3.940531387695E0,
-8.369145673327E0));
#8630=CARTESIAN_POINT('',(-1.180805643332E0,4.341116773523E0,
-8.411937339994E0));
#8631=CARTESIAN_POINT('',(-5.866104972073E-1,4.419977160678E0,
-8.433333173327E0));
#8632=CARTESIAN_POINT('',(-3.231035638639E0,3.072575251835E0,
-4.416666826673E0));
#8633=CARTESIAN_POINT('',(-2.817977101372E0,3.506936250466E0,
-4.438062660006E0));
#8634=CARTESIAN_POINT('',(-1.814508711141E0,4.206575436005E0,
-4.480854326673E0));
#8635=CARTESIAN_POINT('',(-1.798279056140E-2,4.581224635710E0,
-4.545041826673E0));
#8636=CARTESIAN_POINT('',(1.781383695674E0,4.220724479375E0,-4.609229326673E0));
#8637=CARTESIAN_POINT('',(3.294921870462E0,3.182980657644E0,-4.673416826673E0));
#8638=CARTESIAN_POINT('',(4.279754528814E0,1.634493210360E0,-4.737604326673E0));
#8639=CARTESIAN_POINT('',(4.577859775453E0,-1.762636745796E-1,
-4.801791826673E0));
#8640=CARTESIAN_POINT('',(4.141402625176E0,-1.958737580700E0,
-4.865979326673E0));
#8641=CARTESIAN_POINT('',(3.040417170319E0,-3.426912908923E0,
-4.930166826673E0));
#8642=CARTESIAN_POINT('',(1.451567166197E0,-4.345206718316E0,
-4.994354326673E0));
#8643=CARTESIAN_POINT('',(-3.702009159048E-1,-4.566269805637E0,
-5.058541826673E0));
#8644=CARTESIAN_POINT('',(-2.132566658436E0,-4.054630452477E0,
-5.122729326673E0));
#8645=CARTESIAN_POINT('',(-3.552741320332E0,-2.892386172131E0,
-5.186916826673E0));
#8646=CARTESIAN_POINT('',(-4.402844052475E0,-1.266030373947E0,
-5.251104326673E0));
#8647=CARTESIAN_POINT('',(-4.546467595859E0,5.634723222307E-1,
-5.315291826673E0));
#8648=CARTESIAN_POINT('',(-3.960566154840E0,2.302560399046E0,
-5.379479326673E0));
#8649=CARTESIAN_POINT('',(-2.739153319218E0,3.672180245023E0,
-5.443666826673E0));
#8650=CARTESIAN_POINT('',(-1.078216668598E0,4.452563022988E0,
-5.507854326673E0));
#8651=CARTESIAN_POINT('',(7.557303426504E-1,4.518488719397E0,
-5.572041826673E0));
#8652=CARTESIAN_POINT('',(2.468413063587E0,3.859378914493E0,-5.636229326673E0));
#8653=CARTESIAN_POINT('',(3.785014879127E0,2.580994192731E0,-5.700416826673E0));
#8654=CARTESIAN_POINT('',(4.494274211197E0,8.884638274538E-1,
-5.764604326673E0));
#8655=CARTESIAN_POINT('',(4.482383495516E0,-9.466292078979E-1,
-5.828791826673E0));
#8656=CARTESIAN_POINT('',(3.751250713169E0,-2.629826371659E0,
-5.892979326673E0));
#8657=CARTESIAN_POINT('',(2.418193236466E0,-3.891042293427E0,
-5.957166826673E0));
#8658=CARTESIAN_POINT('',(6.971131145031E-1,-4.527902600952E0,
-6.021354326673E0));
#8659=CARTESIAN_POINT('',(-1.135825592892E0,-4.438216858227E0,
-6.085541826673E0));
#8660=CARTESIAN_POINT('',(-2.786510026948E0,-3.636376015739E0,
-6.149729326673E0));
#8661=CARTESIAN_POINT('',(-3.990071801245E0,-2.251043242372E0,
-6.213916826673E0));
#8662=CARTESIAN_POINT('',(-4.553387712745E0,-5.045086674591E-1,
-6.278104326673E0));
#8663=CARTESIAN_POINT('',(-4.386068239717E0,1.322979234405E0,
-6.342291826673E0));
#8664=CARTESIAN_POINT('',(-3.514961420418E0,2.938182239259E0,
-6.406479326673E0));
#8665=CARTESIAN_POINT('',(-2.079844823999E0,4.081925301400E0,
-6.470666826673E0));
#8666=CARTESIAN_POINT('',(-3.109968788321E-1,4.570683712474E0,
-6.534854326673E0));
#8667=CARTESIAN_POINT('',(1.507753543015E0,4.326031427492E0,-6.599041826673E0));
#8668=CARTESIAN_POINT('',(3.084570231305E0,3.387225287203E0,-6.663229326673E0));
#8669=CARTESIAN_POINT('',(4.166437598512E0,1.904905875845E0,-6.727416826673E0));
#8670=CARTESIAN_POINT('',(4.579759493875E0,1.169257729553E-1,
-6.791604326673E0));
#8671=CARTESIAN_POINT('',(4.258214395706E0,-1.689816208446E0,
-6.855791826673E0));
#8672=CARTESIAN_POINT('',(3.253397345160E0,-3.225410729291E0,
-6.919979326673E0));
#8673=CARTESIAN_POINT('',(1.726541019626E0,-4.243456700106E0,
-6.984166826673E0));
#8674=CARTESIAN_POINT('',(-7.735561992498E-2,-4.580598734466E0,
-7.048354326673E0));
#8675=CARTESIAN_POINT('',(-1.868839797223E0,-4.182739110970E0,
-7.112541826673E0));
#8676=CARTESIAN_POINT('',(-3.360450436397E0,-3.113718279267E0,
-7.176729326673E0));
#8677=CARTESIAN_POINT('',(-4.312844089961E0,-1.545071038435E0,
-7.240916826673E0));
#8678=CARTESIAN_POINT('',(-4.573199924900E0,2.714978913686E-1,
-7.305104326673E0));
#8679=CARTESIAN_POINT('',(-4.099741313004E0,2.044502341543E0,
-7.369291826673E0));
#8680=CARTESIAN_POINT('',(-2.968439297545E0,3.489446488330E0,
-7.433479326673E0));
#8681=CARTESIAN_POINT('',(-1.360822299827E0,4.374474977230E0,
-7.497666826673E0));
#8682=CARTESIAN_POINT('',(4.651518831409E-1,4.557576371684E0,
-7.561854326673E0));
#8683=CARTESIAN_POINT('',(2.216487918327E0,4.009370270507E0,-7.626041826673E0));
#8684=CARTESIAN_POINT('',(3.612166890106E0,2.817821679275E0,-7.690229326673E0));
#8685=CARTESIAN_POINT('',(4.428238520850E0,1.174126168854E0,-7.754416826673E0));
#8686=CARTESIAN_POINT('',(4.533756173323E0,-6.579693151494E-1,
-7.818604326673E0));
#8687=CARTESIAN_POINT('',(3.911788512415E0,-2.384487217442E0,
-7.882791826673E0));
#8688=CARTESIAN_POINT('',(2.662136306188E0,-3.728390933118E0,
-7.946979326673E0));
#8689=CARTESIAN_POINT('',(9.853184080313E-1,-4.474038029533E0,
-8.011166826673E0));
#8690=CARTESIAN_POINT('',(-8.496033965764E-1,-4.501782167363E0,
-8.075354326673E0));
#8691=CARTESIAN_POINT('',(-2.548198154849E0,-3.807171544640E0,
-8.139541826673E0));
#8692=CARTESIAN_POINT('',(-3.837909379841E0,-2.501663141542E0,
-8.203729326673E0));
#8693=CARTESIAN_POINT('',(-4.511791927714E0,-7.947386994460E-1,
-8.267916826673E0));
#8694=CARTESIAN_POINT('',(-4.461708897380E0,1.039709919664E0,
-8.332104326673E0));
#8695=CARTESIAN_POINT('',(-3.695718566252E0,2.707324661480E0,
-8.396291826673E0));
#8696=CARTESIAN_POINT('',(-2.336649555283E0,3.940531387695E0,
-8.460479326673E0));
#8697=CARTESIAN_POINT('',(-1.180805643332E0,4.341116773523E0,
-8.503270993340E0));
#8698=CARTESIAN_POINT('',(-5.866104972073E-1,4.419977160678E0,
-8.524666826673E0));
#8699=CARTESIAN_POINT('',(-3.231035638639E0,3.072575251835E0,
-4.508000480019E0));
#8700=CARTESIAN_POINT('',(-2.817977101372E0,3.506936250466E0,
-4.529396313353E0));
#8701=CARTESIAN_POINT('',(-1.814508711141E0,4.206575436005E0,
-4.572187980019E0));
#8702=CARTESIAN_POINT('',(-1.798279056140E-2,4.581224635710E0,
-4.636375480019E0));
#8703=CARTESIAN_POINT('',(1.781383695674E0,4.220724479375E0,-4.700562980019E0));
#8704=CARTESIAN_POINT('',(3.294921870462E0,3.182980657644E0,-4.764750480019E0));
#8705=CARTESIAN_POINT('',(4.279754528814E0,1.634493210360E0,-4.828937980019E0));
#8706=CARTESIAN_POINT('',(4.577859775453E0,-1.762636745796E-1,
-4.893125480019E0));
#8707=CARTESIAN_POINT('',(4.141402625176E0,-1.958737580700E0,
-4.957312980019E0));
#8708=CARTESIAN_POINT('',(3.040417170319E0,-3.426912908923E0,
-5.021500480019E0));
#8709=CARTESIAN_POINT('',(1.451567166197E0,-4.345206718316E0,
-5.085687980019E0));
#8710=CARTESIAN_POINT('',(-3.702009159048E-1,-4.566269805637E0,
-5.149875480019E0));
#8711=CARTESIAN_POINT('',(-2.132566658436E0,-4.054630452477E0,
-5.214062980019E0));
#8712=CARTESIAN_POINT('',(-3.552741320332E0,-2.892386172131E0,
-5.278250480019E0));
#8713=CARTESIAN_POINT('',(-4.402844052475E0,-1.266030373947E0,
-5.342437980019E0));
#8714=CARTESIAN_POINT('',(-4.546467595859E0,5.634723222307E-1,
-5.406625480019E0));
#8715=CARTESIAN_POINT('',(-3.960566154840E0,2.302560399046E0,
-5.470812980019E0));
#8716=CARTESIAN_POINT('',(-2.739153319218E0,3.672180245023E0,
-5.535000480019E0));
#8717=CARTESIAN_POINT('',(-1.078216668598E0,4.452563022988E0,
-5.599187980019E0));
#8718=CARTESIAN_POINT('',(7.557303426504E-1,4.518488719397E0,
-5.663375480019E0));
#8719=CARTESIAN_POINT('',(2.468413063587E0,3.859378914493E0,-5.727562980019E0));
#8720=CARTESIAN_POINT('',(3.785014879127E0,2.580994192731E0,-5.791750480019E0));
#8721=CARTESIAN_POINT('',(4.494274211197E0,8.884638274538E-1,
-5.855937980019E0));
#8722=CARTESIAN_POINT('',(4.482383495516E0,-9.466292078979E-1,
-5.920125480019E0));
#8723=CARTESIAN_POINT('',(3.751250713169E0,-2.629826371659E0,
-5.984312980019E0));
#8724=CARTESIAN_POINT('',(2.418193236466E0,-3.891042293427E0,
-6.048500480019E0));
#8725=CARTESIAN_POINT('',(6.971131145031E-1,-4.527902600952E0,
-6.112687980019E0));
#8726=CARTESIAN_POINT('',(-1.135825592892E0,-4.438216858227E0,
-6.176875480019E0));
#8727=CARTESIAN_POINT('',(-2.786510026948E0,-3.636376015739E0,
-6.241062980019E0));
#8728=CARTESIAN_POINT('',(-3.990071801245E0,-2.251043242372E0,
-6.305250480019E0));
#8729=CARTESIAN_POINT('',(-4.553387712745E0,-5.045086674591E-1,
-6.369437980019E0));
#8730=CARTESIAN_POINT('',(-4.386068239717E0,1.322979234405E0,
-6.433625480019E0));
#8731=CARTESIAN_POINT('',(-3.514961420418E0,2.938182239259E0,
-6.497812980019E0));
#8732=CARTESIAN_POINT('',(-2.079844823999E0,4.081925301400E0,
-6.562000480019E0));
#8733=CARTESIAN_POINT('',(-3.109968788321E-1,4.570683712474E0,
-6.626187980019E0));
#8734=CARTESIAN_POINT('',(1.507753543015E0,4.326031427492E0,-6.690375480019E0));
#8735=CARTESIAN_POINT('',(3.084570231305E0,3.387225287203E0,-6.754562980019E0));
#8736=CARTESIAN_POINT('',(4.166437598512E0,1.904905875845E0,-6.818750480019E0));
#8737=CARTESIAN_POINT('',(4.579759493875E0,1.169257729553E-1,
-6.882937980019E0));
#8738=CARTESIAN_POINT('',(4.258214395706E0,-1.689816208446E0,
-6.947125480019E0));
#8739=CARTESIAN_POINT('',(3.253397345160E0,-3.225410729291E0,
-7.011312980019E0));
#8740=CARTESIAN_POINT('',(1.726541019626E0,-4.243456700106E0,
-7.075500480019E0));
#8741=CARTESIAN_POINT('',(-7.735561992498E-2,-4.580598734466E0,
-7.139687980019E0));
#8742=CARTESIAN_POINT('',(-1.868839797223E0,-4.182739110970E0,
-7.203875480019E0));
#8743=CARTESIAN_POINT('',(-3.360450436397E0,-3.113718279267E0,
-7.268062980019E0));
#8744=CARTESIAN_POINT('',(-4.312844089961E0,-1.545071038435E0,
-7.332250480019E0));
#8745=CARTESIAN_POINT('',(-4.573199924900E0,2.714978913686E-1,
-7.396437980019E0));
#8746=CARTESIAN_POINT('',(-4.099741313004E0,2.044502341543E0,
-7.460625480019E0));
#8747=CARTESIAN_POINT('',(-2.968439297545E0,3.489446488330E0,
-7.524812980019E0));
#8748=CARTESIAN_POINT('',(-1.360822299827E0,4.374474977230E0,
-7.589000480019E0));
#8749=CARTESIAN_POINT('',(4.651518831409E-1,4.557576371684E0,
-7.653187980019E0));
#8750=CARTESIAN_POINT('',(2.216487918327E0,4.009370270507E0,-7.717375480019E0));
#8751=CARTESIAN_POINT('',(3.612166890106E0,2.817821679275E0,-7.781562980019E0));
#8752=CARTESIAN_POINT('',(4.428238520850E0,1.174126168854E0,-7.845750480019E0));
#8753=CARTESIAN_POINT('',(4.533756173323E0,-6.579693151494E-1,
-7.909937980019E0));
#8754=CARTESIAN_POINT('',(3.911788512415E0,-2.384487217442E0,
-7.974125480019E0));
#8755=CARTESIAN_POINT('',(2.662136306188E0,-3.728390933118E0,
-8.038312980019E0));
#8756=CARTESIAN_POINT('',(9.853184080313E-1,-4.474038029533E0,
-8.102500480019E0));
#8757=CARTESIAN_POINT('',(-8.496033965764E-1,-4.501782167363E0,
-8.166687980019E0));
#8758=CARTESIAN_POINT('',(-2.548198154849E0,-3.807171544640E0,
-8.230875480019E0));
#8759=CARTESIAN_POINT('',(-3.837909379841E0,-2.501663141542E0,
-8.295062980019E0));
#8760=CARTESIAN_POINT('',(-4.511791927714E0,-7.947386994460E-1,
-8.359250480019E0));
#8761=CARTESIAN_POINT('',(-4.461708897380E0,1.039709919664E0,
-8.423437980019E0));
#8762=CARTESIAN_POINT('',(-3.695718566252E0,2.707324661480E0,
-8.487625480019E0));
#8763=CARTESIAN_POINT('',(-2.336649555283E0,3.940531387695E0,
-8.551812980019E0));
#8764=CARTESIAN_POINT('',(-1.180805643332E0,4.341116773523E0,
-8.594604646686E0));
#8765=CARTESIAN_POINT('',(-5.866104972073E-1,4.419977160678E0,
-8.616000480019E0));
#8766=B_SPLINE_SURFACE_WITH_KNOTS('',3,3,((#8498,#8499,#8500,#8501,#8502,#8503,
#8504,#8505,#8506,#8507,#8508,#8509,#8510,#8511,#8512,#8513,#8514,#8515,#8516,
#8517,#8518,#8519,#8520,#8521,#8522,#8523,#8524,#8525,#8526,#8527,#8528,#8529,
#8530,#8531,#8532,#8533,#8534,#8535,#8536,#8537,#8538,#8539,#8540,#8541,#8542,
#8543,#8544,#8545,#8546,#8547,#8548,#8549,#8550,#8551,#8552,#8553,#8554,#8555,
#8556,#8557,#8558,#8559,#8560,#8561,#8562,#8563,#8564),(#8565,#8566,#8567,#8568,
#8569,#8570,#8571,#8572,#8573,#8574,#8575,#8576,#8577,#8578,#8579,#8580,#8581,
#8582,#8583,#8584,#8585,#8586,#8587,#8588,#8589,#8590,#8591,#8592,#8593,#8594,
#8595,#8596,#8597,#8598,#8599,#8600,#8601,#8602,#8603,#8604,#8605,#8606,#8607,
#8608,#8609,#8610,#8611,#8612,#8613,#8614,#8615,#8616,#8617,#8618,#8619,#8620,
#8621,#8622,#8623,#8624,#8625,#8626,#8627,#8628,#8629,#8630,#8631),(#8632,#8633,
#8634,#8635,#8636,#8637,#8638,#8639,#8640,#8641,#8642,#8643,#8644,#8645,#8646,
#8647,#8648,#8649,#8650,#8651,#8652,#8653,#8654,#8655,#8656,#8657,#8658,#8659,
#8660,#8661,#8662,#8663,#8664,#8665,#8666,#8667,#8668,#8669,#8670,#8671,#8672,
#8673,#8674,#8675,#8676,#8677,#8678,#8679,#8680,#8681,#8682,#8683,#8684,#8685,
#8686,#8687,#8688,#8689,#8690,#8691,#8692,#8693,#8694,#8695,#8696,#8697,#8698),(
#8699,#8700,#8701,#8702,#8703,#8704,#8705,#8706,#8707,#8708,#8709,#8710,#8711,
#8712,#8713,#8714,#8715,#8716,#8717,#8718,#8719,#8720,#8721,#8722,#8723,#8724,
#8725,#8726,#8727,#8728,#8729,#8730,#8731,#8732,#8733,#8734,#8735,#8736,#8737,
#8738,#8739,#8740,#8741,#8742,#8743,#8744,#8745,#8746,#8747,#8748,#8749,#8750,
#8751,#8752,#8753,#8754,#8755,#8756,#8757,#8758,#8759,#8760,#8761,#8762,#8763,
#8764,#8765)),.UNSPECIFIED.,.F.,.F.,.F.,(4,4),(4,1,1,1,1,1,1,1,1,1,1,1,1,1,1,1,
1,1,1,1,1,1,1,1,1,1,1,1,1,1,1,1,1,1,1,1,1,1,1,1,1,1,1,1,1,1,1,1,1,1,1,1,1,1,1,1,
1,1,1,1,1,1,1,1,4),(-4.800192007681E-2,1.048001920077E0),(-2.E-2,-3.75E-3,
1.25E-2,2.875E-2,4.5E-2,6.125E-2,7.75E-2,9.375E-2,1.1E-1,1.2625E-1,1.425E-1,
1.5875E-1,1.75E-1,1.9125E-1,2.075E-1,2.2375E-1,2.4E-1,2.5625E-1,2.725E-1,
2.8875E-1,3.05E-1,3.2125E-1,3.375E-1,3.5375E-1,3.7E-1,3.8625E-1,4.025E-1,
4.1875E-1,4.35E-1,4.5125E-1,4.675E-1,4.8375E-1,5.E-1,5.1625E-1,5.325E-1,
5.4875E-1,5.65E-1,5.8125E-1,5.975E-1,6.1375E-1,6.3E-1,6.4625E-1,6.625E-1,
6.7875E-1,6.95E-1,7.1125E-1,7.275E-1,7.4375E-1,7.6E-1,7.7625E-1,7.925E-1,
8.0875E-1,8.25E-1,8.4125E-1,8.575E-1,8.7375E-1,8.9E-1,9.0625E-1,9.225E-1,
9.3875E-1,9.55E-1,9.7125E-1,9.875E-1,1.00375E0,1.02E0),.UNSPECIFIED.);
#8767=ORIENTED_EDGE('',*,*,#6086,.T.);
#8768=ORIENTED_EDGE('',*,*,#6374,.F.);
#8769=ORIENTED_EDGE('',*,*,#8491,.T.);
#8770=ORIENTED_EDGE('',*,*,#5494,.T.);
#8771=EDGE_LOOP('',(#8767,#8768,#8769,#8770));
#8772=FACE_OUTER_BOUND('',#8771,.F.);
#8774=CARTESIAN_POINT('',(-3.231035638639E0,3.072575251835E0,
-4.233999519981E0));
#8775=CARTESIAN_POINT('',(-2.817977101372E0,3.506936250466E0,
-4.255395353314E0));
#8776=CARTESIAN_POINT('',(-1.814508711141E0,4.206575436005E0,
-4.298187019981E0));
#8777=CARTESIAN_POINT('',(-1.798279056140E-2,4.581224635710E0,
-4.362374519981E0));
#8778=CARTESIAN_POINT('',(1.781383695674E0,4.220724479375E0,-4.426562019981E0));
#8779=CARTESIAN_POINT('',(3.294921870462E0,3.182980657644E0,-4.490749519981E0));
#8780=CARTESIAN_POINT('',(4.279754528814E0,1.634493210360E0,-4.554937019981E0));
#8781=CARTESIAN_POINT('',(4.577859775453E0,-1.762636745796E-1,
-4.619124519981E0));
#8782=CARTESIAN_POINT('',(4.141402625176E0,-1.958737580700E0,
-4.683312019981E0));
#8783=CARTESIAN_POINT('',(3.040417170319E0,-3.426912908923E0,
-4.747499519981E0));
#8784=CARTESIAN_POINT('',(1.451567166197E0,-4.345206718316E0,
-4.811687019981E0));
#8785=CARTESIAN_POINT('',(-3.702009159048E-1,-4.566269805637E0,
-4.875874519981E0));
#8786=CARTESIAN_POINT('',(-2.132566658436E0,-4.054630452477E0,
-4.940062019981E0));
#8787=CARTESIAN_POINT('',(-3.552741320332E0,-2.892386172131E0,
-5.004249519981E0));
#8788=CARTESIAN_POINT('',(-4.402844052475E0,-1.266030373946E0,
-5.068437019981E0));
#8789=CARTESIAN_POINT('',(-4.546467595859E0,5.634723222307E-1,
-5.132624519981E0));
#8790=CARTESIAN_POINT('',(-3.960566154840E0,2.302560399046E0,
-5.196812019981E0));
#8791=CARTESIAN_POINT('',(-2.739153319218E0,3.672180245023E0,
-5.260999519981E0));
#8792=CARTESIAN_POINT('',(-1.078216668598E0,4.452563022988E0,
-5.325187019981E0));
#8793=CARTESIAN_POINT('',(7.557303426504E-1,4.518488719397E0,
-5.389374519981E0));
#8794=CARTESIAN_POINT('',(2.468413063587E0,3.859378914493E0,-5.453562019981E0));
#8795=CARTESIAN_POINT('',(3.785014879127E0,2.580994192731E0,-5.517749519981E0));
#8796=CARTESIAN_POINT('',(4.494274211197E0,8.884638274538E-1,
-5.581937019981E0));
#8797=CARTESIAN_POINT('',(4.482383495516E0,-9.466292078979E-1,
-5.646124519981E0));
#8798=CARTESIAN_POINT('',(3.751250713169E0,-2.629826371659E0,
-5.710312019981E0));
#8799=CARTESIAN_POINT('',(2.418193236466E0,-3.891042293427E0,
-5.774499519981E0));
#8800=CARTESIAN_POINT('',(6.971131145031E-1,-4.527902600952E0,
-5.838687019981E0));
#8801=CARTESIAN_POINT('',(-1.135825592892E0,-4.438216858227E0,
-5.902874519981E0));
#8802=CARTESIAN_POINT('',(-2.786510026948E0,-3.636376015739E0,
-5.967062019981E0));
#8803=CARTESIAN_POINT('',(-3.990071801245E0,-2.251043242372E0,
-6.031249519981E0));
#8804=CARTESIAN_POINT('',(-4.553387712745E0,-5.045086674591E-1,
-6.095437019981E0));
#8805=CARTESIAN_POINT('',(-4.386068239717E0,1.322979234405E0,
-6.159624519981E0));
#8806=CARTESIAN_POINT('',(-3.514961420418E0,2.938182239259E0,
-6.223812019981E0));
#8807=CARTESIAN_POINT('',(-2.079844823999E0,4.081925301400E0,
-6.287999519981E0));
#8808=CARTESIAN_POINT('',(-3.109968788321E-1,4.570683712474E0,
-6.352187019981E0));
#8809=CARTESIAN_POINT('',(1.507753543015E0,4.326031427492E0,-6.416374519981E0));
#8810=CARTESIAN_POINT('',(3.084570231305E0,3.387225287203E0,-6.480562019981E0));
#8811=CARTESIAN_POINT('',(4.166437598512E0,1.904905875845E0,-6.544749519981E0));
#8812=CARTESIAN_POINT('',(4.579759493875E0,1.169257729553E-1,
-6.608937019981E0));
#8813=CARTESIAN_POINT('',(4.258214395706E0,-1.689816208446E0,
-6.673124519981E0));
#8814=CARTESIAN_POINT('',(3.253397345160E0,-3.225410729291E0,
-6.737312019981E0));
#8815=CARTESIAN_POINT('',(1.726541019626E0,-4.243456700106E0,
-6.801499519981E0));
#8816=CARTESIAN_POINT('',(-7.735561992497E-2,-4.580598734466E0,
-6.865687019981E0));
#8817=CARTESIAN_POINT('',(-1.868839797223E0,-4.182739110970E0,
-6.929874519981E0));
#8818=CARTESIAN_POINT('',(-3.360450436397E0,-3.113718279267E0,
-6.994062019981E0));
#8819=CARTESIAN_POINT('',(-4.312844089961E0,-1.545071038435E0,
-7.058249519981E0));
#8820=CARTESIAN_POINT('',(-4.573199924900E0,2.714978913686E-1,
-7.122437019981E0));
#8821=CARTESIAN_POINT('',(-4.099741313004E0,2.044502341543E0,
-7.186624519981E0));
#8822=CARTESIAN_POINT('',(-2.968439297545E0,3.489446488330E0,
-7.250812019981E0));
#8823=CARTESIAN_POINT('',(-1.360822299827E0,4.374474977230E0,
-7.314999519981E0));
#8824=CARTESIAN_POINT('',(4.651518831409E-1,4.557576371684E0,
-7.379187019981E0));
#8825=CARTESIAN_POINT('',(2.216487918327E0,4.009370270507E0,-7.443374519981E0));
#8826=CARTESIAN_POINT('',(3.612166890106E0,2.817821679275E0,-7.507562019981E0));
#8827=CARTESIAN_POINT('',(4.428238520850E0,1.174126168854E0,-7.571749519981E0));
#8828=CARTESIAN_POINT('',(4.533756173323E0,-6.579693151494E-1,
-7.635937019981E0));
#8829=CARTESIAN_POINT('',(3.911788512415E0,-2.384487217442E0,
-7.700124519981E0));
#8830=CARTESIAN_POINT('',(2.662136306188E0,-3.728390933118E0,
-7.764312019981E0));
#8831=CARTESIAN_POINT('',(9.853184080313E-1,-4.474038029533E0,
-7.828499519981E0));
#8832=CARTESIAN_POINT('',(-8.496033965764E-1,-4.501782167363E0,
-7.892687019981E0));
#8833=CARTESIAN_POINT('',(-2.548198154849E0,-3.807171544640E0,
-7.956874519981E0));
#8834=CARTESIAN_POINT('',(-3.837909379841E0,-2.501663141542E0,
-8.021062019981E0));
#8835=CARTESIAN_POINT('',(-4.511791927714E0,-7.947386994460E-1,
-8.085249519981E0));
#8836=CARTESIAN_POINT('',(-4.461708897380E0,1.039709919664E0,
-8.149437019981E0));
#8837=CARTESIAN_POINT('',(-3.695718566252E0,2.707324661480E0,
-8.213624519981E0));
#8838=CARTESIAN_POINT('',(-2.336649555283E0,3.940531387695E0,
-8.277812019981E0));
#8839=CARTESIAN_POINT('',(-1.180805643332E0,4.341116773523E0,
-8.320603686647E0));
#8840=CARTESIAN_POINT('',(-5.866104972073E-1,4.419977160678E0,
-8.341999519981E0));
#8841=CARTESIAN_POINT('',(-3.231035638639E0,3.072575251835E0,
-4.325333173327E0));
#8842=CARTESIAN_POINT('',(-2.817977101372E0,3.506936250466E0,
-4.346729006660E0));
#8843=CARTESIAN_POINT('',(-1.814508711141E0,4.206575436005E0,
-4.389520673327E0));
#8844=CARTESIAN_POINT('',(-1.798279056140E-2,4.581224635710E0,
-4.453708173327E0));
#8845=CARTESIAN_POINT('',(1.781383695674E0,4.220724479375E0,-4.517895673327E0));
#8846=CARTESIAN_POINT('',(3.294921870462E0,3.182980657644E0,-4.582083173327E0));
#8847=CARTESIAN_POINT('',(4.279754528814E0,1.634493210360E0,-4.646270673327E0));
#8848=CARTESIAN_POINT('',(4.577859775453E0,-1.762636745796E-1,
-4.710458173327E0));
#8849=CARTESIAN_POINT('',(4.141402625176E0,-1.958737580700E0,
-4.774645673327E0));
#8850=CARTESIAN_POINT('',(3.040417170319E0,-3.426912908923E0,
-4.838833173327E0));
#8851=CARTESIAN_POINT('',(1.451567166197E0,-4.345206718316E0,
-4.903020673327E0));
#8852=CARTESIAN_POINT('',(-3.702009159048E-1,-4.566269805637E0,
-4.967208173327E0));
#8853=CARTESIAN_POINT('',(-2.132566658436E0,-4.054630452477E0,
-5.031395673327E0));
#8854=CARTESIAN_POINT('',(-3.552741320332E0,-2.892386172131E0,
-5.095583173327E0));
#8855=CARTESIAN_POINT('',(-4.402844052475E0,-1.266030373946E0,
-5.159770673327E0));
#8856=CARTESIAN_POINT('',(-4.546467595859E0,5.634723222307E-1,
-5.223958173327E0));
#8857=CARTESIAN_POINT('',(-3.960566154840E0,2.302560399046E0,
-5.288145673327E0));
#8858=CARTESIAN_POINT('',(-2.739153319218E0,3.672180245023E0,
-5.352333173327E0));
#8859=CARTESIAN_POINT('',(-1.078216668598E0,4.452563022988E0,
-5.416520673327E0));
#8860=CARTESIAN_POINT('',(7.557303426504E-1,4.518488719397E0,
-5.480708173327E0));
#8861=CARTESIAN_POINT('',(2.468413063587E0,3.859378914493E0,-5.544895673327E0));
#8862=CARTESIAN_POINT('',(3.785014879127E0,2.580994192731E0,-5.609083173327E0));
#8863=CARTESIAN_POINT('',(4.494274211197E0,8.884638274538E-1,
-5.673270673327E0));
#8864=CARTESIAN_POINT('',(4.482383495516E0,-9.466292078979E-1,
-5.737458173327E0));
#8865=CARTESIAN_POINT('',(3.751250713169E0,-2.629826371659E0,
-5.801645673327E0));
#8866=CARTESIAN_POINT('',(2.418193236466E0,-3.891042293427E0,
-5.865833173327E0));
#8867=CARTESIAN_POINT('',(6.971131145031E-1,-4.527902600952E0,
-5.930020673327E0));
#8868=CARTESIAN_POINT('',(-1.135825592892E0,-4.438216858227E0,
-5.994208173327E0));
#8869=CARTESIAN_POINT('',(-2.786510026948E0,-3.636376015739E0,
-6.058395673327E0));
#8870=CARTESIAN_POINT('',(-3.990071801245E0,-2.251043242372E0,
-6.122583173327E0));
#8871=CARTESIAN_POINT('',(-4.553387712745E0,-5.045086674591E-1,
-6.186770673327E0));
#8872=CARTESIAN_POINT('',(-4.386068239717E0,1.322979234405E0,
-6.250958173327E0));
#8873=CARTESIAN_POINT('',(-3.514961420418E0,2.938182239259E0,
-6.315145673327E0));
#8874=CARTESIAN_POINT('',(-2.079844823999E0,4.081925301400E0,
-6.379333173327E0));
#8875=CARTESIAN_POINT('',(-3.109968788321E-1,4.570683712474E0,
-6.443520673327E0));
#8876=CARTESIAN_POINT('',(1.507753543015E0,4.326031427492E0,-6.507708173327E0));
#8877=CARTESIAN_POINT('',(3.084570231305E0,3.387225287203E0,-6.571895673327E0));
#8878=CARTESIAN_POINT('',(4.166437598512E0,1.904905875845E0,-6.636083173327E0));
#8879=CARTESIAN_POINT('',(4.579759493875E0,1.169257729553E-1,
-6.700270673327E0));
#8880=CARTESIAN_POINT('',(4.258214395706E0,-1.689816208446E0,
-6.764458173327E0));
#8881=CARTESIAN_POINT('',(3.253397345160E0,-3.225410729291E0,
-6.828645673327E0));
#8882=CARTESIAN_POINT('',(1.726541019626E0,-4.243456700106E0,
-6.892833173327E0));
#8883=CARTESIAN_POINT('',(-7.735561992497E-2,-4.580598734466E0,
-6.957020673327E0));
#8884=CARTESIAN_POINT('',(-1.868839797223E0,-4.182739110970E0,
-7.021208173327E0));
#8885=CARTESIAN_POINT('',(-3.360450436397E0,-3.113718279267E0,
-7.085395673327E0));
#8886=CARTESIAN_POINT('',(-4.312844089961E0,-1.545071038435E0,
-7.149583173327E0));
#8887=CARTESIAN_POINT('',(-4.573199924900E0,2.714978913686E-1,
-7.213770673327E0));
#8888=CARTESIAN_POINT('',(-4.099741313004E0,2.044502341543E0,
-7.277958173327E0));
#8889=CARTESIAN_POINT('',(-2.968439297545E0,3.489446488330E0,
-7.342145673327E0));
#8890=CARTESIAN_POINT('',(-1.360822299827E0,4.374474977230E0,
-7.406333173327E0));
#8891=CARTESIAN_POINT('',(4.651518831409E-1,4.557576371684E0,
-7.470520673327E0));
#8892=CARTESIAN_POINT('',(2.216487918327E0,4.009370270507E0,-7.534708173327E0));
#8893=CARTESIAN_POINT('',(3.612166890106E0,2.817821679275E0,-7.598895673327E0));
#8894=CARTESIAN_POINT('',(4.428238520850E0,1.174126168854E0,-7.663083173327E0));
#8895=CARTESIAN_POINT('',(4.533756173323E0,-6.579693151494E-1,
-7.727270673327E0));
#8896=CARTESIAN_POINT('',(3.911788512415E0,-2.384487217442E0,
-7.791458173327E0));
#8897=CARTESIAN_POINT('',(2.662136306188E0,-3.728390933118E0,
-7.855645673327E0));
#8898=CARTESIAN_POINT('',(9.853184080313E-1,-4.474038029533E0,
-7.919833173327E0));
#8899=CARTESIAN_POINT('',(-8.496033965764E-1,-4.501782167363E0,
-7.984020673327E0));
#8900=CARTESIAN_POINT('',(-2.548198154849E0,-3.807171544640E0,
-8.048208173327E0));
#8901=CARTESIAN_POINT('',(-3.837909379841E0,-2.501663141542E0,
-8.112395673327E0));
#8902=CARTESIAN_POINT('',(-4.511791927714E0,-7.947386994460E-1,
-8.176583173327E0));
#8903=CARTESIAN_POINT('',(-4.461708897380E0,1.039709919664E0,
-8.240770673327E0));
#8904=CARTESIAN_POINT('',(-3.695718566252E0,2.707324661480E0,
-8.304958173327E0));
#8905=CARTESIAN_POINT('',(-2.336649555283E0,3.940531387695E0,
-8.369145673327E0));
#8906=CARTESIAN_POINT('',(-1.180805643332E0,4.341116773523E0,
-8.411937339994E0));
#8907=CARTESIAN_POINT('',(-5.866104972073E-1,4.419977160678E0,
-8.433333173327E0));
#8908=CARTESIAN_POINT('',(-3.231035638639E0,3.072575251835E0,
-4.416666826673E0));
#8909=CARTESIAN_POINT('',(-2.817977101372E0,3.506936250466E0,
-4.438062660006E0));
#8910=CARTESIAN_POINT('',(-1.814508711141E0,4.206575436005E0,
-4.480854326673E0));
#8911=CARTESIAN_POINT('',(-1.798279056140E-2,4.581224635710E0,
-4.545041826673E0));
#8912=CARTESIAN_POINT('',(1.781383695674E0,4.220724479375E0,-4.609229326673E0));
#8913=CARTESIAN_POINT('',(3.294921870462E0,3.182980657644E0,-4.673416826673E0));
#8914=CARTESIAN_POINT('',(4.279754528814E0,1.634493210360E0,-4.737604326673E0));
#8915=CARTESIAN_POINT('',(4.577859775453E0,-1.762636745796E-1,
-4.801791826673E0));
#8916=CARTESIAN_POINT('',(4.141402625176E0,-1.958737580700E0,
-4.865979326673E0));
#8917=CARTESIAN_POINT('',(3.040417170319E0,-3.426912908923E0,
-4.930166826673E0));
#8918=CARTESIAN_POINT('',(1.451567166197E0,-4.345206718316E0,
-4.994354326673E0));
#8919=CARTESIAN_POINT('',(-3.702009159048E-1,-4.566269805637E0,
-5.058541826673E0));
#8920=CARTESIAN_POINT('',(-2.132566658436E0,-4.054630452477E0,
-5.122729326673E0));
#8921=CARTESIAN_POINT('',(-3.552741320332E0,-2.892386172131E0,
-5.186916826673E0));
#8922=CARTESIAN_POINT('',(-4.402844052475E0,-1.266030373947E0,
-5.251104326673E0));
#8923=CARTESIAN_POINT('',(-4.546467595859E0,5.634723222307E-1,
-5.315291826673E0));
#8924=CARTESIAN_POINT('',(-3.960566154840E0,2.302560399046E0,
-5.379479326673E0));
#8925=CARTESIAN_POINT('',(-2.739153319218E0,3.672180245023E0,
-5.443666826673E0));
#8926=CARTESIAN_POINT('',(-1.078216668598E0,4.452563022988E0,
-5.507854326673E0));
#8927=CARTESIAN_POINT('',(7.557303426504E-1,4.518488719397E0,
-5.572041826673E0));
#8928=CARTESIAN_POINT('',(2.468413063587E0,3.859378914493E0,-5.636229326673E0));
#8929=CARTESIAN_POINT('',(3.785014879127E0,2.580994192731E0,-5.700416826673E0));
#8930=CARTESIAN_POINT('',(4.494274211197E0,8.884638274538E-1,
-5.764604326673E0));
#8931=CARTESIAN_POINT('',(4.482383495516E0,-9.466292078979E-1,
-5.828791826673E0));
#8932=CARTESIAN_POINT('',(3.751250713169E0,-2.629826371659E0,
-5.892979326673E0));
#8933=CARTESIAN_POINT('',(2.418193236466E0,-3.891042293427E0,
-5.957166826673E0));
#8934=CARTESIAN_POINT('',(6.971131145031E-1,-4.527902600952E0,
-6.021354326673E0));
#8935=CARTESIAN_POINT('',(-1.135825592892E0,-4.438216858227E0,
-6.085541826673E0));
#8936=CARTESIAN_POINT('',(-2.786510026948E0,-3.636376015739E0,
-6.149729326673E0));
#8937=CARTESIAN_POINT('',(-3.990071801245E0,-2.251043242372E0,
-6.213916826673E0));
#8938=CARTESIAN_POINT('',(-4.553387712745E0,-5.045086674591E-1,
-6.278104326673E0));
#8939=CARTESIAN_POINT('',(-4.386068239717E0,1.322979234405E0,
-6.342291826673E0));
#8940=CARTESIAN_POINT('',(-3.514961420418E0,2.938182239259E0,
-6.406479326673E0));
#8941=CARTESIAN_POINT('',(-2.079844823999E0,4.081925301400E0,
-6.470666826673E0));
#8942=CARTESIAN_POINT('',(-3.109968788321E-1,4.570683712474E0,
-6.534854326673E0));
#8943=CARTESIAN_POINT('',(1.507753543015E0,4.326031427492E0,-6.599041826673E0));
#8944=CARTESIAN_POINT('',(3.084570231305E0,3.387225287203E0,-6.663229326673E0));
#8945=CARTESIAN_POINT('',(4.166437598512E0,1.904905875845E0,-6.727416826673E0));
#8946=CARTESIAN_POINT('',(4.579759493875E0,1.169257729553E-1,
-6.791604326673E0));
#8947=CARTESIAN_POINT('',(4.258214395706E0,-1.689816208446E0,
-6.855791826673E0));
#8948=CARTESIAN_POINT('',(3.253397345160E0,-3.225410729291E0,
-6.919979326673E0));
#8949=CARTESIAN_POINT('',(1.726541019626E0,-4.243456700106E0,
-6.984166826673E0));
#8950=CARTESIAN_POINT('',(-7.735561992498E-2,-4.580598734466E0,
-7.048354326673E0));
#8951=CARTESIAN_POINT('',(-1.868839797223E0,-4.182739110970E0,
-7.112541826673E0));
#8952=CARTESIAN_POINT('',(-3.360450436397E0,-3.113718279267E0,
-7.176729326673E0));
#8953=CARTESIAN_POINT('',(-4.312844089961E0,-1.545071038435E0,
-7.240916826673E0));
#8954=CARTESIAN_POINT('',(-4.573199924900E0,2.714978913686E-1,
-7.305104326673E0));
#8955=CARTESIAN_POINT('',(-4.099741313004E0,2.044502341543E0,
-7.369291826673E0));
#8956=CARTESIAN_POINT('',(-2.968439297545E0,3.489446488330E0,
-7.433479326673E0));
#8957=CARTESIAN_POINT('',(-1.360822299827E0,4.374474977230E0,
-7.497666826673E0));
#8958=CARTESIAN_POINT('',(4.651518831409E-1,4.557576371684E0,
-7.561854326673E0));
#8959=CARTESIAN_POINT('',(2.216487918327E0,4.009370270507E0,-7.626041826673E0));
#8960=CARTESIAN_POINT('',(3.612166890106E0,2.817821679275E0,-7.690229326673E0));
#8961=CARTESIAN_POINT('',(4.428238520850E0,1.174126168854E0,-7.754416826673E0));
#8962=CARTESIAN_POINT('',(4.533756173323E0,-6.579693151494E-1,
-7.818604326673E0));
#8963=CARTESIAN_POINT('',(3.911788512415E0,-2.384487217442E0,
-7.882791826673E0));
#8964=CARTESIAN_POINT('',(2.662136306188E0,-3.728390933118E0,
-7.946979326673E0));
#8965=CARTESIAN_POINT('',(9.853184080313E-1,-4.474038029533E0,
-8.011166826673E0));
#8966=CARTESIAN_POINT('',(-8.496033965764E-1,-4.501782167363E0,
-8.075354326673E0));
#8967=CARTESIAN_POINT('',(-2.548198154849E0,-3.807171544640E0,
-8.139541826673E0));
#8968=CARTESIAN_POINT('',(-3.837909379841E0,-2.501663141542E0,
-8.203729326673E0));
#8969=CARTESIAN_POINT('',(-4.511791927714E0,-7.947386994460E-1,
-8.267916826673E0));
#8970=CARTESIAN_POINT('',(-4.461708897380E0,1.039709919664E0,
-8.332104326673E0));
#8971=CARTESIAN_POINT('',(-3.695718566252E0,2.707324661480E0,
-8.396291826673E0));
#8972=CARTESIAN_POINT('',(-2.336649555283E0,3.940531387695E0,
-8.460479326673E0));
#8973=CARTESIAN_POINT('',(-1.180805643332E0,4.341116773523E0,
-8.503270993340E0));
#8974=CARTESIAN_POINT('',(-5.866104972073E-1,4.419977160678E0,
-8.524666826673E0));
#8975=CARTESIAN_POINT('',(-3.231035638639E0,3.072575251835E0,
-4.508000480019E0));
#8976=CARTESIAN_POINT('',(-2.817977101372E0,3.506936250466E0,
-4.529396313353E0));
#8977=CARTESIAN_POINT('',(-1.814508711141E0,4.206575436005E0,
-4.572187980019E0));
#8978=CARTESIAN_POINT('',(-1.798279056140E-2,4.581224635710E0,
-4.636375480019E0));
#8979=CARTESIAN_POINT('',(1.781383695674E0,4.220724479375E0,-4.700562980019E0));
#8980=CARTESIAN_POINT('',(3.294921870462E0,3.182980657644E0,-4.764750480019E0));
#8981=CARTESIAN_POINT('',(4.279754528814E0,1.634493210360E0,-4.828937980019E0));
#8982=CARTESIAN_POINT('',(4.577859775453E0,-1.762636745796E-1,
-4.893125480019E0));
#8983=CARTESIAN_POINT('',(4.141402625176E0,-1.958737580700E0,
-4.957312980019E0));
#8984=CARTESIAN_POINT('',(3.040417170319E0,-3.426912908923E0,
-5.021500480019E0));
#8985=CARTESIAN_POINT('',(1.451567166197E0,-4.345206718316E0,
-5.085687980019E0));
#8986=CARTESIAN_POINT('',(-3.702009159048E-1,-4.566269805637E0,
-5.149875480019E0));
#8987=CARTESIAN_POINT('',(-2.132566658436E0,-4.054630452477E0,
-5.214062980019E0));
#8988=CARTESIAN_POINT('',(-3.552741320332E0,-2.892386172131E0,
-5.278250480019E0));
#8989=CARTESIAN_POINT('',(-4.402844052475E0,-1.266030373947E0,
-5.342437980019E0));
#8990=CARTESIAN_POINT('',(-4.546467595859E0,5.634723222307E-1,
-5.406625480019E0));
#8991=CARTESIAN_POINT('',(-3.960566154840E0,2.302560399046E0,
-5.470812980019E0));
#8992=CARTESIAN_POINT('',(-2.739153319218E0,3.672180245023E0,
-5.535000480019E0));
#8993=CARTESIAN_POINT('',(-1.078216668598E0,4.452563022988E0,
-5.599187980019E0));
#8994=CARTESIAN_POINT('',(7.557303426504E-1,4.518488719397E0,
-5.663375480019E0));
#8995=CARTESIAN_POINT('',(2.468413063587E0,3.859378914493E0,-5.727562980019E0));
#8996=CARTESIAN_POINT('',(3.785014879127E0,2.580994192731E0,-5.791750480019E0));
#8997=CARTESIAN_POINT('',(4.494274211197E0,8.884638274538E-1,
-5.855937980019E0));
#8998=CARTESIAN_POINT('',(4.482383495516E0,-9.466292078979E-1,
-5.920125480019E0));
#8999=CARTESIAN_POINT('',(3.751250713169E0,-2.629826371659E0,
-5.984312980019E0));
#9000=CARTESIAN_POINT('',(2.418193236466E0,-3.891042293427E0,
-6.048500480019E0));
#9001=CARTESIAN_POINT('',(6.971131145031E-1,-4.527902600952E0,
-6.112687980019E0));
#9002=CARTESIAN_POINT('',(-1.135825592892E0,-4.438216858227E0,
-6.176875480019E0));
#9003=CARTESIAN_POINT('',(-2.786510026948E0,-3.636376015739E0,
-6.241062980019E0));
#9004=CARTESIAN_POINT('',(-3.990071801245E0,-2.251043242372E0,
-6.305250480019E0));
#9005=CARTESIAN_POINT('',(-4.553387712745E0,-5.045086674591E-1,
-6.369437980019E0));
#9006=CARTESIAN_POINT('',(-4.386068239717E0,1.322979234405E0,
-6.433625480019E0));
#9007=CARTESIAN_POINT('',(-3.514961420418E0,2.938182239259E0,
-6.497812980019E0));
#9008=CARTESIAN_POINT('',(-2.079844823999E0,4.081925301400E0,
-6.562000480019E0));
#9009=CARTESIAN_POINT('',(-3.109968788321E-1,4.570683712474E0,
-6.626187980019E0));
#9010=CARTESIAN_POINT('',(1.507753543015E0,4.326031427492E0,-6.690375480019E0));
#9011=CARTESIAN_POINT('',(3.084570231305E0,3.387225287203E0,-6.754562980019E0));
#9012=CARTESIAN_POINT('',(4.166437598512E0,1.904905875845E0,-6.818750480019E0));
#9013=CARTESIAN_POINT('',(4.579759493875E0,1.169257729553E-1,
-6.882937980019E0));
#9014=CARTESIAN_POINT('',(4.258214395706E0,-1.689816208446E0,
-6.947125480019E0));
#9015=CARTESIAN_POINT('',(3.253397345160E0,-3.225410729291E0,
-7.011312980019E0));
#9016=CARTESIAN_POINT('',(1.726541019626E0,-4.243456700106E0,
-7.075500480019E0));
#9017=CARTESIAN_POINT('',(-7.735561992498E-2,-4.580598734466E0,
-7.139687980019E0));
#9018=CARTESIAN_POINT('',(-1.868839797223E0,-4.182739110970E0,
-7.203875480019E0));
#9019=CARTESIAN_POINT('',(-3.360450436397E0,-3.113718279267E0,
-7.268062980019E0));
#9020=CARTESIAN_POINT('',(-4.312844089961E0,-1.545071038435E0,
-7.332250480019E0));
#9021=CARTESIAN_POINT('',(-4.573199924900E0,2.714978913686E-1,
-7.396437980019E0));
#9022=CARTESIAN_POINT('',(-4.099741313004E0,2.044502341543E0,
-7.460625480019E0));
#9023=CARTESIAN_POINT('',(-2.968439297545E0,3.489446488330E0,
-7.524812980019E0));
#9024=CARTESIAN_POINT('',(-1.360822299827E0,4.374474977230E0,
-7.589000480019E0));
#9025=CARTESIAN_POINT('',(4.651518831409E-1,4.557576371684E0,
-7.653187980019E0));
#9026=CARTESIAN_POINT('',(2.216487918327E0,4.009370270507E0,-7.717375480019E0));
#9027=CARTESIAN_POINT('',(3.612166890106E0,2.817821679275E0,-7.781562980019E0));
#9028=CARTESIAN_POINT('',(4.428238520850E0,1.174126168854E0,-7.845750480019E0));
#9029=CARTESIAN_POINT('',(4.533756173323E0,-6.579693151494E-1,
-7.909937980019E0));
#9030=CARTESIAN_POINT('',(3.911788512415E0,-2.384487217442E0,
-7.974125480019E0));
#9031=CARTESIAN_POINT('',(2.662136306188E0,-3.728390933118E0,
-8.038312980019E0));
#9032=CARTESIAN_POINT('',(9.853184080313E-1,-4.474038029533E0,
-8.102500480019E0));
#9033=CARTESIAN_POINT('',(-8.496033965764E-1,-4.501782167363E0,
-8.166687980019E0));
#9034=CARTESIAN_POINT('',(-2.548198154849E0,-3.807171544640E0,
-8.230875480019E0));
#9035=CARTESIAN_POINT('',(-3.837909379841E0,-2.501663141542E0,
-8.295062980019E0));
#9036=CARTESIAN_POINT('',(-4.511791927714E0,-7.947386994460E-1,
-8.359250480019E0));
#9037=CARTESIAN_POINT('',(-4.461708897380E0,1.039709919664E0,
-8.423437980019E0));
#9038=CARTESIAN_POINT('',(-3.695718566252E0,2.707324661480E0,
-8.487625480019E0));
#9039=CARTESIAN_POINT('',(-2.336649555283E0,3.940531387695E0,
-8.551812980019E0));
#9040=CARTESIAN_POINT('',(-1.180805643332E0,4.341116773523E0,
-8.594604646686E0));
#9041=CARTESIAN_POINT('',(-5.866104972073E-1,4.419977160678E0,
-8.616000480019E0));
#9042=B_SPLINE_SURFACE_WITH_KNOTS('',3,3,((#8774,#8775,#8776,#8777,#8778,#8779,
#8780,#8781,#8782,#8783,#8784,#8785,#8786,#8787,#8788,#8789,#8790,#8791,#8792,
#8793,#8794,#8795,#8796,#8797,#8798,#8799,#8800,#8801,#8802,#8803,#8804,#8805,
#8806,#8807,#8808,#8809,#8810,#8811,#8812,#8813,#8814,#8815,#8816,#8817,#8818,
#8819,#8820,#8821,#8822,#8823,#8824,#8825,#8826,#8827,#8828,#8829,#8830,#8831,
#8832,#8833,#8834,#8835,#8836,#8837,#8838,#8839,#8840),(#8841,#8842,#8843,#8844,
#8845,#8846,#8847,#8848,#8849,#8850,#8851,#8852,#8853,#8854,#8855,#8856,#8857,
#8858,#8859,#8860,#8861,#8862,#8863,#8864,#8865,#8866,#8867,#8868,#8869,#8870,
#8871,#8872,#8873,#8874,#8875,#8876,#8877,#8878,#8879,#8880,#8881,#8882,#8883,
#8884,#8885,#8886,#8887,#8888,#8889,#8890,#8891,#8892,#8893,#8894,#8895,#8896,
#8897,#8898,#8899,#8900,#8901,#8902,#8903,#8904,#8905,#8906,#8907),(#8908,#8909,
#8910,#8911,#8912,#8913,#8914,#8915,#8916,#8917,#8918,#8919,#8920,#8921,#8922,
#8923,#8924,#8925,#8926,#8927,#8928,#8929,#8930,#8931,#8932,#8933,#8934,#8935,
#8936,#8937,#8938,#8939,#8940,#8941,#8942,#8943,#8944,#8945,#8946,#8947,#8948,
#8949,#8950,#8951,#8952,#8953,#8954,#8955,#8956,#8957,#8958,#8959,#8960,#8961,
#8962,#8963,#8964,#8965,#8966,#8967,#8968,#8969,#8970,#8971,#8972,#8973,#8974),(
#8975,#8976,#8977,#8978,#8979,#8980,#8981,#8982,#8983,#8984,#8985,#8986,#8987,
#8988,#8989,#8990,#8991,#8992,#8993,#8994,#8995,#8996,#8997,#8998,#8999,#9000,
#9001,#9002,#9003,#9004,#9005,#9006,#9007,#9008,#9009,#9010,#9011,#9012,#9013,
#9014,#9015,#9016,#9017,#9018,#9019,#9020,#9021,#9022,#9023,#9024,#9025,#9026,
#9027,#9028,#9029,#9030,#9031,#9032,#9033,#9034,#9035,#9036,#9037,#9038,#9039,
#9040,#9041)),.UNSPECIFIED.,.F.,.F.,.F.,(4,4),(4,1,1,1,1,1,1,1,1,1,1,1,1,1,1,1,
1,1,1,1,1,1,1,1,1,1,1,1,1,1,1,1,1,1,1,1,1,1,1,1,1,1,1,1,1,1,1,1,1,1,1,1,1,1,1,1,
1,1,1,1,1,1,1,1,4),(-4.800192007681E-2,1.048001920077E0),(-2.E-2,-3.75E-3,
1.25E-2,2.875E-2,4.5E-2,6.125E-2,7.75E-2,9.375E-2,1.1E-1,1.2625E-1,1.425E-1,
1.5875E-1,1.75E-1,1.9125E-1,2.075E-1,2.2375E-1,2.4E-1,2.5625E-1,2.725E-1,
2.8875E-1,3.05E-1,3.2125E-1,3.375E-1,3.5375E-1,3.7E-1,3.8625E-1,4.025E-1,
4.1875E-1,4.35E-1,4.5125E-1,4.675E-1,4.8375E-1,5.E-1,5.1625E-1,5.325E-1,
5.4875E-1,5.65E-1,5.8125E-1,5.975E-1,6.1375E-1,6.3E-1,6.4625E-1,6.625E-1,
6.7875E-1,6.95E-1,7.1125E-1,7.275E-1,7.4375E-1,7.6E-1,7.7625E-1,7.925E-1,
8.0875E-1,8.25E-1,8.4125E-1,8.575E-1,8.7375E-1,8.9E-1,9.0625E-1,9.225E-1,
9.3875E-1,9.55E-1,9.7125E-1,9.875E-1,1.00375E0,1.02E0),.UNSPECIFIED.);
#9043=ORIENTED_EDGE('',*,*,#5206,.T.);
#9044=ORIENTED_EDGE('',*,*,#5781,.T.);
#9045=ORIENTED_EDGE('',*,*,#4443,.T.);
#9047=ORIENTED_EDGE('',*,*,#9046,.F.);
#9048=ORIENTED_EDGE('',*,*,#6926,.F.);
#9049=EDGE_LOOP('',(#9043,#9044,#9045,#9047,#9048));
#9050=FACE_OUTER_BOUND('',#9049,.F.);
#9052=CARTESIAN_POINT('',(-2.674514250740E0,3.562118537998E0,
-8.260499519981E0));
#9053=CARTESIAN_POINT('',(-2.212115246049E0,3.956225738554E0,
-8.282166186647E0));
#9054=CARTESIAN_POINT('',(-1.111492357664E0,4.562265159788E0,
-8.325499519981E0));
#9055=CARTESIAN_POINT('',(1.705319152482E-1,4.682448243943E0,
-8.368832853314E0));
#9056=CARTESIAN_POINT('',(8.045543630551E-1,4.609888641051E0,
-8.390499519981E0));
#9057=CARTESIAN_POINT('',(-2.674514250740E0,3.562118537998E0,
-8.310166506660E0));
#9058=CARTESIAN_POINT('',(-2.212115246049E0,3.956225738554E0,
-8.331833173327E0));
#9059=CARTESIAN_POINT('',(-1.111492357664E0,4.562265159788E0,
-8.375166506660E0));
#9060=CARTESIAN_POINT('',(1.705319152482E-1,4.682448243943E0,
-8.418499839994E0));
#9061=CARTESIAN_POINT('',(8.045543630551E-1,4.609888641051E0,
-8.440166506660E0));
#9062=CARTESIAN_POINT('',(-2.674514250740E0,3.562118537998E0,
-8.359833493340E0));
#9063=CARTESIAN_POINT('',(-2.212115246049E0,3.956225738554E0,
-8.381500160006E0));
#9064=CARTESIAN_POINT('',(-1.111492357664E0,4.562265159788E0,
-8.424833493340E0));
#9065=CARTESIAN_POINT('',(1.705319152482E-1,4.682448243943E0,
-8.468166826673E0));
#9066=CARTESIAN_POINT('',(8.045543630551E-1,4.609888641051E0,
-8.489833493340E0));
#9067=CARTESIAN_POINT('',(-2.674514250740E0,3.562118537998E0,
-8.409500480019E0));
#9068=CARTESIAN_POINT('',(-2.212115246049E0,3.956225738554E0,
-8.431167146686E0));
#9069=CARTESIAN_POINT('',(-1.111492357664E0,4.562265159788E0,
-8.474500480019E0));
#9070=CARTESIAN_POINT('',(1.705319152482E-1,4.682448243943E0,
-8.517833813353E0));
#9071=CARTESIAN_POINT('',(8.045543630551E-1,4.609888641051E0,
-8.539500480019E0));
#9072=B_SPLINE_SURFACE_WITH_KNOTS('',3,3,((#9052,#9053,#9054,#9055,#9056),
(#9057,#9058,#9059,#9060,#9061),(#9062,#9063,#9064,#9065,#9066),(#9067,#9068,
#9069,#9070,#9071)),.UNSPECIFIED.,.F.,.F.,.F.,(4,4),(4,1,4),(-4.800192007680E-2,
5.480019200768E-1),(-5.E-3,1.25E-1,2.55E-1),.UNSPECIFIED.);
#9073=ORIENTED_EDGE('',*,*,#5177,.F.);
#9074=ORIENTED_EDGE('',*,*,#9046,.T.);
#9075=ORIENTED_EDGE('',*,*,#4441,.T.);
#9076=EDGE_LOOP('',(#9073,#9074,#9075));
#9077=FACE_OUTER_BOUND('',#9076,.F.);
#9079=CARTESIAN_POINT('',(0.E0,0.E0,-6.075E0));
#9080=DIRECTION('',(0.E0,0.E0,-1.E0));
#9081=DIRECTION('',(0.E0,-1.E0,0.E0));
#9082=AXIS2_PLACEMENT_3D('',#9079,#9080,#9081);
#9083=CONICAL_SURFACE('',#9082,5.75E0,7.330075576601E1);
#9085=ORIENTED_EDGE('',*,*,#9084,.T.);
#9087=ORIENTED_EDGE('',*,*,#9086,.T.);
#9088=ORIENTED_EDGE('',*,*,#6072,.T.);
#9090=ORIENTED_EDGE('',*,*,#9089,.T.);
#9091=EDGE_LOOP('',(#9085,#9087,#9088,#9090));
#9092=FACE_OUTER_BOUND('',#9091,.F.);
#9094=CARTESIAN_POINT('',(0.E0,0.E0,-6.075E0));
#9095=DIRECTION('',(0.E0,0.E0,-1.E0));
#9096=DIRECTION('',(0.E0,-1.E0,0.E0));
#9097=AXIS2_PLACEMENT_3D('',#9094,#9095,#9096);
#9098=CONICAL_SURFACE('',#9097,5.75E0,7.330075576601E1);
#9100=ORIENTED_EDGE('',*,*,#9099,.F.);
#9102=ORIENTED_EDGE('',*,*,#9101,.T.);
#9103=ORIENTED_EDGE('',*,*,#6068,.F.);
#9105=ORIENTED_EDGE('',*,*,#9104,.T.);
#9106=EDGE_LOOP('',(#9100,#9102,#9103,#9105));
#9107=FACE_OUTER_BOUND('',#9106,.F.);
#9109=CARTESIAN_POINT('',(0.E0,0.E0,-6.075E0));
#9110=DIRECTION('',(0.E0,0.E0,-1.E0));
#9111=DIRECTION('',(0.E0,-1.E0,0.E0));
#9112=AXIS2_PLACEMENT_3D('',#9109,#9110,#9111);
#9113=CONICAL_SURFACE('',#9112,5.75E0,7.330075576601E1);
#9114=ORIENTED_EDGE('',*,*,#6066,.T.);
#9116=ORIENTED_EDGE('',*,*,#9115,.T.);
#9118=ORIENTED_EDGE('',*,*,#9117,.T.);
#9120=ORIENTED_EDGE('',*,*,#9119,.T.);
#9121=EDGE_LOOP('',(#9114,#9116,#9118,#9120));
#9122=FACE_OUTER_BOUND('',#9121,.F.);
#9124=CARTESIAN_POINT('',(0.E0,0.E0,-6.075E0));
#9125=DIRECTION('',(0.E0,0.E0,-1.E0));
#9126=DIRECTION('',(0.E0,-1.E0,0.E0));
#9127=AXIS2_PLACEMENT_3D('',#9124,#9125,#9126);
#9128=CONICAL_SURFACE('',#9127,5.75E0,7.330075576601E1);
#9130=ORIENTED_EDGE('',*,*,#9129,.T.);
#9131=ORIENTED_EDGE('',*,*,#6076,.F.);
#9133=ORIENTED_EDGE('',*,*,#9132,.T.);
#9135=ORIENTED_EDGE('',*,*,#9134,.F.);
#9136=EDGE_LOOP('',(#9130,#9131,#9133,#9135));
#9137=FACE_OUTER_BOUND('',#9136,.F.);
#9139=CARTESIAN_POINT('',(0.E0,0.E0,-6.075E0));
#9140=DIRECTION('',(0.E0,0.E0,-1.E0));
#9141=DIRECTION('',(0.E0,-1.E0,0.E0));
#9142=AXIS2_PLACEMENT_3D('',#9139,#9140,#9141);
#9143=CONICAL_SURFACE('',#9142,5.75E0,7.330075576601E1);
#9145=ORIENTED_EDGE('',*,*,#9144,.T.);
#9146=ORIENTED_EDGE('',*,*,#6074,.F.);
#9148=ORIENTED_EDGE('',*,*,#9147,.T.);
#9150=ORIENTED_EDGE('',*,*,#9149,.F.);
#9151=EDGE_LOOP('',(#9145,#9146,#9148,#9150));
#9152=FACE_OUTER_BOUND('',#9151,.F.);
#9154=CARTESIAN_POINT('',(0.E0,0.E0,-8.E0));
#9155=DIRECTION('',(0.E0,0.E0,1.E0));
#9156=DIRECTION('',(1.E0,0.E0,0.E0));
#9157=AXIS2_PLACEMENT_3D('',#9154,#9155,#9156);
#9158=CYLINDRICAL_SURFACE('',#9157,6.E0);
#9160=ORIENTED_EDGE('',*,*,#9159,.F.);
#9162=ORIENTED_EDGE('',*,*,#9161,.T.);
#9163=ORIENTED_EDGE('',*,*,#9084,.F.);
#9165=ORIENTED_EDGE('',*,*,#9164,.F.);
#9166=EDGE_LOOP('',(#9160,#9162,#9163,#9165));
#9167=FACE_OUTER_BOUND('',#9166,.F.);
#9169=CARTESIAN_POINT('',(0.E0,0.E0,-7.925E0));
#9170=DIRECTION('',(0.E0,0.E0,1.E0));
#9171=DIRECTION('',(0.E0,1.E0,0.E0));
#9172=AXIS2_PLACEMENT_3D('',#9169,#9170,#9171);
#9173=CONICAL_SURFACE('',#9172,5.75E0,7.330075576601E1);
#9174=ORIENTED_EDGE('',*,*,#5195,.T.);
#9176=ORIENTED_EDGE('',*,*,#9175,.F.);
#9177=ORIENTED_EDGE('',*,*,#9159,.T.);
#9179=ORIENTED_EDGE('',*,*,#9178,.F.);
#9180=EDGE_LOOP('',(#9174,#9176,#9177,#9179));
#9181=FACE_OUTER_BOUND('',#9180,.F.);
#9183=CARTESIAN_POINT('',(0.E0,0.E0,-7.925E0));
#9184=DIRECTION('',(0.E0,0.E0,1.E0));
#9185=DIRECTION('',(0.E0,1.E0,0.E0));
#9186=AXIS2_PLACEMENT_3D('',#9183,#9184,#9185);
#9187=CONICAL_SURFACE('',#9186,5.75E0,7.330075576601E1);
#9189=ORIENTED_EDGE('',*,*,#9188,.T.);
#9191=ORIENTED_EDGE('',*,*,#9190,.F.);
#9192=ORIENTED_EDGE('',*,*,#5199,.T.);
#9194=ORIENTED_EDGE('',*,*,#9193,.F.);
#9195=EDGE_LOOP('',(#9189,#9191,#9192,#9194));
#9196=FACE_OUTER_BOUND('',#9195,.F.);
#9198=CARTESIAN_POINT('',(0.E0,0.E0,-7.925E0));
#9199=DIRECTION('',(0.E0,0.E0,1.E0));
#9200=DIRECTION('',(0.E0,1.E0,0.E0));
#9201=AXIS2_PLACEMENT_3D('',#9198,#9199,#9200);
#9202=CONICAL_SURFACE('',#9201,5.75E0,7.330075576601E1);
#9204=ORIENTED_EDGE('',*,*,#9203,.T.);
#9206=ORIENTED_EDGE('',*,*,#9205,.F.);
#9207=ORIENTED_EDGE('',*,*,#5189,.T.);
#9209=ORIENTED_EDGE('',*,*,#9208,.F.);
#9210=EDGE_LOOP('',(#9204,#9206,#9207,#9209));
#9211=FACE_OUTER_BOUND('',#9210,.F.);
#9213=CARTESIAN_POINT('',(0.E0,0.E0,-7.925E0));
#9214=DIRECTION('',(0.E0,0.E0,1.E0));
#9215=DIRECTION('',(0.E0,1.E0,0.E0));
#9216=AXIS2_PLACEMENT_3D('',#9213,#9214,#9215);
#9217=CONICAL_SURFACE('',#9216,5.75E0,7.330075576601E1);
#9219=ORIENTED_EDGE('',*,*,#9218,.F.);
#9221=ORIENTED_EDGE('',*,*,#9220,.T.);
#9223=ORIENTED_EDGE('',*,*,#9222,.F.);
#9224=ORIENTED_EDGE('',*,*,#5191,.T.);
#9225=EDGE_LOOP('',(#9219,#9221,#9223,#9224));
#9226=FACE_OUTER_BOUND('',#9225,.F.);
#9228=CARTESIAN_POINT('',(0.E0,0.E0,-7.925E0));
#9229=DIRECTION('',(0.E0,0.E0,1.E0));
#9230=DIRECTION('',(0.E0,1.E0,0.E0));
#9231=AXIS2_PLACEMENT_3D('',#9228,#9229,#9230);
#9232=CONICAL_SURFACE('',#9231,5.75E0,7.330075576601E1);
#9234=ORIENTED_EDGE('',*,*,#9233,.F.);
#9236=ORIENTED_EDGE('',*,*,#9235,.T.);
#9238=ORIENTED_EDGE('',*,*,#9237,.F.);
#9239=ORIENTED_EDGE('',*,*,#5193,.T.);
#9240=EDGE_LOOP('',(#9234,#9236,#9238,#9239));
#9241=FACE_OUTER_BOUND('',#9240,.F.);
#9243=CARTESIAN_POINT('',(-4.826655965730E0,-3.564181839986E0,-8.E0));
#9244=DIRECTION('',(-5.E-1,-8.660254037844E-1,0.E0));
#9245=DIRECTION('',(8.660254037844E-1,-5.E-1,0.E0));
#9246=AXIS2_PLACEMENT_3D('',#9243,#9244,#9245);
#9247=PLANE('',#9246);
#9248=ORIENTED_EDGE('',*,*,#9175,.T.);
#9249=ORIENTED_EDGE('',*,*,#9237,.T.);
#9251=ORIENTED_EDGE('',*,*,#9250,.T.);
#9252=ORIENTED_EDGE('',*,*,#9147,.F.);
#9253=ORIENTED_EDGE('',*,*,#9086,.F.);
#9254=ORIENTED_EDGE('',*,*,#9161,.F.);
#9255=EDGE_LOOP('',(#9248,#9249,#9251,#9252,#9253,#9254));
#9256=FACE_OUTER_BOUND('',#9255,.F.);
#9258=CARTESIAN_POINT('',(0.E0,0.E0,-8.E0));
#9259=DIRECTION('',(0.E0,0.E0,1.E0));
#9260=DIRECTION('',(1.E0,0.E0,0.E0));
#9261=AXIS2_PLACEMENT_3D('',#9258,#9259,#9260);
#9262=CYLINDRICAL_SURFACE('',#9261,6.E0);
#9263=ORIENTED_EDGE('',*,*,#9235,.F.);
#9265=ORIENTED_EDGE('',*,*,#9264,.T.);
#9266=ORIENTED_EDGE('',*,*,#9149,.T.);
#9267=ORIENTED_EDGE('',*,*,#9250,.F.);
#9268=EDGE_LOOP('',(#9263,#9265,#9266,#9267));
#9269=FACE_OUTER_BOUND('',#9268,.F.);
#9271=CARTESIAN_POINT('',(-5.5E0,2.397915761656E0,-8.E0));
#9272=DIRECTION('',(-1.E0,0.E0,0.E0));
#9273=DIRECTION('',(0.E0,-1.E0,0.E0));
#9274=AXIS2_PLACEMENT_3D('',#9271,#9272,#9273);
#9275=PLANE('',#9274);
#9276=ORIENTED_EDGE('',*,*,#9233,.T.);
#9277=ORIENTED_EDGE('',*,*,#9222,.T.);
#9279=ORIENTED_EDGE('',*,*,#9278,.T.);
#9280=ORIENTED_EDGE('',*,*,#9132,.F.);
#9281=ORIENTED_EDGE('',*,*,#9144,.F.);
#9282=ORIENTED_EDGE('',*,*,#9264,.F.);
#9283=EDGE_LOOP('',(#9276,#9277,#9279,#9280,#9281,#9282));
#9284=FACE_OUTER_BOUND('',#9283,.F.);
#9286=CARTESIAN_POINT('',(0.E0,0.E0,-8.E0));
#9287=DIRECTION('',(0.E0,0.E0,1.E0));
#9288=DIRECTION('',(1.E0,0.E0,0.E0));
#9289=AXIS2_PLACEMENT_3D('',#9286,#9287,#9288);
#9290=CYLINDRICAL_SURFACE('',#9289,6.E0);
#9291=ORIENTED_EDGE('',*,*,#9220,.F.);
#9293=ORIENTED_EDGE('',*,*,#9292,.T.);
#9294=ORIENTED_EDGE('',*,*,#9134,.T.);
#9295=ORIENTED_EDGE('',*,*,#9278,.F.);
#9296=EDGE_LOOP('',(#9291,#9293,#9294,#9295));
#9297=FACE_OUTER_BOUND('',#9296,.F.);
#9299=CARTESIAN_POINT('',(-6.733440342705E-1,5.962097601643E0,-8.E0));
#9300=DIRECTION('',(-5.E-1,8.660254037844E-1,0.E0));
#9301=DIRECTION('',(-8.660254037844E-1,-5.E-1,0.E0));
#9302=AXIS2_PLACEMENT_3D('',#9299,#9300,#9301);
#9303=PLANE('',#9302);
#9304=ORIENTED_EDGE('',*,*,#9218,.T.);
#9305=ORIENTED_EDGE('',*,*,#9205,.T.);
#9307=ORIENTED_EDGE('',*,*,#9306,.T.);
#9308=ORIENTED_EDGE('',*,*,#9115,.F.);
#9309=ORIENTED_EDGE('',*,*,#9129,.F.);
#9310=ORIENTED_EDGE('',*,*,#9292,.F.);
#9311=EDGE_LOOP('',(#9304,#9305,#9307,#9308,#9309,#9310));
#9312=FACE_OUTER_BOUND('',#9311,.F.);
#9314=CARTESIAN_POINT('',(0.E0,0.E0,-8.E0));
#9315=DIRECTION('',(0.E0,0.E0,1.E0));
#9316=DIRECTION('',(1.E0,0.E0,0.E0));
#9317=AXIS2_PLACEMENT_3D('',#9314,#9315,#9316);
#9318=CYLINDRICAL_SURFACE('',#9317,6.E0);
#9319=ORIENTED_EDGE('',*,*,#9203,.F.);
#9321=ORIENTED_EDGE('',*,*,#9320,.T.);
#9322=ORIENTED_EDGE('',*,*,#9117,.F.);
#9323=ORIENTED_EDGE('',*,*,#9306,.F.);
#9324=EDGE_LOOP('',(#9319,#9321,#9322,#9323));
#9325=FACE_OUTER_BOUND('',#9324,.F.);
#9327=CARTESIAN_POINT('',(4.826655965730E0,3.564181839986E0,-8.E0));
#9328=DIRECTION('',(5.E-1,8.660254037844E-1,0.E0));
#9329=DIRECTION('',(-8.660254037844E-1,5.E-1,0.E0));
#9330=AXIS2_PLACEMENT_3D('',#9327,#9328,#9329);
#9331=PLANE('',#9330);
#9332=ORIENTED_EDGE('',*,*,#9208,.T.);
#9333=ORIENTED_EDGE('',*,*,#9190,.T.);
#9335=ORIENTED_EDGE('',*,*,#9334,.T.);
#9336=ORIENTED_EDGE('',*,*,#9104,.F.);
#9337=ORIENTED_EDGE('',*,*,#9119,.F.);
#9338=ORIENTED_EDGE('',*,*,#9320,.F.);
#9339=EDGE_LOOP('',(#9332,#9333,#9335,#9336,#9337,#9338));
#9340=FACE_OUTER_BOUND('',#9339,.F.);
#9342=CARTESIAN_POINT('',(0.E0,0.E0,-8.E0));
#9343=DIRECTION('',(0.E0,0.E0,1.E0));
#9344=DIRECTION('',(1.E0,0.E0,0.E0));
#9345=AXIS2_PLACEMENT_3D('',#9342,#9343,#9344);
#9346=CYLINDRICAL_SURFACE('',#9345,6.E0);
#9347=ORIENTED_EDGE('',*,*,#9188,.F.);
#9349=ORIENTED_EDGE('',*,*,#9348,.T.);
#9350=ORIENTED_EDGE('',*,*,#9099,.T.);
#9351=ORIENTED_EDGE('',*,*,#9334,.F.);
#9352=EDGE_LOOP('',(#9347,#9349,#9350,#9351));
#9353=FACE_OUTER_BOUND('',#9352,.F.);
#9355=CARTESIAN_POINT('',(5.5E0,-2.397915761656E0,-8.E0));
#9356=DIRECTION('',(1.E0,0.E0,0.E0));
#9357=DIRECTION('',(0.E0,1.E0,0.E0));
#9358=AXIS2_PLACEMENT_3D('',#9355,#9356,#9357);
#9359=PLANE('',#9358);
#9360=ORIENTED_EDGE('',*,*,#9193,.T.);
#9362=ORIENTED_EDGE('',*,*,#9361,.T.);
#9364=ORIENTED_EDGE('',*,*,#9363,.T.);
#9366=ORIENTED_EDGE('',*,*,#9365,.F.);
#9367=ORIENTED_EDGE('',*,*,#9101,.F.);
#9368=ORIENTED_EDGE('',*,*,#9348,.F.);
#9369=EDGE_LOOP('',(#9360,#9362,#9364,#9366,#9367,#9368));
#9370=FACE_OUTER_BOUND('',#9369,.F.);
#9372=CARTESIAN_POINT('',(0.E0,0.E0,-7.925E0));
#9373=DIRECTION('',(0.E0,0.E0,1.E0));
#9374=DIRECTION('',(0.E0,1.E0,0.E0));
#9375=AXIS2_PLACEMENT_3D('',#9372,#9373,#9374);
#9376=CONICAL_SURFACE('',#9375,5.75E0,7.330075576601E1);
#9378=ORIENTED_EDGE('',*,*,#9377,.F.);
#9380=ORIENTED_EDGE('',*,*,#9379,.T.);
#9381=ORIENTED_EDGE('',*,*,#9361,.F.);
#9382=ORIENTED_EDGE('',*,*,#5197,.T.);
#9383=EDGE_LOOP('',(#9378,#9380,#9381,#9382));
#9384=FACE_OUTER_BOUND('',#9383,.F.);
#9386=CARTESIAN_POINT('',(6.733440342705E-1,-5.962097601643E0,-8.E0));
#9387=DIRECTION('',(5.E-1,-8.660254037844E-1,0.E0));
#9388=DIRECTION('',(8.660254037844E-1,5.E-1,0.E0));
#9389=AXIS2_PLACEMENT_3D('',#9386,#9387,#9388);
#9390=PLANE('',#9389);
#9391=ORIENTED_EDGE('',*,*,#9377,.T.);
#9392=ORIENTED_EDGE('',*,*,#9178,.T.);
#9393=ORIENTED_EDGE('',*,*,#9164,.T.);
#9394=ORIENTED_EDGE('',*,*,#9089,.F.);
#9396=ORIENTED_EDGE('',*,*,#9395,.F.);
#9398=ORIENTED_EDGE('',*,*,#9397,.F.);
#9399=EDGE_LOOP('',(#9391,#9392,#9393,#9394,#9396,#9398));
#9400=FACE_OUTER_BOUND('',#9399,.F.);
#9402=CARTESIAN_POINT('',(0.E0,0.E0,-6.075E0));
#9403=DIRECTION('',(0.E0,0.E0,-1.E0));
#9404=DIRECTION('',(0.E0,-1.E0,0.E0));
#9405=AXIS2_PLACEMENT_3D('',#9402,#9403,#9404);
#9406=CONICAL_SURFACE('',#9405,5.75E0,7.330075576601E1);
#9407=ORIENTED_EDGE('',*,*,#9395,.T.);
#9408=ORIENTED_EDGE('',*,*,#6070,.F.);
#9409=ORIENTED_EDGE('',*,*,#9365,.T.);
#9411=ORIENTED_EDGE('',*,*,#9410,.F.);
#9412=EDGE_LOOP('',(#9407,#9408,#9409,#9411));
#9413=FACE_OUTER_BOUND('',#9412,.F.);
#9415=CARTESIAN_POINT('',(0.E0,0.E0,-8.E0));
#9416=DIRECTION('',(0.E0,0.E0,1.E0));
#9417=DIRECTION('',(1.E0,0.E0,0.E0));
#9418=AXIS2_PLACEMENT_3D('',#9415,#9416,#9417);
#9419=CYLINDRICAL_SURFACE('',#9418,6.E0);
#9420=ORIENTED_EDGE('',*,*,#9379,.F.);
#9421=ORIENTED_EDGE('',*,*,#9397,.T.);
#9422=ORIENTED_EDGE('',*,*,#9410,.T.);
#9423=ORIENTED_EDGE('',*,*,#9363,.F.);
#9424=EDGE_LOOP('',(#9420,#9421,#9422,#9423));
#9425=FACE_OUTER_BOUND('',#9424,.F.);
#9427=CLOSED_SHELL('',(#3996,#4014,#4028,#4044,#4060,#4072,#4088,#4104,#4124,
#4136,#4151,#4166,#4181,#4198,#4215,#4230,#4245,#4260,#4275,#4288,#4304,#4321,
#4333,#4347,#4361,#4375,#4389,#4401,#4413,#4431,#4459,#4474,#4487,#4502,#4539,
#4554,#4595,#4609,#4623,#4636,#4649,#4663,#4677,#4689,#4701,#4713,#4725,#4737,
#4752,#4767,#4782,#4798,#4815,#4830,#4844,#4872,#4887,#4900,#4916,#4934,#4952,
#4966,#4978,#4992,#5004,#5019,#5032,#5042,#5054,#5066,#5080,#5092,#5106,#5118,
#5131,#5143,#5183,#5219,#5505,#5785,#6060,#6093,#6378,#6653,#6931,#7224,#7246,
#7261,#7274,#7289,#7302,#7318,#7333,#7346,#7362,#7379,#7396,#7423,#7436,#7453,
#7466,#7480,#7546,#7560,#7571,#7585,#7599,#7613,#7641,#7656,#7669,#7684,#7697,
#7709,#7719,#7731,#7746,#7760,#7773,#7785,#7800,#7814,#7827,#7839,#7851,#7864,
#7928,#8220,#8497,#8773,#9051,#9078,#9093,#9108,#9123,#9138,#9153,#9168,#9182,
#9197,#9212,#9227,#9242,#9257,#9270,#9285,#9298,#9313,#9326,#9341,#9354,#9371,
#9385,#9401,#9414,#9426));
#9428=MANIFOLD_SOLID_BREP('',#9427);
#9431=PLANE_ANGLE_MEASURE_WITH_UNIT(PLANE_ANGLE_MEASURE(1.745329251994E-2),
#9430);
#9432=(CONVERSION_BASED_UNIT('DEGREE',#9431)NAMED_UNIT(*)PLANE_ANGLE_UNIT());
#9434=UNCERTAINTY_MEASURE_WITH_UNIT(LENGTH_MEASURE(1.E-3),#9429,
'distance_accuracy_value',
'Maximum model space distance between geometric entities at asserted connectivities');
#9437=APPLICATION_CONTEXT('automotive_design');
#9438=APPLICATION_PROTOCOL_DEFINITION('international standard',
'automotive_design',2001,#9437);
#9439=PRODUCT_DEFINITION_CONTEXT('part definition',#9437,'design');
#9440=PRODUCT_CONTEXT('',#9437,'mechanical');
#9441=PRODUCT('C-T4041017031-000','C-T4041017031-000','NOT SPECIFIED',(#9440));
#9442=PRODUCT_DEFINITION_FORMATION('1','LAST_VERSION',#9441);
#9450=DERIVED_UNIT_ELEMENT(#9449,2.E0);
#9451=DERIVED_UNIT((#9450));
#9452=MEASURE_REPRESENTATION_ITEM('surface area measure',AREA_MEASURE(
1.207190627399E3),#9451);
#9457=DERIVED_UNIT_ELEMENT(#9456,3.E0);
#9458=DERIVED_UNIT((#9457));
#9459=MEASURE_REPRESENTATION_ITEM('volume measure',VOLUME_MEASURE(
1.171927336038E3),#9458);
#9463=CARTESIAN_POINT('centre point',(2.317434436310E-3,9.850380633749E-3,
-8.321633933677E0));
#9468=DERIVED_UNIT_ELEMENT(#9467,2.E0);
#9469=DERIVED_UNIT((#9468));
#9470=MEASURE_REPRESENTATION_ITEM('surface area measure',AREA_MEASURE(
1.207190627399E3),#9469);
#9475=DERIVED_UNIT_ELEMENT(#9474,3.E0);
#9476=DERIVED_UNIT((#9475));
#9477=MEASURE_REPRESENTATION_ITEM('volume measure',VOLUME_MEASURE(
1.171927336038E3),#9476);
#9481=CARTESIAN_POINT('centre point',(2.317434436310E-3,9.850380633749E-3,
-8.321633933677E0));
#9486=PRODUCT_RELATED_PRODUCT_CATEGORY('part','',(#9441));
#1=DRAUGHTING_PRE_DEFINED_COLOUR('black');
#2=COLOUR_RGB('',0.E0,0.E0,3.6E-1);
#3=COLOUR_RGB('',0.E0,0.E0,4.8E-1);
#4=DRAUGHTING_PRE_DEFINED_COLOUR('blue');
#5=COLOUR_RGB('',0.E0,5.8824E-2,4.58824E-1);
#6=COLOUR_RGB('',0.E0,1.80392E-1,4.78431E-1);
#7=COLOUR_RGB('',0.E0,3.6E-1,9.E-2);
#8=COLOUR_RGB('',0.E0,3.6E-1,2.7E-1);
#9=COLOUR_RGB('',0.E0,5.6E-1,6.4E-1);
#10=COLOUR_RGB('',0.E0,5.8E-1,8.E-1);
#11=COLOUR_RGB('',0.E0,7.1E-1,6.6E-1);
#12=COLOUR_RGB('',0.E0,7.13E-1,0.E0);
#13=COLOUR_RGB('',0.E0,9.5E-1,8.4E-1);
#14=DRAUGHTING_PRE_DEFINED_COLOUR('green');
#15=DRAUGHTING_PRE_DEFINED_COLOUR('cyan');
#16=COLOUR_RGB('',1.1765E-2,1.9608E-2,3.9216E-2);
#17=COLOUR_RGB('',4.E-2,0.E0,1.6E-1);
#18=COLOUR_RGB('',3.9216E-2,2.19608E-1,1.21569E-1);
#19=COLOUR_RGB('',3.9216E-2,3.60784E-1,2.E-1);
#20=COLOUR_RGB('',5.098E-2,7.0588E-2,1.01961E-1);
#21=COLOUR_RGB('',9.E-2,0.E0,1.2E-1);
#22=COLOUR_RGB('',9.0196E-2,1.60784E-1,1.09804E-1);
#23=COLOUR_RGB('',9.0196E-2,3.80392E-1,6.70588E-1);
#24=COLOUR_RGB('',1.E-1,0.E0,2.5E-1);
#25=COLOUR_RGB('',1.01961E-1,4.78431E-1,3.88235E-1);
#26=COLOUR_RGB('',1.09804E-1,1.4902E-1,9.0196E-2);
#27=COLOUR_RGB('',1.4902E-1,3.09804E-1,5.29412E-1);
#28=COLOUR_RGB('',1.4902E-1,4.E-1,1.60784E-1);
#29=COLOUR_RGB('',1.6E-1,3.2E-2,0.E0);
#30=COLOUR_RGB('',1.60784E-1,4.5098E-1,7.21569E-1);
#31=COLOUR_RGB('',1.6E-1,4.6E-1,6.5E-1);
#32=COLOUR_RGB('',1.6E-1,1.E0,1.6E-1);
#33=COLOUR_RGB('',2.E-1,3.2E-2,0.E0);
#34=COLOUR_RGB('',2.11765E-1,4.11765E-1,1.4902E-1);
#35=COLOUR_RGB('',2.39216E-1,2.39216E-1,2.31373E-1);
#36=COLOUR_RGB('',2.39216E-1,2.70588E-1,1.80392E-1);
#37=COLOUR_RGB('',2.5098E-1,2.90196E-1,3.29412E-1);
#38=COLOUR_RGB('',2.90196E-1,4.31373E-1,2.E-1);
#39=COLOUR_RGB('',3.1E-1,3.1E-1,5.6E-1);
#40=COLOUR_RGB('',3.09804E-1,6.58824E-1,2.E-1);
#41=COLOUR_RGB('',3.2E-1,1.5E-1,0.E0);
#42=COLOUR_RGB('',3.60784E-1,3.1373E-2,1.68627E-1);
#43=COLOUR_RGB('',3.68627E-1,2.E-1,1.21569E-1);
#44=COLOUR_RGB('',3.88235E-1,2.39216E-1,6.11765E-1);
#45=COLOUR_RGB('',4.E-1,4.E-1,4.E-1);
#46=COLOUR_RGB('',4.11765E-1,5.8824E-2,7.8431E-2);
#47=COLOUR_RGB('',4.11765E-1,3.29412E-1,2.19608E-1);
#48=COLOUR_RGB('',4.2E-1,4.2E-1,1.E0);
#49=COLOUR_RGB('',4.4E-1,8.5E-1,1.E0);
#50=COLOUR_RGB('',4.58824E-1,4.5098E-1,3.09804E-1);
#51=COLOUR_RGB('',4.70588E-1,5.09804E-1,5.4902E-1);
#52=COLOUR_RGB('',4.78431E-1,4.90196E-1,4.58824E-1);
#53=COLOUR_RGB('',4.90196E-1,3.60784E-1,2.19608E-1);
#54=COLOUR_RGB('',4.9E-1,4.9E-1,0.E0);
#55=COLOUR_RGB('',4.9E-1,1.E0,0.E0);
#56=COLOUR_RGB('',5.E-1,0.E0,0.E0);
#57=COLOUR_RGB('',5.E-1,0.E0,2.3E-1);
#58=COLOUR_RGB('',5.E-1,5.E-1,5.E-1);
#59=COLOUR_RGB('',5.21569E-1,2.19608E-1,1.68627E-1);
#60=COLOUR_RGB('',5.3E-1,0.E0,0.E0);
#61=COLOUR_RGB('',5.29412E-1,5.80392E-1,6.5098E-1);
#62=COLOUR_RGB('',5.4E-1,0.E0,4.4E-1);
#63=COLOUR_RGB('',5.5E-1,3.E-1,0.E0);
#64=COLOUR_RGB('',5.6E-1,1.E-1,5.E-2);
#65=COLOUR_RGB('',5.60784E-1,5.80392E-1,6.19608E-1);
#66=COLOUR_RGB('',5.68627E-1,5.8824E-2,4.E-1);
#67=COLOUR_RGB('',5.8E-1,2.2E-1,1.E-2);
#68=COLOUR_RGB('',5.88235E-1,1.21569E-1,1.09804E-1);
#69=COLOUR_RGB('',6.E-1,6.E-1,6.E-1);
#70=COLOUR_RGB('',6.11765E-1,5.60784E-1,3.80392E-1);
#71=COLOUR_RGB('',6.11765E-1,6.11765E-1,6.5098E-1);
#72=COLOUR_RGB('',6.2E-1,0.E0,5.5E-1);
#73=COLOUR_RGB('',6.19608E-1,6.39216E-1,6.90196E-1);
#74=COLOUR_RGB('',6.4E-1,0.E0,2.5E-1);
#75=COLOUR_RGB('',6.4E-1,1.E-2,0.E0);
#76=COLOUR_RGB('',6.39216E-1,5.4902E-1,4.78431E-1);
#77=COLOUR_RGB('',6.5098E-1,6.70588E-1,7.09804E-1);
#78=COLOUR_RGB('',6.70588E-1,1.21569E-1,1.09804E-1);
#79=COLOUR_RGB('',6.78431E-1,4.78431E-1,3.09804E-1);
#80=COLOUR_RGB('',6.8E-1,7.5E-1,1.E0);
#81=COLOUR_RGB('',6.952E-1,7.426E-1,7.9E-1);
#82=COLOUR_RGB('',7.09804E-1,7.0588E-2,2.E-1);
#83=COLOUR_RGB('',7.1E-1,3.1E-1,0.E0);
#84=COLOUR_RGB('',7.2E-1,7.2E-1,7.2E-1);
#85=COLOUR_RGB('',7.29412E-1,7.41176E-1,7.29412E-1);
#86=COLOUR_RGB('',7.41176E-1,7.29412E-1,6.70588E-1);
#87=COLOUR_RGB('',7.4E-1,1.E0,2.6E-1);
#88=COLOUR_RGB('',7.5E-1,3.E-2,0.E0);
#89=COLOUR_RGB('',7.4902E-1,8.90196E-1,7.29412E-1);
#90=COLOUR_RGB('',7.6E-1,0.E0,4.7E-1);
#91=COLOUR_RGB('',7.80392E-1,9.0196E-2,7.0588E-2);
#92=COLOUR_RGB('',7.88235E-1,2.19608E-1,5.4902E-1);
#93=COLOUR_RGB('',8.1E-1,4.E-2,0.E0);
#94=COLOUR_RGB('',8.1E-1,6.1E-1,0.E0);
#95=COLOUR_RGB('',8.2E-1,4.E-2,6.6E-1);
#96=COLOUR_RGB('',8.31373E-1,8.5098E-1,8.58824E-1);
#97=COLOUR_RGB('',8.5098E-1,7.29412E-1,5.4902E-1);
#98=COLOUR_RGB('',8.5E-1,8.5E-1,8.5E-1);
#99=COLOUR_RGB('',8.78431E-1,3.68627E-1,1.21569E-1);
#100=COLOUR_RGB('',8.784E-1,9.49E-1,1.E0);
#101=COLOUR_RGB('',8.90196E-1,5.88235E-1,1.41176E-1);
#102=COLOUR_RGB('',9.E-1,1.E0,0.E0);
#103=COLOUR_RGB('',9.09804E-1,6.11765E-1,7.09804E-1);
#104=COLOUR_RGB('',9.37E-1,7.85E-1,0.E0);
#105=COLOUR_RGB('',9.41176E-1,9.29412E-1,9.01961E-1);
#106=COLOUR_RGB('',9.5E-1,2.2E-1,8.1E-1);
#107=COLOUR_RGB('',9.6E-1,3.7E-1,3.E-1);
#108=COLOUR_RGB('',9.6E-1,7.1E-1,3.75E-1);
#109=COLOUR_RGB('',9.80392E-1,1.E0,1.E0);
#110=COLOUR_RGB('',9.88235E-1,1.09804E-1,7.8431E-2);
#111=COLOUR_RGB('',9.88235E-1,7.21569E-1,1.29412E-1);
#112=COLOUR_RGB('',9.88235E-1,9.21569E-1,8.E-1);
#113=DRAUGHTING_PRE_DEFINED_COLOUR('red');
#114=COLOUR_RGB('',1.E0,0.E0,6.1E-1);
#115=COLOUR_RGB('',1.E0,4.E-2,0.E0);
#116=COLOUR_RGB('',1.E0,2.3E-1,0.E0);
#117=COLOUR_RGB('',1.E0,3.5E-1,5.2E-1);
#118=COLOUR_RGB('',1.E0,3.6E-1,0.E0);
#119=COLOUR_RGB('',1.E0,3.88235E-1,2.11765E-1);
#120=COLOUR_RGB('',1.E0,4.9E-1,3.7E-1);
#121=COLOUR_RGB('',1.E0,5.E-1,0.E0);
#122=COLOUR_RGB('',1.E0,5.6E-1,7.8E-1);
#123=COLOUR_RGB('',1.E0,6.4E-1,4.9E-1);
#124=COLOUR_RGB('',1.E0,6.7E-1,0.E0);
#125=COLOUR_RGB('',1.E0,7.6E-1,6.5E-1);
#126=COLOUR_RGB('',1.E0,8.39216E-1,3.01961E-1);
#127=COLOUR_RGB('',1.E0,8.6E-1,4.E-2);
#128=COLOUR_RGB('',1.E0,9.60784E-1,2.58824E-1);
#129=COLOUR_RGB('',1.E0,9.60784E-1,8.90196E-1);
#130=COLOUR_RGB('',1.E0,9.8E-1,7.2E-1);
#131=DRAUGHTING_PRE_DEFINED_COLOUR('yellow');
#132=COLOUR_RGB('',1.E0,1.E0,3.9216E-2);
#133=DRAUGHTING_PRE_DEFINED_COLOUR('white');
#142=B_SPLINE_CURVE_WITH_KNOTS('',3,(#134,#135,#136,#137,#138,#139,#140,#141),
.UNSPECIFIED.,.F.,.F.,(4,1,1,1,1,4),(0.E0,2.E-1,4.E-1,6.E-1,8.E-1,1.E0),
.UNSPECIFIED.);
#147=CIRCLE('',#146,4.5E0);
#154=B_SPLINE_CURVE_WITH_KNOTS('',3,(#148,#149,#150,#151,#152,#153),
.UNSPECIFIED.,.F.,.F.,(4,1,1,4),(0.E0,3.333333333333E-1,6.666666666667E-1,1.E0),
.UNSPECIFIED.);
#183=B_SPLINE_CURVE_WITH_KNOTS('',3,(#155,#156,#157,#158,#159,#160,#161,#162,
#163,#164,#165,#166,#167,#168,#169,#170,#171,#172,#173,#174,#175,#176,#177,#178,
#179,#180,#181,#182),.UNSPECIFIED.,.F.,.F.,(4,1,1,1,1,1,1,1,1,1,1,1,1,1,1,1,1,1,
1,1,1,1,1,1,1,4),(0.E0,4.E-2,8.E-2,1.2E-1,1.6E-1,2.E-1,2.4E-1,2.8E-1,3.2E-1,
3.6E-1,4.E-1,4.4E-1,4.8E-1,5.2E-1,5.6E-1,6.E-1,6.4E-1,6.8E-1,7.2E-1,7.6E-1,
8.E-1,8.4E-1,8.8E-1,9.2E-1,9.6E-1,1.E0),.UNSPECIFIED.);
#193=B_SPLINE_CURVE_WITH_KNOTS('',3,(#184,#185,#186,#187,#188,#189,#190,#191,
#192),.UNSPECIFIED.,.F.,.F.,(4,1,1,1,1,1,4),(0.E0,1.666666666667E-1,
3.333333333333E-1,5.E-1,6.666666666667E-1,8.333333333333E-1,1.E0),
.UNSPECIFIED.);
#205=B_SPLINE_CURVE_WITH_KNOTS('',3,(#194,#195,#196,#197,#198,#199,#200,#201,
#202,#203,#204),.UNSPECIFIED.,.F.,.F.,(4,1,1,1,1,1,1,1,4),(0.E0,1.25E-1,2.5E-1,
3.75E-1,5.E-1,6.25E-1,7.5E-1,8.75E-1,1.E0),.UNSPECIFIED.);
#210=CIRCLE('',#209,5.E0);
#227=B_SPLINE_CURVE_WITH_KNOTS('',3,(#211,#212,#213,#214,#215,#216,#217,#218,
#219,#220,#221,#222,#223,#224,#225,#226),.UNSPECIFIED.,.F.,.F.,(4,1,1,1,1,1,1,1,
1,1,1,1,1,4),(0.E0,7.692307692308E-2,1.538461538462E-1,2.307692307692E-1,
3.076923076923E-1,3.846153846154E-1,4.615384615385E-1,5.384615384615E-1,
6.153846153846E-1,6.923076923077E-1,7.692307692308E-1,8.461538461538E-1,
9.230769230769E-1,1.E0),.UNSPECIFIED.);
#232=CIRCLE('',#231,4.5E0);
#238=B_SPLINE_CURVE_WITH_KNOTS('',3,(#233,#234,#235,#236,#237),.UNSPECIFIED.,
.F.,.F.,(4,1,4),(0.E0,5.E-1,1.E0),.UNSPECIFIED.);
#243=CIRCLE('',#242,4.5E0);
#252=B_SPLINE_CURVE_WITH_KNOTS('',3,(#244,#245,#246,#247,#248,#249,#250,#251),
.UNSPECIFIED.,.F.,.F.,(4,1,1,1,1,4),(0.E0,2.E-1,4.E-1,6.E-1,8.E-1,1.E0),
.UNSPECIFIED.);
#276=B_SPLINE_CURVE_WITH_KNOTS('',3,(#265,#266,#267,#268,#269,#270,#271,#272,
#273,#274,#275),.UNSPECIFIED.,.F.,.F.,(4,1,1,1,1,1,1,1,4),(0.E0,1.25E-1,2.5E-1,
3.75E-1,5.E-1,6.25E-1,7.5E-1,8.75E-1,1.E0),.UNSPECIFIED.);
#295=B_SPLINE_CURVE_WITH_KNOTS('',3,(#277,#278,#279,#280,#281,#282,#283,#284,
#285,#286,#287,#288,#289,#290,#291,#292,#293,#294),.UNSPECIFIED.,.F.,.F.,(4,1,1,
1,1,1,1,1,1,1,1,1,1,1,1,4),(0.E0,6.666666666667E-2,1.333333333333E-1,2.E-1,
2.666666666667E-1,3.333333333333E-1,4.E-1,4.666666666667E-1,5.333333333333E-1,
6.E-1,6.666666666667E-1,7.333333333333E-1,8.E-1,8.666666666667E-1,
9.333333333333E-1,1.E0),.UNSPECIFIED.);
#321=B_SPLINE_CURVE_WITH_KNOTS('',3,(#296,#297,#298,#299,#300,#301,#302,#303,
#304,#305,#306,#307,#308,#309,#310,#311,#312,#313,#314,#315,#316,#317,#318,#319,
#320),.UNSPECIFIED.,.F.,.F.,(4,1,1,1,1,1,1,1,1,1,1,1,1,1,1,1,1,1,1,1,1,1,4),(
0.E0,4.545454545455E-2,9.090909090909E-2,1.363636363636E-1,1.818181818182E-1,
2.272727272727E-1,2.727272727273E-1,3.181818181818E-1,3.636363636364E-1,
4.090909090909E-1,4.545454545455E-1,5.E-1,5.454545454545E-1,5.909090909091E-1,
6.363636363636E-1,6.818181818182E-1,7.272727272727E-1,7.727272727273E-1,
8.181818181818E-1,8.636363636364E-1,9.090909090909E-1,9.545454545455E-1,1.E0),
.UNSPECIFIED.);
#351=B_SPLINE_CURVE_WITH_KNOTS('',3,(#326,#327,#328,#329,#330,#331,#332,#333,
#334,#335,#336,#337,#338,#339,#340,#341,#342,#343,#344,#345,#346,#347,#348,#349,
#350),.UNSPECIFIED.,.F.,.F.,(4,1,1,1,1,1,1,1,1,1,1,1,1,1,1,1,1,1,1,1,1,1,4),(
0.E0,4.545454545455E-2,9.090909090909E-2,1.363636363636E-1,1.818181818182E-1,
2.272727272727E-1,2.727272727273E-1,3.181818181818E-1,3.636363636364E-1,
4.090909090909E-1,4.545454545455E-1,5.E-1,5.454545454545E-1,5.909090909091E-1,
6.363636363636E-1,6.818181818182E-1,7.272727272727E-1,7.727272727273E-1,
8.181818181818E-1,8.636363636364E-1,9.090909090909E-1,9.545454545455E-1,1.E0),
.UNSPECIFIED.);
#381=B_SPLINE_CURVE_WITH_KNOTS('',3,(#356,#357,#358,#359,#360,#361,#362,#363,
#364,#365,#366,#367,#368,#369,#370,#371,#372,#373,#374,#375,#376,#377,#378,#379,
#380),.UNSPECIFIED.,.F.,.F.,(4,1,1,1,1,1,1,1,1,1,1,1,1,1,1,1,1,1,1,1,1,1,4),(
0.E0,4.545454545455E-2,9.090909090909E-2,1.363636363636E-1,1.818181818182E-1,
2.272727272727E-1,2.727272727273E-1,3.181818181818E-1,3.636363636364E-1,
4.090909090909E-1,4.545454545455E-1,5.E-1,5.454545454545E-1,5.909090909091E-1,
6.363636363636E-1,6.818181818182E-1,7.272727272727E-1,7.727272727273E-1,
8.181818181818E-1,8.636363636364E-1,9.090909090909E-1,9.545454545455E-1,1.E0),
.UNSPECIFIED.);
#411=B_SPLINE_CURVE_WITH_KNOTS('',3,(#386,#387,#388,#389,#390,#391,#392,#393,
#394,#395,#396,#397,#398,#399,#400,#401,#402,#403,#404,#405,#406,#407,#408,#409,
#410),.UNSPECIFIED.,.F.,.F.,(4,1,1,1,1,1,1,1,1,1,1,1,1,1,1,1,1,1,1,1,1,1,4),(
0.E0,4.545454545455E-2,9.090909090909E-2,1.363636363636E-1,1.818181818182E-1,
2.272727272727E-1,2.727272727273E-1,3.181818181818E-1,3.636363636364E-1,
4.090909090909E-1,4.545454545455E-1,5.E-1,5.454545454545E-1,5.909090909091E-1,
6.363636363636E-1,6.818181818182E-1,7.272727272727E-1,7.727272727273E-1,
8.181818181818E-1,8.636363636364E-1,9.090909090909E-1,9.545454545455E-1,1.E0),
.UNSPECIFIED.);
#441=B_SPLINE_CURVE_WITH_KNOTS('',3,(#416,#417,#418,#419,#420,#421,#422,#423,
#424,#425,#426,#427,#428,#429,#430,#431,#432,#433,#434,#435,#436,#437,#438,#439,
#440),.UNSPECIFIED.,.F.,.F.,(4,1,1,1,1,1,1,1,1,1,1,1,1,1,1,1,1,1,1,1,1,1,4),(
0.E0,4.545454545455E-2,9.090909090909E-2,1.363636363636E-1,1.818181818182E-1,
2.272727272727E-1,2.727272727273E-1,3.181818181818E-1,3.636363636364E-1,
4.090909090909E-1,4.545454545455E-1,5.E-1,5.454545454545E-1,5.909090909091E-1,
6.363636363636E-1,6.818181818182E-1,7.272727272727E-1,7.727272727273E-1,
8.181818181818E-1,8.636363636364E-1,9.090909090909E-1,9.545454545455E-1,1.E0),
.UNSPECIFIED.);
#457=B_SPLINE_CURVE_WITH_KNOTS('',3,(#446,#447,#448,#449,#450,#451,#452,#453,
#454,#455,#456),.UNSPECIFIED.,.F.,.F.,(4,1,1,1,1,1,1,1,4),(0.E0,1.25E-1,2.5E-1,
3.75E-1,5.E-1,6.25E-1,7.5E-1,8.75E-1,1.E0),.UNSPECIFIED.);
#475=B_SPLINE_CURVE_WITH_KNOTS('',3,(#458,#459,#460,#461,#462,#463,#464,#465,
#466,#467,#468,#469,#470,#471,#472,#473,#474),.UNSPECIFIED.,.F.,.F.,(4,1,1,1,1,
1,1,1,1,1,1,1,1,1,4),(0.E0,7.142857142857E-2,1.428571428571E-1,
2.142857142857E-1,2.857142857143E-1,3.571428571429E-1,4.285714285714E-1,5.E-1,
5.714285714286E-1,6.428571428571E-1,7.142857142857E-1,7.857142857143E-1,
8.571428571429E-1,9.285714285714E-1,1.E0),.UNSPECIFIED.);
#497=B_SPLINE_CURVE_WITH_KNOTS('',3,(#480,#481,#482,#483,#484,#485,#486,#487,
#488,#489,#490,#491,#492,#493,#494,#495,#496),.UNSPECIFIED.,.F.,.F.,(4,1,1,1,1,
1,1,1,1,1,1,1,1,1,4),(0.E0,7.142857142857E-2,1.428571428571E-1,
2.142857142857E-1,2.857142857143E-1,3.571428571429E-1,4.285714285714E-1,5.E-1,
5.714285714286E-1,6.428571428571E-1,7.142857142857E-1,7.857142857143E-1,
8.571428571429E-1,9.285714285714E-1,1.E0),.UNSPECIFIED.);
#509=B_SPLINE_CURVE_WITH_KNOTS('',3,(#498,#499,#500,#501,#502,#503,#504,#505,
#506,#507,#508),.UNSPECIFIED.,.F.,.F.,(4,1,1,1,1,1,1,1,4),(0.E0,1.25E-1,2.5E-1,
3.75E-1,5.E-1,6.25E-1,7.5E-1,8.75E-1,1.E0),.UNSPECIFIED.);
#539=B_SPLINE_CURVE_WITH_KNOTS('',3,(#514,#515,#516,#517,#518,#519,#520,#521,
#522,#523,#524,#525,#526,#527,#528,#529,#530,#531,#532,#533,#534,#535,#536,#537,
#538),.UNSPECIFIED.,.F.,.F.,(4,1,1,1,1,1,1,1,1,1,1,1,1,1,1,1,1,1,1,1,1,1,4),(
0.E0,4.545454545455E-2,9.090909090909E-2,1.363636363636E-1,1.818181818182E-1,
2.272727272727E-1,2.727272727273E-1,3.181818181818E-1,3.636363636364E-1,
4.090909090909E-1,4.545454545455E-1,5.E-1,5.454545454545E-1,5.909090909091E-1,
6.363636363636E-1,6.818181818182E-1,7.272727272727E-1,7.727272727273E-1,
8.181818181818E-1,8.636363636364E-1,9.090909090909E-1,9.545454545455E-1,1.E0),
.UNSPECIFIED.);
#569=B_SPLINE_CURVE_WITH_KNOTS('',3,(#544,#545,#546,#547,#548,#549,#550,#551,
#552,#553,#554,#555,#556,#557,#558,#559,#560,#561,#562,#563,#564,#565,#566,#567,
#568),.UNSPECIFIED.,.F.,.F.,(4,1,1,1,1,1,1,1,1,1,1,1,1,1,1,1,1,1,1,1,1,1,4),(
0.E0,4.545454545455E-2,9.090909090909E-2,1.363636363636E-1,1.818181818182E-1,
2.272727272727E-1,2.727272727273E-1,3.181818181818E-1,3.636363636364E-1,
4.090909090909E-1,4.545454545455E-1,5.E-1,5.454545454545E-1,5.909090909091E-1,
6.363636363636E-1,6.818181818182E-1,7.272727272727E-1,7.727272727273E-1,
8.181818181818E-1,8.636363636364E-1,9.090909090909E-1,9.545454545455E-1,1.E0),
.UNSPECIFIED.);
#599=B_SPLINE_CURVE_WITH_KNOTS('',3,(#574,#575,#576,#577,#578,#579,#580,#581,
#582,#583,#584,#585,#586,#587,#588,#589,#590,#591,#592,#593,#594,#595,#596,#597,
#598),.UNSPECIFIED.,.F.,.F.,(4,1,1,1,1,1,1,1,1,1,1,1,1,1,1,1,1,1,1,1,1,1,4),(
0.E0,4.545454545455E-2,9.090909090909E-2,1.363636363636E-1,1.818181818182E-1,
2.272727272727E-1,2.727272727273E-1,3.181818181818E-1,3.636363636364E-1,
4.090909090909E-1,4.545454545455E-1,5.E-1,5.454545454545E-1,5.909090909091E-1,
6.363636363636E-1,6.818181818182E-1,7.272727272727E-1,7.727272727273E-1,
8.181818181818E-1,8.636363636364E-1,9.090909090909E-1,9.545454545455E-1,1.E0),
.UNSPECIFIED.);
#629=B_SPLINE_CURVE_WITH_KNOTS('',3,(#604,#605,#606,#607,#608,#609,#610,#611,
#612,#613,#614,#615,#616,#617,#618,#619,#620,#621,#622,#623,#624,#625,#626,#627,
#628),.UNSPECIFIED.,.F.,.F.,(4,1,1,1,1,1,1,1,1,1,1,1,1,1,1,1,1,1,1,1,1,1,4),(
0.E0,4.545454545455E-2,9.090909090909E-2,1.363636363636E-1,1.818181818182E-1,
2.272727272727E-1,2.727272727273E-1,3.181818181818E-1,3.636363636364E-1,
4.090909090909E-1,4.545454545455E-1,5.E-1,5.454545454545E-1,5.909090909091E-1,
6.363636363636E-1,6.818181818182E-1,7.272727272727E-1,7.727272727273E-1,
8.181818181818E-1,8.636363636364E-1,9.090909090909E-1,9.545454545455E-1,1.E0),
.UNSPECIFIED.);
#659=B_SPLINE_CURVE_WITH_KNOTS('',3,(#634,#635,#636,#637,#638,#639,#640,#641,
#642,#643,#644,#645,#646,#647,#648,#649,#650,#651,#652,#653,#654,#655,#656,#657,
#658),.UNSPECIFIED.,.F.,.F.,(4,1,1,1,1,1,1,1,1,1,1,1,1,1,1,1,1,1,1,1,1,1,4),(
0.E0,4.545454545455E-2,9.090909090909E-2,1.363636363636E-1,1.818181818182E-1,
2.272727272727E-1,2.727272727273E-1,3.181818181818E-1,3.636363636364E-1,
4.090909090909E-1,4.545454545455E-1,5.E-1,5.454545454545E-1,5.909090909091E-1,
6.363636363636E-1,6.818181818182E-1,7.272727272727E-1,7.727272727273E-1,
8.181818181818E-1,8.636363636364E-1,9.090909090909E-1,9.545454545455E-1,1.E0),
.UNSPECIFIED.);
#689=B_SPLINE_CURVE_WITH_KNOTS('',3,(#664,#665,#666,#667,#668,#669,#670,#671,
#672,#673,#674,#675,#676,#677,#678,#679,#680,#681,#682,#683,#684,#685,#686,#687,
#688),.UNSPECIFIED.,.F.,.F.,(4,1,1,1,1,1,1,1,1,1,1,1,1,1,1,1,1,1,1,1,1,1,4),(
0.E0,4.545454545455E-2,9.090909090909E-2,1.363636363636E-1,1.818181818182E-1,
2.272727272727E-1,2.727272727273E-1,3.181818181818E-1,3.636363636364E-1,
4.090909090909E-1,4.545454545455E-1,5.E-1,5.454545454545E-1,5.909090909091E-1,
6.363636363636E-1,6.818181818182E-1,7.272727272727E-1,7.727272727273E-1,
8.181818181818E-1,8.636363636364E-1,9.090909090909E-1,9.545454545455E-1,1.E0),
.UNSPECIFIED.);
#719=B_SPLINE_CURVE_WITH_KNOTS('',3,(#694,#695,#696,#697,#698,#699,#700,#701,
#702,#703,#704,#705,#706,#707,#708,#709,#710,#711,#712,#713,#714,#715,#716,#717,
#718),.UNSPECIFIED.,.F.,.F.,(4,1,1,1,1,1,1,1,1,1,1,1,1,1,1,1,1,1,1,1,1,1,4),(
0.E0,4.545454545455E-2,9.090909090909E-2,1.363636363636E-1,1.818181818182E-1,
2.272727272727E-1,2.727272727273E-1,3.181818181818E-1,3.636363636364E-1,
4.090909090909E-1,4.545454545455E-1,5.E-1,5.454545454545E-1,5.909090909091E-1,
6.363636363636E-1,6.818181818182E-1,7.272727272727E-1,7.727272727273E-1,
8.181818181818E-1,8.636363636364E-1,9.090909090909E-1,9.545454545455E-1,1.E0),
.UNSPECIFIED.);
#749=B_SPLINE_CURVE_WITH_KNOTS('',3,(#724,#725,#726,#727,#728,#729,#730,#731,
#732,#733,#734,#735,#736,#737,#738,#739,#740,#741,#742,#743,#744,#745,#746,#747,
#748),.UNSPECIFIED.,.F.,.F.,(4,1,1,1,1,1,1,1,1,1,1,1,1,1,1,1,1,1,1,1,1,1,4),(
0.E0,4.545454545455E-2,9.090909090909E-2,1.363636363636E-1,1.818181818182E-1,
2.272727272727E-1,2.727272727273E-1,3.181818181818E-1,3.636363636364E-1,
4.090909090909E-1,4.545454545455E-1,5.E-1,5.454545454545E-1,5.909090909091E-1,
6.363636363636E-1,6.818181818182E-1,7.272727272727E-1,7.727272727273E-1,
8.181818181818E-1,8.636363636364E-1,9.090909090909E-1,9.545454545455E-1,1.E0),
.UNSPECIFIED.);
#779=B_SPLINE_CURVE_WITH_KNOTS('',3,(#754,#755,#756,#757,#758,#759,#760,#761,
#762,#763,#764,#765,#766,#767,#768,#769,#770,#771,#772,#773,#774,#775,#776,#777,
#778),.UNSPECIFIED.,.F.,.F.,(4,1,1,1,1,1,1,1,1,1,1,1,1,1,1,1,1,1,1,1,1,1,4),(
0.E0,4.545454545455E-2,9.090909090909E-2,1.363636363636E-1,1.818181818182E-1,
2.272727272727E-1,2.727272727273E-1,3.181818181818E-1,3.636363636364E-1,
4.090909090909E-1,4.545454545455E-1,5.E-1,5.454545454545E-1,5.909090909091E-1,
6.363636363636E-1,6.818181818182E-1,7.272727272727E-1,7.727272727273E-1,
8.181818181818E-1,8.636363636364E-1,9.090909090909E-1,9.545454545455E-1,1.E0),
.UNSPECIFIED.);
#792=CIRCLE('',#791,5.E0);
#805=B_SPLINE_CURVE_WITH_KNOTS('',3,(#793,#794,#795,#796,#797,#798,#799,#800,
#801,#802,#803,#804),.UNSPECIFIED.,.F.,.F.,(4,1,1,1,1,1,1,1,1,4),(0.E0,
1.111111111111E-1,2.222222222222E-1,3.333333333333E-1,4.444444444444E-1,
5.555555555556E-1,6.666666666667E-1,7.777777777778E-1,8.888888888889E-1,1.E0),
.UNSPECIFIED.);
#810=CIRCLE('',#809,5.E0);
#829=B_SPLINE_CURVE_WITH_KNOTS('',3,(#811,#812,#813,#814,#815,#816,#817,#818,
#819,#820,#821,#822,#823,#824,#825,#826,#827,#828),.UNSPECIFIED.,.F.,.F.,(4,1,1,
1,1,1,1,1,1,1,1,1,1,1,1,4),(0.E0,6.666666666667E-2,1.333333333333E-1,2.E-1,
2.666666666667E-1,3.333333333333E-1,4.E-1,4.666666666667E-1,5.333333333333E-1,
6.E-1,6.666666666667E-1,7.333333333333E-1,8.E-1,8.666666666667E-1,
9.333333333333E-1,1.E0),.UNSPECIFIED.);
#845=B_SPLINE_CURVE_WITH_KNOTS('',3,(#834,#835,#836,#837,#838,#839,#840,#841,
#842,#843,#844),.UNSPECIFIED.,.F.,.F.,(4,1,1,1,1,1,1,1,4),(0.E0,1.25E-1,2.5E-1,
3.75E-1,5.E-1,6.25E-1,7.5E-1,8.75E-1,1.E0),.UNSPECIFIED.);
#850=CIRCLE('',#849,5.E0);
#867=B_SPLINE_CURVE_WITH_KNOTS('',3,(#851,#852,#853,#854,#855,#856,#857,#858,
#859,#860,#861,#862,#863,#864,#865,#866),.UNSPECIFIED.,.F.,.F.,(4,1,1,1,1,1,1,1,
1,1,1,1,1,4),(0.E0,7.692307692308E-2,1.538461538462E-1,2.307692307692E-1,
3.076923076923E-1,3.846153846154E-1,4.615384615385E-1,5.384615384615E-1,
6.153846153846E-1,6.923076923077E-1,7.692307692308E-1,8.461538461538E-1,
9.230769230769E-1,1.E0),.UNSPECIFIED.);
#872=CIRCLE('',#871,5.E0);
#888=B_SPLINE_CURVE_WITH_KNOTS('',3,(#877,#878,#879,#880,#881,#882,#883,#884,
#885,#886,#887),.UNSPECIFIED.,.F.,.F.,(4,1,1,1,1,1,1,1,4),(0.E0,1.25E-1,2.5E-1,
3.75E-1,5.E-1,6.25E-1,7.5E-1,8.75E-1,1.E0),.UNSPECIFIED.);
#901=CIRCLE('',#900,4.45E0);
#906=CIRCLE('',#905,4.45E0);
#921=B_SPLINE_CURVE_WITH_KNOTS('',3,(#911,#912,#913,#914,#915,#916,#917,#918,
#919,#920),.UNSPECIFIED.,.F.,.F.,(4,1,1,1,1,1,1,4),(0.E0,1.428571428571E-1,
2.857142857143E-1,4.285714285714E-1,5.714285714286E-1,7.142857142857E-1,
8.571428571429E-1,1.E0),.UNSPECIFIED.);
#934=B_SPLINE_CURVE_WITH_KNOTS('',3,(#922,#923,#924,#925,#926,#927,#928,#929,
#930,#931,#932,#933),.UNSPECIFIED.,.F.,.F.,(4,1,1,1,1,1,1,1,1,4),(0.E0,
1.111111111111E-1,2.222222222222E-1,3.333333333333E-1,4.444444444444E-1,
5.555555555556E-1,6.666666666667E-1,7.777777777778E-1,8.888888888889E-1,1.E0),
.UNSPECIFIED.);
#946=B_SPLINE_CURVE_WITH_KNOTS('',3,(#935,#936,#937,#938,#939,#940,#941,#942,
#943,#944,#945),.UNSPECIFIED.,.F.,.F.,(4,1,1,1,1,1,1,1,4),(0.E0,1.25E-1,2.5E-1,
3.75E-1,5.E-1,6.25E-1,7.5E-1,8.75E-1,1.E0),.UNSPECIFIED.);
#952=B_SPLINE_CURVE_WITH_KNOTS('',3,(#947,#948,#949,#950,#951),.UNSPECIFIED.,
.F.,.F.,(4,1,4),(0.E0,5.E-1,1.E0),.UNSPECIFIED.);
#978=B_SPLINE_CURVE_WITH_KNOTS('',3,(#957,#958,#959,#960,#961,#962,#963,#964,
#965,#966,#967,#968,#969,#970,#971,#972,#973,#974,#975,#976,#977),.UNSPECIFIED.,
.F.,.F.,(4,1,1,1,1,1,1,1,1,1,1,1,1,1,1,1,1,1,4),(0.E0,5.555555555556E-2,
1.111111111111E-1,1.666666666667E-1,2.222222222222E-1,2.777777777778E-1,
3.333333333333E-1,3.888888888889E-1,4.444444444444E-1,5.E-1,5.555555555556E-1,
6.111111111111E-1,6.666666666667E-1,7.222222222222E-1,7.777777777778E-1,
8.333333333333E-1,8.888888888889E-1,9.444444444444E-1,1.E0),.UNSPECIFIED.);
#983=CIRCLE('',#982,4.45E0);
#996=CIRCLE('',#995,4.45E0);
#1001=CIRCLE('',#1000,7.5E-1);
#1006=CIRCLE('',#1005,7.5E-1);
#1015=CIRCLE('',#1014,6.3E0);
#1028=CIRCLE('',#1027,6.3E0);
#1037=CIRCLE('',#1036,6.3E0);
#1050=CIRCLE('',#1049,6.3E0);
#1055=CIRCLE('',#1054,5.2E0);
#1060=CIRCLE('',#1059,5.2E0);
#1101=CIRCLE('',#1100,6.3E0);
#1118=CIRCLE('',#1117,6.3E0);
#1131=CIRCLE('',#1130,6.3E0);
#1140=CIRCLE('',#1139,6.3E0);
#1149=CIRCLE('',#1148,6.3E0);
#1158=CIRCLE('',#1157,6.3E0);
#1167=CIRCLE('',#1166,6.3E0);
#1176=CIRCLE('',#1175,6.3E0);
#1185=CIRCLE('',#1184,5.E0);
#1202=CIRCLE('',#1201,5.E0);
#1211=CIRCLE('',#1210,4.5E0);
#1216=CIRCLE('',#1215,4.5E0);
#1227=B_SPLINE_CURVE_WITH_KNOTS('',3,(#1217,#1218,#1219,#1220,#1221,#1222,#1223,
#1224,#1225,#1226),.UNSPECIFIED.,.F.,.F.,(4,1,1,1,1,1,1,4),(0.E0,
1.428571428571E-1,2.857142857143E-1,4.285714285714E-1,5.714285714286E-1,
7.142857142857E-1,8.571428571429E-1,1.E0),.UNSPECIFIED.);
#1232=CIRCLE('',#1231,5.E0);
#1244=B_SPLINE_CURVE_WITH_KNOTS('',3,(#1233,#1234,#1235,#1236,#1237,#1238,#1239,
#1240,#1241,#1242,#1243),.UNSPECIFIED.,.F.,.F.,(4,1,1,1,1,1,1,1,4),(0.E0,
1.25E-1,2.5E-1,3.75E-1,5.E-1,6.25E-1,7.5E-1,8.75E-1,1.E0),.UNSPECIFIED.);
#1249=CIRCLE('',#1248,4.5E0);
#1254=CIRCLE('',#1253,4.5E0);
#1259=CIRCLE('',#1258,4.5E0);
#1270=B_SPLINE_CURVE_WITH_KNOTS('',3,(#1260,#1261,#1262,#1263,#1264,#1265,#1266,
#1267,#1268,#1269),.UNSPECIFIED.,.F.,.F.,(4,1,1,1,1,1,1,4),(0.E0,
1.428571428571E-1,2.857142857143E-1,4.285714285714E-1,5.714285714286E-1,
7.142857142857E-1,8.571428571429E-1,1.E0),.UNSPECIFIED.);
#1275=CIRCLE('',#1274,5.E0);
#1287=B_SPLINE_CURVE_WITH_KNOTS('',3,(#1276,#1277,#1278,#1279,#1280,#1281,#1282,
#1283,#1284,#1285,#1286),.UNSPECIFIED.,.F.,.F.,(4,1,1,1,1,1,1,1,4),(0.E0,
1.25E-1,2.5E-1,3.75E-1,5.E-1,6.25E-1,7.5E-1,8.75E-1,1.E0),.UNSPECIFIED.);
#1296=CIRCLE('',#1295,4.5E0);
#1305=CIRCLE('',#1304,5.E-1);
#1310=CIRCLE('',#1309,5.E-1);
#1315=CIRCLE('',#1314,5.E-1);
#1320=CIRCLE('',#1319,5.E-1);
#1325=CIRCLE('',#1324,5.E-1);
#1330=CIRCLE('',#1329,5.E-1);
#1343=CIRCLE('',#1342,5.E-1);
#1348=CIRCLE('',#1347,5.E-1);
#1353=CIRCLE('',#1352,5.E-1);
#1358=CIRCLE('',#1357,5.E-1);
#1363=CIRCLE('',#1362,5.E-1);
#1368=CIRCLE('',#1367,5.E-1);
#1373=CIRCLE('',#1372,3.E-1);
#1378=CIRCLE('',#1377,3.E-1);
#1383=CIRCLE('',#1382,3.E-1);
#1388=CIRCLE('',#1387,3.E-1);
#1393=CIRCLE('',#1392,3.E-1);
#1398=CIRCLE('',#1397,3.E-1);
#1427=CIRCLE('',#1426,3.E-1);
#1432=CIRCLE('',#1431,3.E-1);
#1437=CIRCLE('',#1436,3.E-1);
#1442=CIRCLE('',#1441,3.E-1);
#1447=CIRCLE('',#1446,3.E-1);
#1452=CIRCLE('',#1451,3.E-1);
#1476=B_SPLINE_CURVE_WITH_KNOTS('',3,(#1469,#1470,#1471,#1472,#1473,#1474,
#1475),.UNSPECIFIED.,.F.,.F.,(4,1,1,1,4),(0.E0,2.5E-1,5.E-1,7.5E-1,1.E0),
.UNSPECIFIED.);
#1485=CIRCLE('',#1484,5.5E0);
#1490=CIRCLE('',#1489,5.5E0);
#1495=CIRCLE('',#1494,5.5E0);
#1500=CIRCLE('',#1499,5.5E0);
#1513=B_SPLINE_CURVE_WITH_KNOTS('',3,(#1501,#1502,#1503,#1504,#1505,#1506,#1507,
#1508,#1509,#1510,#1511,#1512),.UNSPECIFIED.,.F.,.F.,(4,1,1,1,1,1,1,1,1,4),
(0.E0,1.111111111111E-1,2.222222222222E-1,3.333333333333E-1,4.444444444444E-1,
5.555555555556E-1,6.666666666667E-1,7.777777777778E-1,8.888888888889E-1,1.E0),
.UNSPECIFIED.);
#1526=B_SPLINE_CURVE_WITH_KNOTS('',3,(#1514,#1515,#1516,#1517,#1518,#1519,#1520,
#1521,#1522,#1523,#1524,#1525),.UNSPECIFIED.,.F.,.F.,(4,1,1,1,1,1,1,1,1,4),
(0.E0,1.111111111111E-1,2.222222222222E-1,3.333333333333E-1,4.444444444444E-1,
5.555555555556E-1,6.666666666667E-1,7.777777777778E-1,8.888888888889E-1,1.E0),
.UNSPECIFIED.);
#1536=B_SPLINE_CURVE_WITH_KNOTS('',3,(#1527,#1528,#1529,#1530,#1531,#1532,#1533,
#1534,#1535),.UNSPECIFIED.,.F.,.F.,(4,1,1,1,1,1,4),(0.E0,1.666666666667E-1,
3.333333333333E-1,5.E-1,6.666666666667E-1,8.333333333333E-1,1.E0),
.UNSPECIFIED.);
#1626=B_SPLINE_CURVE_WITH_KNOTS('',3,(#1537,#1538,#1539,#1540,#1541,#1542,#1543,
#1544,#1545,#1546,#1547,#1548,#1549,#1550,#1551,#1552,#1553,#1554,#1555,#1556,
#1557,#1558,#1559,#1560,#1561,#1562,#1563,#1564,#1565,#1566,#1567,#1568,#1569,
#1570,#1571,#1572,#1573,#1574,#1575,#1576,#1577,#1578,#1579,#1580,#1581,#1582,
#1583,#1584,#1585,#1586,#1587,#1588,#1589,#1590,#1591,#1592,#1593,#1594,#1595,
#1596,#1597,#1598,#1599,#1600,#1601,#1602,#1603,#1604,#1605,#1606,#1607,#1608,
#1609,#1610,#1611,#1612,#1613,#1614,#1615,#1616,#1617,#1618,#1619,#1620,#1621,
#1622,#1623,#1624,#1625),.UNSPECIFIED.,.F.,.F.,(4,1,1,1,1,1,1,1,1,1,1,1,1,1,1,1,
1,1,1,1,1,1,1,1,1,1,1,1,1,1,1,1,1,1,1,1,1,1,1,1,1,1,1,1,1,1,1,1,1,1,1,1,1,1,1,1,
1,1,1,1,1,1,1,1,1,1,1,1,1,1,1,1,1,1,1,1,1,1,1,1,1,1,1,1,1,1,4),(0.E0,
1.162790697674E-2,2.325581395349E-2,3.488372093023E-2,4.651162790698E-2,
5.813953488372E-2,6.976744186047E-2,8.139534883721E-2,9.302325581395E-2,
1.046511627907E-1,1.162790697674E-1,1.279069767442E-1,1.395348837209E-1,
1.511627906977E-1,1.627906976744E-1,1.744186046512E-1,1.860465116279E-1,
1.976744186047E-1,2.093023255814E-1,2.209302325581E-1,2.325581395349E-1,
2.441860465116E-1,2.558139534884E-1,2.674418604651E-1,2.790697674419E-1,
2.906976744186E-1,3.023255813953E-1,3.139534883721E-1,3.255813953488E-1,
3.372093023256E-1,3.488372093023E-1,3.604651162791E-1,3.720930232558E-1,
3.837209302326E-1,3.953488372093E-1,4.069767441860E-1,4.186046511628E-1,
4.302325581395E-1,4.418604651163E-1,4.534883720930E-1,4.651162790698E-1,
4.767441860465E-1,4.883720930233E-1,5.E-1,5.116279069767E-1,5.232558139535E-1,
5.348837209302E-1,5.465116279070E-1,5.581395348837E-1,5.697674418605E-1,
5.813953488372E-1,5.930232558140E-1,6.046511627907E-1,6.162790697674E-1,
6.279069767442E-1,6.395348837209E-1,6.511627906977E-1,6.627906976744E-1,
6.744186046512E-1,6.860465116279E-1,6.976744186047E-1,7.093023255814E-1,
7.209302325581E-1,7.325581395349E-1,7.441860465116E-1,7.558139534884E-1,
7.674418604651E-1,7.790697674419E-1,7.906976744186E-1,8.023255813953E-1,
8.139534883721E-1,8.255813953488E-1,8.372093023256E-1,8.488372093023E-1,
8.604651162791E-1,8.720930232558E-1,8.837209302326E-1,8.953488372093E-1,
9.069767441860E-1,9.186046511628E-1,9.302325581395E-1,9.418604651163E-1,
9.534883720930E-1,9.651162790698E-1,9.767441860465E-1,9.883720930233E-1,1.E0),
.UNSPECIFIED.);
#1648=B_SPLINE_CURVE_WITH_KNOTS('',3,(#1631,#1632,#1633,#1634,#1635,#1636,#1637,
#1638,#1639,#1640,#1641,#1642,#1643,#1644,#1645,#1646,#1647),.UNSPECIFIED.,.F.,
.F.,(4,1,1,1,1,1,1,1,1,1,1,1,1,1,4),(0.E0,7.142857142857E-2,1.428571428571E-1,
2.142857142857E-1,2.857142857143E-1,3.571428571429E-1,4.285714285714E-1,5.E-1,
5.714285714286E-1,6.428571428571E-1,7.142857142857E-1,7.857142857143E-1,
8.571428571429E-1,9.285714285714E-1,1.E0),.UNSPECIFIED.);
#1665=B_SPLINE_CURVE_WITH_KNOTS('',3,(#1649,#1650,#1651,#1652,#1653,#1654,#1655,
#1656,#1657,#1658,#1659,#1660,#1661,#1662,#1663,#1664),.UNSPECIFIED.,.F.,.F.,(4,
1,1,1,1,1,1,1,1,1,1,1,1,4),(0.E0,7.692307692308E-2,1.538461538462E-1,
2.307692307692E-1,3.076923076923E-1,3.846153846154E-1,4.615384615385E-1,
5.384615384615E-1,6.153846153846E-1,6.923076923077E-1,7.692307692308E-1,
8.461538461538E-1,9.230769230769E-1,1.E0),.UNSPECIFIED.);
#1675=B_SPLINE_CURVE_WITH_KNOTS('',3,(#1666,#1667,#1668,#1669,#1670,#1671,#1672,
#1673,#1674),.UNSPECIFIED.,.F.,.F.,(4,1,1,1,1,1,4),(0.E0,1.666666666667E-1,
3.333333333333E-1,5.E-1,6.666666666667E-1,8.333333333333E-1,1.E0),
.UNSPECIFIED.);
#1683=B_SPLINE_CURVE_WITH_KNOTS('',3,(#1676,#1677,#1678,#1679,#1680,#1681,
#1682),.UNSPECIFIED.,.F.,.F.,(4,1,1,1,4),(0.E0,2.5E-1,5.E-1,7.5E-1,1.E0),
.UNSPECIFIED.);
#1690=B_SPLINE_CURVE_WITH_KNOTS('',3,(#1684,#1685,#1686,#1687,#1688,#1689),
.UNSPECIFIED.,.F.,.F.,(4,1,1,4),(0.E0,3.333333333333E-1,6.666666666667E-1,1.E0),
.UNSPECIFIED.);
#1718=B_SPLINE_CURVE_WITH_KNOTS('',3,(#1691,#1692,#1693,#1694,#1695,#1696,#1697,
#1698,#1699,#1700,#1701,#1702,#1703,#1704,#1705,#1706,#1707,#1708,#1709,#1710,
#1711,#1712,#1713,#1714,#1715,#1716,#1717),.UNSPECIFIED.,.F.,.F.,(4,1,1,1,1,1,1,
1,1,1,1,1,1,1,1,1,1,1,1,1,1,1,1,1,4),(0.E0,4.166666666667E-2,8.333333333333E-2,
1.25E-1,1.666666666667E-1,2.083333333333E-1,2.5E-1,2.916666666667E-1,
3.333333333333E-1,3.75E-1,4.166666666667E-1,4.583333333333E-1,5.E-1,
5.416666666667E-1,5.833333333333E-1,6.25E-1,6.666666666667E-1,7.083333333333E-1,
7.5E-1,7.916666666667E-1,8.333333333333E-1,8.75E-1,9.166666666667E-1,
9.583333333333E-1,1.E0),.UNSPECIFIED.);
#1724=B_SPLINE_CURVE_WITH_KNOTS('',3,(#1719,#1720,#1721,#1722,#1723),
.UNSPECIFIED.,.F.,.F.,(4,1,4),(0.E0,5.E-1,1.E0),.UNSPECIFIED.);
#1737=B_SPLINE_CURVE_WITH_KNOTS('',3,(#1725,#1726,#1727,#1728,#1729,#1730,#1731,
#1732,#1733,#1734,#1735,#1736),.UNSPECIFIED.,.F.,.F.,(4,1,1,1,1,1,1,1,1,4),
(0.E0,1.111111111111E-1,2.222222222222E-1,3.333333333333E-1,4.444444444444E-1,
5.555555555556E-1,6.666666666667E-1,7.777777777778E-1,8.888888888889E-1,1.E0),
.UNSPECIFIED.);
#1742=CIRCLE('',#1741,5.5E0);
#1747=CIRCLE('',#1746,5.5E0);
#1752=CIRCLE('',#1751,5.5E0);
#1757=CIRCLE('',#1756,5.5E0);
#1767=B_SPLINE_CURVE_WITH_KNOTS('',3,(#1758,#1759,#1760,#1761,#1762,#1763,#1764,
#1765,#1766),.UNSPECIFIED.,.F.,.F.,(4,1,1,1,1,1,4),(0.E0,1.666666666667E-1,
3.333333333333E-1,5.E-1,6.666666666667E-1,8.333333333333E-1,1.E0),
.UNSPECIFIED.);
#1775=B_SPLINE_CURVE_WITH_KNOTS('',3,(#1768,#1769,#1770,#1771,#1772,#1773,
#1774),.UNSPECIFIED.,.F.,.F.,(4,1,1,1,4),(0.E0,2.5E-1,5.E-1,7.5E-1,1.E0),
.UNSPECIFIED.);
#1794=B_SPLINE_CURVE_WITH_KNOTS('',3,(#1776,#1777,#1778,#1779,#1780,#1781,#1782,
#1783,#1784,#1785,#1786,#1787,#1788,#1789,#1790,#1791,#1792,#1793),
.UNSPECIFIED.,.F.,.F.,(4,1,1,1,1,1,1,1,1,1,1,1,1,1,1,4),(0.E0,6.666666666667E-2,
1.333333333333E-1,2.E-1,2.666666666667E-1,3.333333333333E-1,4.E-1,
4.666666666667E-1,5.333333333333E-1,6.E-1,6.666666666667E-1,7.333333333333E-1,
8.E-1,8.666666666667E-1,9.333333333333E-1,1.E0),.UNSPECIFIED.);
#1812=B_SPLINE_CURVE_WITH_KNOTS('',3,(#1795,#1796,#1797,#1798,#1799,#1800,#1801,
#1802,#1803,#1804,#1805,#1806,#1807,#1808,#1809,#1810,#1811),.UNSPECIFIED.,.F.,
.F.,(4,1,1,1,1,1,1,1,1,1,1,1,1,1,4),(0.E0,7.142857142857E-2,1.428571428571E-1,
2.142857142857E-1,2.857142857143E-1,3.571428571429E-1,4.285714285714E-1,5.E-1,
5.714285714286E-1,6.428571428571E-1,7.142857142857E-1,7.857142857143E-1,
8.571428571429E-1,9.285714285714E-1,1.E0),.UNSPECIFIED.);
#1830=B_SPLINE_CURVE_WITH_KNOTS('',3,(#1813,#1814,#1815,#1816,#1817,#1818,#1819,
#1820,#1821,#1822,#1823,#1824,#1825,#1826,#1827,#1828,#1829),.UNSPECIFIED.,.F.,
.F.,(4,1,1,1,1,1,1,1,1,1,1,1,1,1,4),(0.E0,7.142857142857E-2,1.428571428571E-1,
2.142857142857E-1,2.857142857143E-1,3.571428571429E-1,4.285714285714E-1,5.E-1,
5.714285714286E-1,6.428571428571E-1,7.142857142857E-1,7.857142857143E-1,
8.571428571429E-1,9.285714285714E-1,1.E0),.UNSPECIFIED.);
#1847=B_SPLINE_CURVE_WITH_KNOTS('',3,(#1835,#1836,#1837,#1838,#1839,#1840,#1841,
#1842,#1843,#1844,#1845,#1846),.UNSPECIFIED.,.F.,.F.,(4,1,1,1,1,1,1,1,1,4),
(0.E0,1.111111111111E-1,2.222222222222E-1,3.333333333333E-1,4.444444444444E-1,
5.555555555556E-1,6.666666666667E-1,7.777777777778E-1,8.888888888889E-1,1.E0),
.UNSPECIFIED.);
#1853=B_SPLINE_CURVE_WITH_KNOTS('',3,(#1848,#1849,#1850,#1851,#1852),
.UNSPECIFIED.,.F.,.F.,(4,1,4),(0.E0,5.E-1,1.E0),.UNSPECIFIED.);
#1864=B_SPLINE_CURVE_WITH_KNOTS('',3,(#1854,#1855,#1856,#1857,#1858,#1859,#1860,
#1861,#1862,#1863),.UNSPECIFIED.,.F.,.F.,(4,1,1,1,1,1,1,4),(0.E0,
1.428571428571E-1,2.857142857143E-1,4.285714285714E-1,5.714285714286E-1,
7.142857142857E-1,8.571428571429E-1,1.E0),.UNSPECIFIED.);
#1876=B_SPLINE_CURVE_WITH_KNOTS('',3,(#1865,#1866,#1867,#1868,#1869,#1870,#1871,
#1872,#1873,#1874,#1875),.UNSPECIFIED.,.F.,.F.,(4,1,1,1,1,1,1,1,4),(0.E0,
1.25E-1,2.5E-1,3.75E-1,5.E-1,6.25E-1,7.5E-1,8.75E-1,1.E0),.UNSPECIFIED.);
#1886=B_SPLINE_CURVE_WITH_KNOTS('',3,(#1877,#1878,#1879,#1880,#1881,#1882,#1883,
#1884,#1885),.UNSPECIFIED.,.F.,.F.,(4,1,1,1,1,1,4),(0.E0,1.666666666667E-1,
3.333333333333E-1,5.E-1,6.666666666667E-1,8.333333333333E-1,1.E0),
.UNSPECIFIED.);
#1902=B_SPLINE_CURVE_WITH_KNOTS('',3,(#1887,#1888,#1889,#1890,#1891,#1892,#1893,
#1894,#1895,#1896,#1897,#1898,#1899,#1900,#1901),.UNSPECIFIED.,.F.,.F.,(4,1,1,1,
1,1,1,1,1,1,1,1,4),(0.E0,8.333333333333E-2,1.666666666667E-1,2.5E-1,
3.333333333333E-1,4.166666666667E-1,5.E-1,5.833333333333E-1,6.666666666667E-1,
7.5E-1,8.333333333333E-1,9.166666666667E-1,1.E0),.UNSPECIFIED.);
#1912=B_SPLINE_CURVE_WITH_KNOTS('',3,(#1903,#1904,#1905,#1906,#1907,#1908,#1909,
#1910,#1911),.UNSPECIFIED.,.F.,.F.,(4,1,1,1,1,1,4),(0.E0,1.666666666667E-1,
3.333333333333E-1,5.E-1,6.666666666667E-1,8.333333333333E-1,1.E0),
.UNSPECIFIED.);
#1931=B_SPLINE_CURVE_WITH_KNOTS('',3,(#1913,#1914,#1915,#1916,#1917,#1918,#1919,
#1920,#1921,#1922,#1923,#1924,#1925,#1926,#1927,#1928,#1929,#1930),
.UNSPECIFIED.,.F.,.F.,(4,1,1,1,1,1,1,1,1,1,1,1,1,1,1,4),(0.E0,6.666666666667E-2,
1.333333333333E-1,2.E-1,2.666666666667E-1,3.333333333333E-1,4.E-1,
4.666666666667E-1,5.333333333333E-1,6.E-1,6.666666666667E-1,7.333333333333E-1,
8.E-1,8.666666666667E-1,9.333333333333E-1,1.E0),.UNSPECIFIED.);
#1949=B_SPLINE_CURVE_WITH_KNOTS('',3,(#1932,#1933,#1934,#1935,#1936,#1937,#1938,
#1939,#1940,#1941,#1942,#1943,#1944,#1945,#1946,#1947,#1948),.UNSPECIFIED.,.F.,
.F.,(4,1,1,1,1,1,1,1,1,1,1,1,1,1,4),(0.E0,7.142857142857E-2,1.428571428571E-1,
2.142857142857E-1,2.857142857143E-1,3.571428571429E-1,4.285714285714E-1,5.E-1,
5.714285714286E-1,6.428571428571E-1,7.142857142857E-1,7.857142857143E-1,
8.571428571429E-1,9.285714285714E-1,1.E0),.UNSPECIFIED.);
#1967=B_SPLINE_CURVE_WITH_KNOTS('',3,(#1950,#1951,#1952,#1953,#1954,#1955,#1956,
#1957,#1958,#1959,#1960,#1961,#1962,#1963,#1964,#1965,#1966),.UNSPECIFIED.,.F.,
.F.,(4,1,1,1,1,1,1,1,1,1,1,1,1,1,4),(0.E0,7.142857142857E-2,1.428571428571E-1,
2.142857142857E-1,2.857142857143E-1,3.571428571429E-1,4.285714285714E-1,5.E-1,
5.714285714286E-1,6.428571428571E-1,7.142857142857E-1,7.857142857143E-1,
8.571428571429E-1,9.285714285714E-1,1.E0),.UNSPECIFIED.);
#1986=B_SPLINE_CURVE_WITH_KNOTS('',3,(#1968,#1969,#1970,#1971,#1972,#1973,#1974,
#1975,#1976,#1977,#1978,#1979,#1980,#1981,#1982,#1983,#1984,#1985),
.UNSPECIFIED.,.F.,.F.,(4,1,1,1,1,1,1,1,1,1,1,1,1,1,1,4),(0.E0,6.666666666667E-2,
1.333333333333E-1,2.E-1,2.666666666667E-1,3.333333333333E-1,4.E-1,
4.666666666667E-1,5.333333333333E-1,6.E-1,6.666666666667E-1,7.333333333333E-1,
8.E-1,8.666666666667E-1,9.333333333333E-1,1.E0),.UNSPECIFIED.);
#2003=B_SPLINE_CURVE_WITH_KNOTS('',3,(#1987,#1988,#1989,#1990,#1991,#1992,#1993,
#1994,#1995,#1996,#1997,#1998,#1999,#2000,#2001,#2002),.UNSPECIFIED.,.F.,.F.,(4,
1,1,1,1,1,1,1,1,1,1,1,1,4),(0.E0,7.692307692308E-2,1.538461538462E-1,
2.307692307692E-1,3.076923076923E-1,3.846153846154E-1,4.615384615385E-1,
5.384615384615E-1,6.153846153846E-1,6.923076923077E-1,7.692307692308E-1,
8.461538461538E-1,9.230769230769E-1,1.E0),.UNSPECIFIED.);
#2009=B_SPLINE_CURVE_WITH_KNOTS('',3,(#2004,#2005,#2006,#2007,#2008),
.UNSPECIFIED.,.F.,.F.,(4,1,4),(0.E0,5.E-1,1.E0),.UNSPECIFIED.);
#2029=B_SPLINE_CURVE_WITH_KNOTS('',3,(#2010,#2011,#2012,#2013,#2014,#2015,#2016,
#2017,#2018,#2019,#2020,#2021,#2022,#2023,#2024,#2025,#2026,#2027,#2028),
.UNSPECIFIED.,.F.,.F.,(4,1,1,1,1,1,1,1,1,1,1,1,1,1,1,1,4),(0.E0,6.25E-2,1.25E-1,
1.875E-1,2.5E-1,3.125E-1,3.75E-1,4.375E-1,5.E-1,5.625E-1,6.25E-1,6.875E-1,
7.5E-1,8.125E-1,8.75E-1,9.375E-1,1.E0),.UNSPECIFIED.);
#2035=B_SPLINE_CURVE_WITH_KNOTS('',3,(#2030,#2031,#2032,#2033,#2034),
.UNSPECIFIED.,.F.,.F.,(4,1,4),(0.E0,5.E-1,1.E0),.UNSPECIFIED.);
#2040=CIRCLE('',#2039,4.45E0);
#2053=CIRCLE('',#2052,4.45E0);
#2058=CIRCLE('',#2057,2.E-1);
#2063=CIRCLE('',#2062,2.E-1);
#2068=CIRCLE('',#2067,4.45E0);
#2073=CIRCLE('',#2072,4.45E0);
#2078=CIRCLE('',#2077,4.25E0);
#2083=CIRCLE('',#2082,4.25E0);
#2088=CIRCLE('',#2087,3.53E0);
#2101=CIRCLE('',#2100,3.53E0);
#2106=CIRCLE('',#2105,3.53E0);
#2111=CIRCLE('',#2110,3.53E0);
#2116=CIRCLE('',#2115,3.175E0);
#2121=CIRCLE('',#2120,3.175E0);
#2126=CIRCLE('',#2125,2.85E0);
#2135=CIRCLE('',#2134,2.85E0);
#2140=CIRCLE('',#2139,2.85E0);
#2145=CIRCLE('',#2144,2.85E0);
#2150=CIRCLE('',#2149,2.85E0);
#2159=CIRCLE('',#2158,2.85E0);
#2176=B_SPLINE_CURVE_WITH_KNOTS('',3,(#2164,#2165,#2166,#2167,#2168,#2169,#2170,
#2171,#2172,#2173,#2174,#2175),.UNSPECIFIED.,.F.,.F.,(4,1,1,1,1,1,1,1,1,4),
(0.E0,1.111111111111E-1,2.222222222222E-1,3.333333333333E-1,4.444444444444E-1,
5.555555555556E-1,6.666666666667E-1,7.777777777778E-1,8.888888888889E-1,1.E0),
.UNSPECIFIED.);
#2181=CIRCLE('',#2180,2.85E0);
#2194=B_SPLINE_CURVE_WITH_KNOTS('',3,(#2182,#2183,#2184,#2185,#2186,#2187,#2188,
#2189,#2190,#2191,#2192,#2193),.UNSPECIFIED.,.F.,.F.,(4,1,1,1,1,1,1,1,1,4),
(0.E0,1.111111111111E-1,2.222222222222E-1,3.333333333333E-1,4.444444444444E-1,
5.555555555556E-1,6.666666666667E-1,7.777777777778E-1,8.888888888889E-1,1.E0),
.UNSPECIFIED.);
#2203=CIRCLE('',#2202,2.85E0);
#2208=CIRCLE('',#2207,3.25E-1);
#2213=CIRCLE('',#2212,3.25E-1);
#2218=CIRCLE('',#2217,2.E-1);
#2223=CIRCLE('',#2222,2.65E0);
#2228=CIRCLE('',#2227,2.E-1);
#2233=CIRCLE('',#2232,2.E-1);
#2238=CIRCLE('',#2237,2.E-1);
#2251=B_SPLINE_CURVE_WITH_KNOTS('',3,(#2239,#2240,#2241,#2242,#2243,#2244,#2245,
#2246,#2247,#2248,#2249,#2250),.UNSPECIFIED.,.F.,.F.,(4,1,1,1,1,1,1,1,1,4),
(0.E0,1.111111111111E-1,2.222222222222E-1,3.333333333333E-1,4.444444444444E-1,
5.555555555556E-1,6.666666666667E-1,7.777777777778E-1,8.888888888889E-1,1.E0),
.UNSPECIFIED.);
#2256=CIRCLE('',#2255,2.E-1);
#2261=CIRCLE('',#2260,2.E-1);
#2266=CIRCLE('',#2265,6.E-1);
#2271=CIRCLE('',#2270,2.65E0);
#2276=CIRCLE('',#2275,8.E-1);
#2285=CIRCLE('',#2284,8.E-1);
#2290=CIRCLE('',#2289,2.E-1);
#2295=CIRCLE('',#2294,1.E0);
#2300=CIRCLE('',#2299,8.E-1);
#2305=CIRCLE('',#2304,8.E-1);
#2310=CIRCLE('',#2309,8.E-1);
#2315=CIRCLE('',#2314,8.E-1);
#2320=CIRCLE('',#2319,8.E-1);
#2325=CIRCLE('',#2324,8.E-1);
#2338=CIRCLE('',#2337,6.E-1);
#2347=CIRCLE('',#2346,6.E-1);
#2356=CIRCLE('',#2355,6.E-1);
#2361=CIRCLE('',#2360,6.E-1);
#2366=CIRCLE('',#2365,6.E-1);
#2371=CIRCLE('',#2370,6.E-1);
#2376=CIRCLE('',#2375,6.E-1);
#2381=CIRCLE('',#2380,6.E-1);
#2386=CIRCLE('',#2385,6.E-1);
#2403=CIRCLE('',#2402,6.E-1);
#2412=CIRCLE('',#2411,6.E-1);
#2429=CIRCLE('',#2428,6.E-1);
#2438=CIRCLE('',#2437,2.E-1);
#2443=CIRCLE('',#2442,2.E-1);
#2452=CIRCLE('',#2451,2.E-1);
#2465=B_SPLINE_CURVE_WITH_KNOTS('',3,(#2453,#2454,#2455,#2456,#2457,#2458,#2459,
#2460,#2461,#2462,#2463,#2464),.UNSPECIFIED.,.F.,.F.,(4,1,1,1,1,1,1,1,1,4),
(0.E0,1.111111111111E-1,2.222222222222E-1,3.333333333333E-1,4.444444444444E-1,
5.555555555556E-1,6.666666666667E-1,7.777777777778E-1,8.888888888889E-1,1.E0),
.UNSPECIFIED.);
#2484=B_SPLINE_CURVE_WITH_KNOTS('',3,(#2466,#2467,#2468,#2469,#2470,#2471,#2472,
#2473,#2474,#2475,#2476,#2477,#2478,#2479,#2480,#2481,#2482,#2483),
.UNSPECIFIED.,.F.,.F.,(4,1,1,1,1,1,1,1,1,1,1,1,1,1,1,4),(0.E0,6.666666666667E-2,
1.333333333333E-1,2.E-1,2.666666666667E-1,3.333333333333E-1,4.E-1,
4.666666666667E-1,5.333333333333E-1,6.E-1,6.666666666667E-1,7.333333333333E-1,
8.E-1,8.666666666667E-1,9.333333333333E-1,1.E0),.UNSPECIFIED.);
#2501=B_SPLINE_CURVE_WITH_KNOTS('',3,(#2485,#2486,#2487,#2488,#2489,#2490,#2491,
#2492,#2493,#2494,#2495,#2496,#2497,#2498,#2499,#2500),.UNSPECIFIED.,.F.,.F.,(4,
1,1,1,1,1,1,1,1,1,1,1,1,4),(0.E0,7.692307692308E-2,1.538461538462E-1,
2.307692307692E-1,3.076923076923E-1,3.846153846154E-1,4.615384615385E-1,
5.384615384615E-1,6.153846153846E-1,6.923076923077E-1,7.692307692308E-1,
8.461538461538E-1,9.230769230769E-1,1.E0),.UNSPECIFIED.);
#2518=B_SPLINE_CURVE_WITH_KNOTS('',3,(#2502,#2503,#2504,#2505,#2506,#2507,#2508,
#2509,#2510,#2511,#2512,#2513,#2514,#2515,#2516,#2517),.UNSPECIFIED.,.F.,.F.,(4,
1,1,1,1,1,1,1,1,1,1,1,1,4),(0.E0,7.692307692308E-2,1.538461538462E-1,
2.307692307692E-1,3.076923076923E-1,3.846153846154E-1,4.615384615385E-1,
5.384615384615E-1,6.153846153846E-1,6.923076923077E-1,7.692307692308E-1,
8.461538461538E-1,9.230769230769E-1,1.E0),.UNSPECIFIED.);
#2536=B_SPLINE_CURVE_WITH_KNOTS('',3,(#2519,#2520,#2521,#2522,#2523,#2524,#2525,
#2526,#2527,#2528,#2529,#2530,#2531,#2532,#2533,#2534,#2535),.UNSPECIFIED.,.F.,
.F.,(4,1,1,1,1,1,1,1,1,1,1,1,1,1,4),(0.E0,7.142857142857E-2,1.428571428571E-1,
2.142857142857E-1,2.857142857143E-1,3.571428571429E-1,4.285714285714E-1,5.E-1,
5.714285714286E-1,6.428571428571E-1,7.142857142857E-1,7.857142857143E-1,
8.571428571429E-1,9.285714285714E-1,1.E0),.UNSPECIFIED.);
#2555=B_SPLINE_CURVE_WITH_KNOTS('',3,(#2537,#2538,#2539,#2540,#2541,#2542,#2543,
#2544,#2545,#2546,#2547,#2548,#2549,#2550,#2551,#2552,#2553,#2554),
.UNSPECIFIED.,.F.,.F.,(4,1,1,1,1,1,1,1,1,1,1,1,1,1,1,4),(0.E0,6.666666666667E-2,
1.333333333333E-1,2.E-1,2.666666666667E-1,3.333333333333E-1,4.E-1,
4.666666666667E-1,5.333333333333E-1,6.E-1,6.666666666667E-1,7.333333333333E-1,
8.E-1,8.666666666667E-1,9.333333333333E-1,1.E0),.UNSPECIFIED.);
#2575=B_SPLINE_CURVE_WITH_KNOTS('',3,(#2556,#2557,#2558,#2559,#2560,#2561,#2562,
#2563,#2564,#2565,#2566,#2567,#2568,#2569,#2570,#2571,#2572,#2573,#2574),
.UNSPECIFIED.,.F.,.F.,(4,1,1,1,1,1,1,1,1,1,1,1,1,1,1,1,4),(0.E0,6.25E-2,1.25E-1,
1.875E-1,2.5E-1,3.125E-1,3.75E-1,4.375E-1,5.E-1,5.625E-1,6.25E-1,6.875E-1,
7.5E-1,8.125E-1,8.75E-1,9.375E-1,1.E0),.UNSPECIFIED.);
#2793=B_SPLINE_CURVE_WITH_KNOTS('',3,(#2576,#2577,#2578,#2579,#2580,#2581,#2582,
#2583,#2584,#2585,#2586,#2587,#2588,#2589,#2590,#2591,#2592,#2593,#2594,#2595,
#2596,#2597,#2598,#2599,#2600,#2601,#2602,#2603,#2604,#2605,#2606,#2607,#2608,
#2609,#2610,#2611,#2612,#2613,#2614,#2615,#2616,#2617,#2618,#2619,#2620,#2621,
#2622,#2623,#2624,#2625,#2626,#2627,#2628,#2629,#2630,#2631,#2632,#2633,#2634,
#2635,#2636,#2637,#2638,#2639,#2640,#2641,#2642,#2643,#2644,#2645,#2646,#2647,
#2648,#2649,#2650,#2651,#2652,#2653,#2654,#2655,#2656,#2657,#2658,#2659,#2660,
#2661,#2662,#2663,#2664,#2665,#2666,#2667,#2668,#2669,#2670,#2671,#2672,#2673,
#2674,#2675,#2676,#2677,#2678,#2679,#2680,#2681,#2682,#2683,#2684,#2685,#2686,
#2687,#2688,#2689,#2690,#2691,#2692,#2693,#2694,#2695,#2696,#2697,#2698,#2699,
#2700,#2701,#2702,#2703,#2704,#2705,#2706,#2707,#2708,#2709,#2710,#2711,#2712,
#2713,#2714,#2715,#2716,#2717,#2718,#2719,#2720,#2721,#2722,#2723,#2724,#2725,
#2726,#2727,#2728,#2729,#2730,#2731,#2732,#2733,#2734,#2735,#2736,#2737,#2738,
#2739,#2740,#2741,#2742,#2743,#2744,#2745,#2746,#2747,#2748,#2749,#2750,#2751,
#2752,#2753,#2754,#2755,#2756,#2757,#2758,#2759,#2760,#2761,#2762,#2763,#2764,
#2765,#2766,#2767,#2768,#2769,#2770,#2771,#2772,#2773,#2774,#2775,#2776,#2777,
#2778,#2779,#2780,#2781,#2782,#2783,#2784,#2785,#2786,#2787,#2788,#2789,#2790,
#2791,#2792),.UNSPECIFIED.,.F.,.F.,(4,1,1,1,1,1,1,1,1,1,1,1,1,1,1,1,1,1,1,1,1,1,
1,1,1,1,1,1,1,1,1,1,1,1,1,1,1,1,1,1,1,1,1,1,1,1,1,1,1,1,1,1,1,1,1,1,1,1,1,1,1,1,
1,1,1,1,1,1,1,1,1,1,1,1,1,1,1,1,1,1,1,1,1,1,1,1,1,1,1,1,1,1,1,1,1,1,1,1,1,1,1,1,
1,1,1,1,1,1,1,1,1,1,1,1,1,1,1,1,1,1,1,1,1,1,1,1,1,1,1,1,1,1,1,1,1,1,1,1,1,1,1,1,
1,1,1,1,1,1,1,1,1,1,1,1,1,1,1,1,1,1,1,1,1,1,1,1,1,1,1,1,1,1,1,1,1,1,1,1,1,1,1,1,
1,1,1,1,1,1,1,1,1,1,1,1,1,1,1,1,1,1,1,1,1,1,1,1,1,1,1,1,1,1,1,1,4),(0.E0,
4.672897196262E-3,9.345794392523E-3,1.401869158879E-2,1.869158878505E-2,
2.336448598131E-2,2.803738317757E-2,3.271028037383E-2,3.738317757009E-2,
4.205607476636E-2,4.672897196262E-2,5.140186915888E-2,5.607476635514E-2,
6.074766355140E-2,6.542056074766E-2,7.009345794393E-2,7.476635514019E-2,
7.943925233645E-2,8.411214953271E-2,8.878504672897E-2,9.345794392523E-2,
9.813084112150E-2,1.028037383178E-1,1.074766355140E-1,1.121495327103E-1,
1.168224299065E-1,1.214953271028E-1,1.261682242991E-1,1.308411214953E-1,
1.355140186916E-1,1.401869158879E-1,1.448598130841E-1,1.495327102804E-1,
1.542056074766E-1,1.588785046729E-1,1.635514018692E-1,1.682242990654E-1,
1.728971962617E-1,1.775700934579E-1,1.822429906542E-1,1.869158878505E-1,
1.915887850467E-1,1.962616822430E-1,2.009345794393E-1,2.056074766355E-1,
2.102803738318E-1,2.149532710280E-1,2.196261682243E-1,2.242990654206E-1,
2.289719626168E-1,2.336448598131E-1,2.383177570093E-1,2.429906542056E-1,
2.476635514019E-1,2.523364485981E-1,2.570093457944E-1,2.616822429907E-1,
2.663551401869E-1,2.710280373832E-1,2.757009345794E-1,2.803738317757E-1,
2.850467289720E-1,2.897196261682E-1,2.943925233645E-1,2.990654205607E-1,
3.037383177570E-1,3.084112149533E-1,3.130841121495E-1,3.177570093458E-1,
3.224299065421E-1,3.271028037383E-1,3.317757009346E-1,3.364485981308E-1,
3.411214953271E-1,3.457943925234E-1,3.504672897196E-1,3.551401869159E-1,
3.598130841121E-1,3.644859813084E-1,3.691588785047E-1,3.738317757009E-1,
3.785046728972E-1,3.831775700935E-1,3.878504672897E-1,3.925233644860E-1,
3.971962616822E-1,4.018691588785E-1,4.065420560748E-1,4.112149532710E-1,
4.158878504673E-1,4.205607476636E-1,4.252336448598E-1,4.299065420561E-1,
4.345794392523E-1,4.392523364486E-1,4.439252336449E-1,4.485981308411E-1,
4.532710280374E-1,4.579439252336E-1,4.626168224299E-1,4.672897196262E-1,
4.719626168224E-1,4.766355140187E-1,4.813084112150E-1,4.859813084112E-1,
4.906542056075E-1,4.953271028037E-1,5.E-1,5.046728971963E-1,5.093457943925E-1,
5.140186915888E-1,5.186915887850E-1,5.233644859813E-1,5.280373831776E-1,
5.327102803738E-1,5.373831775701E-1,5.420560747664E-1,5.467289719626E-1,
5.514018691589E-1,5.560747663551E-1,5.607476635514E-1,5.654205607477E-1,
5.700934579439E-1,5.747663551402E-1,5.794392523364E-1,5.841121495327E-1,
5.887850467290E-1,5.934579439252E-1,5.981308411215E-1,6.028037383178E-1,
6.074766355140E-1,6.121495327103E-1,6.168224299065E-1,6.214953271028E-1,
6.261682242991E-1,6.308411214953E-1,6.355140186916E-1,6.401869158879E-1,
6.448598130841E-1,6.495327102804E-1,6.542056074766E-1,6.588785046729E-1,
6.635514018692E-1,6.682242990654E-1,6.728971962617E-1,6.775700934579E-1,
6.822429906542E-1,6.869158878505E-1,6.915887850467E-1,6.962616822430E-1,
7.009345794393E-1,7.056074766355E-1,7.102803738318E-1,7.149532710280E-1,
7.196261682243E-1,7.242990654206E-1,7.289719626168E-1,7.336448598131E-1,
7.383177570093E-1,7.429906542056E-1,7.476635514019E-1,7.523364485981E-1,
7.570093457944E-1,7.616822429907E-1,7.663551401869E-1,7.710280373832E-1,
7.757009345794E-1,7.803738317757E-1,7.850467289720E-1,7.897196261682E-1,
7.943925233645E-1,7.990654205607E-1,8.037383177570E-1,8.084112149533E-1,
8.130841121495E-1,8.177570093458E-1,8.224299065421E-1,8.271028037383E-1,
8.317757009346E-1,8.364485981308E-1,8.411214953271E-1,8.457943925234E-1,
8.504672897196E-1,8.551401869159E-1,8.598130841121E-1,8.644859813084E-1,
8.691588785047E-1,8.738317757009E-1,8.785046728972E-1,8.831775700935E-1,
8.878504672897E-1,8.925233644860E-1,8.971962616822E-1,9.018691588785E-1,
9.065420560748E-1,9.112149532710E-1,9.158878504673E-1,9.205607476636E-1,
9.252336448598E-1,9.299065420561E-1,9.345794392523E-1,9.392523364486E-1,
9.439252336449E-1,9.485981308411E-1,9.532710280374E-1,9.579439252336E-1,
9.626168224299E-1,9.672897196262E-1,9.719626168224E-1,9.766355140187E-1,
9.813084112150E-1,9.859813084112E-1,9.906542056075E-1,9.953271028037E-1,1.E0),
.UNSPECIFIED.);
#2810=B_SPLINE_CURVE_WITH_KNOTS('',3,(#2794,#2795,#2796,#2797,#2798,#2799,#2800,
#2801,#2802,#2803,#2804,#2805,#2806,#2807,#2808,#2809),.UNSPECIFIED.,.F.,.F.,(4,
1,1,1,1,1,1,1,1,1,1,1,1,4),(0.E0,7.692307692308E-2,1.538461538462E-1,
2.307692307692E-1,3.076923076923E-1,3.846153846154E-1,4.615384615385E-1,
5.384615384615E-1,6.153846153846E-1,6.923076923077E-1,7.692307692308E-1,
8.461538461538E-1,9.230769230769E-1,1.E0),.UNSPECIFIED.);
#3013=B_SPLINE_CURVE_WITH_KNOTS('',3,(#2811,#2812,#2813,#2814,#2815,#2816,#2817,
#2818,#2819,#2820,#2821,#2822,#2823,#2824,#2825,#2826,#2827,#2828,#2829,#2830,
#2831,#2832,#2833,#2834,#2835,#2836,#2837,#2838,#2839,#2840,#2841,#2842,#2843,
#2844,#2845,#2846,#2847,#2848,#2849,#2850,#2851,#2852,#2853,#2854,#2855,#2856,
#2857,#2858,#2859,#2860,#2861,#2862,#2863,#2864,#2865,#2866,#2867,#2868,#2869,
#2870,#2871,#2872,#2873,#2874,#2875,#2876,#2877,#2878,#2879,#2880,#2881,#2882,
#2883,#2884,#2885,#2886,#2887,#2888,#2889,#2890,#2891,#2892,#2893,#2894,#2895,
#2896,#2897,#2898,#2899,#2900,#2901,#2902,#2903,#2904,#2905,#2906,#2907,#2908,
#2909,#2910,#2911,#2912,#2913,#2914,#2915,#2916,#2917,#2918,#2919,#2920,#2921,
#2922,#2923,#2924,#2925,#2926,#2927,#2928,#2929,#2930,#2931,#2932,#2933,#2934,
#2935,#2936,#2937,#2938,#2939,#2940,#2941,#2942,#2943,#2944,#2945,#2946,#2947,
#2948,#2949,#2950,#2951,#2952,#2953,#2954,#2955,#2956,#2957,#2958,#2959,#2960,
#2961,#2962,#2963,#2964,#2965,#2966,#2967,#2968,#2969,#2970,#2971,#2972,#2973,
#2974,#2975,#2976,#2977,#2978,#2979,#2980,#2981,#2982,#2983,#2984,#2985,#2986,
#2987,#2988,#2989,#2990,#2991,#2992,#2993,#2994,#2995,#2996,#2997,#2998,#2999,
#3000,#3001,#3002,#3003,#3004,#3005,#3006,#3007,#3008,#3009,#3010,#3011,#3012),
.UNSPECIFIED.,.F.,.F.,(4,1,1,1,1,1,1,1,1,1,1,1,1,1,1,1,1,1,1,1,1,1,1,1,1,1,1,1,
1,1,1,1,1,1,1,1,1,1,1,1,1,1,1,1,1,1,1,1,1,1,1,1,1,1,1,1,1,1,1,1,1,1,1,1,1,1,1,1,
1,1,1,1,1,1,1,1,1,1,1,1,1,1,1,1,1,1,1,1,1,1,1,1,1,1,1,1,1,1,1,1,1,1,1,1,1,1,1,1,
1,1,1,1,1,1,1,1,1,1,1,1,1,1,1,1,1,1,1,1,1,1,1,1,1,1,1,1,1,1,1,1,1,1,1,1,1,1,1,1,
1,1,1,1,1,1,1,1,1,1,1,1,1,1,1,1,1,1,1,1,1,1,1,1,1,1,1,1,1,1,1,1,1,1,1,1,1,1,1,1,
1,1,1,1,1,1,1,1,1,1,1,4),(0.E0,5.025125628141E-3,1.005025125628E-2,
1.507537688442E-2,2.010050251256E-2,2.512562814070E-2,3.015075376884E-2,
3.517587939698E-2,4.020100502513E-2,4.522613065327E-2,5.025125628141E-2,
5.527638190955E-2,6.030150753769E-2,6.532663316583E-2,7.035175879397E-2,
7.537688442211E-2,8.040201005025E-2,8.542713567839E-2,9.045226130653E-2,
9.547738693467E-2,1.005025125628E-1,1.055276381910E-1,1.105527638191E-1,
1.155778894472E-1,1.206030150754E-1,1.256281407035E-1,1.306532663317E-1,
1.356783919598E-1,1.407035175879E-1,1.457286432161E-1,1.507537688442E-1,
1.557788944724E-1,1.608040201005E-1,1.658291457286E-1,1.708542713568E-1,
1.758793969849E-1,1.809045226131E-1,1.859296482412E-1,1.909547738693E-1,
1.959798994975E-1,2.010050251256E-1,2.060301507538E-1,2.110552763819E-1,
2.160804020101E-1,2.211055276382E-1,2.261306532663E-1,2.311557788945E-1,
2.361809045226E-1,2.412060301508E-1,2.462311557789E-1,2.512562814070E-1,
2.562814070352E-1,2.613065326633E-1,2.663316582915E-1,2.713567839196E-1,
2.763819095477E-1,2.814070351759E-1,2.864321608040E-1,2.914572864322E-1,
2.964824120603E-1,3.015075376884E-1,3.065326633166E-1,3.115577889447E-1,
3.165829145729E-1,3.216080402010E-1,3.266331658291E-1,3.316582914573E-1,
3.366834170854E-1,3.417085427136E-1,3.467336683417E-1,3.517587939698E-1,
3.567839195980E-1,3.618090452261E-1,3.668341708543E-1,3.718592964824E-1,
3.768844221106E-1,3.819095477387E-1,3.869346733668E-1,3.919597989950E-1,
3.969849246231E-1,4.020100502513E-1,4.070351758794E-1,4.120603015075E-1,
4.170854271357E-1,4.221105527638E-1,4.271356783920E-1,4.321608040201E-1,
4.371859296482E-1,4.422110552764E-1,4.472361809045E-1,4.522613065327E-1,
4.572864321608E-1,4.623115577889E-1,4.673366834171E-1,4.723618090452E-1,
4.773869346734E-1,4.824120603015E-1,4.874371859296E-1,4.924623115578E-1,
4.974874371859E-1,5.025125628141E-1,5.075376884422E-1,5.125628140704E-1,
5.175879396985E-1,5.226130653266E-1,5.276381909548E-1,5.326633165829E-1,
5.376884422111E-1,5.427135678392E-1,5.477386934673E-1,5.527638190955E-1,
5.577889447236E-1,5.628140703518E-1,5.678391959799E-1,5.728643216080E-1,
5.778894472362E-1,5.829145728643E-1,5.879396984925E-1,5.929648241206E-1,
5.979899497487E-1,6.030150753769E-1,6.080402010050E-1,6.130653266332E-1,
6.180904522613E-1,6.231155778894E-1,6.281407035176E-1,6.331658291457E-1,
6.381909547739E-1,6.432160804020E-1,6.482412060302E-1,6.532663316583E-1,
6.582914572864E-1,6.633165829146E-1,6.683417085427E-1,6.733668341709E-1,
6.783919597990E-1,6.834170854271E-1,6.884422110553E-1,6.934673366834E-1,
6.984924623116E-1,7.035175879397E-1,7.085427135678E-1,7.135678391960E-1,
7.185929648241E-1,7.236180904523E-1,7.286432160804E-1,7.336683417085E-1,
7.386934673367E-1,7.437185929648E-1,7.487437185930E-1,7.537688442211E-1,
7.587939698492E-1,7.638190954774E-1,7.688442211055E-1,7.738693467337E-1,
7.788944723618E-1,7.839195979899E-1,7.889447236181E-1,7.939698492462E-1,
7.989949748744E-1,8.040201005025E-1,8.090452261307E-1,8.140703517588E-1,
8.190954773869E-1,8.241206030151E-1,8.291457286432E-1,8.341708542714E-1,
8.391959798995E-1,8.442211055276E-1,8.492462311558E-1,8.542713567839E-1,
8.592964824121E-1,8.643216080402E-1,8.693467336683E-1,8.743718592965E-1,
8.793969849246E-1,8.844221105528E-1,8.894472361809E-1,8.944723618090E-1,
8.994974874372E-1,9.045226130653E-1,9.095477386935E-1,9.145728643216E-1,
9.195979899497E-1,9.246231155779E-1,9.296482412060E-1,9.346733668342E-1,
9.396984924623E-1,9.447236180905E-1,9.497487437186E-1,9.547738693467E-1,
9.597989949749E-1,9.648241206030E-1,9.698492462312E-1,9.748743718593E-1,
9.798994974874E-1,9.849246231156E-1,9.899497487437E-1,9.949748743719E-1,1.E0),
.UNSPECIFIED.);
#3033=B_SPLINE_CURVE_WITH_KNOTS('',3,(#3014,#3015,#3016,#3017,#3018,#3019,#3020,
#3021,#3022,#3023,#3024,#3025,#3026,#3027,#3028,#3029,#3030,#3031,#3032),
.UNSPECIFIED.,.F.,.F.,(4,1,1,1,1,1,1,1,1,1,1,1,1,1,1,1,4),(0.E0,6.25E-2,1.25E-1,
1.875E-1,2.5E-1,3.125E-1,3.75E-1,4.375E-1,5.E-1,5.625E-1,6.25E-1,6.875E-1,
7.5E-1,8.125E-1,8.75E-1,9.375E-1,1.E0),.UNSPECIFIED.);
#3138=B_SPLINE_CURVE_WITH_KNOTS('',3,(#3034,#3035,#3036,#3037,#3038,#3039,#3040,
#3041,#3042,#3043,#3044,#3045,#3046,#3047,#3048,#3049,#3050,#3051,#3052,#3053,
#3054,#3055,#3056,#3057,#3058,#3059,#3060,#3061,#3062,#3063,#3064,#3065,#3066,
#3067,#3068,#3069,#3070,#3071,#3072,#3073,#3074,#3075,#3076,#3077,#3078,#3079,
#3080,#3081,#3082,#3083,#3084,#3085,#3086,#3087,#3088,#3089,#3090,#3091,#3092,
#3093,#3094,#3095,#3096,#3097,#3098,#3099,#3100,#3101,#3102,#3103,#3104,#3105,
#3106,#3107,#3108,#3109,#3110,#3111,#3112,#3113,#3114,#3115,#3116,#3117,#3118,
#3119,#3120,#3121,#3122,#3123,#3124,#3125,#3126,#3127,#3128,#3129,#3130,#3131,
#3132,#3133,#3134,#3135,#3136,#3137),.UNSPECIFIED.,.F.,.F.,(4,1,1,1,1,1,1,1,1,1,
1,1,1,1,1,1,1,1,1,1,1,1,1,1,1,1,1,1,1,1,1,1,1,1,1,1,1,1,1,1,1,1,1,1,1,1,1,1,1,1,
1,1,1,1,1,1,1,1,1,1,1,1,1,1,1,1,1,1,1,1,1,1,1,1,1,1,1,1,1,1,1,1,1,1,1,1,1,1,1,1,
1,1,1,1,1,1,1,1,1,1,1,4),(0.E0,9.900990099010E-3,1.980198019802E-2,
2.970297029703E-2,3.960396039604E-2,4.950495049505E-2,5.940594059406E-2,
6.930693069307E-2,7.920792079208E-2,8.910891089109E-2,9.900990099010E-2,
1.089108910891E-1,1.188118811881E-1,1.287128712871E-1,1.386138613861E-1,
1.485148514851E-1,1.584158415842E-1,1.683168316832E-1,1.782178217822E-1,
1.881188118812E-1,1.980198019802E-1,2.079207920792E-1,2.178217821782E-1,
2.277227722772E-1,2.376237623762E-1,2.475247524752E-1,2.574257425743E-1,
2.673267326733E-1,2.772277227723E-1,2.871287128713E-1,2.970297029703E-1,
3.069306930693E-1,3.168316831683E-1,3.267326732673E-1,3.366336633663E-1,
3.465346534653E-1,3.564356435644E-1,3.663366336634E-1,3.762376237624E-1,
3.861386138614E-1,3.960396039604E-1,4.059405940594E-1,4.158415841584E-1,
4.257425742574E-1,4.356435643564E-1,4.455445544554E-1,4.554455445545E-1,
4.653465346535E-1,4.752475247525E-1,4.851485148515E-1,4.950495049505E-1,
5.049504950495E-1,5.148514851485E-1,5.247524752475E-1,5.346534653465E-1,
5.445544554455E-1,5.544554455446E-1,5.643564356436E-1,5.742574257426E-1,
5.841584158416E-1,5.940594059406E-1,6.039603960396E-1,6.138613861386E-1,
6.237623762376E-1,6.336633663366E-1,6.435643564356E-1,6.534653465347E-1,
6.633663366337E-1,6.732673267327E-1,6.831683168317E-1,6.930693069307E-1,
7.029702970297E-1,7.128712871287E-1,7.227722772277E-1,7.326732673267E-1,
7.425742574257E-1,7.524752475248E-1,7.623762376238E-1,7.722772277228E-1,
7.821782178218E-1,7.920792079208E-1,8.019801980198E-1,8.118811881188E-1,
8.217821782178E-1,8.316831683168E-1,8.415841584158E-1,8.514851485149E-1,
8.613861386139E-1,8.712871287129E-1,8.811881188119E-1,8.910891089109E-1,
9.009900990099E-1,9.108910891089E-1,9.207920792079E-1,9.306930693069E-1,
9.405940594059E-1,9.504950495050E-1,9.603960396040E-1,9.702970297030E-1,
9.801980198020E-1,9.900990099010E-1,1.E0),.UNSPECIFIED.);
#3162=B_SPLINE_CURVE_WITH_KNOTS('',3,(#3143,#3144,#3145,#3146,#3147,#3148,#3149,
#3150,#3151,#3152,#3153,#3154,#3155,#3156,#3157,#3158,#3159,#3160,#3161),
.UNSPECIFIED.,.F.,.F.,(4,1,1,1,1,1,1,1,1,1,1,1,1,1,1,1,4),(0.E0,6.25E-2,1.25E-1,
1.875E-1,2.5E-1,3.125E-1,3.75E-1,4.375E-1,5.E-1,5.625E-1,6.25E-1,6.875E-1,
7.5E-1,8.125E-1,8.75E-1,9.375E-1,1.E0),.UNSPECIFIED.);
#3183=B_SPLINE_CURVE_WITH_KNOTS('',3,(#3163,#3164,#3165,#3166,#3167,#3168,#3169,
#3170,#3171,#3172,#3173,#3174,#3175,#3176,#3177,#3178,#3179,#3180,#3181,#3182),
.UNSPECIFIED.,.F.,.F.,(4,1,1,1,1,1,1,1,1,1,1,1,1,1,1,1,1,4),(0.E0,
5.882352941176E-2,1.176470588235E-1,1.764705882353E-1,2.352941176471E-1,
2.941176470588E-1,3.529411764706E-1,4.117647058824E-1,4.705882352941E-1,
5.294117647059E-1,5.882352941176E-1,6.470588235294E-1,7.058823529412E-1,
7.647058823529E-1,8.235294117647E-1,8.823529411765E-1,9.411764705882E-1,1.E0),
.UNSPECIFIED.);
#3195=B_SPLINE_CURVE_WITH_KNOTS('',3,(#3184,#3185,#3186,#3187,#3188,#3189,#3190,
#3191,#3192,#3193,#3194),.UNSPECIFIED.,.F.,.F.,(4,1,1,1,1,1,1,1,4),(0.E0,
1.25E-1,2.5E-1,3.75E-1,5.E-1,6.25E-1,7.5E-1,8.75E-1,1.E0),.UNSPECIFIED.);
#3204=CIRCLE('',#3203,6.E0);
#3209=CIRCLE('',#3208,5.5E0);
#3214=CIRCLE('',#3213,5.5E0);
#3219=CIRCLE('',#3218,6.E0);
#3228=CIRCLE('',#3227,5.5E0);
#3233=CIRCLE('',#3232,6.E0);
#3238=CIRCLE('',#3237,6.E0);
#3243=CIRCLE('',#3242,5.5E0);
#3252=B_SPLINE_CURVE_WITH_KNOTS('',3,(#3244,#3245,#3246,#3247,#3248,#3249,#3250,
#3251),.UNSPECIFIED.,.F.,.F.,(4,1,1,1,1,4),(0.E0,2.E-1,4.E-1,6.E-1,8.E-1,1.E0),
.UNSPECIFIED.);
#3262=B_SPLINE_CURVE_WITH_KNOTS('',3,(#3253,#3254,#3255,#3256,#3257,#3258,#3259,
#3260,#3261),.UNSPECIFIED.,.F.,.F.,(4,1,1,1,1,1,4),(0.E0,1.666666666667E-1,
3.333333333333E-1,5.E-1,6.666666666667E-1,8.333333333333E-1,1.E0),
.UNSPECIFIED.);
#3276=B_SPLINE_CURVE_WITH_KNOTS('',3,(#3267,#3268,#3269,#3270,#3271,#3272,#3273,
#3274,#3275),.UNSPECIFIED.,.F.,.F.,(4,1,1,1,1,1,4),(0.E0,1.666666666667E-1,
3.333333333333E-1,5.E-1,6.666666666667E-1,8.333333333333E-1,1.E0),
.UNSPECIFIED.);
#3285=B_SPLINE_CURVE_WITH_KNOTS('',3,(#3277,#3278,#3279,#3280,#3281,#3282,#3283,
#3284),.UNSPECIFIED.,.F.,.F.,(4,1,1,1,1,4),(0.E0,2.E-1,4.E-1,6.E-1,8.E-1,1.E0),
.UNSPECIFIED.);
#3290=CIRCLE('',#3289,6.E0);
#3299=CIRCLE('',#3298,6.E0);
#3308=B_SPLINE_CURVE_WITH_KNOTS('',3,(#3300,#3301,#3302,#3303,#3304,#3305,#3306,
#3307),.UNSPECIFIED.,.F.,.F.,(4,1,1,1,1,4),(0.E0,2.E-1,4.E-1,6.E-1,8.E-1,1.E0),
.UNSPECIFIED.);
#3318=B_SPLINE_CURVE_WITH_KNOTS('',3,(#3309,#3310,#3311,#3312,#3313,#3314,#3315,
#3316,#3317),.UNSPECIFIED.,.F.,.F.,(4,1,1,1,1,1,4),(0.E0,1.666666666667E-1,
3.333333333333E-1,5.E-1,6.666666666667E-1,8.333333333333E-1,1.E0),
.UNSPECIFIED.);
#3332=B_SPLINE_CURVE_WITH_KNOTS('',3,(#3323,#3324,#3325,#3326,#3327,#3328,#3329,
#3330,#3331),.UNSPECIFIED.,.F.,.F.,(4,1,1,1,1,1,4),(0.E0,1.666666666667E-1,
3.333333333333E-1,5.E-1,6.666666666667E-1,8.333333333333E-1,1.E0),
.UNSPECIFIED.);
#3341=B_SPLINE_CURVE_WITH_KNOTS('',3,(#3333,#3334,#3335,#3336,#3337,#3338,#3339,
#3340),.UNSPECIFIED.,.F.,.F.,(4,1,1,1,1,4),(0.E0,2.E-1,4.E-1,6.E-1,8.E-1,1.E0),
.UNSPECIFIED.);
#3346=CIRCLE('',#3345,6.E0);
#3355=CIRCLE('',#3354,6.E0);
#3364=B_SPLINE_CURVE_WITH_KNOTS('',3,(#3356,#3357,#3358,#3359,#3360,#3361,#3362,
#3363),.UNSPECIFIED.,.F.,.F.,(4,1,1,1,1,4),(0.E0,2.E-1,4.E-1,6.E-1,8.E-1,1.E0),
.UNSPECIFIED.);
#3374=B_SPLINE_CURVE_WITH_KNOTS('',3,(#3365,#3366,#3367,#3368,#3369,#3370,#3371,
#3372,#3373),.UNSPECIFIED.,.F.,.F.,(4,1,1,1,1,1,4),(0.E0,1.666666666667E-1,
3.333333333333E-1,5.E-1,6.666666666667E-1,8.333333333333E-1,1.E0),
.UNSPECIFIED.);
#3388=B_SPLINE_CURVE_WITH_KNOTS('',3,(#3379,#3380,#3381,#3382,#3383,#3384,#3385,
#3386,#3387),.UNSPECIFIED.,.F.,.F.,(4,1,1,1,1,1,4),(0.E0,1.666666666667E-1,
3.333333333333E-1,5.E-1,6.666666666667E-1,8.333333333333E-1,1.E0),
.UNSPECIFIED.);
#3397=B_SPLINE_CURVE_WITH_KNOTS('',3,(#3389,#3390,#3391,#3392,#3393,#3394,#3395,
#3396),.UNSPECIFIED.,.F.,.F.,(4,1,1,1,1,4),(0.E0,2.E-1,4.E-1,6.E-1,8.E-1,1.E0),
.UNSPECIFIED.);
#3410=B_SPLINE_CURVE_WITH_KNOTS('',3,(#3402,#3403,#3404,#3405,#3406,#3407,#3408,
#3409),.UNSPECIFIED.,.F.,.F.,(4,1,1,1,1,4),(0.E0,2.E-1,4.E-1,6.E-1,8.E-1,1.E0),
.UNSPECIFIED.);
#3420=B_SPLINE_CURVE_WITH_KNOTS('',3,(#3411,#3412,#3413,#3414,#3415,#3416,#3417,
#3418,#3419),.UNSPECIFIED.,.F.,.F.,(4,1,1,1,1,1,4),(0.E0,1.666666666667E-1,
3.333333333333E-1,5.E-1,6.666666666667E-1,8.333333333333E-1,1.E0),
.UNSPECIFIED.);
#3434=B_SPLINE_CURVE_WITH_KNOTS('',3,(#3425,#3426,#3427,#3428,#3429,#3430,#3431,
#3432,#3433),.UNSPECIFIED.,.F.,.F.,(4,1,1,1,1,1,4),(0.E0,1.666666666667E-1,
3.333333333333E-1,5.E-1,6.666666666667E-1,8.333333333333E-1,1.E0),
.UNSPECIFIED.);
#3443=B_SPLINE_CURVE_WITH_KNOTS('',3,(#3435,#3436,#3437,#3438,#3439,#3440,#3441,
#3442),.UNSPECIFIED.,.F.,.F.,(4,1,1,1,1,4),(0.E0,2.E-1,4.E-1,6.E-1,8.E-1,1.E0),
.UNSPECIFIED.);
#3448=CIRCLE('',#3447,6.E0);
#3457=CIRCLE('',#3456,6.E0);
#3466=B_SPLINE_CURVE_WITH_KNOTS('',3,(#3458,#3459,#3460,#3461,#3462,#3463,#3464,
#3465),.UNSPECIFIED.,.F.,.F.,(4,1,1,1,1,4),(0.E0,2.E-1,4.E-1,6.E-1,8.E-1,1.E0),
.UNSPECIFIED.);
#3476=B_SPLINE_CURVE_WITH_KNOTS('',3,(#3467,#3468,#3469,#3470,#3471,#3472,#3473,
#3474,#3475),.UNSPECIFIED.,.F.,.F.,(4,1,1,1,1,1,4),(0.E0,1.666666666667E-1,
3.333333333333E-1,5.E-1,6.666666666667E-1,8.333333333333E-1,1.E0),
.UNSPECIFIED.);
#3490=B_SPLINE_CURVE_WITH_KNOTS('',3,(#3481,#3482,#3483,#3484,#3485,#3486,#3487,
#3488,#3489),.UNSPECIFIED.,.F.,.F.,(4,1,1,1,1,1,4),(0.E0,1.666666666667E-1,
3.333333333333E-1,5.E-1,6.666666666667E-1,8.333333333333E-1,1.E0),
.UNSPECIFIED.);
#3499=B_SPLINE_CURVE_WITH_KNOTS('',3,(#3491,#3492,#3493,#3494,#3495,#3496,#3497,
#3498),.UNSPECIFIED.,.F.,.F.,(4,1,1,1,1,4),(0.E0,2.E-1,4.E-1,6.E-1,8.E-1,1.E0),
.UNSPECIFIED.);
#3508=B_SPLINE_CURVE_WITH_KNOTS('',3,(#3500,#3501,#3502,#3503,#3504,#3505,#3506,
#3507),.UNSPECIFIED.,.F.,.F.,(4,1,1,1,1,4),(0.E0,2.E-1,4.E-1,6.E-1,8.E-1,1.E0),
.UNSPECIFIED.);
#3518=B_SPLINE_CURVE_WITH_KNOTS('',3,(#3509,#3510,#3511,#3512,#3513,#3514,#3515,
#3516,#3517),.UNSPECIFIED.,.F.,.F.,(4,1,1,1,1,1,4),(0.E0,1.666666666667E-1,
3.333333333333E-1,5.E-1,6.666666666667E-1,8.333333333333E-1,1.E0),
.UNSPECIFIED.);
#3532=B_SPLINE_CURVE_WITH_KNOTS('',3,(#3523,#3524,#3525,#3526,#3527,#3528,#3529,
#3530,#3531),.UNSPECIFIED.,.F.,.F.,(4,1,1,1,1,1,4),(0.E0,1.666666666667E-1,
3.333333333333E-1,5.E-1,6.666666666667E-1,8.333333333333E-1,1.E0),
.UNSPECIFIED.);
#3541=B_SPLINE_CURVE_WITH_KNOTS('',3,(#3533,#3534,#3535,#3536,#3537,#3538,#3539,
#3540),.UNSPECIFIED.,.F.,.F.,(4,1,1,1,1,4),(0.E0,2.E-1,4.E-1,6.E-1,8.E-1,1.E0),
.UNSPECIFIED.);
#3546=CIRCLE('',#3545,6.E0);
#3555=CIRCLE('',#3554,6.E0);
#3986=EDGE_CURVE('',#3789,#3790,#142,.T.);
#3988=EDGE_CURVE('',#3790,#3926,#147,.T.);
#3990=EDGE_CURVE('',#3926,#3925,#154,.T.);
#3992=EDGE_CURVE('',#3925,#3789,#183,.T.);
#3996=ADVANCED_FACE('',(#3995),#3985,.T.);
#4002=EDGE_CURVE('',#3790,#3791,#193,.T.);
#4004=EDGE_CURVE('',#3791,#3862,#205,.T.);
#4006=EDGE_CURVE('',#3862,#3863,#210,.T.);
#4008=EDGE_CURVE('',#3863,#3793,#227,.T.);
#4010=EDGE_CURVE('',#3793,#3790,#232,.T.);
#4014=ADVANCED_FACE('',(#4013),#4001,.T.);
#4020=EDGE_CURVE('',#3924,#3926,#238,.T.);
#4022=EDGE_CURVE('',#3926,#3792,#243,.T.);
#4024=EDGE_CURVE('',#3792,#3924,#252,.T.);
#4028=ADVANCED_FACE('',(#4027),#4019,.T.);
#4034=EDGE_CURVE('',#3642,#3643,#355,.T.);
#4036=EDGE_CURVE('',#3643,#3877,#1986,.T.);
#4038=EDGE_CURVE('',#3876,#3877,#603,.T.);
#4040=EDGE_CURVE('',#3876,#3642,#2484,.T.);
#4044=ADVANCED_FACE('',(#4043),#4033,.F.);
#4050=EDGE_CURVE('',#3646,#3647,#415,.T.);
#4052=EDGE_CURVE('',#3646,#3881,#1949,.T.);
#4054=EDGE_CURVE('',#3880,#3881,#663,.T.);
#4056=EDGE_CURVE('',#3880,#3647,#2518,.T.);
#4060=ADVANCED_FACE('',(#4059),#4049,.F.);
#4067=EDGE_CURVE('',#3789,#3791,#1902,.T.);
#4072=ADVANCED_FACE('',(#4071),#4065,.F.);
#4078=EDGE_CURVE('',#3866,#3867,#479,.T.);
#4080=EDGE_CURVE('',#3867,#3885,#1830,.T.);
#4082=EDGE_CURVE('',#3884,#3885,#723,.T.);
#4084=EDGE_CURVE('',#3884,#3866,#2555,.T.);
#4088=ADVANCED_FACE('',(#4087),#4077,.F.);
#4094=EDGE_CURVE('',#3870,#3871,#543,.T.);
#4096=EDGE_CURVE('',#3871,#3889,#1794,.T.);
#4098=EDGE_CURVE('',#3888,#3889,#783,.T.);
#4100=EDGE_CURVE('',#3888,#3870,#1648,.T.);
#4104=ADVANCED_FACE('',(#4103),#4093,.F.);
#4110=EDGE_CURVE('',#3676,#3677,#256,.T.);
#4112=EDGE_CURVE('',#3676,#3873,#1724,.T.);
#4114=EDGE_CURVE('',#3873,#3634,#876,.T.);
#4116=EDGE_CURVE('',#3634,#3635,#910,.T.);
#4118=EDGE_CURVE('',#3891,#3635,#787,.T.);
#4120=EDGE_CURVE('',#3891,#3677,#1683,.T.);
#4124=ADVANCED_FACE('',(#4123),#4109,.F.);
#4130=EDGE_CURVE('',#3680,#3681,#260,.T.);
#4132=EDGE_CURVE('',#3681,#3680,#1526,.T.);
#4136=ADVANCED_FACE('',(#4135),#4129,.F.);
#4142=EDGE_CURVE('',#3650,#3651,#264,.T.);
#4144=EDGE_CURVE('',#3863,#3650,#276,.T.);
#4147=EDGE_CURVE('',#3862,#3651,#295,.T.);
#4151=ADVANCED_FACE('',(#4150),#4141,.T.);
#4157=EDGE_CURVE('',#3642,#3906,#321,.T.);
#4159=EDGE_CURVE('',#3906,#3907,#325,.T.);
#4161=EDGE_CURVE('',#3907,#3643,#351,.T.);
#4166=ADVANCED_FACE('',(#4165),#4156,.T.);
#4172=EDGE_CURVE('',#3647,#3910,#381,.T.);
#4174=EDGE_CURVE('',#3910,#3911,#385,.T.);
#4176=EDGE_CURVE('',#3911,#3646,#411,.T.);
#4181=ADVANCED_FACE('',(#4180),#4171,.T.);
#4187=EDGE_CURVE('',#3866,#3914,#441,.T.);
#4189=EDGE_CURVE('',#3914,#3915,#445,.T.);
#4191=EDGE_CURVE('',#3663,#3915,#457,.T.);
#4193=EDGE_CURVE('',#3663,#3867,#475,.T.);
#4198=ADVANCED_FACE('',(#4197),#4186,.T.);
#4204=EDGE_CURVE('',#3870,#3661,#497,.T.);
#4206=EDGE_CURVE('',#3918,#3661,#509,.T.);
#4208=EDGE_CURVE('',#3918,#3919,#513,.T.);
#4210=EDGE_CURVE('',#3919,#3871,#539,.T.);
#4215=ADVANCED_FACE('',(#4214),#4203,.T.);
#4221=EDGE_CURVE('',#3877,#3654,#569,.T.);
#4223=EDGE_CURVE('',#3654,#3655,#573,.T.);
#4225=EDGE_CURVE('',#3655,#3876,#599,.T.);
#4230=ADVANCED_FACE('',(#4229),#4220,.T.);
#4236=EDGE_CURVE('',#3881,#3895,#629,.T.);
#4238=EDGE_CURVE('',#3894,#3895,#633,.T.);
#4240=EDGE_CURVE('',#3894,#3880,#659,.T.);
#4245=ADVANCED_FACE('',(#4244),#4235,.T.);
#4251=EDGE_CURVE('',#3885,#3899,#689,.T.);
#4253=EDGE_CURVE('',#3898,#3899,#693,.T.);
#4255=EDGE_CURVE('',#3898,#3884,#719,.T.);
#4260=ADVANCED_FACE('',(#4259),#4250,.T.);
#4266=EDGE_CURVE('',#3889,#3903,#749,.T.);
#4268=EDGE_CURVE('',#3902,#3903,#753,.T.);
#4270=EDGE_CURVE('',#3902,#3888,#779,.T.);
#4275=ADVANCED_FACE('',(#4274),#4265,.T.);
#4282=EDGE_CURVE('',#3635,#3927,#792,.T.);
#4284=EDGE_CURVE('',#3891,#3927,#805,.T.);
#4288=ADVANCED_FACE('',(#4287),#4280,.T.);
#4294=EDGE_CURVE('',#3672,#3673,#810,.T.);
#4296=EDGE_CURVE('',#3673,#3922,#829,.T.);
#4298=EDGE_CURVE('',#3922,#3923,#833,.T.);
#4300=EDGE_CURVE('',#3923,#3672,#845,.T.);
#4304=ADVANCED_FACE('',(#4303),#4293,.T.);
#4310=EDGE_CURVE('',#3694,#3695,#850,.T.);
#4312=EDGE_CURVE('',#3694,#3668,#867,.T.);
#4314=EDGE_CURVE('',#3668,#3634,#872,.T.);
#4317=EDGE_CURVE('',#3873,#3695,#888,.T.);
#4321=ADVANCED_FACE('',(#4320),#4309,.T.);
#4327=EDGE_CURVE('',#3638,#3639,#956,.T.);
#4329=EDGE_CURVE('',#3639,#3638,#1690,.T.);
#4333=ADVANCED_FACE('',(#4332),#4326,.F.);
#4340=EDGE_CURVE('',#3651,#3907,#2003,.T.);
#4343=EDGE_CURVE('',#3906,#3650,#2810,.T.);
#4347=ADVANCED_FACE('',(#4346),#4338,.F.);
#4354=EDGE_CURVE('',#3654,#3911,#1967,.T.);
#4357=EDGE_CURVE('',#3910,#3655,#2501,.T.);
#4361=ADVANCED_FACE('',(#4360),#4352,.F.);
#4368=EDGE_CURVE('',#3895,#3915,#1931,.T.);
#4371=EDGE_CURVE('',#3914,#3894,#2536,.T.);
#4375=ADVANCED_FACE('',(#4374),#4366,.F.);
#4382=EDGE_CURVE('',#3899,#3919,#1812,.T.);
#4385=EDGE_CURVE('',#3918,#3898,#2575,.T.);
#4389=ADVANCED_FACE('',(#4388),#4380,.F.);
#4395=EDGE_CURVE('',#3924,#3925,#1912,.T.);
#4401=ADVANCED_FACE('',(#4400),#4394,.F.);
#4407=EDGE_CURVE('',#3684,#3685,#892,.T.);
#4409=EDGE_CURVE('',#3684,#3685,#1876,.T.);
#4413=ADVANCED_FACE('',(#4412),#4406,.F.);
#4419=EDGE_CURVE('',#3688,#3689,#896,.T.);
#4421=EDGE_CURVE('',#3689,#3923,#1853,.T.);
#4424=EDGE_CURVE('',#3922,#3902,#1665,.T.);
#4427=EDGE_CURVE('',#3903,#3688,#1775,.T.);
#4431=ADVANCED_FACE('',(#4430),#4418,.F.);
#4439=EDGE_CURVE('',#3667,#3668,#921,.T.);
#4441=EDGE_CURVE('',#3669,#3667,#934,.T.);
#4443=EDGE_CURVE('',#3980,#3669,#946,.T.);
#4445=EDGE_CURVE('',#3639,#3980,#952,.T.);
#4448=EDGE_CURVE('',#3927,#3638,#978,.T.);
#4453=EDGE_CURVE('',#3558,#3559,#901,.T.);
#4455=EDGE_CURVE('',#3558,#3559,#906,.T.);
#4459=ADVANCED_FACE('',(#4452,#4458),#4436,.T.);
#4465=EDGE_CURVE('',#3809,#3558,#987,.T.);
#4467=EDGE_CURVE('',#3809,#3811,#983,.T.);
#4469=EDGE_CURVE('',#3811,#3559,#991,.T.);
#4474=ADVANCED_FACE('',(#4473),#4464,.T.);
#4483=EDGE_CURVE('',#3811,#3809,#996,.T.);
#4487=ADVANCED_FACE('',(#4486),#4479,.T.);
#4493=EDGE_CURVE('',#3815,#3814,#1060,.T.);
#4495=EDGE_CURVE('',#3814,#3809,#1001,.T.);
#4498=EDGE_CURVE('',#3815,#3811,#1006,.T.);
#4502=ADVANCED_FACE('',(#4501),#4492,.T.);
#4508=EDGE_CURVE('',#3593,#3595,#1010,.T.);
#4510=EDGE_CURVE('',#3595,#3601,#1015,.T.);
#4512=EDGE_CURVE('',#3601,#3603,#1019,.T.);
#4514=EDGE_CURVE('',#3614,#3603,#1176,.T.);
#4516=EDGE_CURVE('',#3614,#3615,#1023,.T.);
#4518=EDGE_CURVE('',#3606,#3615,#1028,.T.);
#4520=EDGE_CURVE('',#3606,#3607,#1032,.T.);
#4522=EDGE_CURVE('',#3610,#3607,#1037,.T.);
#4524=EDGE_CURVE('',#3610,#3611,#1041,.T.);
#4526=EDGE_CURVE('',#3597,#3611,#1149,.T.);
#4528=EDGE_CURVE('',#3597,#3599,#1045,.T.);
#4530=EDGE_CURVE('',#3599,#3593,#1050,.T.);
#4534=EDGE_CURVE('',#3814,#3815,#1055,.T.);
#4539=ADVANCED_FACE('',(#4533,#4538),#4507,.F.);
#4545=EDGE_CURVE('',#3570,#3571,#1064,.T.);
#4547=EDGE_CURVE('',#3595,#3571,#1135,.T.);
#4550=EDGE_CURVE('',#3593,#3570,#1122,.T.);
#4554=ADVANCED_FACE('',(#4553),#4544,.F.);
#4561=EDGE_CURVE('',#3579,#3570,#1131,.T.);
#4563=EDGE_CURVE('',#3578,#3579,#1068,.T.);
#4565=EDGE_CURVE('',#3583,#3578,#1158,.T.);
#4567=EDGE_CURVE('',#3582,#3583,#1072,.T.);
#4569=EDGE_CURVE('',#3582,#3575,#1101,.T.);
#4571=EDGE_CURVE('',#3574,#3575,#1076,.T.);
#4573=EDGE_CURVE('',#3574,#3591,#1118,.T.);
#4575=EDGE_CURVE('',#3590,#3591,#1080,.T.);
#4577=EDGE_CURVE('',#3587,#3590,#1167,.T.);
#4579=EDGE_CURVE('',#3586,#3587,#1084,.T.);
#4581=EDGE_CURVE('',#3571,#3586,#1140,.T.);
#4585=EDGE_CURVE('',#3626,#3622,#1202,.T.);
#4587=EDGE_CURVE('',#3630,#3626,#1088,.T.);
#4589=EDGE_CURVE('',#3618,#3630,#1185,.T.);
#4591=EDGE_CURVE('',#3622,#3618,#1092,.T.);
#4595=ADVANCED_FACE('',(#4584,#4594),#4559,.T.);
#4601=EDGE_CURVE('',#3607,#3575,#1096,.T.);
#4604=EDGE_CURVE('',#3610,#3582,#1105,.T.);
#4609=ADVANCED_FACE('',(#4608),#4600,.T.);
#4615=EDGE_CURVE('',#3606,#3574,#1109,.T.);
#4618=EDGE_CURVE('',#3615,#3591,#1113,.T.);
#4623=ADVANCED_FACE('',(#4622),#4614,.T.);
#4631=EDGE_CURVE('',#3599,#3579,#1126,.T.);
#4636=ADVANCED_FACE('',(#4635),#4628,.T.);
#4644=EDGE_CURVE('',#3601,#3586,#1144,.T.);
#4649=ADVANCED_FACE('',(#4648),#4641,.T.);
#4656=EDGE_CURVE('',#3611,#3583,#1153,.T.);
#4659=EDGE_CURVE('',#3597,#3578,#1162,.T.);
#4663=ADVANCED_FACE('',(#4662),#4654,.T.);
#4670=EDGE_CURVE('',#3614,#3590,#1171,.T.);
#4673=EDGE_CURVE('',#3603,#3587,#1180,.T.);
#4677=ADVANCED_FACE('',(#4676),#4668,.T.);
#4689=ADVANCED_FACE('',(#4688),#4682,.F.);
#4701=ADVANCED_FACE('',(#4700),#4694,.F.);
#4713=ADVANCED_FACE('',(#4712),#4706,.F.);
#4725=ADVANCED_FACE('',(#4724),#4718,.F.);
#4737=ADVANCED_FACE('',(#4736),#4730,.F.);
#4744=EDGE_CURVE('',#3630,#3631,#1189,.T.);
#4746=EDGE_CURVE('',#3619,#3631,#1275,.T.);
#4748=EDGE_CURVE('',#3618,#3619,#1193,.T.);
#4752=ADVANCED_FACE('',(#4751),#4742,.T.);
#4758=EDGE_CURVE('',#3627,#3623,#1232,.T.);
#4760=EDGE_CURVE('',#3626,#3627,#1197,.T.);
#4763=EDGE_CURVE('',#3622,#3623,#1206,.T.);
#4767=ADVANCED_FACE('',(#4766),#4757,.T.);
#4774=EDGE_CURVE('',#3627,#3803,#1227,.T.);
#4776=EDGE_CURVE('',#3803,#3631,#1287,.T.);
#4782=ADVANCED_FACE('',(#4781),#4772,.F.);
#4788=EDGE_CURVE('',#3802,#3801,#1211,.T.);
#4790=EDGE_CURVE('',#3803,#3801,#1216,.T.);
#4794=EDGE_CURVE('',#3802,#3623,#1244,.T.);
#4798=ADVANCED_FACE('',(#4797),#4787,.T.);
#4804=EDGE_CURVE('',#3797,#3802,#1259,.T.);
#4806=EDGE_CURVE('',#3796,#3797,#1300,.T.);
#4808=EDGE_CURVE('',#3796,#3800,#1249,.T.);
#4810=EDGE_CURVE('',#3800,#3801,#1291,.T.);
#4815=ADVANCED_FACE('',(#4814),#4803,.T.);
#4821=EDGE_CURVE('',#3797,#3803,#1254,.T.);
#4824=EDGE_CURVE('',#3619,#3802,#1270,.T.);
#4830=ADVANCED_FACE('',(#4829),#4820,.T.);
#4839=EDGE_CURVE('',#3796,#3800,#1296,.T.);
#4844=ADVANCED_FACE('',(#4843),#4835,.T.);
#4854=EDGE_CURVE('',#3758,#3760,#1305,.T.);
#4856=EDGE_CURVE('',#3760,#3758,#1310,.T.);
#4860=EDGE_CURVE('',#3762,#3764,#1315,.T.);
#4862=EDGE_CURVE('',#3764,#3762,#1320,.T.);
#4866=EDGE_CURVE('',#3958,#3959,#1325,.T.);
#4868=EDGE_CURVE('',#3959,#3958,#1330,.T.);
#4872=ADVANCED_FACE('',(#4853,#4859,#4865,#4871),#4849,.T.);
#4878=EDGE_CURVE('',#3758,#3751,#1334,.T.);
#4880=EDGE_CURVE('',#3751,#3752,#1343,.T.);
#4882=EDGE_CURVE('',#3760,#3752,#1338,.T.);
#4887=ADVANCED_FACE('',(#4886),#4877,.T.);
#4896=EDGE_CURVE('',#3752,#3751,#1348,.T.);
#4900=ADVANCED_FACE('',(#4899),#4892,.T.);
#4910=EDGE_CURVE('',#3775,#3776,#1373,.T.);
#4912=EDGE_CURVE('',#3776,#3775,#1378,.T.);
#4916=ADVANCED_FACE('',(#4909,#4915),#4905,.T.);
#4922=EDGE_CURVE('',#3755,#3756,#1353,.T.);
#4924=EDGE_CURVE('',#3756,#3755,#1358,.T.);
#4928=EDGE_CURVE('',#3779,#3780,#1383,.T.);
#4930=EDGE_CURVE('',#3780,#3779,#1388,.T.);
#4934=ADVANCED_FACE('',(#4927,#4933),#4921,.T.);
#4940=EDGE_CURVE('',#3954,#3955,#1363,.T.);
#4942=EDGE_CURVE('',#3955,#3954,#1368,.T.);
#4946=EDGE_CURVE('',#3966,#3967,#1393,.T.);
#4948=EDGE_CURVE('',#3967,#3966,#1398,.T.);
#4952=ADVANCED_FACE('',(#4945,#4951),#4939,.T.);
#4958=EDGE_CURVE('',#3762,#3755,#1402,.T.);
#4961=EDGE_CURVE('',#3764,#3756,#1406,.T.);
#4966=ADVANCED_FACE('',(#4965),#4957,.T.);
#4978=ADVANCED_FACE('',(#4977),#4971,.T.);
#4985=EDGE_CURVE('',#3958,#3954,#1410,.T.);
#4988=EDGE_CURVE('',#3959,#3955,#1414,.T.);
#4992=ADVANCED_FACE('',(#4991),#4983,.T.);
#5004=ADVANCED_FACE('',(#5003),#4997,.T.);
#5011=EDGE_CURVE('',#3775,#3767,#1418,.T.);
#5013=EDGE_CURVE('',#3767,#3768,#1427,.T.);
#5015=EDGE_CURVE('',#3776,#3768,#1422,.T.);
#5019=ADVANCED_FACE('',(#5018),#5009,.T.);
#5027=EDGE_CURVE('',#3768,#3767,#1432,.T.);
#5032=ADVANCED_FACE('',(#5031),#5024,.T.);
#5042=ADVANCED_FACE('',(#5041),#5037,.T.);
#5048=EDGE_CURVE('',#3771,#3772,#1437,.T.);
#5050=EDGE_CURVE('',#3772,#3771,#1442,.T.);
#5054=ADVANCED_FACE('',(#5053),#5047,.T.);
#5060=EDGE_CURVE('',#3962,#3963,#1447,.T.);
#5062=EDGE_CURVE('',#3963,#3962,#1452,.T.);
#5066=ADVANCED_FACE('',(#5065),#5059,.T.);
#5073=EDGE_CURVE('',#3779,#3771,#1456,.T.);
#5076=EDGE_CURVE('',#3780,#3772,#1460,.T.);
#5080=ADVANCED_FACE('',(#5079),#5071,.T.);
#5092=ADVANCED_FACE('',(#5091),#5085,.T.);
#5099=EDGE_CURVE('',#3966,#3962,#1464,.T.);
#5102=EDGE_CURVE('',#3967,#3963,#1468,.T.);
#5106=ADVANCED_FACE('',(#5105),#5097,.T.);
#5118=ADVANCED_FACE('',(#5117),#5111,.T.);
#5131=ADVANCED_FACE('',(#5130),#5123,.F.);
#5143=ADVANCED_FACE('',(#5142),#5136,.T.);
#5173=EDGE_CURVE('',#3694,#3697,#1476,.T.);
#5175=EDGE_CURVE('',#3697,#3666,#1480,.T.);
#5177=EDGE_CURVE('',#3666,#3667,#3195,.T.);
#5183=ADVANCED_FACE('',(#5182),#5172,.F.);
#5189=EDGE_CURVE('',#3712,#3708,#3243,.T.);
#5191=EDGE_CURVE('',#3720,#3712,#1485,.T.);
#5193=EDGE_CURVE('',#3728,#3720,#1490,.T.);
#5195=EDGE_CURVE('',#3732,#3728,#3228,.T.);
#5197=EDGE_CURVE('',#3739,#3732,#1495,.T.);
#5199=EDGE_CURVE('',#3708,#3739,#1500,.T.);
#5204=EDGE_CURVE('',#3696,#3677,#1675,.T.);
#5206=EDGE_CURVE('',#3698,#3696,#3162,.T.);
#5208=EDGE_CURVE('',#3684,#3698,#1886,.T.);
#5211=EDGE_CURVE('',#3697,#3685,#1864,.T.);
#5215=EDGE_CURVE('',#3676,#3695,#1737,.T.);
#5219=ADVANCED_FACE('',(#5202,#5218),#5188,.F.);
#5489=EDGE_CURVE('',#3673,#3680,#1513,.T.);
#5492=EDGE_CURVE('',#3681,#3690,#1536,.T.);
#5494=EDGE_CURVE('',#3659,#3690,#1626,.T.);
#5496=EDGE_CURVE('',#3659,#3661,#1630,.T.);
#5505=ADVANCED_FACE('',(#5504),#5488,.F.);
#5781=EDGE_CURVE('',#3696,#3980,#1718,.T.);
#5785=ADVANCED_FACE('',(#5784),#5774,.F.);
#6060=ADVANCED_FACE('',(#6059),#6054,.F.);
#6066=EDGE_CURVE('',#3710,#3714,#3214,.T.);
#6068=EDGE_CURVE('',#3710,#3740,#1742,.T.);
#6070=EDGE_CURVE('',#3740,#3734,#1747,.T.);
#6072=EDGE_CURVE('',#3730,#3734,#3209,.T.);
#6074=EDGE_CURVE('',#3730,#3722,#1752,.T.);
#6076=EDGE_CURVE('',#3722,#3714,#1757,.T.);
#6081=EDGE_CURVE('',#3689,#3672,#1847,.T.);
#6084=EDGE_CURVE('',#3691,#3688,#1767,.T.);
#6086=EDGE_CURVE('',#3690,#3691,#3033,.T.);
#6093=ADVANCED_FACE('',(#6079,#6092),#6065,.T.);
#6372=EDGE_CURVE('',#3663,#3658,#1834,.T.);
#6374=EDGE_CURVE('',#3658,#3691,#3138,.T.);
#6378=ADVANCED_FACE('',(#6377),#6362,.F.);
#6653=ADVANCED_FACE('',(#6652),#6647,.F.);
#6926=EDGE_CURVE('',#3698,#3666,#3183,.T.);
#6931=ADVANCED_FACE('',(#6930),#6922,.F.);
#7205=EDGE_CURVE('',#3792,#3665,#2035,.T.);
#7207=EDGE_CURVE('',#3665,#3658,#3013,.T.);
#7224=ADVANCED_FACE('',(#7223),#7200,.F.);
#7231=EDGE_CURVE('',#3664,#3793,#2009,.T.);
#7233=EDGE_CURVE('',#3665,#3664,#2029,.T.);
#7240=EDGE_CURVE('',#3783,#3787,#2040,.T.);
#7242=EDGE_CURVE('',#3783,#3787,#2053,.T.);
#7246=ADVANCED_FACE('',(#7239,#7245),#7229,.F.);
#7252=EDGE_CURVE('',#3783,#3784,#2044,.T.);
#7255=EDGE_CURVE('',#3787,#3788,#2048,.T.);
#7257=EDGE_CURVE('',#3784,#3788,#2073,.T.);
#7261=ADVANCED_FACE('',(#7260),#7251,.T.);
#7268=EDGE_CURVE('',#3784,#3788,#2068,.T.);
#7274=ADVANCED_FACE('',(#7273),#7266,.T.);
#7280=EDGE_CURVE('',#3784,#3805,#2058,.T.);
#7282=EDGE_CURVE('',#3805,#3807,#2078,.T.);
#7284=EDGE_CURVE('',#3788,#3807,#2063,.T.);
#7289=ADVANCED_FACE('',(#7288),#7279,.T.);
#7298=EDGE_CURVE('',#3805,#3807,#2083,.T.);
#7302=ADVANCED_FACE('',(#7301),#7294,.T.);
#7312=EDGE_CURVE('',#3562,#3566,#2088,.T.);
#7314=EDGE_CURVE('',#3562,#3566,#2101,.T.);
#7318=ADVANCED_FACE('',(#7311,#7317),#7307,.F.);
#7324=EDGE_CURVE('',#3562,#3563,#2092,.T.);
#7327=EDGE_CURVE('',#3566,#3567,#2096,.T.);
#7329=EDGE_CURVE('',#3563,#3567,#2111,.T.);
#7333=ADVANCED_FACE('',(#7332),#7323,.F.);
#7340=EDGE_CURVE('',#3563,#3567,#2106,.T.);
#7346=ADVANCED_FACE('',(#7345),#7338,.F.);
#7356=EDGE_CURVE('',#3977,#3979,#2116,.T.);
#7358=EDGE_CURVE('',#3979,#3977,#2121,.T.);
#7362=ADVANCED_FACE('',(#7355,#7361),#7351,.F.);
#7368=EDGE_CURVE('',#3970,#3971,#2126,.T.);
#7370=EDGE_CURVE('',#3977,#3971,#2213,.T.);
#7373=EDGE_CURVE('',#3979,#3975,#2208,.T.);
#7375=EDGE_CURVE('',#3975,#3970,#2145,.T.);
#7379=ADVANCED_FACE('',(#7378),#7367,.T.);
#7386=EDGE_CURVE('',#3970,#3831,#2130,.T.);
#7388=EDGE_CURVE('',#3831,#3818,#2135,.T.);
#7390=EDGE_CURVE('',#3973,#3818,#2154,.T.);
#7392=EDGE_CURVE('',#3971,#3973,#2140,.T.);
#7396=ADVANCED_FACE('',(#7395),#7384,.T.);
#7403=EDGE_CURVE('',#3973,#3975,#2150,.T.);
#7406=EDGE_CURVE('',#3818,#3819,#2159,.T.);
#7408=EDGE_CURVE('',#3833,#3819,#2163,.T.);
#7410=EDGE_CURVE('',#3833,#3847,#2176,.T.);
#7412=EDGE_CURVE('',#3846,#3847,#2181,.T.);
#7414=EDGE_CURVE('',#3846,#3835,#2194,.T.);
#7416=EDGE_CURVE('',#3835,#3829,#2198,.T.);
#7418=EDGE_CURVE('',#3829,#3831,#2203,.T.);
#7423=ADVANCED_FACE('',(#7422),#7401,.T.);
#7436=ADVANCED_FACE('',(#7435),#7428,.T.);
#7444=EDGE_CURVE('',#3825,#3829,#2218,.T.);
#7446=EDGE_CURVE('',#3825,#3824,#2223,.T.);
#7448=EDGE_CURVE('',#3824,#3819,#2438,.T.);
#7453=ADVANCED_FACE('',(#7452),#7441,.T.);
#7459=EDGE_CURVE('',#3827,#3829,#2233,.T.);
#7461=EDGE_CURVE('',#3825,#3827,#2228,.T.);
#7466=ADVANCED_FACE('',(#7465),#7458,.T.);
#7474=EDGE_CURVE('',#3835,#3837,#2238,.T.);
#7476=EDGE_CURVE('',#3827,#3837,#2280,.T.);
#7480=ADVANCED_FACE('',(#7479),#7471,.T.);
#7540=EDGE_CURVE('',#3843,#3846,#2256,.T.);
#7542=EDGE_CURVE('',#3837,#3843,#2251,.T.);
#7546=ADVANCED_FACE('',(#7545),#7537,.T.);
#7552=EDGE_CURVE('',#3843,#3842,#2271,.T.);
#7556=EDGE_CURVE('',#3847,#3842,#2261,.T.);
#7560=ADVANCED_FACE('',(#7559),#7551,.T.);
#7566=EDGE_CURVE('',#3842,#3843,#2266,.T.);
#7571=ADVANCED_FACE('',(#7570),#7565,.T.);
#7577=EDGE_CURVE('',#3839,#3837,#2285,.T.);
#7581=EDGE_CURVE('',#3842,#3839,#2465,.T.);
#7585=ADVANCED_FACE('',(#7584),#7576,.F.);
#7591=EDGE_CURVE('',#3821,#3827,#2276,.T.);
#7595=EDGE_CURVE('',#3821,#3839,#2447,.T.);
#7599=ADVANCED_FACE('',(#7598),#7590,.F.);
#7605=EDGE_CURVE('',#3824,#3825,#2295,.T.);
#7609=EDGE_CURVE('',#3824,#3821,#2290,.T.);
#7613=ADVANCED_FACE('',(#7612),#7604,.T.);
#7623=EDGE_CURVE('',#3930,#3931,#2300,.T.);
#7625=EDGE_CURVE('',#3931,#3930,#2305,.T.);
#7629=EDGE_CURVE('',#3938,#3939,#2310,.T.);
#7631=EDGE_CURVE('',#3939,#3938,#2315,.T.);
#7635=EDGE_CURVE('',#3946,#3947,#2320,.T.);
#7637=EDGE_CURVE('',#3947,#3946,#2325,.T.);
#7641=ADVANCED_FACE('',(#7622,#7628,#7634,#7640),#7618,.T.);
#7648=EDGE_CURVE('',#3931,#3935,#2333,.T.);
#7650=EDGE_CURVE('',#3934,#3935,#2347,.T.);
#7652=EDGE_CURVE('',#3930,#3934,#2329,.T.);
#7656=ADVANCED_FACE('',(#7655),#7646,.F.);
#7664=EDGE_CURVE('',#3935,#3934,#2338,.T.);
#7669=ADVANCED_FACE('',(#7668),#7661,.F.);
#7676=EDGE_CURVE('',#3934,#3855,#2342,.T.);
#7678=EDGE_CURVE('',#3855,#3854,#2371,.T.);
#7680=EDGE_CURVE('',#3935,#3854,#2351,.T.);
#7684=ADVANCED_FACE('',(#7683),#7674,.F.);
#7692=EDGE_CURVE('',#3854,#3855,#2366,.T.);
#7697=ADVANCED_FACE('',(#7696),#7689,.F.);
#7703=EDGE_CURVE('',#3850,#3851,#2356,.T.);
#7705=EDGE_CURVE('',#3851,#3850,#2361,.T.);
#7709=ADVANCED_FACE('',(#7708),#7702,.T.);
#7719=ADVANCED_FACE('',(#7718),#7714,.T.);
#7725=EDGE_CURVE('',#3858,#3859,#2376,.T.);
#7727=EDGE_CURVE('',#3859,#3858,#2381,.T.);
#7731=ADVANCED_FACE('',(#7730),#7724,.T.);
#7737=EDGE_CURVE('',#3942,#3943,#2386,.T.);
#7739=EDGE_CURVE('',#3943,#3850,#2390,.T.);
#7742=EDGE_CURVE('',#3942,#3851,#2407,.T.);
#7746=ADVANCED_FACE('',(#7745),#7736,.F.);
#7753=EDGE_CURVE('',#3939,#3943,#2398,.T.);
#7756=EDGE_CURVE('',#3938,#3942,#2394,.T.);
#7760=ADVANCED_FACE('',(#7759),#7751,.F.);
#7768=EDGE_CURVE('',#3943,#3942,#2403,.T.);
#7773=ADVANCED_FACE('',(#7772),#7765,.F.);
#7785=ADVANCED_FACE('',(#7784),#7778,.F.);
#7791=EDGE_CURVE('',#3950,#3951,#2412,.T.);
#7793=EDGE_CURVE('',#3951,#3858,#2416,.T.);
#7796=EDGE_CURVE('',#3950,#3859,#2433,.T.);
#7800=ADVANCED_FACE('',(#7799),#7790,.F.);
#7807=EDGE_CURVE('',#3947,#3951,#2424,.T.);
#7810=EDGE_CURVE('',#3946,#3950,#2420,.T.);
#7814=ADVANCED_FACE('',(#7813),#7805,.F.);
#7822=EDGE_CURVE('',#3951,#3950,#2429,.T.);
#7827=ADVANCED_FACE('',(#7826),#7819,.F.);
#7839=ADVANCED_FACE('',(#7838),#7832,.F.);
#7845=EDGE_CURVE('',#3819,#3821,#2443,.T.);
#7851=ADVANCED_FACE('',(#7850),#7844,.T.);
#7859=EDGE_CURVE('',#3839,#3833,#2452,.T.);
#7864=ADVANCED_FACE('',(#7863),#7856,.T.);
#7928=ADVANCED_FACE('',(#7927),#7921,.T.);
#8211=EDGE_CURVE('',#3664,#3659,#2793,.T.);
#8220=ADVANCED_FACE('',(#8219),#8197,.F.);
#8491=EDGE_CURVE('',#3658,#3659,#3142,.T.);
#8497=ADVANCED_FACE('',(#8496),#8489,.F.);
#8773=ADVANCED_FACE('',(#8772),#8766,.F.);
#9046=EDGE_CURVE('',#3666,#3669,#3199,.T.);
#9051=ADVANCED_FACE('',(#9050),#9042,.F.);
#9078=ADVANCED_FACE('',(#9077),#9072,.F.);
#9084=EDGE_CURVE('',#3748,#3729,#3204,.T.);
#9086=EDGE_CURVE('',#3729,#3730,#3285,.T.);
#9089=EDGE_CURVE('',#3734,#3748,#3532,.T.);
#9093=ADVANCED_FACE('',(#9092),#9083,.T.);
#9099=EDGE_CURVE('',#3705,#3706,#3457,.T.);
#9101=EDGE_CURVE('',#3705,#3740,#3499,.T.);
#9104=EDGE_CURVE('',#3710,#3706,#3434,.T.);
#9108=ADVANCED_FACE('',(#9107),#9098,.T.);
#9115=EDGE_CURVE('',#3714,#3744,#3388,.T.);
#9117=EDGE_CURVE('',#3744,#3709,#3219,.T.);
#9119=EDGE_CURVE('',#3709,#3710,#3443,.T.);
#9123=ADVANCED_FACE('',(#9122),#9113,.T.);
#9129=EDGE_CURVE('',#3713,#3714,#3397,.T.);
#9132=EDGE_CURVE('',#3722,#3718,#3332,.T.);
#9134=EDGE_CURVE('',#3713,#3718,#3355,.T.);
#9138=ADVANCED_FACE('',(#9137),#9128,.T.);
#9144=EDGE_CURVE('',#3721,#3722,#3341,.T.);
#9147=EDGE_CURVE('',#3730,#3726,#3276,.T.);
#9149=EDGE_CURVE('',#3721,#3726,#3299,.T.);
#9153=ADVANCED_FACE('',(#9152),#9143,.T.);
#9159=EDGE_CURVE('',#3727,#3747,#3233,.T.);
#9161=EDGE_CURVE('',#3727,#3729,#3223,.T.);
#9164=EDGE_CURVE('',#3747,#3748,#3522,.T.);
#9168=ADVANCED_FACE('',(#9167),#9158,.T.);
#9175=EDGE_CURVE('',#3727,#3728,#3252,.T.);
#9178=EDGE_CURVE('',#3732,#3747,#3518,.T.);
#9182=ADVANCED_FACE('',(#9181),#9173,.T.);
#9188=EDGE_CURVE('',#3701,#3702,#3448,.T.);
#9190=EDGE_CURVE('',#3708,#3702,#3420,.T.);
#9193=EDGE_CURVE('',#3701,#3739,#3466,.T.);
#9197=ADVANCED_FACE('',(#9196),#9187,.T.);
#9203=EDGE_CURVE('',#3707,#3743,#3238,.T.);
#9205=EDGE_CURVE('',#3712,#3743,#3374,.T.);
#9208=EDGE_CURVE('',#3707,#3708,#3410,.T.);
#9212=ADVANCED_FACE('',(#9211),#9202,.T.);
#9218=EDGE_CURVE('',#3711,#3712,#3364,.T.);
#9220=EDGE_CURVE('',#3711,#3716,#3346,.T.);
#9222=EDGE_CURVE('',#3720,#3716,#3318,.T.);
#9227=ADVANCED_FACE('',(#9226),#9217,.T.);
#9233=EDGE_CURVE('',#3719,#3720,#3308,.T.);
#9235=EDGE_CURVE('',#3719,#3724,#3290,.T.);
#9237=EDGE_CURVE('',#3728,#3724,#3262,.T.);
#9242=ADVANCED_FACE('',(#9241),#9232,.T.);
#9250=EDGE_CURVE('',#3724,#3726,#3266,.T.);
#9257=ADVANCED_FACE('',(#9256),#9247,.T.);
#9264=EDGE_CURVE('',#3719,#3721,#3294,.T.);
#9270=ADVANCED_FACE('',(#9269),#9262,.T.);
#9278=EDGE_CURVE('',#3716,#3718,#3322,.T.);
#9285=ADVANCED_FACE('',(#9284),#9275,.T.);
#9292=EDGE_CURVE('',#3711,#3713,#3350,.T.);
#9298=ADVANCED_FACE('',(#9297),#9290,.T.);
#9306=EDGE_CURVE('',#3743,#3744,#3378,.T.);
#9313=ADVANCED_FACE('',(#9312),#9303,.T.);
#9320=EDGE_CURVE('',#3707,#3709,#3401,.T.);
#9326=ADVANCED_FACE('',(#9325),#9318,.T.);
#9334=EDGE_CURVE('',#3702,#3706,#3424,.T.);
#9341=ADVANCED_FACE('',(#9340),#9331,.T.);
#9348=EDGE_CURVE('',#3701,#3705,#3452,.T.);
#9354=ADVANCED_FACE('',(#9353),#9346,.T.);
#9361=EDGE_CURVE('',#3739,#3736,#3476,.T.);
#9363=EDGE_CURVE('',#3736,#3738,#3480,.T.);
#9365=EDGE_CURVE('',#3740,#3738,#3490,.T.);
#9371=ADVANCED_FACE('',(#9370),#9359,.T.);
#9377=EDGE_CURVE('',#3731,#3732,#3508,.T.);
#9379=EDGE_CURVE('',#3731,#3736,#3546,.T.);
#9385=ADVANCED_FACE('',(#9384),#9376,.T.);
#9395=EDGE_CURVE('',#3733,#3734,#3541,.T.);
#9397=EDGE_CURVE('',#3731,#3733,#3550,.T.);
#9401=ADVANCED_FACE('',(#9400),#9390,.T.);
#9410=EDGE_CURVE('',#3733,#3738,#3555,.T.);
#9414=ADVANCED_FACE('',(#9413),#9406,.T.);
#9426=ADVANCED_FACE('',(#9425),#9419,.T.);
#9429=(LENGTH_UNIT()NAMED_UNIT(*)SI_UNIT(.MILLI.,.METRE.));
#9430=(NAMED_UNIT(*)PLANE_ANGLE_UNIT()SI_UNIT($,.RADIAN.));
#9433=(NAMED_UNIT(*)SI_UNIT($,.STERADIAN.)SOLID_ANGLE_UNIT());
#9435=(GEOMETRIC_REPRESENTATION_CONTEXT(3)GLOBAL_UNCERTAINTY_ASSIGNED_CONTEXT((
#9434))GLOBAL_UNIT_ASSIGNED_CONTEXT((#9429,#9432,#9433))REPRESENTATION_CONTEXT(
'ID1','3'));
#9436=ADVANCED_BREP_SHAPE_REPRESENTATION('',(#9428),#9435);
#9443=PRODUCT_DEFINITION('part definition','',#9442,#9439);
#9444=PRODUCT_DEFINITION_SHAPE('','SHAPE FOR C-T4041017031-000.',#9443);
#9445=SHAPE_ASPECT('','solid data associated with C-T4041017031-000',#9444,.F.);
#9446=PROPERTY_DEFINITION('',
'shape for solid data with which properties are associated',#9445);
#9447=SHAPE_REPRESENTATION('',(#9428),#9435);
#9448=SHAPE_DEFINITION_REPRESENTATION(#9446,#9447);
#9449=(LENGTH_UNIT()NAMED_UNIT(*)SI_UNIT(.MILLI.,.METRE.));
#9453=PROPERTY_DEFINITION('geometric validation property',
'area of C-T4041017031-000',#9445);
#9454=REPRESENTATION('surface area',(#9452),#9435);
#9455=PROPERTY_DEFINITION_REPRESENTATION(#9453,#9454);
#9456=(LENGTH_UNIT()NAMED_UNIT(*)SI_UNIT(.MILLI.,.METRE.));
#9460=PROPERTY_DEFINITION('geometric validation property',
'volume of C-T4041017031-000',#9445);
#9461=REPRESENTATION('volume',(#9459),#9435);
#9462=PROPERTY_DEFINITION_REPRESENTATION(#9460,#9461);
#9464=PROPERTY_DEFINITION('geometric validation property',
'centroid of C-T4041017031-000',#9445);
#9465=REPRESENTATION('centroid',(#9463),#9435);
#9466=PROPERTY_DEFINITION_REPRESENTATION(#9464,#9465);
#9467=(LENGTH_UNIT()NAMED_UNIT(*)SI_UNIT(.MILLI.,.METRE.));
#9471=PROPERTY_DEFINITION('geometric validation property',
'area of C-T4041017031-000',#9444);
#9472=REPRESENTATION('surface area',(#9470),#9435);
#9473=PROPERTY_DEFINITION_REPRESENTATION(#9471,#9472);
#9474=(LENGTH_UNIT()NAMED_UNIT(*)SI_UNIT(.MILLI.,.METRE.));
#9478=PROPERTY_DEFINITION('geometric validation property',
'volume of C-T4041017031-000',#9444);
#9479=REPRESENTATION('volume',(#9477),#9435);
#9480=PROPERTY_DEFINITION_REPRESENTATION(#9478,#9479);
#9482=PROPERTY_DEFINITION('geometric validation property',
'centroid of C-T4041017031-000',#9444);
#9483=REPRESENTATION('centroid',(#9481),#9435);
#9484=PROPERTY_DEFINITION_REPRESENTATION(#9482,#9483);
#9485=SHAPE_DEFINITION_REPRESENTATION(#9444,#9436);
ENDSEC;
END-ISO-10303-21;
