ISO-10303-21;
HEADER;
FILE_DESCRIPTION((''),'2;1');
FILE_NAME('C-T4141012081-000','2022-09-22T04:00:37',('workeradm'),(
'TE Connectivity Ltd.'),'CREO PARAMETRIC BY PTC INC, 2021072',
'CREO PARAMETRIC BY PTC INC, 2021072','');
FILE_SCHEMA(('AUTOMOTIVE_DESIGN { 1 0 10303 214 1 1 1 1 }'));
ENDSEC;
DATA;
#135=CARTESIAN_POINT('',(0.E0,0.E0,-1.4E0));
#136=DIRECTION('',(0.E0,0.E0,-1.E0));
#137=DIRECTION('',(1.E0,0.E0,0.E0));
#138=AXIS2_PLACEMENT_3D('',#135,#136,#137);
#140=CARTESIAN_POINT('',(6.45E0,0.E0,-1.4E0));
#141=DIRECTION('',(0.E0,-1.E0,0.E0));
#142=DIRECTION('',(1.E0,0.E0,0.E0));
#143=AXIS2_PLACEMENT_3D('',#140,#141,#142);
#145=CARTESIAN_POINT('',(-6.45E0,0.E0,-1.4E0));
#146=DIRECTION('',(0.E0,1.E0,0.E0));
#147=DIRECTION('',(-1.E0,0.E0,0.E0));
#148=AXIS2_PLACEMENT_3D('',#145,#146,#147);
#150=CARTESIAN_POINT('',(0.E0,0.E0,-1.4E0));
#151=DIRECTION('',(0.E0,0.E0,1.E0));
#152=DIRECTION('',(1.E0,0.E0,0.E0));
#153=AXIS2_PLACEMENT_3D('',#150,#151,#152);
#155=CARTESIAN_POINT('',(0.E0,0.E0,-1.2E0));
#156=DIRECTION('',(0.E0,0.E0,1.E0));
#157=DIRECTION('',(1.E0,0.E0,0.E0));
#158=AXIS2_PLACEMENT_3D('',#155,#156,#157);
#160=CARTESIAN_POINT('',(0.E0,0.E0,-1.2E0));
#161=DIRECTION('',(0.E0,0.E0,-1.E0));
#162=DIRECTION('',(1.E0,0.E0,0.E0));
#163=AXIS2_PLACEMENT_3D('',#160,#161,#162);
#165=CARTESIAN_POINT('',(0.E0,0.E0,-1.2E0));
#166=DIRECTION('',(0.E0,0.E0,-1.E0));
#167=DIRECTION('',(1.E0,0.E0,0.E0));
#168=AXIS2_PLACEMENT_3D('',#165,#166,#167);
#170=DIRECTION('',(0.E0,0.E0,-1.E0));
#171=VECTOR('',#170,5.E-1);
#172=CARTESIAN_POINT('',(6.25E0,0.E0,-1.2E0));
#173=LINE('',#172,#171);
#174=DIRECTION('',(0.E0,0.E0,-1.E0));
#175=VECTOR('',#174,5.E-1);
#176=CARTESIAN_POINT('',(-6.25E0,0.E0,-1.2E0));
#177=LINE('',#176,#175);
#178=CARTESIAN_POINT('',(0.E0,0.E0,-1.2E0));
#179=DIRECTION('',(0.E0,0.E0,1.E0));
#180=DIRECTION('',(1.E0,0.E0,0.E0));
#181=AXIS2_PLACEMENT_3D('',#178,#179,#180);
#183=DIRECTION('',(-7.071067811866E-1,0.E0,-7.071067811865E-1));
#184=VECTOR('',#183,1.131370849898E0);
#185=CARTESIAN_POINT('',(6.25E0,0.E0,-1.7E0));
#186=LINE('',#185,#184);
#187=DIRECTION('',(7.071067811866E-1,0.E0,-7.071067811865E-1));
#188=VECTOR('',#187,1.131370849898E0);
#189=CARTESIAN_POINT('',(-6.25E0,0.E0,-1.7E0));
#190=LINE('',#189,#188);
#191=CARTESIAN_POINT('',(0.E0,0.E0,-1.7E0));
#192=DIRECTION('',(0.E0,0.E0,1.E0));
#193=DIRECTION('',(1.E0,0.E0,0.E0));
#194=AXIS2_PLACEMENT_3D('',#191,#192,#193);
#196=CARTESIAN_POINT('',(0.E0,0.E0,-1.7E0));
#197=DIRECTION('',(0.E0,0.E0,-1.E0));
#198=DIRECTION('',(1.E0,0.E0,0.E0));
#199=AXIS2_PLACEMENT_3D('',#196,#197,#198);
#201=CARTESIAN_POINT('',(0.E0,0.E0,-7.8E0));
#202=DIRECTION('',(0.E0,0.E0,1.E0));
#203=DIRECTION('',(0.E0,-1.E0,0.E0));
#204=AXIS2_PLACEMENT_3D('',#201,#202,#203);
#206=CARTESIAN_POINT('',(0.E0,0.E0,-2.5E0));
#207=DIRECTION('',(0.E0,0.E0,-1.E0));
#208=DIRECTION('',(1.E0,0.E0,0.E0));
#209=AXIS2_PLACEMENT_3D('',#206,#207,#208);
#211=CARTESIAN_POINT('',(0.E0,0.E0,-7.8E0));
#212=DIRECTION('',(0.E0,0.E0,1.E0));
#213=DIRECTION('',(-1.E0,0.E0,0.E0));
#214=AXIS2_PLACEMENT_3D('',#211,#212,#213);
#216=CARTESIAN_POINT('',(0.E0,4.85E0,-8.25E0));
#217=DIRECTION('',(1.E0,0.E0,0.E0));
#218=DIRECTION('',(0.E0,8.E-1,6.E-1));
#219=AXIS2_PLACEMENT_3D('',#216,#217,#218);
#221=CARTESIAN_POINT('',(0.E0,-4.85E0,-8.25E0));
#222=DIRECTION('',(-1.E0,0.E0,0.E0));
#223=DIRECTION('',(0.E0,-8.E-1,6.E-1));
#224=AXIS2_PLACEMENT_3D('',#221,#222,#223);
#226=CARTESIAN_POINT('',(0.E0,0.E0,-8.E0));
#227=DIRECTION('',(0.E0,0.E0,1.E0));
#228=DIRECTION('',(0.E0,1.E0,0.E0));
#229=AXIS2_PLACEMENT_3D('',#226,#227,#228);
#231=CARTESIAN_POINT('',(0.E0,0.E0,-8.E0));
#232=DIRECTION('',(0.E0,0.E0,-1.E0));
#233=DIRECTION('',(0.E0,1.E0,0.E0));
#234=AXIS2_PLACEMENT_3D('',#231,#232,#233);
#236=DIRECTION('',(0.E0,1.E0,0.E0));
#237=VECTOR('',#236,2.562448686337E-1);
#238=CARTESIAN_POINT('',(6.5E-1,3.55E0,-8.E0));
#239=LINE('',#238,#237);
#240=CARTESIAN_POINT('',(0.E0,3.55E0,-8.E0));
#241=DIRECTION('',(0.E0,0.E0,1.E0));
#242=DIRECTION('',(-1.E0,0.E0,0.E0));
#243=AXIS2_PLACEMENT_3D('',#240,#241,#242);
#245=DIRECTION('',(0.E0,-1.E0,0.E0));
#246=VECTOR('',#245,2.562448686337E-1);
#247=CARTESIAN_POINT('',(-6.5E-1,3.806244868634E0,-8.E0));
#248=LINE('',#247,#246);
#249=CARTESIAN_POINT('',(-8.5E-1,3.806244868634E0,-8.E0));
#250=DIRECTION('',(0.E0,0.E0,-1.E0));
#251=DIRECTION('',(-2.179487179487E-1,9.759602227266E-1,0.E0));
#252=AXIS2_PLACEMENT_3D('',#249,#250,#251);
#254=CARTESIAN_POINT('',(0.E0,0.E0,-8.E0));
#255=DIRECTION('',(0.E0,0.E0,-1.E0));
#256=DIRECTION('',(2.179487179487E-1,9.759602227266E-1,0.E0));
#257=AXIS2_PLACEMENT_3D('',#254,#255,#256);
#259=DIRECTION('',(0.E0,0.E0,-1.E0));
#260=VECTOR('',#259,7.8E0);
#261=CARTESIAN_POINT('',(-8.935897435897E-1,4.001436913179E0,-2.E-1));
#262=LINE('',#261,#260);
#263=CARTESIAN_POINT('',(0.E0,0.E0,-2.E-1));
#264=DIRECTION('',(0.E0,0.E0,1.E0));
#265=DIRECTION('',(-2.179487179487E-1,9.759602227266E-1,0.E0));
#266=AXIS2_PLACEMENT_3D('',#263,#264,#265);
#268=DIRECTION('',(0.E0,0.E0,1.E0));
#269=VECTOR('',#268,7.8E0);
#270=CARTESIAN_POINT('',(8.935897435897E-1,4.001436913179E0,-8.E0));
#271=LINE('',#270,#269);
#272=CARTESIAN_POINT('',(0.E0,0.E0,0.E0));
#273=DIRECTION('',(0.E0,0.E0,1.E0));
#274=DIRECTION('',(-2.179494368376E-1,9.759600621860E-1,0.E0));
#275=AXIS2_PLACEMENT_3D('',#272,#273,#274);
#277=CARTESIAN_POINT('',(-8.5E-1,3.806244868634E0,-2.E-1));
#278=DIRECTION('',(0.E0,1.E0,0.E0));
#279=DIRECTION('',(0.E0,0.E0,1.E0));
#280=AXIS2_PLACEMENT_3D('',#277,#278,#279);
#282=CARTESIAN_POINT('',(-8.5E-1,3.806244868634E0,-2.E-1));
#283=DIRECTION('',(9.759602227266E-1,2.179487179487E-1,0.E0));
#284=DIRECTION('',(-2.179487179487E-1,9.759602227266E-1,0.E0));
#285=AXIS2_PLACEMENT_3D('',#282,#283,#284);
#287=CARTESIAN_POINT('',(-8.5E-1,3.806244868634E0,-2.E-1));
#288=DIRECTION('',(0.E0,0.E0,1.E0));
#289=DIRECTION('',(1.E0,0.E0,0.E0));
#290=AXIS2_PLACEMENT_3D('',#287,#288,#289);
#292=CARTESIAN_POINT('',(-8.5E-1,3.55E0,-2.E-1));
#293=DIRECTION('',(0.E0,1.E0,0.E0));
#294=DIRECTION('',(0.E0,0.E0,1.E0));
#295=AXIS2_PLACEMENT_3D('',#292,#293,#294);
#297=DIRECTION('',(0.E0,0.E0,-1.E0));
#298=VECTOR('',#297,7.8E0);
#299=CARTESIAN_POINT('',(-6.5E-1,3.806244868634E0,-2.E-1));
#300=LINE('',#299,#298);
#301=DIRECTION('',(0.E0,1.E0,0.E0));
#302=VECTOR('',#301,2.562448686266E-1);
#303=CARTESIAN_POINT('',(-6.5E-1,3.550000000007E0,-2.E-1));
#304=LINE('',#303,#302);
#305=CARTESIAN_POINT('',(0.E0,3.55E0,-2.E-1));
#306=DIRECTION('',(0.E0,0.E0,-1.E0));
#307=DIRECTION('',(1.E0,0.E0,0.E0));
#308=AXIS2_PLACEMENT_3D('',#305,#306,#307);
#310=DIRECTION('',(0.E0,-8.983127632070E-13,-1.E0));
#311=VECTOR('',#310,7.8E0);
#312=CARTESIAN_POINT('',(-6.5E-1,3.550000000007E0,-2.E-1));
#313=LINE('',#312,#311);
#314=CARTESIAN_POINT('',(8.5E-1,3.55E0,-2.E-1));
#315=DIRECTION('',(0.E0,-1.E0,0.E0));
#316=DIRECTION('',(0.E0,0.E0,1.E0));
#317=AXIS2_PLACEMENT_3D('',#314,#315,#316);
#319=CARTESIAN_POINT('',(1.497757346291E0,2.306344061850E0,0.E0));
#320=DIRECTION('',(0.E0,0.E0,-1.E0));
#321=DIRECTION('',(0.E0,1.E0,0.E0));
#322=AXIS2_PLACEMENT_3D('',#319,#320,#321);
#324=CARTESIAN_POINT('',(1.497757346291E0,2.306344061850E0,0.E0));
#325=DIRECTION('',(0.E0,0.E0,-1.E0));
#326=DIRECTION('',(0.E0,-1.E0,0.E0));
#327=AXIS2_PLACEMENT_3D('',#324,#325,#326);
#329=CARTESIAN_POINT('',(2.723237189039E0,3.827260276402E-1,0.E0));
#330=DIRECTION('',(0.E0,0.E0,-1.E0));
#331=DIRECTION('',(0.E0,1.E0,0.E0));
#332=AXIS2_PLACEMENT_3D('',#329,#330,#331);
#334=CARTESIAN_POINT('',(2.723237189039E0,3.827260276402E-1,0.E0));
#335=DIRECTION('',(0.E0,0.E0,-1.E0));
#336=DIRECTION('',(0.E0,-1.E0,0.E0));
#337=AXIS2_PLACEMENT_3D('',#334,#335,#336);
#339=CARTESIAN_POINT('',(2.075451345613E0,-1.804162329724E0,0.E0));
#340=DIRECTION('',(0.E0,0.E0,-1.E0));
#341=DIRECTION('',(0.E0,1.E0,0.E0));
#342=AXIS2_PLACEMENT_3D('',#339,#340,#341);
#344=CARTESIAN_POINT('',(2.075451345613E0,-1.804162329724E0,0.E0));
#345=DIRECTION('',(0.E0,0.E0,-1.E0));
#346=DIRECTION('',(0.E0,-1.E0,0.E0));
#347=AXIS2_PLACEMENT_3D('',#344,#345,#346);
#349=CARTESIAN_POINT('',(0.E0,-2.75E0,0.E0));
#350=DIRECTION('',(0.E0,0.E0,-1.E0));
#351=DIRECTION('',(0.E0,1.E0,0.E0));
#352=AXIS2_PLACEMENT_3D('',#349,#350,#351);
#354=CARTESIAN_POINT('',(0.E0,-2.75E0,0.E0));
#355=DIRECTION('',(0.E0,0.E0,-1.E0));
#356=DIRECTION('',(0.E0,-1.E0,0.E0));
#357=AXIS2_PLACEMENT_3D('',#354,#355,#356);
#359=CARTESIAN_POINT('',(-2.075451345613E0,-1.804162329724E0,0.E0));
#360=DIRECTION('',(0.E0,0.E0,-1.E0));
#361=DIRECTION('',(0.E0,1.E0,0.E0));
#362=AXIS2_PLACEMENT_3D('',#359,#360,#361);
#364=CARTESIAN_POINT('',(-2.075451345613E0,-1.804162329724E0,0.E0));
#365=DIRECTION('',(0.E0,0.E0,-1.E0));
#366=DIRECTION('',(0.E0,-1.E0,0.E0));
#367=AXIS2_PLACEMENT_3D('',#364,#365,#366);
#369=CARTESIAN_POINT('',(-2.723237189039E0,3.827260276402E-1,0.E0));
#370=DIRECTION('',(0.E0,0.E0,-1.E0));
#371=DIRECTION('',(0.E0,1.E0,0.E0));
#372=AXIS2_PLACEMENT_3D('',#369,#370,#371);
#374=CARTESIAN_POINT('',(-2.723237189039E0,3.827260276402E-1,0.E0));
#375=DIRECTION('',(0.E0,0.E0,-1.E0));
#376=DIRECTION('',(0.E0,-1.E0,0.E0));
#377=AXIS2_PLACEMENT_3D('',#374,#375,#376);
#379=CARTESIAN_POINT('',(-1.497757346291E0,2.306344061850E0,0.E0));
#380=DIRECTION('',(0.E0,0.E0,-1.E0));
#381=DIRECTION('',(0.E0,1.E0,0.E0));
#382=AXIS2_PLACEMENT_3D('',#379,#380,#381);
#384=CARTESIAN_POINT('',(-1.497757346291E0,2.306344061850E0,0.E0));
#385=DIRECTION('',(0.E0,0.E0,-1.E0));
#386=DIRECTION('',(0.E0,-1.E0,0.E0));
#387=AXIS2_PLACEMENT_3D('',#384,#385,#386);
#389=CARTESIAN_POINT('',(0.E0,0.E0,0.E0));
#390=DIRECTION('',(0.E0,0.E0,-1.E0));
#391=DIRECTION('',(0.E0,1.E0,0.E0));
#392=AXIS2_PLACEMENT_3D('',#389,#390,#391);
#394=CARTESIAN_POINT('',(0.E0,0.E0,0.E0));
#395=DIRECTION('',(0.E0,0.E0,-1.E0));
#396=DIRECTION('',(0.E0,-1.E0,0.E0));
#397=AXIS2_PLACEMENT_3D('',#394,#395,#396);
#399=DIRECTION('',(-1.340543609632E-12,1.E0,0.E0));
#400=VECTOR('',#399,2.562415734565E-1);
#401=CARTESIAN_POINT('',(-8.499999999997E-1,3.550000000002E0,0.E0));
#402=LINE('',#401,#400);
#403=CARTESIAN_POINT('',(0.E0,3.55E0,0.E0));
#404=DIRECTION('',(0.E0,0.E0,-1.E0));
#405=DIRECTION('',(1.E0,0.E0,0.E0));
#406=AXIS2_PLACEMENT_3D('',#403,#404,#405);
#408=DIRECTION('',(-3.342265564467E-12,-1.E0,0.E0));
#409=VECTOR('',#408,2.562411707498E-1);
#410=CARTESIAN_POINT('',(8.5E-1,3.806241170753E0,0.E0));
#411=LINE('',#410,#409);
#412=CARTESIAN_POINT('',(1.497757346291E0,2.306344061850E0,-2.E-1));
#413=DIRECTION('',(0.E0,0.E0,-1.E0));
#414=DIRECTION('',(0.E0,1.E0,0.E0));
#415=AXIS2_PLACEMENT_3D('',#412,#413,#414);
#417=DIRECTION('',(0.E0,0.E0,1.E0));
#418=VECTOR('',#417,2.E-1);
#419=CARTESIAN_POINT('',(1.497757346291E0,3.206344061850E0,-2.E-1));
#420=LINE('',#419,#418);
#421=CARTESIAN_POINT('',(1.497757346291E0,2.306344061850E0,-2.E-1));
#422=DIRECTION('',(0.E0,0.E0,1.E0));
#423=DIRECTION('',(0.E0,1.E0,0.E0));
#424=AXIS2_PLACEMENT_3D('',#421,#422,#423);
#426=DIRECTION('',(0.E0,0.E0,1.E0));
#427=VECTOR('',#426,2.E-1);
#428=CARTESIAN_POINT('',(1.497757346291E0,1.406344061850E0,-2.E-1));
#429=LINE('',#428,#427);
#430=DIRECTION('',(0.E0,7.071067811865E-1,7.071067811865E-1));
#431=VECTOR('',#430,5.656854249492E-1);
#432=CARTESIAN_POINT('',(1.497757346291E0,2.806344061850E0,-6.E-1));
#433=LINE('',#432,#431);
#434=CARTESIAN_POINT('',(1.497757346291E0,2.306344061850E0,-6.E-1));
#435=DIRECTION('',(0.E0,0.E0,1.E0));
#436=DIRECTION('',(0.E0,1.E0,0.E0));
#437=AXIS2_PLACEMENT_3D('',#434,#435,#436);
#439=DIRECTION('',(0.E0,-7.071067811865E-1,7.071067811865E-1));
#440=VECTOR('',#439,5.656854249492E-1);
#441=CARTESIAN_POINT('',(1.497757346291E0,1.806344061850E0,-6.E-1));
#442=LINE('',#441,#440);
#443=CARTESIAN_POINT('',(1.497757346291E0,2.306344061850E0,-6.E-1));
#444=DIRECTION('',(0.E0,0.E0,-1.E0));
#445=DIRECTION('',(0.E0,1.E0,0.E0));
#446=AXIS2_PLACEMENT_3D('',#443,#444,#445);
#448=CARTESIAN_POINT('',(1.497757346291E0,2.306344061850E0,-6.E-1));
#449=DIRECTION('',(0.E0,0.E0,1.E0));
#450=DIRECTION('',(0.E0,1.E0,0.E0));
#451=AXIS2_PLACEMENT_3D('',#448,#449,#450);
#453=CARTESIAN_POINT('',(1.497757346291E0,2.306344061850E0,-6.E-1));
#454=DIRECTION('',(0.E0,0.E0,-1.E0));
#455=DIRECTION('',(0.E0,1.E0,0.E0));
#456=AXIS2_PLACEMENT_3D('',#453,#454,#455);
#458=DIRECTION('',(0.E0,0.E0,1.E0));
#459=VECTOR('',#458,4.E-1);
#460=CARTESIAN_POINT('',(1.497757346291E0,2.781344061850E0,-1.E0));
#461=LINE('',#460,#459);
#462=CARTESIAN_POINT('',(1.497757346291E0,2.306344061850E0,-1.E0));
#463=DIRECTION('',(0.E0,0.E0,1.E0));
#464=DIRECTION('',(0.E0,1.E0,0.E0));
#465=AXIS2_PLACEMENT_3D('',#462,#463,#464);
#467=DIRECTION('',(0.E0,0.E0,1.E0));
#468=VECTOR('',#467,4.E-1);
#469=CARTESIAN_POINT('',(1.497757346291E0,1.831344061850E0,-1.E0));
#470=LINE('',#469,#468);
#471=CARTESIAN_POINT('',(1.497757346291E0,2.306344061850E0,-1.E0));
#472=DIRECTION('',(0.E0,0.E0,-1.E0));
#473=DIRECTION('',(0.E0,1.E0,0.E0));
#474=AXIS2_PLACEMENT_3D('',#471,#472,#473);
#476=CARTESIAN_POINT('',(2.723237189039E0,3.827260276402E-1,-2.E-1));
#477=DIRECTION('',(0.E0,0.E0,-1.E0));
#478=DIRECTION('',(0.E0,1.E0,0.E0));
#479=AXIS2_PLACEMENT_3D('',#476,#477,#478);
#481=DIRECTION('',(0.E0,0.E0,1.E0));
#482=VECTOR('',#481,2.E-1);
#483=CARTESIAN_POINT('',(2.723237189039E0,1.282726027640E0,-2.E-1));
#484=LINE('',#483,#482);
#485=CARTESIAN_POINT('',(2.723237189039E0,3.827260276402E-1,-2.E-1));
#486=DIRECTION('',(0.E0,0.E0,1.E0));
#487=DIRECTION('',(0.E0,1.E0,0.E0));
#488=AXIS2_PLACEMENT_3D('',#485,#486,#487);
#490=DIRECTION('',(0.E0,0.E0,1.E0));
#491=VECTOR('',#490,2.E-1);
#492=CARTESIAN_POINT('',(2.723237189039E0,-5.172739723598E-1,-2.E-1));
#493=LINE('',#492,#491);
#494=DIRECTION('',(0.E0,7.071067811865E-1,7.071067811865E-1));
#495=VECTOR('',#494,5.656854249492E-1);
#496=CARTESIAN_POINT('',(2.723237189039E0,8.827260276402E-1,-6.E-1));
#497=LINE('',#496,#495);
#498=CARTESIAN_POINT('',(2.723237189039E0,3.827260276402E-1,-6.E-1));
#499=DIRECTION('',(0.E0,0.E0,1.E0));
#500=DIRECTION('',(0.E0,1.E0,0.E0));
#501=AXIS2_PLACEMENT_3D('',#498,#499,#500);
#503=DIRECTION('',(0.E0,-7.071067811865E-1,7.071067811865E-1));
#504=VECTOR('',#503,5.656854249492E-1);
#505=CARTESIAN_POINT('',(2.723237189039E0,-1.172739723598E-1,-6.E-1));
#506=LINE('',#505,#504);
#507=CARTESIAN_POINT('',(2.723237189039E0,3.827260276402E-1,-6.E-1));
#508=DIRECTION('',(0.E0,0.E0,-1.E0));
#509=DIRECTION('',(0.E0,1.E0,0.E0));
#510=AXIS2_PLACEMENT_3D('',#507,#508,#509);
#512=CARTESIAN_POINT('',(2.723237189039E0,3.827260276402E-1,-6.E-1));
#513=DIRECTION('',(0.E0,0.E0,1.E0));
#514=DIRECTION('',(0.E0,1.E0,0.E0));
#515=AXIS2_PLACEMENT_3D('',#512,#513,#514);
#517=CARTESIAN_POINT('',(2.723237189039E0,3.827260276402E-1,-6.E-1));
#518=DIRECTION('',(0.E0,0.E0,-1.E0));
#519=DIRECTION('',(0.E0,1.E0,0.E0));
#520=AXIS2_PLACEMENT_3D('',#517,#518,#519);
#522=DIRECTION('',(0.E0,0.E0,1.E0));
#523=VECTOR('',#522,4.E-1);
#524=CARTESIAN_POINT('',(2.723237189039E0,8.577260276402E-1,-1.E0));
#525=LINE('',#524,#523);
#526=CARTESIAN_POINT('',(2.723237189039E0,3.827260276402E-1,-1.E0));
#527=DIRECTION('',(0.E0,0.E0,1.E0));
#528=DIRECTION('',(0.E0,1.E0,0.E0));
#529=AXIS2_PLACEMENT_3D('',#526,#527,#528);
#531=DIRECTION('',(0.E0,0.E0,1.E0));
#532=VECTOR('',#531,4.E-1);
#533=CARTESIAN_POINT('',(2.723237189039E0,-9.227397235982E-2,-1.E0));
#534=LINE('',#533,#532);
#535=CARTESIAN_POINT('',(2.723237189039E0,3.827260276402E-1,-1.E0));
#536=DIRECTION('',(0.E0,0.E0,-1.E0));
#537=DIRECTION('',(0.E0,1.E0,0.E0));
#538=AXIS2_PLACEMENT_3D('',#535,#536,#537);
#540=CARTESIAN_POINT('',(2.075451345613E0,-1.804162329724E0,-2.E-1));
#541=DIRECTION('',(0.E0,0.E0,-1.E0));
#542=DIRECTION('',(0.E0,1.E0,0.E0));
#543=AXIS2_PLACEMENT_3D('',#540,#541,#542);
#545=DIRECTION('',(0.E0,0.E0,1.E0));
#546=VECTOR('',#545,2.E-1);
#547=CARTESIAN_POINT('',(2.075451345613E0,-9.041623297239E-1,-2.E-1));
#548=LINE('',#547,#546);
#549=CARTESIAN_POINT('',(2.075451345613E0,-1.804162329724E0,-2.E-1));
#550=DIRECTION('',(0.E0,0.E0,1.E0));
#551=DIRECTION('',(0.E0,1.E0,0.E0));
#552=AXIS2_PLACEMENT_3D('',#549,#550,#551);
#554=DIRECTION('',(0.E0,0.E0,1.E0));
#555=VECTOR('',#554,2.E-1);
#556=CARTESIAN_POINT('',(2.075451345613E0,-2.704162329724E0,-2.E-1));
#557=LINE('',#556,#555);
#558=DIRECTION('',(0.E0,7.071067811865E-1,7.071067811865E-1));
#559=VECTOR('',#558,5.656854249492E-1);
#560=CARTESIAN_POINT('',(2.075451345613E0,-1.304162329724E0,-6.E-1));
#561=LINE('',#560,#559);
#562=CARTESIAN_POINT('',(2.075451345613E0,-1.804162329724E0,-6.E-1));
#563=DIRECTION('',(0.E0,0.E0,1.E0));
#564=DIRECTION('',(0.E0,1.E0,0.E0));
#565=AXIS2_PLACEMENT_3D('',#562,#563,#564);
#567=DIRECTION('',(0.E0,-7.071067811865E-1,7.071067811865E-1));
#568=VECTOR('',#567,5.656854249492E-1);
#569=CARTESIAN_POINT('',(2.075451345613E0,-2.304162329724E0,-6.E-1));
#570=LINE('',#569,#568);
#571=CARTESIAN_POINT('',(2.075451345613E0,-1.804162329724E0,-6.E-1));
#572=DIRECTION('',(0.E0,0.E0,-1.E0));
#573=DIRECTION('',(0.E0,1.E0,0.E0));
#574=AXIS2_PLACEMENT_3D('',#571,#572,#573);
#576=CARTESIAN_POINT('',(2.075451345613E0,-1.804162329724E0,-6.E-1));
#577=DIRECTION('',(0.E0,0.E0,1.E0));
#578=DIRECTION('',(0.E0,1.E0,0.E0));
#579=AXIS2_PLACEMENT_3D('',#576,#577,#578);
#581=CARTESIAN_POINT('',(2.075451345613E0,-1.804162329724E0,-6.E-1));
#582=DIRECTION('',(0.E0,0.E0,-1.E0));
#583=DIRECTION('',(0.E0,1.E0,0.E0));
#584=AXIS2_PLACEMENT_3D('',#581,#582,#583);
#586=DIRECTION('',(0.E0,0.E0,1.E0));
#587=VECTOR('',#586,4.E-1);
#588=CARTESIAN_POINT('',(2.075451345613E0,-1.329162329724E0,-1.E0));
#589=LINE('',#588,#587);
#590=CARTESIAN_POINT('',(2.075451345613E0,-1.804162329724E0,-1.E0));
#591=DIRECTION('',(0.E0,0.E0,1.E0));
#592=DIRECTION('',(0.E0,1.E0,0.E0));
#593=AXIS2_PLACEMENT_3D('',#590,#591,#592);
#595=DIRECTION('',(0.E0,0.E0,1.E0));
#596=VECTOR('',#595,4.E-1);
#597=CARTESIAN_POINT('',(2.075451345613E0,-2.279162329724E0,-1.E0));
#598=LINE('',#597,#596);
#599=CARTESIAN_POINT('',(2.075451345613E0,-1.804162329724E0,-1.E0));
#600=DIRECTION('',(0.E0,0.E0,-1.E0));
#601=DIRECTION('',(0.E0,1.E0,0.E0));
#602=AXIS2_PLACEMENT_3D('',#599,#600,#601);
#604=CARTESIAN_POINT('',(0.E0,-2.75E0,-2.E-1));
#605=DIRECTION('',(0.E0,0.E0,-1.E0));
#606=DIRECTION('',(0.E0,1.E0,0.E0));
#607=AXIS2_PLACEMENT_3D('',#604,#605,#606);
#609=DIRECTION('',(0.E0,0.E0,1.E0));
#610=VECTOR('',#609,2.E-1);
#611=CARTESIAN_POINT('',(0.E0,-1.85E0,-2.E-1));
#612=LINE('',#611,#610);
#613=CARTESIAN_POINT('',(0.E0,-2.75E0,-2.E-1));
#614=DIRECTION('',(0.E0,0.E0,1.E0));
#615=DIRECTION('',(0.E0,1.E0,0.E0));
#616=AXIS2_PLACEMENT_3D('',#613,#614,#615);
#618=DIRECTION('',(0.E0,0.E0,1.E0));
#619=VECTOR('',#618,2.E-1);
#620=CARTESIAN_POINT('',(0.E0,-3.65E0,-2.E-1));
#621=LINE('',#620,#619);
#622=DIRECTION('',(0.E0,7.071067811865E-1,7.071067811865E-1));
#623=VECTOR('',#622,5.656854249492E-1);
#624=CARTESIAN_POINT('',(0.E0,-2.25E0,-6.E-1));
#625=LINE('',#624,#623);
#626=CARTESIAN_POINT('',(0.E0,-2.75E0,-6.E-1));
#627=DIRECTION('',(0.E0,0.E0,1.E0));
#628=DIRECTION('',(0.E0,1.E0,0.E0));
#629=AXIS2_PLACEMENT_3D('',#626,#627,#628);
#631=DIRECTION('',(0.E0,-7.071067811865E-1,7.071067811865E-1));
#632=VECTOR('',#631,5.656854249492E-1);
#633=CARTESIAN_POINT('',(0.E0,-3.25E0,-6.E-1));
#634=LINE('',#633,#632);
#635=CARTESIAN_POINT('',(0.E0,-2.75E0,-6.E-1));
#636=DIRECTION('',(0.E0,0.E0,-1.E0));
#637=DIRECTION('',(0.E0,1.E0,0.E0));
#638=AXIS2_PLACEMENT_3D('',#635,#636,#637);
#640=CARTESIAN_POINT('',(0.E0,-2.75E0,-6.E-1));
#641=DIRECTION('',(0.E0,0.E0,1.E0));
#642=DIRECTION('',(0.E0,1.E0,0.E0));
#643=AXIS2_PLACEMENT_3D('',#640,#641,#642);
#645=CARTESIAN_POINT('',(0.E0,-2.75E0,-6.E-1));
#646=DIRECTION('',(0.E0,0.E0,-1.E0));
#647=DIRECTION('',(0.E0,1.E0,0.E0));
#648=AXIS2_PLACEMENT_3D('',#645,#646,#647);
#650=DIRECTION('',(0.E0,0.E0,1.E0));
#651=VECTOR('',#650,4.E-1);
#652=CARTESIAN_POINT('',(0.E0,-2.275E0,-1.E0));
#653=LINE('',#652,#651);
#654=CARTESIAN_POINT('',(0.E0,-2.75E0,-1.E0));
#655=DIRECTION('',(0.E0,0.E0,1.E0));
#656=DIRECTION('',(0.E0,1.E0,0.E0));
#657=AXIS2_PLACEMENT_3D('',#654,#655,#656);
#659=DIRECTION('',(0.E0,0.E0,1.E0));
#660=VECTOR('',#659,4.E-1);
#661=CARTESIAN_POINT('',(0.E0,-3.225E0,-1.E0));
#662=LINE('',#661,#660);
#663=CARTESIAN_POINT('',(0.E0,-2.75E0,-1.E0));
#664=DIRECTION('',(0.E0,0.E0,-1.E0));
#665=DIRECTION('',(0.E0,1.E0,0.E0));
#666=AXIS2_PLACEMENT_3D('',#663,#664,#665);
#668=CARTESIAN_POINT('',(-2.075451345613E0,-1.804162329724E0,-2.E-1));
#669=DIRECTION('',(0.E0,0.E0,-1.E0));
#670=DIRECTION('',(0.E0,1.E0,0.E0));
#671=AXIS2_PLACEMENT_3D('',#668,#669,#670);
#673=DIRECTION('',(0.E0,0.E0,1.E0));
#674=VECTOR('',#673,2.E-1);
#675=CARTESIAN_POINT('',(-2.075451345613E0,-9.041623297239E-1,-2.E-1));
#676=LINE('',#675,#674);
#677=CARTESIAN_POINT('',(-2.075451345613E0,-1.804162329724E0,-2.E-1));
#678=DIRECTION('',(0.E0,0.E0,1.E0));
#679=DIRECTION('',(0.E0,1.E0,0.E0));
#680=AXIS2_PLACEMENT_3D('',#677,#678,#679);
#682=DIRECTION('',(0.E0,0.E0,1.E0));
#683=VECTOR('',#682,2.E-1);
#684=CARTESIAN_POINT('',(-2.075451345613E0,-2.704162329724E0,-2.E-1));
#685=LINE('',#684,#683);
#686=DIRECTION('',(0.E0,7.071067811865E-1,7.071067811865E-1));
#687=VECTOR('',#686,5.656854249492E-1);
#688=CARTESIAN_POINT('',(-2.075451345613E0,-1.304162329724E0,-6.E-1));
#689=LINE('',#688,#687);
#690=CARTESIAN_POINT('',(-2.075451345613E0,-1.804162329724E0,-6.E-1));
#691=DIRECTION('',(0.E0,0.E0,1.E0));
#692=DIRECTION('',(0.E0,1.E0,0.E0));
#693=AXIS2_PLACEMENT_3D('',#690,#691,#692);
#695=DIRECTION('',(0.E0,-7.071067811865E-1,7.071067811865E-1));
#696=VECTOR('',#695,5.656854249492E-1);
#697=CARTESIAN_POINT('',(-2.075451345613E0,-2.304162329724E0,-6.E-1));
#698=LINE('',#697,#696);
#699=CARTESIAN_POINT('',(-2.075451345613E0,-1.804162329724E0,-6.E-1));
#700=DIRECTION('',(0.E0,0.E0,-1.E0));
#701=DIRECTION('',(0.E0,1.E0,0.E0));
#702=AXIS2_PLACEMENT_3D('',#699,#700,#701);
#704=CARTESIAN_POINT('',(-2.075451345613E0,-1.804162329724E0,-6.E-1));
#705=DIRECTION('',(0.E0,0.E0,1.E0));
#706=DIRECTION('',(0.E0,1.E0,0.E0));
#707=AXIS2_PLACEMENT_3D('',#704,#705,#706);
#709=CARTESIAN_POINT('',(-2.075451345613E0,-1.804162329724E0,-6.E-1));
#710=DIRECTION('',(0.E0,0.E0,-1.E0));
#711=DIRECTION('',(0.E0,1.E0,0.E0));
#712=AXIS2_PLACEMENT_3D('',#709,#710,#711);
#714=DIRECTION('',(0.E0,0.E0,1.E0));
#715=VECTOR('',#714,4.E-1);
#716=CARTESIAN_POINT('',(-2.075451345613E0,-1.329162329724E0,-1.E0));
#717=LINE('',#716,#715);
#718=CARTESIAN_POINT('',(-2.075451345613E0,-1.804162329724E0,-1.E0));
#719=DIRECTION('',(0.E0,0.E0,1.E0));
#720=DIRECTION('',(0.E0,1.E0,0.E0));
#721=AXIS2_PLACEMENT_3D('',#718,#719,#720);
#723=DIRECTION('',(0.E0,0.E0,1.E0));
#724=VECTOR('',#723,4.E-1);
#725=CARTESIAN_POINT('',(-2.075451345613E0,-2.279162329724E0,-1.E0));
#726=LINE('',#725,#724);
#727=CARTESIAN_POINT('',(-2.075451345613E0,-1.804162329724E0,-1.E0));
#728=DIRECTION('',(0.E0,0.E0,-1.E0));
#729=DIRECTION('',(0.E0,1.E0,0.E0));
#730=AXIS2_PLACEMENT_3D('',#727,#728,#729);
#732=CARTESIAN_POINT('',(-2.723237189039E0,3.827260276402E-1,-2.E-1));
#733=DIRECTION('',(0.E0,0.E0,-1.E0));
#734=DIRECTION('',(0.E0,1.E0,0.E0));
#735=AXIS2_PLACEMENT_3D('',#732,#733,#734);
#737=DIRECTION('',(0.E0,0.E0,1.E0));
#738=VECTOR('',#737,2.E-1);
#739=CARTESIAN_POINT('',(-2.723237189039E0,1.282726027640E0,-2.E-1));
#740=LINE('',#739,#738);
#741=CARTESIAN_POINT('',(-2.723237189039E0,3.827260276402E-1,-2.E-1));
#742=DIRECTION('',(0.E0,0.E0,1.E0));
#743=DIRECTION('',(0.E0,1.E0,0.E0));
#744=AXIS2_PLACEMENT_3D('',#741,#742,#743);
#746=DIRECTION('',(0.E0,0.E0,1.E0));
#747=VECTOR('',#746,2.E-1);
#748=CARTESIAN_POINT('',(-2.723237189039E0,-5.172739723598E-1,-2.E-1));
#749=LINE('',#748,#747);
#750=DIRECTION('',(0.E0,7.071067811865E-1,7.071067811865E-1));
#751=VECTOR('',#750,5.656854249492E-1);
#752=CARTESIAN_POINT('',(-2.723237189039E0,8.827260276402E-1,-6.E-1));
#753=LINE('',#752,#751);
#754=CARTESIAN_POINT('',(-2.723237189039E0,3.827260276402E-1,-6.E-1));
#755=DIRECTION('',(0.E0,0.E0,1.E0));
#756=DIRECTION('',(0.E0,1.E0,0.E0));
#757=AXIS2_PLACEMENT_3D('',#754,#755,#756);
#759=DIRECTION('',(0.E0,-7.071067811865E-1,7.071067811865E-1));
#760=VECTOR('',#759,5.656854249492E-1);
#761=CARTESIAN_POINT('',(-2.723237189039E0,-1.172739723598E-1,-6.E-1));
#762=LINE('',#761,#760);
#763=CARTESIAN_POINT('',(-2.723237189039E0,3.827260276402E-1,-6.E-1));
#764=DIRECTION('',(0.E0,0.E0,-1.E0));
#765=DIRECTION('',(0.E0,1.E0,0.E0));
#766=AXIS2_PLACEMENT_3D('',#763,#764,#765);
#768=CARTESIAN_POINT('',(-2.723237189039E0,3.827260276402E-1,-6.E-1));
#769=DIRECTION('',(0.E0,0.E0,1.E0));
#770=DIRECTION('',(0.E0,1.E0,0.E0));
#771=AXIS2_PLACEMENT_3D('',#768,#769,#770);
#773=CARTESIAN_POINT('',(-2.723237189039E0,3.827260276402E-1,-6.E-1));
#774=DIRECTION('',(0.E0,0.E0,-1.E0));
#775=DIRECTION('',(0.E0,1.E0,0.E0));
#776=AXIS2_PLACEMENT_3D('',#773,#774,#775);
#778=DIRECTION('',(0.E0,0.E0,1.E0));
#779=VECTOR('',#778,4.E-1);
#780=CARTESIAN_POINT('',(-2.723237189039E0,8.577260276402E-1,-1.E0));
#781=LINE('',#780,#779);
#782=CARTESIAN_POINT('',(-2.723237189039E0,3.827260276402E-1,-1.E0));
#783=DIRECTION('',(0.E0,0.E0,1.E0));
#784=DIRECTION('',(0.E0,1.E0,0.E0));
#785=AXIS2_PLACEMENT_3D('',#782,#783,#784);
#787=DIRECTION('',(0.E0,0.E0,1.E0));
#788=VECTOR('',#787,4.E-1);
#789=CARTESIAN_POINT('',(-2.723237189039E0,-9.227397235982E-2,-1.E0));
#790=LINE('',#789,#788);
#791=CARTESIAN_POINT('',(-2.723237189039E0,3.827260276402E-1,-1.E0));
#792=DIRECTION('',(0.E0,0.E0,-1.E0));
#793=DIRECTION('',(0.E0,1.E0,0.E0));
#794=AXIS2_PLACEMENT_3D('',#791,#792,#793);
#796=CARTESIAN_POINT('',(-1.497757346291E0,2.306344061850E0,-2.E-1));
#797=DIRECTION('',(0.E0,0.E0,-1.E0));
#798=DIRECTION('',(0.E0,1.E0,0.E0));
#799=AXIS2_PLACEMENT_3D('',#796,#797,#798);
#801=DIRECTION('',(0.E0,0.E0,1.E0));
#802=VECTOR('',#801,2.E-1);
#803=CARTESIAN_POINT('',(-1.497757346291E0,3.206344061850E0,-2.E-1));
#804=LINE('',#803,#802);
#805=CARTESIAN_POINT('',(-1.497757346291E0,2.306344061850E0,-2.E-1));
#806=DIRECTION('',(0.E0,0.E0,1.E0));
#807=DIRECTION('',(0.E0,1.E0,0.E0));
#808=AXIS2_PLACEMENT_3D('',#805,#806,#807);
#810=DIRECTION('',(0.E0,0.E0,1.E0));
#811=VECTOR('',#810,2.E-1);
#812=CARTESIAN_POINT('',(-1.497757346291E0,1.406344061850E0,-2.E-1));
#813=LINE('',#812,#811);
#814=DIRECTION('',(0.E0,7.071067811865E-1,7.071067811865E-1));
#815=VECTOR('',#814,5.656854249492E-1);
#816=CARTESIAN_POINT('',(-1.497757346291E0,2.806344061850E0,-6.E-1));
#817=LINE('',#816,#815);
#818=CARTESIAN_POINT('',(-1.497757346291E0,2.306344061850E0,-6.E-1));
#819=DIRECTION('',(0.E0,0.E0,1.E0));
#820=DIRECTION('',(0.E0,1.E0,0.E0));
#821=AXIS2_PLACEMENT_3D('',#818,#819,#820);
#823=DIRECTION('',(0.E0,-7.071067811865E-1,7.071067811865E-1));
#824=VECTOR('',#823,5.656854249492E-1);
#825=CARTESIAN_POINT('',(-1.497757346291E0,1.806344061850E0,-6.E-1));
#826=LINE('',#825,#824);
#827=CARTESIAN_POINT('',(-1.497757346291E0,2.306344061850E0,-6.E-1));
#828=DIRECTION('',(0.E0,0.E0,-1.E0));
#829=DIRECTION('',(0.E0,1.E0,0.E0));
#830=AXIS2_PLACEMENT_3D('',#827,#828,#829);
#832=CARTESIAN_POINT('',(-1.497757346291E0,2.306344061850E0,-6.E-1));
#833=DIRECTION('',(0.E0,0.E0,1.E0));
#834=DIRECTION('',(0.E0,1.E0,0.E0));
#835=AXIS2_PLACEMENT_3D('',#832,#833,#834);
#837=CARTESIAN_POINT('',(-1.497757346291E0,2.306344061850E0,-6.E-1));
#838=DIRECTION('',(0.E0,0.E0,-1.E0));
#839=DIRECTION('',(0.E0,1.E0,0.E0));
#840=AXIS2_PLACEMENT_3D('',#837,#838,#839);
#842=DIRECTION('',(0.E0,0.E0,1.E0));
#843=VECTOR('',#842,4.E-1);
#844=CARTESIAN_POINT('',(-1.497757346291E0,2.781344061850E0,-1.E0));
#845=LINE('',#844,#843);
#846=CARTESIAN_POINT('',(-1.497757346291E0,2.306344061850E0,-1.E0));
#847=DIRECTION('',(0.E0,0.E0,1.E0));
#848=DIRECTION('',(0.E0,1.E0,0.E0));
#849=AXIS2_PLACEMENT_3D('',#846,#847,#848);
#851=DIRECTION('',(0.E0,0.E0,1.E0));
#852=VECTOR('',#851,4.E-1);
#853=CARTESIAN_POINT('',(-1.497757346291E0,1.831344061850E0,-1.E0));
#854=LINE('',#853,#852);
#855=CARTESIAN_POINT('',(-1.497757346291E0,2.306344061850E0,-1.E0));
#856=DIRECTION('',(0.E0,0.E0,-1.E0));
#857=DIRECTION('',(0.E0,1.E0,0.E0));
#858=AXIS2_PLACEMENT_3D('',#855,#856,#857);
#860=CARTESIAN_POINT('',(0.E0,0.E0,-2.E-1));
#861=DIRECTION('',(0.E0,0.E0,-1.E0));
#862=DIRECTION('',(0.E0,1.E0,0.E0));
#863=AXIS2_PLACEMENT_3D('',#860,#861,#862);
#865=DIRECTION('',(0.E0,0.E0,1.E0));
#866=VECTOR('',#865,2.E-1);
#867=CARTESIAN_POINT('',(0.E0,9.E-1,-2.E-1));
#868=LINE('',#867,#866);
#869=CARTESIAN_POINT('',(0.E0,0.E0,-2.E-1));
#870=DIRECTION('',(0.E0,0.E0,1.E0));
#871=DIRECTION('',(0.E0,1.E0,0.E0));
#872=AXIS2_PLACEMENT_3D('',#869,#870,#871);
#874=DIRECTION('',(0.E0,0.E0,1.E0));
#875=VECTOR('',#874,2.E-1);
#876=CARTESIAN_POINT('',(0.E0,-9.E-1,-2.E-1));
#877=LINE('',#876,#875);
#878=DIRECTION('',(0.E0,7.071067811865E-1,7.071067811865E-1));
#879=VECTOR('',#878,5.656854249492E-1);
#880=CARTESIAN_POINT('',(0.E0,5.E-1,-6.E-1));
#881=LINE('',#880,#879);
#882=CARTESIAN_POINT('',(0.E0,0.E0,-6.E-1));
#883=DIRECTION('',(0.E0,0.E0,1.E0));
#884=DIRECTION('',(0.E0,1.E0,0.E0));
#885=AXIS2_PLACEMENT_3D('',#882,#883,#884);
#887=DIRECTION('',(0.E0,-7.071067811865E-1,7.071067811865E-1));
#888=VECTOR('',#887,5.656854249492E-1);
#889=CARTESIAN_POINT('',(0.E0,-5.E-1,-6.E-1));
#890=LINE('',#889,#888);
#891=CARTESIAN_POINT('',(0.E0,0.E0,-6.E-1));
#892=DIRECTION('',(0.E0,0.E0,-1.E0));
#893=DIRECTION('',(0.E0,1.E0,0.E0));
#894=AXIS2_PLACEMENT_3D('',#891,#892,#893);
#896=CARTESIAN_POINT('',(0.E0,0.E0,-6.E-1));
#897=DIRECTION('',(0.E0,0.E0,1.E0));
#898=DIRECTION('',(0.E0,1.E0,0.E0));
#899=AXIS2_PLACEMENT_3D('',#896,#897,#898);
#901=CARTESIAN_POINT('',(0.E0,0.E0,-6.E-1));
#902=DIRECTION('',(0.E0,0.E0,-1.E0));
#903=DIRECTION('',(0.E0,1.E0,0.E0));
#904=AXIS2_PLACEMENT_3D('',#901,#902,#903);
#906=DIRECTION('',(0.E0,0.E0,1.E0));
#907=VECTOR('',#906,4.E-1);
#908=CARTESIAN_POINT('',(0.E0,4.75E-1,-1.E0));
#909=LINE('',#908,#907);
#910=CARTESIAN_POINT('',(0.E0,0.E0,-1.E0));
#911=DIRECTION('',(0.E0,0.E0,1.E0));
#912=DIRECTION('',(0.E0,1.E0,0.E0));
#913=AXIS2_PLACEMENT_3D('',#910,#911,#912);
#915=DIRECTION('',(0.E0,0.E0,1.E0));
#916=VECTOR('',#915,4.E-1);
#917=CARTESIAN_POINT('',(0.E0,-4.75E-1,-1.E0));
#918=LINE('',#917,#916);
#919=CARTESIAN_POINT('',(0.E0,0.E0,-1.E0));
#920=DIRECTION('',(0.E0,0.E0,-1.E0));
#921=DIRECTION('',(0.E0,1.E0,0.E0));
#922=AXIS2_PLACEMENT_3D('',#919,#920,#921);
#924=DIRECTION('',(0.E0,-1.E0,0.E0));
#925=VECTOR('',#924,2.562448686128E-1);
#926=CARTESIAN_POINT('',(6.5E-1,3.806244868634E0,-2.E-1));
#927=LINE('',#926,#925);
#928=DIRECTION('',(0.E0,-2.672278353016E-12,-1.E0));
#929=VECTOR('',#928,7.8E0);
#930=CARTESIAN_POINT('',(6.5E-1,3.550000000021E0,-2.E-1));
#931=LINE('',#930,#929);
#932=DIRECTION('',(0.E0,0.E0,1.E0));
#933=VECTOR('',#932,7.8E0);
#934=CARTESIAN_POINT('',(6.5E-1,3.806244868634E0,-8.E0));
#935=LINE('',#934,#933);
#936=CARTESIAN_POINT('',(8.5E-1,3.806244868634E0,-8.E0));
#937=DIRECTION('',(0.E0,0.E0,-1.E0));
#938=DIRECTION('',(-1.E0,0.E0,0.E0));
#939=AXIS2_PLACEMENT_3D('',#936,#937,#938);
#941=CARTESIAN_POINT('',(8.5E-1,3.806244868634E0,-2.E-1));
#942=DIRECTION('',(0.E0,0.E0,1.E0));
#943=DIRECTION('',(2.179487179487E-1,9.759602227266E-1,0.E0));
#944=AXIS2_PLACEMENT_3D('',#941,#942,#943);
#946=CARTESIAN_POINT('',(8.5E-1,3.806244868634E0,-2.E-1));
#947=DIRECTION('',(-9.759602227266E-1,2.179487179487E-1,0.E0));
#948=DIRECTION('',(0.E0,0.E0,1.E0));
#949=AXIS2_PLACEMENT_3D('',#946,#947,#948);
#951=CARTESIAN_POINT('',(8.5E-1,3.806244868634E0,-2.E-1));
#952=DIRECTION('',(0.E0,1.E0,0.E0));
#953=DIRECTION('',(-1.E0,0.E0,0.E0));
#954=AXIS2_PLACEMENT_3D('',#951,#952,#953);
#956=CARTESIAN_POINT('',(0.E0,0.E0,-7.8E0));
#957=DIRECTION('',(0.E0,0.E0,1.E0));
#958=DIRECTION('',(1.E0,0.E0,0.E0));
#959=AXIS2_PLACEMENT_3D('',#956,#957,#958);
#961=CARTESIAN_POINT('',(0.E0,0.E0,-7.8E0));
#962=DIRECTION('',(0.E0,0.E0,1.E0));
#963=DIRECTION('',(0.E0,1.E0,0.E0));
#964=AXIS2_PLACEMENT_3D('',#961,#962,#963);
#966=DIRECTION('',(0.E0,0.E0,-1.E0));
#967=VECTOR('',#966,5.3E0);
#968=CARTESIAN_POINT('',(-5.45E0,0.E0,-2.5E0));
#969=LINE('',#968,#967);
#970=CARTESIAN_POINT('',(0.E0,0.E0,-2.5E0));
#971=DIRECTION('',(0.E0,0.E0,1.E0));
#972=DIRECTION('',(1.E0,0.E0,0.E0));
#973=AXIS2_PLACEMENT_3D('',#970,#971,#972);
#975=DIRECTION('',(0.E0,0.E0,-1.E0));
#976=VECTOR('',#975,5.3E0);
#977=CARTESIAN_POINT('',(5.45E0,0.E0,-2.5E0));
#978=LINE('',#977,#976);
#979=DIRECTION('',(0.E0,0.E0,1.E0));
#980=VECTOR('',#979,6.3E0);
#981=CARTESIAN_POINT('',(6.65E0,0.E0,-7.7E0));
#982=LINE('',#981,#980);
#983=DIRECTION('',(0.E0,0.E0,1.E0));
#984=VECTOR('',#983,6.3E0);
#985=CARTESIAN_POINT('',(-6.65E0,0.E0,-7.7E0));
#986=LINE('',#985,#984);
#987=CARTESIAN_POINT('',(0.E0,0.E0,-7.7E0));
#988=DIRECTION('',(0.E0,0.E0,1.E0));
#989=DIRECTION('',(1.E0,0.E0,0.E0));
#990=AXIS2_PLACEMENT_3D('',#987,#988,#989);
#992=CARTESIAN_POINT('',(0.E0,0.E0,-7.7E0));
#993=DIRECTION('',(0.E0,0.E0,-1.E0));
#994=DIRECTION('',(1.E0,0.E0,0.E0));
#995=AXIS2_PLACEMENT_3D('',#992,#993,#994);
#997=CARTESIAN_POINT('',(-6.75E0,-2.576972286620E0,-8.275184161390E0));
#998=CARTESIAN_POINT('',(-6.75E0,-2.427104084445E0,-8.221731378039E0));
#999=CARTESIAN_POINT('',(-6.75E0,-2.130367838095E0,-8.124066004085E0));
#1000=CARTESIAN_POINT('',(-6.75E0,-1.695927868800E0,-8.005604853359E0));
#1001=CARTESIAN_POINT('',(-6.75E0,-1.267356311164E0,-7.913682582322E0));
#1002=CARTESIAN_POINT('',(-6.75E0,-8.429452112070E-1,-7.848113021539E0));
#1003=CARTESIAN_POINT('',(-6.75E0,-4.209827391785E-1,-7.808750034942E0));
#1004=CARTESIAN_POINT('',(-6.75E0,-1.401806432871E-1,-7.8E0));
#1005=CARTESIAN_POINT('',(-6.75E0,1.091462958258E-14,-7.8E0));
#1007=CARTESIAN_POINT('',(6.75E0,0.E0,-7.8E0));
#1008=CARTESIAN_POINT('',(6.75E0,-1.322403923670E-1,-7.8E0));
#1009=CARTESIAN_POINT('',(6.75E0,-3.971106160314E-1,-7.807788627887E0));
#1010=CARTESIAN_POINT('',(6.75E0,-7.949469803069E-1,-7.842797937640E0));
#1011=CARTESIAN_POINT('',(6.75E0,-1.061799818553E0,-7.881733162216E0));
#1012=CARTESIAN_POINT('',(6.75E0,-1.195534032033E0,-7.905056646137E0));
#1014=CARTESIAN_POINT('',(-6.75E0,-2.576972286620E0,-8.275184161390E0));
#1015=CARTESIAN_POINT('',(-6.674696138949E0,-2.763135163627E0,
-8.271230699912E0));
#1016=CARTESIAN_POINT('',(-6.508643513742E0,-3.129026207334E0,
-8.263320765543E0));
#1017=CARTESIAN_POINT('',(-6.214237246841E0,-3.655753208351E0,
-8.251422301378E0));
#1018=CARTESIAN_POINT('',(-5.878553034942E0,-4.153541886946E0,
-8.239563859719E0));
#1019=CARTESIAN_POINT('',(-5.503742935527E0,-4.620392105017E0,
-8.227719609955E0));
#1020=CARTESIAN_POINT('',(-5.090348874040E0,-5.055459010213E0,
-8.215826985639E0));
#1021=CARTESIAN_POINT('',(-4.641131289086E0,-5.455141853749E0,
-8.203892160992E0));
#1022=CARTESIAN_POINT('',(-4.160640276829E0,-5.815122407769E0,
-8.191955220424E0));
#1023=CARTESIAN_POINT('',(-3.655518464528E0,-6.131355560122E0,
-8.180086738380E0));
#1024=CARTESIAN_POINT('',(-3.125418917522E0,-6.404580351325E0,
-8.168189934952E0));
#1025=CARTESIAN_POINT('',(-2.575536956221E0,-6.632036427494E0,
-8.156299346772E0));
#1026=CARTESIAN_POINT('',(-2.008858216583E0,-6.812679207570E0,
-8.144394696978E0));
#1027=CARTESIAN_POINT('',(-1.430098564157E0,-6.945037543714E0,
-8.132491567505E0));
#1028=CARTESIAN_POINT('',(-8.432734735553E-1,-7.028469146491E0,
-8.120588054517E0));
#1029=CARTESIAN_POINT('',(-2.496367176613E-1,-7.062573866196E0,
-8.108626530619E0));
#1030=CARTESIAN_POINT('',(3.454453780766E-1,-7.046517277626E0,
-8.096630994648E0));
#1031=CARTESIAN_POINT('',(9.347212050571E-1,-6.980619889348E0,
-8.084662372006E0));
#1032=CARTESIAN_POINT('',(1.512904554205E0,-6.866256400169E0,
-8.072745414391E0));
#1033=CARTESIAN_POINT('',(2.079329096309E0,-6.704015266655E0,
-8.060811992163E0));
#1034=CARTESIAN_POINT('',(2.631397724307E0,-6.494261090117E0,
-8.048830451839E0));
#1035=CARTESIAN_POINT('',(3.162735612650E0,-6.239269083897E0,
-8.036853118405E0));
#1036=CARTESIAN_POINT('',(3.668951427708E0,-5.941584324748E0,
-8.024897927848E0));
#1037=CARTESIAN_POINT('',(4.147087428221E0,-5.603443659601E0,
-8.012955602423E0));
#1038=CARTESIAN_POINT('',(4.595276103569E0,-5.226279900371E0,
-8.000989801209E0));
#1039=CARTESIAN_POINT('',(5.009981080243E0,-4.812883178366E0,
-7.989007733579E0));
#1040=CARTESIAN_POINT('',(5.387556611804E0,-4.367091032987E0,
-7.977032711836E0));
#1041=CARTESIAN_POINT('',(5.725880265120E0,-3.891720035021E0,
-7.965051984662E0));
#1042=CARTESIAN_POINT('',(6.022598160038E0,-3.390205151943E0,
-7.953066053204E0));
#1043=CARTESIAN_POINT('',(6.275535148149E0,-2.866544328237E0,
-7.941083368720E0));
#1044=CARTESIAN_POINT('',(6.483230460214E0,-2.324229063396E0,
-7.929096826514E0));
#1045=CARTESIAN_POINT('',(6.644559405063E0,-1.766074780553E0,
-7.917083693858E0));
#1046=CARTESIAN_POINT('',(6.720245079477E0,-1.386528327262E0,
-7.909067476064E0));
#1047=CARTESIAN_POINT('',(6.75E0,-1.195534032033E0,-7.905056646137E0));
#1049=DIRECTION('',(0.E0,1.E0,0.E0));
#1050=VECTOR('',#1049,6.822815078951E0);
#1051=CARTESIAN_POINT('',(-6.75E0,-3.330323131931E0,-1.09E1));
#1052=LINE('',#1051,#1050);
#1053=DIRECTION('',(0.E0,1.E0,0.E0));
#1054=VECTOR('',#1053,6.853494239461E0);
#1055=CARTESIAN_POINT('',(-6.75E0,-3.400685847174E0,-1.37E1));
#1056=LINE('',#1055,#1054);
#1057=CARTESIAN_POINT('',(0.E0,0.E0,-1.09E1));
#1058=DIRECTION('',(0.E0,0.E0,-1.E0));
#1059=DIRECTION('',(5.E-1,8.660254037844E-1,0.E0));
#1060=AXIS2_PLACEMENT_3D('',#1057,#1058,#1059);
#1062=CARTESIAN_POINT('',(0.E0,0.E0,-1.09E1));
#1063=DIRECTION('',(0.E0,0.E0,-1.E0));
#1064=DIRECTION('',(1.E0,0.E0,0.E0));
#1065=AXIS2_PLACEMENT_3D('',#1062,#1063,#1064);
#1067=CARTESIAN_POINT('',(0.E0,0.E0,-1.09E1));
#1068=DIRECTION('',(0.E0,0.E0,-1.E0));
#1069=DIRECTION('',(-5.E-1,-8.660254037844E-1,0.E0));
#1070=AXIS2_PLACEMENT_3D('',#1067,#1068,#1069);
#1072=CARTESIAN_POINT('',(0.E0,0.E0,-1.09E1));
#1073=DIRECTION('',(0.E0,0.E0,-1.E0));
#1074=DIRECTION('',(-1.E0,0.E0,0.E0));
#1075=AXIS2_PLACEMENT_3D('',#1072,#1073,#1074);
#1077=DIRECTION('',(0.E0,1.007862036539E-14,-1.E0));
#1078=VECTOR('',#1077,1.7625E-1);
#1079=CARTESIAN_POINT('',(-6.75E0,3.492491947020E0,-9.481524527688E0));
#1080=LINE('',#1079,#1078);
#1081=CARTESIAN_POINT('',(6.75E0,3.492491947020E0,-1.014847547231E1));
#1082=CARTESIAN_POINT('',(6.651564090642E0,3.682740743078E0,-1.014215051806E1));
#1083=CARTESIAN_POINT('',(6.438871144090E0,4.054400994751E0,-1.012951766969E1));
#1084=CARTESIAN_POINT('',(6.074769325083E0,4.581854745577E0,-1.011060969200E1));
#1085=CARTESIAN_POINT('',(5.669211406760E0,5.075031837569E0,-1.009177266581E1));
#1086=CARTESIAN_POINT('',(5.223188712530E0,5.533025974971E0,-1.007291257944E1));
#1087=CARTESIAN_POINT('',(4.740660914929E0,5.951656944769E0,-1.005406669790E1));
#1088=CARTESIAN_POINT('',(4.224224170779E0,6.328661137772E0,-1.003520331916E1));
#1089=CARTESIAN_POINT('',(3.678816819199E0,6.660485691642E0,-1.001636910373E1));
#1090=CARTESIAN_POINT('',(3.106679646936E0,6.945888176898E0,-9.997506780170E0));
#1091=CARTESIAN_POINT('',(2.509930521105E0,7.183169389443E0,-9.978561353085E0));
#1092=CARTESIAN_POINT('',(1.895151627201E0,7.369217861722E0,-9.959612387878E0));
#1093=CARTESIAN_POINT('',(1.269448074919E0,7.502281774898E0,-9.940740488157E0));
#1094=CARTESIAN_POINT('',(6.365880030578E-1,7.582249160734E0,
-9.921921713784E0));
#1095=CARTESIAN_POINT('',(-2.494925125769E-3,7.608997810876E0,
-9.903051408461E0));
#1096=CARTESIAN_POINT('',(-6.432323045066E-1,7.581756565526E0,
-9.884131788304E0));
#1097=CARTESIAN_POINT('',(-1.277745506636E0,7.500889154592E0,
-9.865261409529E0));
#1098=CARTESIAN_POINT('',(-1.902267846097E0,7.367309438943E0,
-9.846420359098E0));
#1099=CARTESIAN_POINT('',(-2.513588140534E0,7.181778655722E0,
-9.827573265933E0));
#1100=CARTESIAN_POINT('',(-3.107667964459E0,6.945408835431E0,
-9.808710824169E0));
#1101=CARTESIAN_POINT('',(-3.679936428945E0,6.659888459671E0,
-9.789843454711E0));
#1102=CARTESIAN_POINT('',(-4.225671030796E0,6.327710184612E0,
-9.770995623588E0));
#1103=CARTESIAN_POINT('',(-4.742468332262E0,5.950239579030E0,
-9.752115573880E0));
#1104=CARTESIAN_POINT('',(-5.225046100767E0,5.531253510823E0,
-9.733261696813E0));
#1105=CARTESIAN_POINT('',(-5.670371992022E0,5.073720455683E0,
-9.714425690211E0));
#1106=CARTESIAN_POINT('',(-6.076096630313E0,4.580127356291E0,
-9.695576060582E0));
#1107=CARTESIAN_POINT('',(-6.440070608721E0,4.052449700041E0,
-9.676664802510E0));
#1108=CARTESIAN_POINT('',(-6.651992707494E0,3.681912347826E0,
-9.664071941360E0));
#1109=CARTESIAN_POINT('',(-6.75E0,3.492491947020E0,-9.657774527688E0));
#1111=DIRECTION('',(-2.519655091348E-14,6.047172219235E-14,-1.E0));
#1112=VECTOR('',#1111,1.7625E-1);
#1113=CARTESIAN_POINT('',(6.75E0,3.492491947020E0,-9.972225472312E0));
#1114=LINE('',#1113,#1112);
#1115=CARTESIAN_POINT('',(-6.75E0,3.492491947020E0,-9.481524527688E0));
#1116=CARTESIAN_POINT('',(-6.655718161165E0,3.674712098644E0,
-9.487582564041E0));
#1117=CARTESIAN_POINT('',(-6.452389078917E0,4.031512498412E0,
-9.499698636748E0));
#1118=CARTESIAN_POINT('',(-6.105098259624E0,4.540285578455E0,
-9.517872745808E0));
#1119=CARTESIAN_POINT('',(-5.717786907990E0,5.019295841794E0,
-9.536046854868E0));
#1120=CARTESIAN_POINT('',(-5.292993932025E0,5.465403289446E0,
-9.554220963928E0));
#1121=CARTESIAN_POINT('',(-4.833503968816E0,5.875683556945E0,
-9.572395072989E0));
#1122=CARTESIAN_POINT('',(-4.342329096227E0,6.247447150549E0,
-9.590569182049E0));
#1123=CARTESIAN_POINT('',(-3.822689097099E0,6.578257059850E0,
-9.608743291109E0));
#1124=CARTESIAN_POINT('',(-3.277990350261E0,6.865944737779E0,
-9.626917400169E0));
#1125=CARTESIAN_POINT('',(-2.711803501463E0,7.108624314737E0,
-9.645091509229E0));
#1126=CARTESIAN_POINT('',(-2.127840056661E0,7.304704961317E0,
-9.663265618289E0));
#1127=CARTESIAN_POINT('',(-1.529928052156E0,7.452901316524E0,
-9.681439727350E0));
#1128=CARTESIAN_POINT('',(-9.219869607801E-1,7.552241913682E0,
-9.699613836410E0));
#1129=CARTESIAN_POINT('',(-3.080019987060E-1,7.602075548652E0,
-9.717787945470E0));
#1130=CARTESIAN_POINT('',(3.080019987060E-1,7.602075548652E0,
-9.735962054530E0));
#1131=CARTESIAN_POINT('',(9.219869607801E-1,7.552241913682E0,
-9.754136163590E0));
#1132=CARTESIAN_POINT('',(1.529928052156E0,7.452901316524E0,-9.772310272650E0));
#1133=CARTESIAN_POINT('',(2.127840056661E0,7.304704961317E0,-9.790484381711E0));
#1134=CARTESIAN_POINT('',(2.711803501463E0,7.108624314737E0,-9.808658490771E0));
#1135=CARTESIAN_POINT('',(3.277990350261E0,6.865944737779E0,-9.826832599831E0));
#1136=CARTESIAN_POINT('',(3.822689097099E0,6.578257059850E0,-9.845006708891E0));
#1137=CARTESIAN_POINT('',(4.342329096226E0,6.247447150549E0,-9.863180817951E0));
#1138=CARTESIAN_POINT('',(4.833503968816E0,5.875683556945E0,-9.881354927011E0));
#1139=CARTESIAN_POINT('',(5.292993932025E0,5.465403289446E0,-9.899529036072E0));
#1140=CARTESIAN_POINT('',(5.717786907990E0,5.019295841794E0,-9.917703145132E0));
#1141=CARTESIAN_POINT('',(6.105098259624E0,4.540285578455E0,-9.935877254192E0));
#1142=CARTESIAN_POINT('',(6.452389078917E0,4.031512498412E0,-9.954051363252E0));
#1143=CARTESIAN_POINT('',(6.655718161165E0,3.674712098644E0,-9.966167435959E0));
#1144=CARTESIAN_POINT('',(6.75E0,3.492491947020E0,-9.972225472312E0));
#1146=CARTESIAN_POINT('',(0.E0,0.E0,-1.09E1));
#1147=DIRECTION('',(0.E0,0.E0,-1.E0));
#1148=DIRECTION('',(-8.881578947368E-1,4.595384140816E-1,0.E0));
#1149=AXIS2_PLACEMENT_3D('',#1146,#1147,#1148);
#1151=CARTESIAN_POINT('',(-6.75E0,3.492491947020E0,-1.089152452769E1));
#1152=CARTESIAN_POINT('',(-6.728015893050E0,3.534981013327E0,
-1.089293710641E1));
#1153=CARTESIAN_POINT('',(-6.683245290572E0,3.619543984989E0,
-1.089576226384E1));
#1154=CARTESIAN_POINT('',(-6.636885875863E0,3.703246480116E0,
-1.089858742128E1));
#1155=CARTESIAN_POINT('',(-6.613313098320E0,3.744875146596E0,-1.09E1));
#1157=DIRECTION('',(0.E0,0.E0,-1.E0));
#1158=VECTOR('',#1157,8.475472312345E-3);
#1159=CARTESIAN_POINT('',(-6.75E0,3.492491947020E0,-1.089152452769E1));
#1160=LINE('',#1159,#1158);
#1161=CARTESIAN_POINT('',(-6.75E0,-1.345915988248E0,-8.510489739962E0));
#1162=CARTESIAN_POINT('',(-6.75E0,-1.317041256044E0,-8.514672901320E0));
#1163=CARTESIAN_POINT('',(-6.75E0,-1.259293720428E0,-8.522841700416E0));
#1164=CARTESIAN_POINT('',(-6.75E0,-1.172675069265E0,-8.534497729320E0));
#1165=CARTESIAN_POINT('',(-6.75E0,-1.114935459917E0,-8.541866535358E0));
#1166=CARTESIAN_POINT('',(-6.75E0,-1.086066705218E0,-8.545449785587E0));
#1168=DIRECTION('',(8.493064517390E-1,1.693474270089E-1,-5.E-1));
#1169=VECTOR('',#1168,5.318718674188E-2);
#1170=CARTESIAN_POINT('',(-6.75E0,-1.345915988248E0,-8.510489739962E0));
#1171=LINE('',#1170,#1169);
#1172=CARTESIAN_POINT('',(-6.75E0,1.086066705218E0,-8.617050214413E0));
#1173=CARTESIAN_POINT('',(-6.75E0,1.232789650698E0,-8.608348280183E0));
#1174=CARTESIAN_POINT('',(-6.75E0,1.527537330742E0,-8.585461336988E0));
#1175=CARTESIAN_POINT('',(-6.75E0,1.975160728316E0,-8.534461341118E0));
#1176=CARTESIAN_POINT('',(-6.75E0,2.423506490994E0,-8.467621708477E0));
#1177=CARTESIAN_POINT('',(-6.75E0,2.720369888248E0,-8.413527092899E0));
#1178=CARTESIAN_POINT('',(-6.75E0,2.868548063102E0,-8.384239428211E0));
#1180=CARTESIAN_POINT('',(6.75E0,3.492491947020E0,-8.738475472312E0));
#1181=CARTESIAN_POINT('',(6.75E0,3.393816385993E0,-8.767243310576E0));
#1182=CARTESIAN_POINT('',(6.75E0,3.196131360551E0,-8.823218847250E0));
#1183=CARTESIAN_POINT('',(6.75E0,2.898534219704E0,-8.902178990824E0));
#1184=CARTESIAN_POINT('',(6.75E0,2.599697599440E0,-8.975823741970E0));
#1185=CARTESIAN_POINT('',(6.75E0,2.299584774409E0,-9.043795134711E0));
#1186=CARTESIAN_POINT('',(6.75E0,1.998046231822E0,-9.105752548744E0));
#1187=CARTESIAN_POINT('',(6.75E0,1.695238290289E0,-9.161294628947E0));
#1188=CARTESIAN_POINT('',(6.75E0,1.391202838072E0,-9.210061660854E0));
#1189=CARTESIAN_POINT('',(6.75E0,1.187897865294E0,-9.237810288958E0));
#1190=CARTESIAN_POINT('',(6.75E0,1.086066705218E0,-9.250449785587E0));
#1192=CARTESIAN_POINT('',(-6.75E0,1.086066705218E0,-1.002705021441E1));
#1193=CARTESIAN_POINT('',(-6.75E0,1.249372620861E0,-1.001736476724E1));
#1194=CARTESIAN_POINT('',(-6.75E0,1.573914841658E0,-9.991387434913E0));
#1195=CARTESIAN_POINT('',(-6.75E0,2.052781786244E0,-9.934329231232E0));
#1196=CARTESIAN_POINT('',(-6.75E0,2.529273276322E0,-9.859986594782E0));
#1197=CARTESIAN_POINT('',(-6.75E0,3.007098476524E0,-9.768820714998E0));
#1198=CARTESIAN_POINT('',(-6.75E0,3.330125629232E0,-9.696594626766E0));
#1199=CARTESIAN_POINT('',(-6.75E0,3.492491947020E0,-9.657774527688E0));
#1201=CARTESIAN_POINT('',(6.75E0,3.492491947020E0,-1.014847547231E1));
#1202=CARTESIAN_POINT('',(6.75E0,3.371898897986E0,-1.018363312730E1));
#1203=CARTESIAN_POINT('',(6.75E0,3.144368657761E0,-1.024747008420E1));
#1204=CARTESIAN_POINT('',(6.75E0,2.848696418991E0,-1.032472878095E1));
#1205=CARTESIAN_POINT('',(6.75E0,2.586958465485E0,-1.038851513403E1));
#1206=CARTESIAN_POINT('',(6.75E0,2.351759558947E0,-1.044196225859E1));
#1207=CARTESIAN_POINT('',(6.75E0,2.134420077416E0,-1.048798234605E1));
#1208=CARTESIAN_POINT('',(6.75E0,1.926683309835E0,-1.052885687319E1));
#1209=CARTESIAN_POINT('',(6.75E0,1.718549261391E0,-1.056665465874E1));
#1210=CARTESIAN_POINT('',(6.75E0,1.508265268875E0,-1.060151236369E1));
#1211=CARTESIAN_POINT('',(6.75E0,1.296836365501E0,-1.063309432727E1));
#1212=CARTESIAN_POINT('',(6.75E0,1.156318433400E0,-1.065172999411E1));
#1213=CARTESIAN_POINT('',(6.75E0,1.086066705218E0,-1.066044978559E1));
#1215=CARTESIAN_POINT('',(-6.75E0,-3.492491947020E0,-9.443475472312E0));
#1216=CARTESIAN_POINT('',(-6.75E0,-3.423941308353E0,-9.463460701334E0));
#1217=CARTESIAN_POINT('',(-6.75E0,-3.286379003420E0,-9.502766990475E0));
#1218=CARTESIAN_POINT('',(-6.75E0,-3.078156033464E0,-9.559713675011E0));
#1219=CARTESIAN_POINT('',(-6.75E0,-2.869375981797E0,-9.614136249284E0));
#1220=CARTESIAN_POINT('',(-6.75E0,-2.661407761848E0,-9.665580043505E0));
#1221=CARTESIAN_POINT('',(-6.75E0,-2.453874648564E0,-9.714097789157E0));
#1222=CARTESIAN_POINT('',(-6.75E0,-2.237040521899E0,-9.761702012489E0));
#1223=CARTESIAN_POINT('',(-6.75E0,-2.002193786115E0,-9.809576788822E0));
#1224=CARTESIAN_POINT('',(-6.75E0,-1.739760260095E0,-9.858369205027E0));
#1225=CARTESIAN_POINT('',(-6.75E0,-1.441552512800E0,-9.907618734282E0));
#1226=CARTESIAN_POINT('',(-6.75E0,-1.209639256480E0,-9.940111701999E0));
#1227=CARTESIAN_POINT('',(-6.75E0,-1.086066705218E0,-9.955449785587E0));
#1229=CARTESIAN_POINT('',(6.75E0,-1.086066705218E0,-9.322050214413E0));
#1230=CARTESIAN_POINT('',(6.75E0,-1.186798913521E0,-9.316075926965E0));
#1231=CARTESIAN_POINT('',(6.75E0,-1.388077670564E0,-9.301586730320E0));
#1232=CARTESIAN_POINT('',(6.75E0,-1.689619092809E0,-9.272391996003E0));
#1233=CARTESIAN_POINT('',(6.75E0,-1.990287932801E0,-9.236009725875E0));
#1234=CARTESIAN_POINT('',(6.75E0,-2.289896533901E0,-9.192742514646E0));
#1235=CARTESIAN_POINT('',(6.75E0,-2.588288720918E0,-9.142935220941E0));
#1236=CARTESIAN_POINT('',(6.75E0,-2.887140227386E0,-9.086590868396E0));
#1237=CARTESIAN_POINT('',(6.75E0,-3.187655047728E0,-9.023686121487E0));
#1238=CARTESIAN_POINT('',(6.75E0,-3.390533107006E0,-8.977151826656E0));
#1239=CARTESIAN_POINT('',(6.75E0,-3.492491947020E0,-8.952774527688E0));
#1241=CARTESIAN_POINT('',(4.207162764705E0,-5.389046516728E0,-1.09E1));
#1242=CARTESIAN_POINT('',(4.060266060245E0,-5.517792581490E0,-1.09E1));
#1243=CARTESIAN_POINT('',(3.755995851165E0,-5.762284879307E0,-1.09E1));
#1244=CARTESIAN_POINT('',(3.265788581898E0,-6.091416503452E0,-1.09E1));
#1245=CARTESIAN_POINT('',(2.748132398355E0,-6.377894433383E0,-1.09E1));
#1246=CARTESIAN_POINT('',(2.206177405668E0,-6.619972554936E0,-1.09E1));
#1247=CARTESIAN_POINT('',(1.642791094448E0,-6.815839978848E0,-1.09E1));
#1248=CARTESIAN_POINT('',(1.063770412273E0,-6.963266157658E0,-1.09E1));
#1249=CARTESIAN_POINT('',(4.709850179006E-1,-7.061432113159E0,-1.09E1));
#1250=CARTESIAN_POINT('',(-1.291837443797E-1,-7.108894400916E0,-1.09E1));
#1251=CARTESIAN_POINT('',(-7.336063139011E-1,-7.105266752784E0,-1.09E1));
#1252=CARTESIAN_POINT('',(-1.337926509578E0,-7.050114021640E0,-1.09E1));
#1253=CARTESIAN_POINT('',(-1.936623303755E0,-6.943793640335E0,-1.09E1));
#1254=CARTESIAN_POINT('',(-2.527402721281E0,-6.786312276148E0,-1.09E1));
#1255=CARTESIAN_POINT('',(-3.103521378674E0,-6.579168384956E0,-1.09E1));
#1256=CARTESIAN_POINT('',(-3.662888328043E0,-6.322889255929E0,-1.09E1));
#1257=CARTESIAN_POINT('',(-4.200103337300E0,-6.019450833929E0,-1.09E1));
#1258=CARTESIAN_POINT('',(-4.711255966748E0,-5.670955046060E0,-1.09E1));
#1259=CARTESIAN_POINT('',(-5.193637434953E0,-5.278702971975E0,-1.09E1));
#1260=CARTESIAN_POINT('',(-5.641867776018E0,-4.846801464340E0,-1.09E1));
#1261=CARTESIAN_POINT('',(-6.054468745688E0,-4.376313374273E0,-1.09E1));
#1262=CARTESIAN_POINT('',(-6.426925627479E0,-3.871715005247E0,-1.09E1));
#1263=CARTESIAN_POINT('',(-6.647034257731E0,-3.514430387277E0,-1.09E1));
#1264=CARTESIAN_POINT('',(-6.75E0,-3.330323131931E0,-1.09E1));
#1266=CARTESIAN_POINT('',(-6.75E0,-3.492491947020E0,-1.085347547231E1));
#1267=CARTESIAN_POINT('',(-6.75E0,-3.465608515691E0,-1.086131305840E1));
#1268=CARTESIAN_POINT('',(-6.75E0,-3.411697664235E0,-1.087690716731E1));
#1269=CARTESIAN_POINT('',(-6.75E0,-3.357496678720E0,-1.089233187284E1));
#1270=CARTESIAN_POINT('',(-6.75E0,-3.330323131931E0,-1.09E1));
#1272=CARTESIAN_POINT('',(6.75E0,-1.086066705218E0,-1.073205021441E1));
#1273=CARTESIAN_POINT('',(6.75E0,-1.187469658824E0,-1.072603614599E1));
#1274=CARTESIAN_POINT('',(6.75E0,-1.390080508581E0,-1.071143374923E1));
#1275=CARTESIAN_POINT('',(6.75E0,-1.693579998794E0,-1.068197536480E1));
#1276=CARTESIAN_POINT('',(6.75E0,-1.996203861153E0,-1.064523781734E1));
#1277=CARTESIAN_POINT('',(6.75E0,-2.297804716126E0,-1.060152389058E1));
#1278=CARTESIAN_POINT('',(6.75E0,-2.598113650970E0,-1.055119382841E1));
#1279=CARTESIAN_POINT('',(6.75E0,-2.897299452822E0,-1.049455927995E1));
#1280=CARTESIAN_POINT('',(6.75E0,-3.195403680728E0,-1.043195242881E1));
#1281=CARTESIAN_POINT('',(6.75E0,-3.393556269354E0,-1.038642901996E1));
#1282=CARTESIAN_POINT('',(6.75E0,-3.492491947020E0,-1.036277452769E1));
#1284=CARTESIAN_POINT('',(-6.75E0,-2.576972286620E0,-8.275184161390E0));
#1285=CARTESIAN_POINT('',(-6.75E0,-2.439337202321E0,-8.307519776717E0));
#1286=CARTESIAN_POINT('',(-6.75E0,-2.164674265675E0,-8.368248294686E0));
#1287=CARTESIAN_POINT('',(-6.75E0,-1.754145922143E0,-8.446978970893E0));
#1288=CARTESIAN_POINT('',(-6.75E0,-1.481798920118E0,-8.490804008310E0));
#1289=CARTESIAN_POINT('',(-6.75E0,-1.345915988248E0,-8.510489739962E0));
#1291=CARTESIAN_POINT('',(6.75E0,-1.086066705218E0,-7.912050214413E0));
#1292=CARTESIAN_POINT('',(6.75E0,-1.104316482005E0,-7.910967845484E0));
#1293=CARTESIAN_POINT('',(6.75E0,-1.140810800903E0,-7.908719664884E0));
#1294=CARTESIAN_POINT('',(6.75E0,-1.177294685798E0,-7.906305246333E0));
#1295=CARTESIAN_POINT('',(6.75E0,-1.195534032033E0,-7.905056646137E0));
#1297=DIRECTION('',(0.E0,-1.E0,0.E0));
#1298=VECTOR('',#1297,2.172133410435E0);
#1299=CARTESIAN_POINT('',(6.75E0,1.086066705218E0,-1.09E1));
#1300=LINE('',#1299,#1298);
#1301=DIRECTION('',(0.E0,-1.E0,0.E0));
#1302=VECTOR('',#1301,2.172133410435E0);
#1303=CARTESIAN_POINT('',(6.75E0,1.086066705218E0,-1.37E1));
#1304=LINE('',#1303,#1302);
#1305=DIRECTION('',(0.E0,2.330680959497E-14,1.E0));
#1306=VECTOR('',#1305,3.525E-1);
#1307=CARTESIAN_POINT('',(-6.75E0,1.086066705218E0,-8.969550214413E0));
#1308=LINE('',#1307,#1306);
#1309=DIRECTION('',(0.E0,-2.897603355050E-14,-1.E0));
#1310=VECTOR('',#1309,3.525E-1);
#1311=CARTESIAN_POINT('',(6.75E0,1.086066705218E0,-9.250449785587E0));
#1312=LINE('',#1311,#1310);
#1313=CARTESIAN_POINT('',(-6.75E0,1.086066705218E0,-8.617050214413E0));
#1314=CARTESIAN_POINT('',(-6.719035802694E0,1.278511912141E0,
-8.623448189879E0));
#1315=CARTESIAN_POINT('',(-6.640637332891E0,1.660752107612E0,
-8.636244140812E0));
#1316=CARTESIAN_POINT('',(-6.474489053219E0,2.221970588907E0,
-8.655438067211E0));
#1317=CARTESIAN_POINT('',(-6.261004962406E0,2.766943916205E0,
-8.674631993610E0));
#1318=CARTESIAN_POINT('',(-6.001745861253E0,3.291687773881E0,
-8.693825920010E0));
#1319=CARTESIAN_POINT('',(-5.698607228560E0,3.792365677941E0,
-8.713019846409E0));
#1320=CARTESIAN_POINT('',(-5.353805349036E0,4.265317112043E0,
-8.732213772808E0));
#1321=CARTESIAN_POINT('',(-4.969861113516E0,4.707084266687E0,
-8.751407699207E0));
#1322=CARTESIAN_POINT('',(-4.549581587393E0,5.114437325951E0,
-8.770601625607E0));
#1323=CARTESIAN_POINT('',(-4.096039488079E0,5.484398079416E0,
-8.789795552006E0));
#1324=CARTESIAN_POINT('',(-3.612550719896E0,5.814261696689E0,
-8.808989478405E0));
#1325=CARTESIAN_POINT('',(-3.102650131104E0,6.101616502647E0,
-8.828183404804E0));
#1326=CARTESIAN_POINT('',(-2.570065670157E0,6.344361609531E0,
-8.847377331203E0));
#1327=CARTESIAN_POINT('',(-2.018691130205E0,6.540722276801E0,
-8.866571257603E0));
#1328=CARTESIAN_POINT('',(-1.452557681068E0,6.689262886491E0,
-8.885765184002E0));
#1329=CARTESIAN_POINT('',(-8.758043968417E-1,6.788897439193E0,
-8.904959110401E0));
#1330=CARTESIAN_POINT('',(-2.926479945934E-1,6.838897493944E0,
-8.924153036800E0));
#1331=CARTESIAN_POINT('',(2.926479945934E-1,6.838897493944E0,
-8.943346963200E0));
#1332=CARTESIAN_POINT('',(8.758043968416E-1,6.788897439193E0,
-8.962540889599E0));
#1333=CARTESIAN_POINT('',(1.452557681068E0,6.689262886491E0,-8.981734815998E0));
#1334=CARTESIAN_POINT('',(2.018691130205E0,6.540722276801E0,-9.000928742397E0));
#1335=CARTESIAN_POINT('',(2.570065670157E0,6.344361609531E0,-9.020122668797E0));
#1336=CARTESIAN_POINT('',(3.102650131104E0,6.101616502647E0,-9.039316595196E0));
#1337=CARTESIAN_POINT('',(3.612550719896E0,5.814261696689E0,-9.058510521595E0));
#1338=CARTESIAN_POINT('',(4.096039488079E0,5.484398079416E0,-9.077704447994E0));
#1339=CARTESIAN_POINT('',(4.549581587393E0,5.114437325951E0,-9.096898374393E0));
#1340=CARTESIAN_POINT('',(4.969861113516E0,4.707084266687E0,-9.116092300793E0));
#1341=CARTESIAN_POINT('',(5.353805349036E0,4.265317112043E0,-9.135286227192E0));
#1342=CARTESIAN_POINT('',(5.698607228560E0,3.792365677941E0,-9.154480153591E0));
#1343=CARTESIAN_POINT('',(6.001745861253E0,3.291687773881E0,-9.173674079990E0));
#1344=CARTESIAN_POINT('',(6.261004962406E0,2.766943916205E0,-9.192868006390E0));
#1345=CARTESIAN_POINT('',(6.474489053219E0,2.221970588907E0,-9.212061932789E0));
#1346=CARTESIAN_POINT('',(6.640637332891E0,1.660752107612E0,-9.231255859188E0));
#1347=CARTESIAN_POINT('',(6.719035802694E0,1.278511912141E0,-9.244051810121E0));
#1348=CARTESIAN_POINT('',(6.75E0,1.086066705218E0,-9.250449785587E0));
#1350=DIRECTION('',(-2.015724073078E-14,1.234630994760E-13,-1.E0));
#1351=VECTOR('',#1350,3.525E-1);
#1352=CARTESIAN_POINT('',(-6.75E0,-1.086066705218E0,-8.545449785587E0));
#1353=LINE('',#1352,#1351);
#1354=CARTESIAN_POINT('',(-6.704827779150E0,-1.336908875024E0,
-8.537083333333E0));
#1355=CARTESIAN_POINT('',(-6.713134940553E0,-1.295247032860E0,
-8.538477742042E0));
#1356=CARTESIAN_POINT('',(-6.728972617283E0,-1.211768489304E0,
-8.541266559460E0));
#1357=CARTESIAN_POINT('',(-6.743251498600E0,-1.128009234373E0,
-8.544055376878E0));
#1358=CARTESIAN_POINT('',(-6.75E0,-1.086066705218E0,-8.545449785587E0));
#1360=DIRECTION('',(0.E0,0.E0,-1.E0));
#1361=VECTOR('',#1360,3.525E-1);
#1362=CARTESIAN_POINT('',(-6.704827779150E0,-1.336908875024E0,
-8.537083333333E0));
#1363=LINE('',#1362,#1361);
#1364=DIRECTION('',(0.E0,3.464525750603E-14,-1.E0));
#1365=VECTOR('',#1364,3.525E-1);
#1366=CARTESIAN_POINT('',(-6.75E0,-1.086066705218E0,-9.955449785587E0));
#1367=LINE('',#1366,#1365);
#1368=CARTESIAN_POINT('',(6.75E0,-1.086066705218E0,-9.322050214413E0));
#1369=CARTESIAN_POINT('',(6.719035802694E0,-1.278511912141E0,
-9.328448189879E0));
#1370=CARTESIAN_POINT('',(6.640637332891E0,-1.660752107612E0,
-9.341244140812E0));
#1371=CARTESIAN_POINT('',(6.474489053219E0,-2.221970588907E0,
-9.360438067211E0));
#1372=CARTESIAN_POINT('',(6.261004962406E0,-2.766943916205E0,
-9.379631993610E0));
#1373=CARTESIAN_POINT('',(6.001745861253E0,-3.291687773881E0,
-9.398825920010E0));
#1374=CARTESIAN_POINT('',(5.698607228560E0,-3.792365677941E0,
-9.418019846409E0));
#1375=CARTESIAN_POINT('',(5.353805349036E0,-4.265317112043E0,
-9.437213772808E0));
#1376=CARTESIAN_POINT('',(4.969861113516E0,-4.707084266687E0,
-9.456407699207E0));
#1377=CARTESIAN_POINT('',(4.549581587393E0,-5.114437325951E0,
-9.475601625607E0));
#1378=CARTESIAN_POINT('',(4.096039488079E0,-5.484398079416E0,
-9.494795552006E0));
#1379=CARTESIAN_POINT('',(3.612550719896E0,-5.814261696689E0,
-9.513989478405E0));
#1380=CARTESIAN_POINT('',(3.102650131104E0,-6.101616502647E0,
-9.533183404804E0));
#1381=CARTESIAN_POINT('',(2.570065670157E0,-6.344361609531E0,
-9.552377331203E0));
#1382=CARTESIAN_POINT('',(2.018691130205E0,-6.540722276801E0,
-9.571571257603E0));
#1383=CARTESIAN_POINT('',(1.452557681068E0,-6.689262886491E0,
-9.590765184002E0));
#1384=CARTESIAN_POINT('',(8.758043968417E-1,-6.788897439193E0,
-9.609959110401E0));
#1385=CARTESIAN_POINT('',(2.926479945933E-1,-6.838897493944E0,
-9.629153036800E0));
#1386=CARTESIAN_POINT('',(-2.926479945934E-1,-6.838897493944E0,
-9.648346963200E0));
#1387=CARTESIAN_POINT('',(-8.758043968417E-1,-6.788897439193E0,
-9.667540889599E0));
#1388=CARTESIAN_POINT('',(-1.452557681068E0,-6.689262886491E0,
-9.686734815998E0));
#1389=CARTESIAN_POINT('',(-2.018691130205E0,-6.540722276801E0,
-9.705928742397E0));
#1390=CARTESIAN_POINT('',(-2.570065670157E0,-6.344361609531E0,
-9.725122668797E0));
#1391=CARTESIAN_POINT('',(-3.102650131104E0,-6.101616502647E0,
-9.744316595196E0));
#1392=CARTESIAN_POINT('',(-3.612550719896E0,-5.814261696689E0,
-9.763510521595E0));
#1393=CARTESIAN_POINT('',(-4.096039488079E0,-5.484398079416E0,
-9.782704447994E0));
#1394=CARTESIAN_POINT('',(-4.549581587393E0,-5.114437325951E0,
-9.801898374393E0));
#1395=CARTESIAN_POINT('',(-4.969861113516E0,-4.707084266687E0,
-9.821092300793E0));
#1396=CARTESIAN_POINT('',(-5.353805349036E0,-4.265317112043E0,
-9.840286227192E0));
#1397=CARTESIAN_POINT('',(-5.698607228560E0,-3.792365677941E0,
-9.859480153591E0));
#1398=CARTESIAN_POINT('',(-6.001745861253E0,-3.291687773881E0,
-9.878674079990E0));
#1399=CARTESIAN_POINT('',(-6.261004962406E0,-2.766943916205E0,
-9.897868006390E0));
#1400=CARTESIAN_POINT('',(-6.474489053219E0,-2.221970588907E0,
-9.917061932789E0));
#1401=CARTESIAN_POINT('',(-6.640637332891E0,-1.660752107612E0,
-9.936255859188E0));
#1402=CARTESIAN_POINT('',(-6.719035802694E0,-1.278511912141E0,
-9.949051810121E0));
#1403=CARTESIAN_POINT('',(-6.75E0,-1.086066705218E0,-9.955449785587E0));
#1405=DIRECTION('',(0.E0,-7.369991142193E-14,1.E0));
#1406=VECTOR('',#1405,3.525E-1);
#1407=CARTESIAN_POINT('',(6.75E0,-1.086066705218E0,-9.674550214413E0));
#1408=LINE('',#1407,#1406);
#1409=CARTESIAN_POINT('',(5.389046516728E0,4.207162764705E0,-1.09E1));
#1410=CARTESIAN_POINT('',(5.507193455523E0,4.055825774771E0,-1.09E1));
#1411=CARTESIAN_POINT('',(5.729728015793E0,3.744631399148E0,-1.09E1));
#1412=CARTESIAN_POINT('',(6.023922732634E0,3.250260150588E0,-1.09E1));
#1413=CARTESIAN_POINT('',(6.274568394203E0,2.735200309254E0,-1.09E1));
#1414=CARTESIAN_POINT('',(6.481820670346E0,2.199526733574E0,-1.09E1));
#1415=CARTESIAN_POINT('',(6.643097564224E0,1.649387365102E0,-1.09E1));
#1416=CARTESIAN_POINT('',(6.719567351198E0,1.275208291484E0,-1.09E1));
#1417=CARTESIAN_POINT('',(6.75E0,1.086066705218E0,-1.09E1));
#1419=DIRECTION('',(0.E0,-3.151538221728E-14,-1.E0));
#1420=VECTOR('',#1419,2.395502144128E-1);
#1421=CARTESIAN_POINT('',(6.75E0,1.086066705218E0,-1.066044978559E1));
#1422=LINE('',#1421,#1420);
#1423=CARTESIAN_POINT('',(-6.75E0,1.086066705218E0,-1.002705021441E1));
#1424=CARTESIAN_POINT('',(-6.719035802694E0,1.278511912141E0,
-1.003344818988E1));
#1425=CARTESIAN_POINT('',(-6.640637332891E0,1.660752107612E0,
-1.004624414081E1));
#1426=CARTESIAN_POINT('',(-6.474489053219E0,2.221970588907E0,
-1.006543806721E1));
#1427=CARTESIAN_POINT('',(-6.261004962406E0,2.766943916205E0,
-1.008463199361E1));
#1428=CARTESIAN_POINT('',(-6.001745861253E0,3.291687773881E0,
-1.010382592001E1));
#1429=CARTESIAN_POINT('',(-5.698607228560E0,3.792365677941E0,
-1.012301984641E1));
#1430=CARTESIAN_POINT('',(-5.353805349036E0,4.265317112043E0,
-1.014221377281E1));
#1431=CARTESIAN_POINT('',(-4.969861113516E0,4.707084266687E0,
-1.016140769921E1));
#1432=CARTESIAN_POINT('',(-4.549581587393E0,5.114437325951E0,
-1.018060162561E1));
#1433=CARTESIAN_POINT('',(-4.096039488078E0,5.484398079416E0,
-1.019979555201E1));
#1434=CARTESIAN_POINT('',(-3.612550719896E0,5.814261696689E0,
-1.021898947841E1));
#1435=CARTESIAN_POINT('',(-3.102650131104E0,6.101616502647E0,
-1.023818340480E1));
#1436=CARTESIAN_POINT('',(-2.570065670157E0,6.344361609531E0,
-1.025737733120E1));
#1437=CARTESIAN_POINT('',(-2.018691130205E0,6.540722276801E0,
-1.027657125760E1));
#1438=CARTESIAN_POINT('',(-1.452557681068E0,6.689262886491E0,
-1.029576518400E1));
#1439=CARTESIAN_POINT('',(-8.758043968416E-1,6.788897439193E0,
-1.031495911040E1));
#1440=CARTESIAN_POINT('',(-2.926479945934E-1,6.838897493944E0,
-1.033415303680E1));
#1441=CARTESIAN_POINT('',(2.926479945934E-1,6.838897493944E0,
-1.035334696320E1));
#1442=CARTESIAN_POINT('',(8.758043968417E-1,6.788897439193E0,
-1.037254088960E1));
#1443=CARTESIAN_POINT('',(1.452557681068E0,6.689262886491E0,-1.039173481600E1));
#1444=CARTESIAN_POINT('',(2.018691130205E0,6.540722276801E0,-1.041092874240E1));
#1445=CARTESIAN_POINT('',(2.570065670157E0,6.344361609531E0,-1.043012266880E1));
#1446=CARTESIAN_POINT('',(3.102650131104E0,6.101616502647E0,-1.044931659520E1));
#1447=CARTESIAN_POINT('',(3.612550719896E0,5.814261696689E0,-1.046851052159E1));
#1448=CARTESIAN_POINT('',(4.096039488079E0,5.484398079416E0,-1.048770444799E1));
#1449=CARTESIAN_POINT('',(4.549581587393E0,5.114437325951E0,-1.050689837439E1));
#1450=CARTESIAN_POINT('',(4.969861113516E0,4.707084266687E0,-1.052609230079E1));
#1451=CARTESIAN_POINT('',(5.353805349036E0,4.265317112043E0,-1.054528622719E1));
#1452=CARTESIAN_POINT('',(5.698607228560E0,3.792365677941E0,-1.056448015359E1));
#1453=CARTESIAN_POINT('',(6.001745861253E0,3.291687773881E0,-1.058367407999E1));
#1454=CARTESIAN_POINT('',(6.261004962406E0,2.766943916205E0,-1.060286800639E1));
#1455=CARTESIAN_POINT('',(6.474489053219E0,2.221970588907E0,-1.062206193279E1));
#1456=CARTESIAN_POINT('',(6.640637332891E0,1.660752107612E0,-1.064125585919E1));
#1457=CARTESIAN_POINT('',(6.719035802694E0,1.278511912141E0,-1.065405181012E1));
#1458=CARTESIAN_POINT('',(6.75E0,1.086066705218E0,-1.066044978559E1));
#1460=DIRECTION('',(0.E0,0.E0,1.E0));
#1461=VECTOR('',#1460,3.525E-1);
#1462=CARTESIAN_POINT('',(-6.75E0,1.086066705218E0,-1.037955021441E1));
#1463=LINE('',#1462,#1461);
#1464=CARTESIAN_POINT('',(6.75E0,-1.086066705218E0,-1.09E1));
#1465=CARTESIAN_POINT('',(6.719848516813E0,-1.273460822477E0,-1.09E1));
#1466=CARTESIAN_POINT('',(6.644242014355E0,-1.644344938707E0,-1.09E1));
#1467=CARTESIAN_POINT('',(6.484438934773E0,-2.191377395048E0,-1.09E1));
#1468=CARTESIAN_POINT('',(6.280187467241E0,-2.721940173661E0,-1.09E1));
#1469=CARTESIAN_POINT('',(6.032330675874E0,-3.234371630678E0,-1.09E1));
#1470=CARTESIAN_POINT('',(5.742583681120E0,-3.724576556341E0,-1.09E1));
#1471=CARTESIAN_POINT('',(5.413847844300E0,-4.188099192601E0,-1.09E1));
#1472=CARTESIAN_POINT('',(5.046687597256E0,-4.623969626469E0,-1.09E1));
#1473=CARTESIAN_POINT('',(4.645454892678E0,-5.026845859723E0,-1.09E1));
#1474=CARTESIAN_POINT('',(4.356890845883E0,-5.272155633340E0,-1.09E1));
#1475=CARTESIAN_POINT('',(4.207162764705E0,-5.389046516728E0,-1.09E1));
#1477=CARTESIAN_POINT('',(6.75E0,-1.086066705218E0,-1.073205021441E1));
#1478=CARTESIAN_POINT('',(6.719895394163E0,-1.273169475634E0,
-1.073827057684E1));
#1479=CARTESIAN_POINT('',(6.644118377090E0,-1.644869998920E0,
-1.075071130170E1));
#1480=CARTESIAN_POINT('',(6.484534880020E0,-2.191053114976E0,
-1.076937238899E1));
#1481=CARTESIAN_POINT('',(6.280136332055E0,-2.722093678411E0,
-1.078803347628E1));
#1482=CARTESIAN_POINT('',(6.032335337557E0,-3.234321679319E0,
-1.080669456356E1));
#1483=CARTESIAN_POINT('',(5.742844468622E0,-3.724197062356E0,
-1.082535565085E1));
#1484=CARTESIAN_POINT('',(5.413664412889E0,-4.188334271266E0,
-1.084401673814E1));
#1485=CARTESIAN_POINT('',(5.047070166073E0,-4.623525613811E0,
-1.086267782543E1));
#1486=CARTESIAN_POINT('',(4.645595248115E0,-5.026763482881E0,
-1.088133891271E1));
#1487=CARTESIAN_POINT('',(4.356541362213E0,-5.272428470970E0,
-1.089377963757E1));
#1488=CARTESIAN_POINT('',(4.207162764705E0,-5.389046516728E0,-1.09E1));
#1490=DIRECTION('',(-1.057671394572E-14,-3.966267729644E-14,1.E0));
#1491=VECTOR('',#1490,1.679497855872E-1);
#1492=CARTESIAN_POINT('',(6.75E0,-1.086066705218E0,-1.09E1));
#1493=LINE('',#1492,#1491);
#1494=CARTESIAN_POINT('',(-6.75E0,-1.086066705218E0,-8.897949785587E0));
#1495=CARTESIAN_POINT('',(-6.75E0,-1.114935643257E0,-8.899661962229E0));
#1496=CARTESIAN_POINT('',(-6.75E0,-1.172675626384E0,-8.903296019571E0));
#1497=CARTESIAN_POINT('',(-6.75E0,-1.259294596044E0,-8.909373519107E0));
#1498=CARTESIAN_POINT('',(-6.75E0,-1.317041692441E0,-8.913840307904E0));
#1499=CARTESIAN_POINT('',(-6.75E0,-1.345915988248E0,-8.916176926704E0));
#1501=CARTESIAN_POINT('',(-6.704827779150E0,-1.336908875024E0,
-8.889583333333E0));
#1502=CARTESIAN_POINT('',(-6.713134940553E0,-1.295247032860E0,
-8.890977742042E0));
#1503=CARTESIAN_POINT('',(-6.728972617283E0,-1.211768489304E0,
-8.893766559460E0));
#1504=CARTESIAN_POINT('',(-6.743251498600E0,-1.128009234373E0,
-8.896555376878E0));
#1505=CARTESIAN_POINT('',(-6.75E0,-1.086066705218E0,-8.897949785587E0));
#1507=DIRECTION('',(-8.493064517386E-1,-1.693474270108E-1,-5.E-1));
#1508=VECTOR('',#1507,5.318718674191E-2);
#1509=CARTESIAN_POINT('',(-6.704827779150E0,-1.336908875024E0,
-8.889583333333E0));
#1510=LINE('',#1509,#1508);
#1511=CARTESIAN_POINT('',(-6.75E0,-1.086066705218E0,-1.030794978559E1));
#1512=CARTESIAN_POINT('',(-6.75E0,-1.209239205317E0,-1.031525497559E1));
#1513=CARTESIAN_POINT('',(-6.75E0,-1.440605932366E0,-1.033280241159E1));
#1514=CARTESIAN_POINT('',(-6.75E0,-1.738496003561E0,-1.036321622687E1));
#1515=CARTESIAN_POINT('',(-6.75E0,-2.000885789729E0,-1.039577936336E1));
#1516=CARTESIAN_POINT('',(-6.75E0,-2.235836985894E0,-1.042943896608E1));
#1517=CARTESIAN_POINT('',(-6.75E0,-2.452825785553E0,-1.046418899247E1));
#1518=CARTESIAN_POINT('',(-6.75E0,-2.660511006912E0,-1.050065245430E1));
#1519=CARTESIAN_POINT('',(-6.75E0,-2.868591297920E0,-1.054026267110E1));
#1520=CARTESIAN_POINT('',(-6.75E0,-3.077558892571E0,-1.058308694935E1));
#1521=CARTESIAN_POINT('',(-6.75E0,-3.286022908963E0,-1.062875215548E1));
#1522=CARTESIAN_POINT('',(-6.75E0,-3.423814052595E0,-1.066080530154E1));
#1523=CARTESIAN_POINT('',(-6.75E0,-3.492491947020E0,-1.067722547231E1));
#1525=CARTESIAN_POINT('',(6.75E0,-1.086066705218E0,-9.674550214413E0));
#1526=CARTESIAN_POINT('',(6.719035802694E0,-1.278511912141E0,
-9.680948189879E0));
#1527=CARTESIAN_POINT('',(6.640637332891E0,-1.660752107612E0,
-9.693744140812E0));
#1528=CARTESIAN_POINT('',(6.474489053219E0,-2.221970588907E0,
-9.712938067211E0));
#1529=CARTESIAN_POINT('',(6.261004962406E0,-2.766943916205E0,
-9.732131993610E0));
#1530=CARTESIAN_POINT('',(6.001745861253E0,-3.291687773881E0,
-9.751325920010E0));
#1531=CARTESIAN_POINT('',(5.698607228560E0,-3.792365677941E0,
-9.770519846409E0));
#1532=CARTESIAN_POINT('',(5.353805349036E0,-4.265317112043E0,
-9.789713772808E0));
#1533=CARTESIAN_POINT('',(4.969861113516E0,-4.707084266687E0,
-9.808907699207E0));
#1534=CARTESIAN_POINT('',(4.549581587393E0,-5.114437325951E0,
-9.828101625607E0));
#1535=CARTESIAN_POINT('',(4.096039488079E0,-5.484398079416E0,
-9.847295552006E0));
#1536=CARTESIAN_POINT('',(3.612550719896E0,-5.814261696689E0,
-9.866489478405E0));
#1537=CARTESIAN_POINT('',(3.102650131104E0,-6.101616502647E0,
-9.885683404804E0));
#1538=CARTESIAN_POINT('',(2.570065670157E0,-6.344361609531E0,
-9.904877331204E0));
#1539=CARTESIAN_POINT('',(2.018691130205E0,-6.540722276801E0,
-9.924071257603E0));
#1540=CARTESIAN_POINT('',(1.452557681068E0,-6.689262886491E0,
-9.943265184002E0));
#1541=CARTESIAN_POINT('',(8.758043968417E-1,-6.788897439193E0,
-9.962459110401E0));
#1542=CARTESIAN_POINT('',(2.926479945934E-1,-6.838897493944E0,
-9.981653036800E0));
#1543=CARTESIAN_POINT('',(-2.926479945934E-1,-6.838897493944E0,
-1.000084696320E1));
#1544=CARTESIAN_POINT('',(-8.758043968417E-1,-6.788897439193E0,
-1.002004088960E1));
#1545=CARTESIAN_POINT('',(-1.452557681068E0,-6.689262886491E0,
-1.003923481600E1));
#1546=CARTESIAN_POINT('',(-2.018691130205E0,-6.540722276801E0,
-1.005842874240E1));
#1547=CARTESIAN_POINT('',(-2.570065670157E0,-6.344361609531E0,
-1.007762266880E1));
#1548=CARTESIAN_POINT('',(-3.102650131104E0,-6.101616502647E0,
-1.009681659520E1));
#1549=CARTESIAN_POINT('',(-3.612550719896E0,-5.814261696689E0,
-1.011601052159E1));
#1550=CARTESIAN_POINT('',(-4.096039488079E0,-5.484398079416E0,
-1.013520444799E1));
#1551=CARTESIAN_POINT('',(-4.549581587393E0,-5.114437325951E0,
-1.015439837439E1));
#1552=CARTESIAN_POINT('',(-4.969861113516E0,-4.707084266687E0,
-1.017359230079E1));
#1553=CARTESIAN_POINT('',(-5.353805349036E0,-4.265317112043E0,
-1.019278622719E1));
#1554=CARTESIAN_POINT('',(-5.698607228560E0,-3.792365677941E0,
-1.021198015359E1));
#1555=CARTESIAN_POINT('',(-6.001745861253E0,-3.291687773881E0,
-1.023117407999E1));
#1556=CARTESIAN_POINT('',(-6.261004962406E0,-2.766943916205E0,
-1.025036800639E1));
#1557=CARTESIAN_POINT('',(-6.474489053219E0,-2.221970588907E0,
-1.026956193279E1));
#1558=CARTESIAN_POINT('',(-6.640637332891E0,-1.660752107612E0,
-1.028875585919E1));
#1559=CARTESIAN_POINT('',(-6.719035802694E0,-1.278511912141E0,
-1.030155181012E1));
#1560=CARTESIAN_POINT('',(-6.75E0,-1.086066705218E0,-1.030794978559E1));
#1562=CARTESIAN_POINT('',(6.75E0,-3.492491947020E0,-1.018652452769E1));
#1563=CARTESIAN_POINT('',(6.75E0,-3.390787612852E0,-1.015687368197E1));
#1564=CARTESIAN_POINT('',(6.75E0,-3.187944291001E0,-1.009949834983E1));
#1565=CARTESIAN_POINT('',(6.75E0,-2.885396634154E0,-1.001943977571E1));
#1566=CARTESIAN_POINT('',(6.75E0,-2.584264495076E0,-9.945525428394E0));
#1567=CARTESIAN_POINT('',(6.75E0,-2.284439081789E0,-9.877951122861E0));
#1568=CARTESIAN_POINT('',(6.75E0,-1.985770735774E0,-9.816891687418E0));
#1569=CARTESIAN_POINT('',(6.75E0,-1.687277832312E0,-9.762374950886E0));
#1570=CARTESIAN_POINT('',(6.75E0,-1.388001559295E0,-9.714496356741E0));
#1571=CARTESIAN_POINT('',(6.75E0,-1.186920856980E0,-9.687068442726E0));
#1572=CARTESIAN_POINT('',(6.75E0,-1.086066705218E0,-9.674550214413E0));
#1574=CARTESIAN_POINT('',(-6.75E0,3.492491947020E0,-9.481524527688E0));
#1575=CARTESIAN_POINT('',(-6.75E0,3.335548613920E0,-9.435769323703E0));
#1576=CARTESIAN_POINT('',(-6.75E0,3.019802811585E0,-9.347895171570E0));
#1577=CARTESIAN_POINT('',(-6.75E0,2.538662055910E0,-9.228243066202E0));
#1578=CARTESIAN_POINT('',(-6.75E0,2.053937631109E0,-9.123487003634E0));
#1579=CARTESIAN_POINT('',(-6.75E0,1.567937349887E0,-9.035589026203E0));
#1580=CARTESIAN_POINT('',(-6.75E0,1.246467965509E0,-8.989459554415E0));
#1581=CARTESIAN_POINT('',(-6.75E0,1.086066705218E0,-8.969550214413E0));
#1583=CARTESIAN_POINT('',(6.75E0,1.086066705218E0,-9.602949785587E0));
#1584=CARTESIAN_POINT('',(6.75E0,1.187470496816E0,-9.608963903708E0));
#1585=CARTESIAN_POINT('',(6.75E0,1.390082031228E0,-9.623566389208E0));
#1586=CARTESIAN_POINT('',(6.75E0,1.693578856196E0,-9.653024536408E0));
#1587=CARTESIAN_POINT('',(6.75E0,1.996198573066E0,-9.689761529004E0));
#1588=CARTESIAN_POINT('',(6.75E0,2.297791732259E0,-9.733474125585E0));
#1589=CARTESIAN_POINT('',(6.75E0,2.598097701734E0,-9.783803327766E0));
#1590=CARTESIAN_POINT('',(6.75E0,2.897284708440E0,-9.840437749005E0));
#1591=CARTESIAN_POINT('',(6.75E0,3.195394767752E0,-9.903045561627E0));
#1592=CARTESIAN_POINT('',(6.75E0,3.393552943305E0,-9.948570184817E0));
#1593=CARTESIAN_POINT('',(6.75E0,3.492491947020E0,-9.972225472312E0));
#1595=CARTESIAN_POINT('',(-6.75E0,1.086066705218E0,-8.969550214413E0));
#1596=CARTESIAN_POINT('',(-6.719035802694E0,1.278511912141E0,
-8.975948189879E0));
#1597=CARTESIAN_POINT('',(-6.640637332891E0,1.660752107612E0,
-8.988744140812E0));
#1598=CARTESIAN_POINT('',(-6.474489053219E0,2.221970588907E0,
-9.007938067211E0));
#1599=CARTESIAN_POINT('',(-6.261004962406E0,2.766943916205E0,
-9.027131993610E0));
#1600=CARTESIAN_POINT('',(-6.001745861253E0,3.291687773881E0,
-9.046325920010E0));
#1601=CARTESIAN_POINT('',(-5.698607228560E0,3.792365677941E0,
-9.065519846409E0));
#1602=CARTESIAN_POINT('',(-5.353805349036E0,4.265317112043E0,
-9.084713772808E0));
#1603=CARTESIAN_POINT('',(-4.969861113516E0,4.707084266687E0,
-9.103907699207E0));
#1604=CARTESIAN_POINT('',(-4.549581587393E0,5.114437325951E0,
-9.123101625607E0));
#1605=CARTESIAN_POINT('',(-4.096039488079E0,5.484398079416E0,
-9.142295552006E0));
#1606=CARTESIAN_POINT('',(-3.612550719896E0,5.814261696689E0,
-9.161489478405E0));
#1607=CARTESIAN_POINT('',(-3.102650131104E0,6.101616502647E0,
-9.180683404804E0));
#1608=CARTESIAN_POINT('',(-2.570065670157E0,6.344361609531E0,
-9.199877331204E0));
#1609=CARTESIAN_POINT('',(-2.018691130205E0,6.540722276801E0,
-9.219071257603E0));
#1610=CARTESIAN_POINT('',(-1.452557681068E0,6.689262886491E0,
-9.238265184002E0));
#1611=CARTESIAN_POINT('',(-8.758043968417E-1,6.788897439193E0,
-9.257459110401E0));
#1612=CARTESIAN_POINT('',(-2.926479945934E-1,6.838897493944E0,
-9.276653036800E0));
#1613=CARTESIAN_POINT('',(2.926479945934E-1,6.838897493944E0,
-9.295846963200E0));
#1614=CARTESIAN_POINT('',(8.758043968416E-1,6.788897439193E0,
-9.315040889599E0));
#1615=CARTESIAN_POINT('',(1.452557681068E0,6.689262886491E0,-9.334234815998E0));
#1616=CARTESIAN_POINT('',(2.018691130205E0,6.540722276801E0,-9.353428742397E0));
#1617=CARTESIAN_POINT('',(2.570065670157E0,6.344361609531E0,-9.372622668797E0));
#1618=CARTESIAN_POINT('',(3.102650131104E0,6.101616502647E0,-9.391816595196E0));
#1619=CARTESIAN_POINT('',(3.612550719896E0,5.814261696689E0,-9.411010521595E0));
#1620=CARTESIAN_POINT('',(4.096039488079E0,5.484398079416E0,-9.430204447994E0));
#1621=CARTESIAN_POINT('',(4.549581587393E0,5.114437325951E0,-9.449398374393E0));
#1622=CARTESIAN_POINT('',(4.969861113516E0,4.707084266687E0,-9.468592300793E0));
#1623=CARTESIAN_POINT('',(5.353805349036E0,4.265317112043E0,-9.487786227192E0));
#1624=CARTESIAN_POINT('',(5.698607228560E0,3.792365677941E0,-9.506980153591E0));
#1625=CARTESIAN_POINT('',(6.001745861253E0,3.291687773881E0,-9.526174079990E0));
#1626=CARTESIAN_POINT('',(6.261004962406E0,2.766943916205E0,-9.545368006390E0));
#1627=CARTESIAN_POINT('',(6.474489053219E0,2.221970588907E0,-9.564561932789E0));
#1628=CARTESIAN_POINT('',(6.640637332891E0,1.660752107612E0,-9.583755859188E0));
#1629=CARTESIAN_POINT('',(6.719035802694E0,1.278511912141E0,-9.596551810121E0));
#1630=CARTESIAN_POINT('',(6.75E0,1.086066705218E0,-9.602949785587E0));
#1632=CARTESIAN_POINT('',(-6.613313098320E0,3.744875146596E0,-1.09E1));
#1633=CARTESIAN_POINT('',(-6.503242483675E0,3.917991228382E0,-1.09E1));
#1634=CARTESIAN_POINT('',(-6.270255576890E0,4.253556668670E0,-1.09E1));
#1635=CARTESIAN_POINT('',(-5.881319031072E0,4.726866556638E0,-1.09E1));
#1636=CARTESIAN_POINT('',(-5.457125736097E0,5.165169551646E0,-1.09E1));
#1637=CARTESIAN_POINT('',(-4.999668982878E0,5.566813954448E0,-1.09E1));
#1638=CARTESIAN_POINT('',(-4.513366832624E0,5.928330997372E0,-1.09E1));
#1639=CARTESIAN_POINT('',(-3.999504763984E0,6.248908199664E0,-1.09E1));
#1640=CARTESIAN_POINT('',(-3.464698528400E0,6.524802237100E0,-1.09E1));
#1641=CARTESIAN_POINT('',(-2.909394511679E0,6.756162714401E0,-1.09E1));
#1642=CARTESIAN_POINT('',(-2.339544469786E0,6.940522462723E0,-1.09E1));
#1643=CARTESIAN_POINT('',(-1.759066100754E0,7.077233419913E0,-1.09E1));
#1644=CARTESIAN_POINT('',(-1.169637164288E0,7.165897236645E0,-1.09E1));
#1645=CARTESIAN_POINT('',(-5.791542461567E-1,7.205756226009E0,-1.09E1));
#1646=CARTESIAN_POINT('',(1.295592574762E-2,7.197114623640E0,-1.09E1));
#1647=CARTESIAN_POINT('',(5.987889396273E-1,7.140185384731E0,-1.09E1));
#1648=CARTESIAN_POINT('',(1.176558762957E0,7.035692358262E0,-1.09E1));
#1649=CARTESIAN_POINT('',(1.742484515072E0,6.884287803434E0,-1.09E1));
#1650=CARTESIAN_POINT('',(2.290676621940E0,6.688073828491E0,-1.09E1));
#1651=CARTESIAN_POINT('',(2.820787761087E0,6.447363946985E0,-1.09E1));
#1652=CARTESIAN_POINT('',(3.325978303853E0,6.165506638040E0,-1.09E1));
#1653=CARTESIAN_POINT('',(3.805414786505E0,5.843477251457E0,-1.09E1));
#1654=CARTESIAN_POINT('',(4.254875291162E0,5.484156400258E0,-1.09E1));
#1655=CARTESIAN_POINT('',(4.671117443724E0,5.090786990569E0,-1.09E1));
#1656=CARTESIAN_POINT('',(5.052910589914E0,4.664628384396E0,-1.09E1));
#1657=CARTESIAN_POINT('',(5.281168475019E0,4.362814193255E0,-1.09E1));
#1658=CARTESIAN_POINT('',(5.389046516728E0,4.207162764705E0,-1.09E1));
#1660=CARTESIAN_POINT('',(-6.75E0,1.086066705218E0,-1.037955021441E1));
#1661=CARTESIAN_POINT('',(-6.720014119657E0,1.272431586255E0,
-1.038574604519E1));
#1662=CARTESIAN_POINT('',(-6.644597172707E0,1.642676063513E0,
-1.039813770676E1));
#1663=CARTESIAN_POINT('',(-6.485911756671E0,2.186779586904E0,
-1.041672519910E1));
#1664=CARTESIAN_POINT('',(-6.282754430138E0,2.715888994086E0,
-1.043531269144E1));
#1665=CARTESIAN_POINT('',(-6.036518173444E0,3.226376389512E0,
-1.045390018378E1));
#1666=CARTESIAN_POINT('',(-5.748891355396E0,3.714741504648E0,
-1.047248767612E1));
#1667=CARTESIAN_POINT('',(-5.421846144723E0,4.177635772338E0,
-1.049107516847E1));
#1668=CARTESIAN_POINT('',(-5.057624990707E0,4.611885267054E0,
-1.050966266081E1));
#1669=CARTESIAN_POINT('',(-4.658725246544E0,5.014512472852E0,
-1.052825015315E1));
#1670=CARTESIAN_POINT('',(-4.227882045979E0,5.382756697867E0,
-1.054683764549E1));
#1671=CARTESIAN_POINT('',(-3.768049549272E0,5.714093003915E0,
-1.056542513784E1));
#1672=CARTESIAN_POINT('',(-3.282380687436E0,6.006249519118E0,
-1.058401263018E1));
#1673=CARTESIAN_POINT('',(-2.774205543551E0,6.257223015467E0,
-1.060260012252E1));
#1674=CARTESIAN_POINT('',(-2.247008519399E0,6.465292644336E0,
-1.062118761486E1));
#1675=CARTESIAN_POINT('',(-1.704404443987E0,6.629031735817E0,
-1.063977510721E1));
#1676=CARTESIAN_POINT('',(-1.150113787768E0,6.747317580961E0,
-1.065836259955E1));
#1677=CARTESIAN_POINT('',(-5.879371525118E-1,6.819339129846E0,
-1.067695009189E1));
#1678=CARTESIAN_POINT('',(-2.172921173561E-2,6.844602552706E0,
-1.069553758423E1));
#1679=CARTESIAN_POINT('',(5.446277196098E-1,6.822934625965E0,
-1.071412507658E1));
#1680=CARTESIAN_POINT('',(1.107250304993E0,6.754483919978E0,-1.073271256892E1));
#1681=CARTESIAN_POINT('',(1.662280813148E0,6.639719780338E0,-1.075130006126E1));
#1682=CARTESIAN_POINT('',(2.205913569378E0,6.479429109692E0,-1.076988755360E1));
#1683=CARTESIAN_POINT('',(2.734421049840E0,6.274710972272E0,-1.078847504595E1));
#1684=CARTESIAN_POINT('',(3.244179440277E0,6.026969057643E0,-1.080706253829E1));
#1685=CARTESIAN_POINT('',(3.731693482515E0,5.737902057170E0,-1.082565003063E1));
#1686=CARTESIAN_POINT('',(4.193620443699E0,5.409492012361E0,-1.084423752297E1));
#1687=CARTESIAN_POINT('',(4.626793024015E0,5.043990740470E0,-1.086282501532E1));
#1688=CARTESIAN_POINT('',(5.028241120082E0,4.643904335309E0,-1.088141250766E1));
#1689=CARTESIAN_POINT('',(5.272888385151E0,4.355952248112E0,-1.089380416922E1));
#1690=CARTESIAN_POINT('',(5.389046516728E0,4.207162764705E0,-1.09E1));
#1692=CARTESIAN_POINT('',(-6.75E0,3.492491947020E0,-1.089152452769E1));
#1693=CARTESIAN_POINT('',(-6.75E0,3.329247868022E0,-1.084393240647E1));
#1694=CARTESIAN_POINT('',(-6.75E0,3.005151073711E0,-1.075400269971E1));
#1695=CARTESIAN_POINT('',(-6.75E0,2.528508282846E0,-1.063597684195E1));
#1696=CARTESIAN_POINT('',(-6.75E0,2.053776238736E0,-1.053358413798E1));
#1697=CARTESIAN_POINT('',(-6.75E0,1.576113054166E0,-1.044694600321E1));
#1698=CARTESIAN_POINT('',(-6.75E0,1.250371611974E0,-1.039994408318E1));
#1699=CARTESIAN_POINT('',(-6.75E0,1.086066705218E0,-1.037955021441E1));
#1701=CARTESIAN_POINT('',(-6.75E0,-1.345915988248E0,-8.916176926704E0));
#1702=CARTESIAN_POINT('',(-6.75E0,-1.436344482819E0,-8.923494747437E0));
#1703=CARTESIAN_POINT('',(-6.75E0,-1.617015046958E0,-8.940138989417E0));
#1704=CARTESIAN_POINT('',(-6.75E0,-1.887582206083E0,-8.970985835616E0));
#1705=CARTESIAN_POINT('',(-6.75E0,-2.157402068012E0,-9.007493106600E0));
#1706=CARTESIAN_POINT('',(-6.75E0,-2.426363480863E0,-9.049430203340E0));
#1707=CARTESIAN_POINT('',(-6.75E0,-2.694268317070E0,-9.096529495363E0));
#1708=CARTESIAN_POINT('',(-6.75E0,-2.961230794653E0,-9.148563846838E0));
#1709=CARTESIAN_POINT('',(-6.75E0,-3.227296602928E0,-9.205296468514E0));
#1710=CARTESIAN_POINT('',(-6.75E0,-3.404174198641E0,-9.246109616579E0));
#1711=CARTESIAN_POINT('',(-6.75E0,-3.492491947020E0,-9.267225472312E0));
#1713=CARTESIAN_POINT('',(6.75E0,-1.086066705218E0,-8.264550214413E0));
#1714=CARTESIAN_POINT('',(6.719444802778E0,-1.275969940677E0,
-8.270863680260E0));
#1715=CARTESIAN_POINT('',(6.642296814971E0,-1.653195792109E0,
-8.283490611956E0));
#1716=CARTESIAN_POINT('',(6.479285807874E0,-2.207264997615E0,
-8.302431009499E0));
#1717=CARTESIAN_POINT('',(6.270146342271E0,-2.745619816105E0,
-8.321371407042E0));
#1718=CARTESIAN_POINT('',(6.016367352285E0,-3.264427548416E0,
-8.340311804585E0));
#1719=CARTESIAN_POINT('',(5.719755587875E0,-3.759994594217E0,
-8.359252202128E0));
#1720=CARTESIAN_POINT('',(5.382422738816E0,-4.228792829544E0,
-8.378192599671E0));
#1721=CARTESIAN_POINT('',(5.006770404293E0,-4.667484703019E0,
-8.397132997214E0));
#1722=CARTESIAN_POINT('',(4.595472994075E0,-5.072947002980E0,
-8.416073394757E0));
#1723=CARTESIAN_POINT('',(4.151458688645E0,-5.442293091222E0,
-8.435013792300E0));
#1724=CARTESIAN_POINT('',(3.677888592312E0,-5.772893454485E0,
-8.453954189843E0));
#1725=CARTESIAN_POINT('',(3.178134228148E0,-6.062394424826E0,
-8.472894587386E0));
#1726=CARTESIAN_POINT('',(2.655753534843E0,-6.308734936298E0,
-8.491834984929E0));
#1727=CARTESIAN_POINT('',(2.114465536408E0,-6.510161198437E0,
-8.510775382472E0));
#1728=CARTESIAN_POINT('',(1.558123865047E0,-6.665239182165E0,
-8.529715780015E0));
#1729=CARTESIAN_POINT('',(9.906893257067E-1,-6.772864829171E0,
-8.548656177559E0));
#1730=CARTESIAN_POINT('',(4.162016976199E-1,-6.832271912123E0,
-8.567596575102E0));
#1731=CARTESIAN_POINT('',(-1.612490263978E-1,-6.843037489725E0,
-8.586536972645E0));
#1732=CARTESIAN_POINT('',(-7.375517581399E-1,-6.805084917792E0,
-8.605477370188E0));
#1733=CARTESIAN_POINT('',(-1.308603582387E0,-6.718684394914E0,
-8.624417767731E0));
#1734=CARTESIAN_POINT('',(-1.870338967099E0,-6.584451038807E0,
-8.643358165274E0));
#1735=CARTESIAN_POINT('',(-2.418758707463E0,-6.403340507061E0,
-8.662298562817E0));
#1736=CARTESIAN_POINT('',(-2.949958397728E0,-6.176642193455E0,
-8.681238960360E0));
#1737=CARTESIAN_POINT('',(-3.460156228138E0,-5.905970048279E0,
-8.700179357903E0));
#1738=CARTESIAN_POINT('',(-3.945719909052E0,-5.593251088016E0,
-8.719119755446E0));
#1739=CARTESIAN_POINT('',(-4.403192530573E0,-5.240711676197E0,
-8.738060152989E0));
#1740=CARTESIAN_POINT('',(-4.829317173592E0,-4.850861673051E0,
-8.757000550532E0));
#1741=CARTESIAN_POINT('',(-5.221060096996E0,-4.426476566987E0,
-8.775940948075E0));
#1742=CARTESIAN_POINT('',(-5.575632336089E0,-3.970577714429E0,
-8.794881345618E0));
#1743=CARTESIAN_POINT('',(-5.890509557971E0,-3.486410831205E0,
-8.813821743161E0));
#1744=CARTESIAN_POINT('',(-6.163450034361E0,-2.977422879274E0,
-8.832762140704E0));
#1745=CARTESIAN_POINT('',(-6.392510596989E0,-2.447237548174E0,
-8.851702538247E0));
#1746=CARTESIAN_POINT('',(-6.576060487856E0,-1.899629375767E0,
-8.870642935790E0));
#1747=CARTESIAN_POINT('',(-6.667215435316E0,-1.525541243684E0,
-8.883269867486E0));
#1748=CARTESIAN_POINT('',(-6.704827779150E0,-1.336908875024E0,
-8.889583333333E0));
#1750=CARTESIAN_POINT('',(6.75E0,-3.492491947020E0,-8.776524527688E0));
#1751=CARTESIAN_POINT('',(6.75E0,-3.396727680490E0,-8.748605447195E0));
#1752=CARTESIAN_POINT('',(6.75E0,-3.204774657286E0,-8.694204307916E0));
#1753=CARTESIAN_POINT('',(6.75E0,-2.915427654831E0,-8.617205899794E0));
#1754=CARTESIAN_POINT('',(6.75E0,-2.624733322071E0,-8.545174438837E0));
#1755=CARTESIAN_POINT('',(6.75E0,-2.333174844582E0,-8.478567188817E0));
#1756=CARTESIAN_POINT('',(6.75E0,-2.040059137220E0,-8.417530997281E0));
#1757=CARTESIAN_POINT('',(6.75E0,-1.739084727788E0,-8.361303080952E0));
#1758=CARTESIAN_POINT('',(6.75E0,-1.425167483335E0,-8.309869413862E0));
#1759=CARTESIAN_POINT('',(6.75E0,-1.201241041973E0,-8.278845894047E0));
#1760=CARTESIAN_POINT('',(6.75E0,-1.086066705218E0,-8.264550214413E0));
#1762=CARTESIAN_POINT('',(6.75E0,1.086066705218E0,-8.192949785587E0));
#1763=CARTESIAN_POINT('',(6.75E0,1.253799355435E0,-8.202897776241E0));
#1764=CARTESIAN_POINT('',(6.75E0,1.588297495172E0,-8.229820203715E0));
#1765=CARTESIAN_POINT('',(6.75E0,2.087035733746E0,-8.290181104707E0));
#1766=CARTESIAN_POINT('',(6.75E0,2.583357862831E0,-8.369295144259E0));
#1767=CARTESIAN_POINT('',(6.75E0,2.913295642597E0,-8.433750802777E0));
#1768=CARTESIAN_POINT('',(6.75E0,3.078035372165E0,-8.468679245816E0));
#1770=CARTESIAN_POINT('',(3.217572088607E-1,6.829239576024E0,
-7.886815112915E0));
#1771=CARTESIAN_POINT('',(5.158477572669E-1,6.820095068436E0,
-7.893192918596E0));
#1772=CARTESIAN_POINT('',(9.032485090600E-1,6.785247571514E0,
-7.905948529957E0));
#1773=CARTESIAN_POINT('',(1.477787576202E0,6.683680602996E0,-7.925081946999E0));
#1774=CARTESIAN_POINT('',(2.041590279817E0,6.533555818198E0,-7.944215364041E0));
#1775=CARTESIAN_POINT('',(2.590560573029E0,6.335963890881E0,-7.963348781083E0));
#1776=CARTESIAN_POINT('',(3.120710100048E0,6.092340353053E0,-7.982482198125E0));
#1777=CARTESIAN_POINT('',(3.628187258728E0,5.804455161563E0,-8.001615615167E0));
#1778=CARTESIAN_POINT('',(4.109305159758E0,5.474399840225E0,-8.020749032209E0));
#1779=CARTESIAN_POINT('',(4.560568418611E0,5.104572284331E0,-8.039882449251E0));
#1780=CARTESIAN_POINT('',(4.978698548314E0,4.697659339680E0,-8.059015866293E0));
#1781=CARTESIAN_POINT('',(5.360657778510E0,4.256617282384E0,-8.078149283335E0));
#1782=CARTESIAN_POINT('',(5.703671125215E0,3.784650340700E0,-8.097282700377E0));
#1783=CARTESIAN_POINT('',(6.005246551206E0,3.285187417531E0,-8.116416117419E0));
#1784=CARTESIAN_POINT('',(6.263193071980E0,2.761857172856E0,-8.135549534461E0));
#1785=CARTESIAN_POINT('',(6.475636669855E0,2.218461683976E0,-8.154682951503E0));
#1786=CARTESIAN_POINT('',(6.641033922733E0,1.658948737292E0,-8.173816368545E0));
#1787=CARTESIAN_POINT('',(6.719133418139E0,1.277905223571E0,-8.186571979907E0));
#1788=CARTESIAN_POINT('',(6.75E0,1.086066705218E0,-8.192949785587E0));
#1790=DIRECTION('',(0.E0,-1.160506795192E-14,-1.E0));
#1791=VECTOR('',#1790,3.061346726722E-1);
#1792=CARTESIAN_POINT('',(6.75E0,1.086066705218E0,-7.886815112915E0));
#1793=LINE('',#1792,#1791);
#1794=DIRECTION('',(0.E0,0.E0,1.E0));
#1795=VECTOR('',#1794,3.525E-1);
#1796=CARTESIAN_POINT('',(6.75E0,-1.086066705218E0,-8.264550214413E0));
#1797=LINE('',#1796,#1795);
#1798=CARTESIAN_POINT('',(6.75E0,-1.086066705218E0,-7.912050214413E0));
#1799=CARTESIAN_POINT('',(6.719444802778E0,-1.275969940677E0,
-7.918363680260E0));
#1800=CARTESIAN_POINT('',(6.642296814971E0,-1.653195792109E0,
-7.930990611956E0));
#1801=CARTESIAN_POINT('',(6.479285807874E0,-2.207264997615E0,
-7.949931009499E0));
#1802=CARTESIAN_POINT('',(6.270146342271E0,-2.745619816105E0,
-7.968871407042E0));
#1803=CARTESIAN_POINT('',(6.016367352285E0,-3.264427548416E0,
-7.987811804585E0));
#1804=CARTESIAN_POINT('',(5.719755587875E0,-3.759994594217E0,
-8.006752202128E0));
#1805=CARTESIAN_POINT('',(5.382422738816E0,-4.228792829544E0,
-8.025692599671E0));
#1806=CARTESIAN_POINT('',(5.006770404293E0,-4.667484703019E0,
-8.044632997214E0));
#1807=CARTESIAN_POINT('',(4.595472994075E0,-5.072947002980E0,
-8.063573394757E0));
#1808=CARTESIAN_POINT('',(4.151458688645E0,-5.442293091222E0,
-8.082513792300E0));
#1809=CARTESIAN_POINT('',(3.677888592312E0,-5.772893454485E0,
-8.101454189843E0));
#1810=CARTESIAN_POINT('',(3.178134228148E0,-6.062394424826E0,
-8.120394587386E0));
#1811=CARTESIAN_POINT('',(2.655753534843E0,-6.308734936298E0,
-8.139334984929E0));
#1812=CARTESIAN_POINT('',(2.114465536408E0,-6.510161198437E0,
-8.158275382472E0));
#1813=CARTESIAN_POINT('',(1.558123865047E0,-6.665239182165E0,
-8.177215780015E0));
#1814=CARTESIAN_POINT('',(9.906893257067E-1,-6.772864829171E0,
-8.196156177559E0));
#1815=CARTESIAN_POINT('',(4.162016976199E-1,-6.832271912123E0,
-8.215096575102E0));
#1816=CARTESIAN_POINT('',(-1.612490263978E-1,-6.843037489725E0,
-8.234036972645E0));
#1817=CARTESIAN_POINT('',(-7.375517581398E-1,-6.805084917792E0,
-8.252977370188E0));
#1818=CARTESIAN_POINT('',(-1.308603582387E0,-6.718684394914E0,
-8.271917767731E0));
#1819=CARTESIAN_POINT('',(-1.870338967099E0,-6.584451038807E0,
-8.290858165274E0));
#1820=CARTESIAN_POINT('',(-2.418758707463E0,-6.403340507061E0,
-8.309798562817E0));
#1821=CARTESIAN_POINT('',(-2.949958397728E0,-6.176642193455E0,
-8.328738960360E0));
#1822=CARTESIAN_POINT('',(-3.460156228138E0,-5.905970048279E0,
-8.347679357903E0));
#1823=CARTESIAN_POINT('',(-3.945719909052E0,-5.593251088016E0,
-8.366619755446E0));
#1824=CARTESIAN_POINT('',(-4.403192530573E0,-5.240711676197E0,
-8.385560152989E0));
#1825=CARTESIAN_POINT('',(-4.829317173592E0,-4.850861673051E0,
-8.404500550532E0));
#1826=CARTESIAN_POINT('',(-5.221060096996E0,-4.426476566987E0,
-8.423440948075E0));
#1827=CARTESIAN_POINT('',(-5.575632336089E0,-3.970577714429E0,
-8.442381345618E0));
#1828=CARTESIAN_POINT('',(-5.890509557971E0,-3.486410831205E0,
-8.461321743161E0));
#1829=CARTESIAN_POINT('',(-6.163450034361E0,-2.977422879274E0,
-8.480262140704E0));
#1830=CARTESIAN_POINT('',(-6.392510596989E0,-2.447237548174E0,
-8.499202538247E0));
#1831=CARTESIAN_POINT('',(-6.576060487857E0,-1.899629375767E0,
-8.518142935790E0));
#1832=CARTESIAN_POINT('',(-6.667215435316E0,-1.525541243684E0,
-8.530769867486E0));
#1833=CARTESIAN_POINT('',(-6.704827779150E0,-1.336908875024E0,
-8.537083333333E0));
#1835=CARTESIAN_POINT('',(-6.75E0,1.091462958258E-14,-7.8E0));
#1836=CARTESIAN_POINT('',(-6.75E0,1.332351256919E-1,-7.8E0));
#1837=CARTESIAN_POINT('',(-6.75E0,4.000510556249E-1,-7.807902952753E0));
#1838=CARTESIAN_POINT('',(-6.75E0,8.008554064963E-1,-7.843440924477E0));
#1839=CARTESIAN_POINT('',(-6.75E0,1.203609953825E0,-7.902620071848E0));
#1840=CARTESIAN_POINT('',(-6.75E0,1.609514014503E0,-7.985450058254E0));
#1841=CARTESIAN_POINT('',(-6.75E0,2.020414978100E0,-8.092171883452E0));
#1842=CARTESIAN_POINT('',(-6.75E0,2.438182205824E0,-8.223176421419E0));
#1843=CARTESIAN_POINT('',(-6.75E0,2.724032430506E0,-8.327716861416E0));
#1844=CARTESIAN_POINT('',(-6.75E0,2.868548063102E0,-8.384239428211E0));
#1846=CARTESIAN_POINT('',(4.890588620364E0,5.817400016018E0,-8.65E0));
#1847=CARTESIAN_POINT('',(4.738271890909E0,5.940659007466E0,-8.646332683561E0));
#1848=CARTESIAN_POINT('',(4.424227358537E0,6.175285634786E0,-8.638995828253E0));
#1849=CARTESIAN_POINT('',(3.927782809659E0,6.489463382854E0,-8.627984136854E0));
#1850=CARTESIAN_POINT('',(3.408947630879E0,6.764101863056E0,-8.616965260451E0));
#1851=CARTESIAN_POINT('',(2.869193784039E0,6.998192174716E0,-8.605906080608E0));
#1852=CARTESIAN_POINT('',(2.313892359478E0,7.189230879961E0,-8.594851152512E0));
#1853=CARTESIAN_POINT('',(1.747843372977E0,7.336015382293E0,-8.583826601984E0));
#1854=CARTESIAN_POINT('',(1.173076527614E0,7.438426533476E0,-8.572803910888E0));
#1855=CARTESIAN_POINT('',(5.906256959303E-1,7.496117595400E0,
-8.561737091362E0));
#1856=CARTESIAN_POINT('',(4.371911323744E-3,7.508255140069E0,
-8.550633562498E0));
#1857=CARTESIAN_POINT('',(-5.796710227688E-1,7.474663751286E0,
-8.539539553356E0));
#1858=CARTESIAN_POINT('',(-1.156558956723E0,7.396121542572E0,
-8.528482227544E0));
#1859=CARTESIAN_POINT('',(-1.724451693400E0,7.273318630107E0,
-8.517431208985E0));
#1860=CARTESIAN_POINT('',(-2.280782972258E0,7.106874712862E0,
-8.506369982471E0));
#1861=CARTESIAN_POINT('',(-2.821852701219E0,6.897944698536E0,
-8.495305495110E0));
#1862=CARTESIAN_POINT('',(-3.344463869486E0,6.647861435444E0,
-8.484236817183E0));
#1863=CARTESIAN_POINT('',(-3.845299554008E0,6.358335279801E0,
-8.473168208145E0));
#1864=CARTESIAN_POINT('',(-4.322112944263E0,6.030763492308E0,
-8.462083264173E0));
#1865=CARTESIAN_POINT('',(-4.773265207511E0,5.665882586978E0,
-8.450948264242E0));
#1866=CARTESIAN_POINT('',(-5.194251517118E0,5.266933852315E0,
-8.439801265063E0));
#1867=CARTESIAN_POINT('',(-5.581128505107E0,4.838020590050E0,
-8.428683098593E0));
#1868=CARTESIAN_POINT('',(-5.931615979482E0,4.382608550970E0,
-8.417605012157E0));
#1869=CARTESIAN_POINT('',(-6.245544989001E0,3.901509621831E0,
-8.406514258766E0));
#1870=CARTESIAN_POINT('',(-6.521734691009E0,3.395868242254E0,
-8.395374056815E0));
#1871=CARTESIAN_POINT('',(-6.678556187984E0,3.046155838107E0,
-8.387952247808E0));
#1872=CARTESIAN_POINT('',(-6.75E0,2.868548063102E0,-8.384239428211E0));
#1874=CARTESIAN_POINT('',(0.E0,0.E0,-8.65E0));
#1875=DIRECTION('',(0.E0,0.E0,1.E0));
#1876=DIRECTION('',(8.881578947368E-1,4.595384140816E-1,0.E0));
#1877=AXIS2_PLACEMENT_3D('',#1874,#1875,#1876);
#1879=CARTESIAN_POINT('',(6.75E0,3.492491947020E0,-8.65E0));
#1880=CARTESIAN_POINT('',(6.75E0,3.422362000109E0,-8.617772595417E0));
#1881=CARTESIAN_POINT('',(6.75E0,3.283152534320E0,-8.555332295131E0));
#1882=CARTESIAN_POINT('',(6.75E0,3.146053998390E0,-8.496900406288E0));
#1883=CARTESIAN_POINT('',(6.75E0,3.078035372165E0,-8.468679245816E0));
#1885=CARTESIAN_POINT('',(3.217572088607E-1,6.829239576024E0,
-7.886815112915E0));
#1886=CARTESIAN_POINT('',(5.019926455746E-1,6.834725099024E0,
-7.900776877311E0));
#1887=CARTESIAN_POINT('',(8.638836569960E-1,6.831403513318E0,
-7.928691550913E0));
#1888=CARTESIAN_POINT('',(1.406988697199E0,6.783269721412E0,-7.970493326728E0));
#1889=CARTESIAN_POINT('',(1.948607812800E0,6.691637899642E0,-8.012355875005E0));
#1890=CARTESIAN_POINT('',(2.484616014306E0,6.556487560479E0,-8.054231261948E0));
#1891=CARTESIAN_POINT('',(3.009395989764E0,6.378917718188E0,-8.095951110860E0));
#1892=CARTESIAN_POINT('',(3.518944568395E0,6.160475948389E0,-8.137456345385E0));
#1893=CARTESIAN_POINT('',(4.013446504978E0,5.900814913112E0,-8.179028440896E0));
#1894=CARTESIAN_POINT('',(4.490048479952E0,5.600404483002E0,-8.220718200215E0));
#1895=CARTESIAN_POINT('',(4.943799651676E0,5.261543497414E0,-8.262383623797E0));
#1896=CARTESIAN_POINT('',(5.369904515355E0,4.887626502062E0,-8.303853810243E0));
#1897=CARTESIAN_POINT('',(5.765644652292E0,4.481421096045E0,-8.345104942950E0));
#1898=CARTESIAN_POINT('',(6.130789954477E0,4.042801746672E0,-8.386385902196E0));
#1899=CARTESIAN_POINT('',(6.461434072696E0,3.575883250375E0,-8.427538534722E0));
#1900=CARTESIAN_POINT('',(6.658056814653E0,3.246622632677E0,-8.454970747771E0));
#1901=CARTESIAN_POINT('',(6.75E0,3.078035372165E0,-8.468679245816E0));
#1903=CARTESIAN_POINT('',(0.E0,0.E0,-7.886815112915E0));
#1904=DIRECTION('',(0.E0,0.E0,1.E0));
#1905=DIRECTION('',(9.873018194172E-1,1.588556494918E-1,0.E0));
#1906=AXIS2_PLACEMENT_3D('',#1903,#1904,#1905);
#1908=CARTESIAN_POINT('',(6.75E0,1.086066705218E0,-7.886815112915E0));
#1909=CARTESIAN_POINT('',(6.75E0,9.647709321983E-1,-7.867546594111E0));
#1910=CARTESIAN_POINT('',(6.75E0,7.226061349854E-1,-7.835380274845E0));
#1911=CARTESIAN_POINT('',(6.75E0,3.610374397045E-1,-7.806437675956E0));
#1912=CARTESIAN_POINT('',(6.75E0,1.202544461923E-1,-7.8E0));
#1913=CARTESIAN_POINT('',(6.75E0,0.E0,-7.8E0));
#1915=DIRECTION('',(-7.071067811865E-1,0.E0,7.071067811866E-1));
#1916=VECTOR('',#1915,1.414213562373E-1);
#1917=CARTESIAN_POINT('',(6.75E0,0.E0,-7.8E0));
#1918=LINE('',#1917,#1916);
#1919=DIRECTION('',(7.071067811865E-1,-7.141947814588E-14,7.071067811865E-1));
#1920=VECTOR('',#1919,1.414213562373E-1);
#1921=CARTESIAN_POINT('',(-6.75E0,1.091462958258E-14,-7.8E0));
#1922=LINE('',#1921,#1920);
#1923=DIRECTION('',(-1.511793054809E-14,1.763758563943E-14,-1.E0));
#1924=VECTOR('',#1923,1.7625E-1);
#1925=CARTESIAN_POINT('',(-6.75E0,-3.492491947020E0,-9.267225472312E0));
#1926=LINE('',#1925,#1924);
#1927=CARTESIAN_POINT('',(-6.75E0,-3.492491947020E0,-9.267225472312E0));
#1928=CARTESIAN_POINT('',(-6.652091937781E0,-3.681720563723E0,
-9.260934434637E0));
#1929=CARTESIAN_POINT('',(-6.440352094212E0,-4.051938534965E0,
-9.248352359280E0));
#1930=CARTESIAN_POINT('',(-6.077215968468E0,-4.578622840477E0,
-9.229479246227E0));
#1931=CARTESIAN_POINT('',(-5.671120555696E0,-5.072941223737E0,
-9.210606133157E0));
#1932=CARTESIAN_POINT('',(-5.224936482920E0,-5.531399441063E0,
-9.191733020068E0));
#1933=CARTESIAN_POINT('',(-4.741817793036E0,-5.950756678062E0,
-9.172859906962E0));
#1934=CARTESIAN_POINT('',(-4.225179607784E0,-6.328048538628E0,
-9.153986793838E0));
#1935=CARTESIAN_POINT('',(-3.678673997639E0,-6.660607978575E0,
-9.135113680697E0));
#1936=CARTESIAN_POINT('',(-3.106164162674E0,-6.946084164480E0,
-9.116240567538E0));
#1937=CARTESIAN_POINT('',(-2.511697124740E0,-7.182459089986E0,
-9.097367454361E0));
#1938=CARTESIAN_POINT('',(-1.899475119204E0,-7.368061841322E0,
-9.078494341167E0));
#1939=CARTESIAN_POINT('',(-1.273825889778E0,-7.501580408740E0,
-9.059621227955E0));
#1940=CARTESIAN_POINT('',(-6.391720960602E-1,-7.582070961033E0,
-9.040748114726E0));
#1941=CARTESIAN_POINT('',(-5.014809284498E-8,-7.608964517382E0,
-9.021875001479E0));
#1942=CARTESIAN_POINT('',(6.391719967116E-1,-7.582070969441E0,
-9.003001888215E0));
#1943=CARTESIAN_POINT('',(1.273825793244E0,-7.501580425200E0,
-8.984128774933E0));
#1944=CARTESIAN_POINT('',(1.899475027270E0,-7.368061865125E0,
-8.965255661634E0));
#1945=CARTESIAN_POINT('',(2.511697039055E0,-7.182459120091E0,
-8.946382548317E0));
#1946=CARTESIAN_POINT('',(3.106164084701E0,-6.946084199531E0,
-8.927509434983E0));
#1947=CARTESIAN_POINT('',(3.678673928605E0,-6.660608016930E0,
-8.908636321632E0));
#1948=CARTESIAN_POINT('',(4.225179548638E0,-6.328048578399E0,
-8.889763208264E0));
#1949=CARTESIAN_POINT('',(4.741817744409E0,-5.950756717150E0,
-8.870890094878E0));
#1950=CARTESIAN_POINT('',(5.224936445091E0,-5.531399477207E0,
-8.852016981475E0));
#1951=CARTESIAN_POINT('',(5.671120528564E0,-5.072941254566E0,
-8.833143868055E0));
#1952=CARTESIAN_POINT('',(6.077215951533E0,-4.578622863562E0,
-8.814270754617E0));
#1953=CARTESIAN_POINT('',(6.440352086558E0,-4.051938547878E0,
-8.795397641162E0));
#1954=CARTESIAN_POINT('',(6.652091935424E0,-3.681720568277E0,
-8.782815565514E0));
#1955=CARTESIAN_POINT('',(6.75E0,-3.492491947020E0,-8.776524527688E0));
#1957=DIRECTION('',(0.E0,1.007862036539E-14,-1.E0));
#1958=VECTOR('',#1957,1.7625E-1);
#1959=CARTESIAN_POINT('',(6.75E0,-3.492491947020E0,-8.776524527688E0));
#1960=LINE('',#1959,#1958);
#1961=CARTESIAN_POINT('',(6.75E0,-3.492491947020E0,-8.952774527688E0));
#1962=CARTESIAN_POINT('',(6.652092877628E0,-3.681718747264E0,
-8.959065504974E0));
#1963=CARTESIAN_POINT('',(6.440355127665E0,-4.051933405960E0,
-8.971647465054E0));
#1964=CARTESIAN_POINT('',(6.077222826356E0,-4.578613500308E0,
-8.990520412060E0));
#1965=CARTESIAN_POINT('',(5.671131144043E0,-5.072929223134E0,
-9.009393394871E0));
#1966=CARTESIAN_POINT('',(5.224950594487E0,-5.531385993895E0,
-9.028266405056E0));
#1967=CARTESIAN_POINT('',(4.741835025040E0,-5.950742869241E0,
-9.047139441787E0));
#1968=CARTESIAN_POINT('',(4.225199426951E0,-6.328035258582E0,
-9.066012502563E0));
#1969=CARTESIAN_POINT('',(3.678695773449E0,-6.660595929858E0,
-9.084885585331E0));
#1970=CARTESIAN_POINT('',(3.106187208130E0,-6.946073857473E0,
-9.103758687917E0));
#1971=CARTESIAN_POINT('',(2.511720732916E0,-7.182450849500E0,
-9.122631808181E0));
#1972=CARTESIAN_POINT('',(1.899498597625E0,-7.368055817672E0,
-9.141504943972E0));
#1973=CARTESIAN_POINT('',(1.273848591074E0,-7.501576594273E0,
-9.160378093143E0));
#1974=CARTESIAN_POINT('',(6.391934444417E-1,-7.582069210990E0,
-9.179251253547E0));
#1975=CARTESIAN_POINT('',(1.956308172346E-5,-7.608964574445E0,
-9.198124423036E0));
#1976=CARTESIAN_POINT('',(-6.391546920465E-1,-7.582072491079E0,
-9.216997599461E0));
#1977=CARTESIAN_POINT('',(-1.273810949038E0,-7.501583012951E0,
-9.235870780675E0));
#1978=CARTESIAN_POINT('',(-1.899462769884E0,-7.368065094893E0,
-9.254743964530E0));
#1979=CARTESIAN_POINT('',(-2.511687369595E0,-7.182462572528E0,
-9.273617148878E0));
#1980=CARTESIAN_POINT('',(-3.106156885271E0,-6.946087489587E0,
-9.292490331572E0));
#1981=CARTESIAN_POINT('',(-3.678668974040E0,-6.660610821665E0,
-9.311363510463E0));
#1982=CARTESIAN_POINT('',(-4.225176523356E0,-6.328050662213E0,
-9.330236683403E0));
#1983=CARTESIAN_POINT('',(-4.741816263956E0,-5.950757953567E0,
-9.349109848246E0));
#1984=CARTESIAN_POINT('',(-5.224936081678E0,-5.531399866735E0,
-9.367983002840E0));
#1985=CARTESIAN_POINT('',(-5.671120840418E0,-5.072940937005E0,
-9.386856145052E0));
#1986=CARTESIAN_POINT('',(-6.077216513390E0,-4.578622127927E0,
-9.405729272675E0));
#1987=CARTESIAN_POINT('',(-6.440352527607E0,-4.051937825632E0,
-9.424602383787E0));
#1988=CARTESIAN_POINT('',(-6.652092096884E0,-3.681720256222E0,
-9.437184444860E0));
#1989=CARTESIAN_POINT('',(-6.75E0,-3.492491947020E0,-9.443475472312E0));
#1991=DIRECTION('',(-4.031448146157E-14,6.047172219235E-14,-1.E0));
#1992=VECTOR('',#1991,1.7625E-1);
#1993=CARTESIAN_POINT('',(-6.75E0,-3.492491947020E0,-1.067722547231E1));
#1994=LINE('',#1993,#1992);
#1995=CARTESIAN_POINT('',(6.75E0,-3.492491947020E0,-1.018652452769E1));
#1996=CARTESIAN_POINT('',(6.655718161165E0,-3.674712098644E0,
-1.019258256404E1));
#1997=CARTESIAN_POINT('',(6.452389078917E0,-4.031512498412E0,
-1.020469863675E1));
#1998=CARTESIAN_POINT('',(6.105098259624E0,-4.540285578455E0,
-1.022287274581E1));
#1999=CARTESIAN_POINT('',(5.717786907990E0,-5.019295841794E0,
-1.024104685487E1));
#2000=CARTESIAN_POINT('',(5.292993932025E0,-5.465403289446E0,
-1.025922096393E1));
#2001=CARTESIAN_POINT('',(4.833503968816E0,-5.875683556945E0,
-1.027739507299E1));
#2002=CARTESIAN_POINT('',(4.342329096227E0,-6.247447150549E0,
-1.029556918205E1));
#2003=CARTESIAN_POINT('',(3.822689097099E0,-6.578257059850E0,
-1.031374329111E1));
#2004=CARTESIAN_POINT('',(3.277990350261E0,-6.865944737779E0,
-1.033191740017E1));
#2005=CARTESIAN_POINT('',(2.711803501463E0,-7.108624314737E0,
-1.035009150923E1));
#2006=CARTESIAN_POINT('',(2.127840056661E0,-7.304704961317E0,
-1.036826561829E1));
#2007=CARTESIAN_POINT('',(1.529928052156E0,-7.452901316524E0,
-1.038643972735E1));
#2008=CARTESIAN_POINT('',(9.219869607801E-1,-7.552241913682E0,
-1.040461383641E1));
#2009=CARTESIAN_POINT('',(3.080019987060E-1,-7.602075548652E0,
-1.042278794547E1));
#2010=CARTESIAN_POINT('',(-3.080019987060E-1,-7.602075548652E0,
-1.044096205453E1));
#2011=CARTESIAN_POINT('',(-9.219869607801E-1,-7.552241913682E0,
-1.045913616359E1));
#2012=CARTESIAN_POINT('',(-1.529928052156E0,-7.452901316524E0,
-1.047731027265E1));
#2013=CARTESIAN_POINT('',(-2.127840056661E0,-7.304704961317E0,
-1.049548438171E1));
#2014=CARTESIAN_POINT('',(-2.711803501463E0,-7.108624314737E0,
-1.051365849077E1));
#2015=CARTESIAN_POINT('',(-3.277990350261E0,-6.865944737779E0,
-1.053183259983E1));
#2016=CARTESIAN_POINT('',(-3.822689097099E0,-6.578257059850E0,
-1.055000670889E1));
#2017=CARTESIAN_POINT('',(-4.342329096227E0,-6.247447150549E0,
-1.056818081795E1));
#2018=CARTESIAN_POINT('',(-4.833503968816E0,-5.875683556945E0,
-1.058635492701E1));
#2019=CARTESIAN_POINT('',(-5.292993932025E0,-5.465403289446E0,
-1.060452903607E1));
#2020=CARTESIAN_POINT('',(-5.717786907990E0,-5.019295841794E0,
-1.062270314513E1));
#2021=CARTESIAN_POINT('',(-6.105098259624E0,-4.540285578455E0,
-1.064087725419E1));
#2022=CARTESIAN_POINT('',(-6.452389078917E0,-4.031512498412E0,
-1.065905136325E1));
#2023=CARTESIAN_POINT('',(-6.655718161165E0,-3.674712098644E0,
-1.067116743596E1));
#2024=CARTESIAN_POINT('',(-6.75E0,-3.492491947020E0,-1.067722547231E1));
#2026=DIRECTION('',(0.E0,0.E0,-1.E0));
#2027=VECTOR('',#2026,1.7625E-1);
#2028=CARTESIAN_POINT('',(6.75E0,-3.492491947020E0,-1.018652452769E1));
#2029=LINE('',#2028,#2027);
#2030=CARTESIAN_POINT('',(-6.75E0,-3.492491947020E0,-1.085347547231E1));
#2031=CARTESIAN_POINT('',(-6.655718161165E0,-3.674712098644E0,
-1.084741743596E1));
#2032=CARTESIAN_POINT('',(-6.452389078917E0,-4.031512498412E0,
-1.083530136325E1));
#2033=CARTESIAN_POINT('',(-6.105098259624E0,-4.540285578455E0,
-1.081712725419E1));
#2034=CARTESIAN_POINT('',(-5.717786907990E0,-5.019295841794E0,
-1.079895314513E1));
#2035=CARTESIAN_POINT('',(-5.292993932025E0,-5.465403289446E0,
-1.078077903607E1));
#2036=CARTESIAN_POINT('',(-4.833503968816E0,-5.875683556945E0,
-1.076260492701E1));
#2037=CARTESIAN_POINT('',(-4.342329096227E0,-6.247447150549E0,
-1.074443081795E1));
#2038=CARTESIAN_POINT('',(-3.822689097099E0,-6.578257059850E0,
-1.072625670889E1));
#2039=CARTESIAN_POINT('',(-3.277990350261E0,-6.865944737779E0,
-1.070808259983E1));
#2040=CARTESIAN_POINT('',(-2.711803501463E0,-7.108624314737E0,
-1.068990849077E1));
#2041=CARTESIAN_POINT('',(-2.127840056661E0,-7.304704961317E0,
-1.067173438171E1));
#2042=CARTESIAN_POINT('',(-1.529928052156E0,-7.452901316524E0,
-1.065356027265E1));
#2043=CARTESIAN_POINT('',(-9.219869607801E-1,-7.552241913682E0,
-1.063538616359E1));
#2044=CARTESIAN_POINT('',(-3.080019987060E-1,-7.602075548652E0,
-1.061721205453E1));
#2045=CARTESIAN_POINT('',(3.080019987060E-1,-7.602075548652E0,
-1.059903794547E1));
#2046=CARTESIAN_POINT('',(9.219869607801E-1,-7.552241913682E0,
-1.058086383641E1));
#2047=CARTESIAN_POINT('',(1.529928052156E0,-7.452901316524E0,
-1.056268972735E1));
#2048=CARTESIAN_POINT('',(2.127840056661E0,-7.304704961317E0,
-1.054451561829E1));
#2049=CARTESIAN_POINT('',(2.711803501463E0,-7.108624314737E0,
-1.052634150923E1));
#2050=CARTESIAN_POINT('',(3.277990350261E0,-6.865944737779E0,
-1.050816740017E1));
#2051=CARTESIAN_POINT('',(3.822689097099E0,-6.578257059850E0,
-1.048999329111E1));
#2052=CARTESIAN_POINT('',(4.342329096227E0,-6.247447150549E0,
-1.047181918205E1));
#2053=CARTESIAN_POINT('',(4.833503968816E0,-5.875683556945E0,
-1.045364507299E1));
#2054=CARTESIAN_POINT('',(5.292993932025E0,-5.465403289446E0,
-1.043547096393E1));
#2055=CARTESIAN_POINT('',(5.717786907990E0,-5.019295841794E0,
-1.041729685487E1));
#2056=CARTESIAN_POINT('',(6.105098259624E0,-4.540285578455E0,
-1.039912274581E1));
#2057=CARTESIAN_POINT('',(6.452389078917E0,-4.031512498412E0,
-1.038094863675E1));
#2058=CARTESIAN_POINT('',(6.655718161165E0,-3.674712098644E0,
-1.036883256404E1));
#2059=CARTESIAN_POINT('',(6.75E0,-3.492491947020E0,-1.036277452769E1));
#2061=DIRECTION('',(0.E0,-1.259827545674E-14,-1.E0));
#2062=VECTOR('',#2061,1.7625E-1);
#2063=CARTESIAN_POINT('',(-6.75E0,3.492491947020E0,-1.371152452769E1));
#2064=LINE('',#2063,#2062);
#2065=CARTESIAN_POINT('',(-6.75E0,3.492491947020E0,-1.388777452769E1));
#2066=CARTESIAN_POINT('',(-6.656490726476E0,3.673218948216E0,
-1.389378292321E1));
#2067=CARTESIAN_POINT('',(-6.454947925634E0,4.027157755553E0,
-1.390579971236E1));
#2068=CARTESIAN_POINT('',(-6.111010007594E0,4.532097631475E0,
-1.392382489622E1));
#2069=CARTESIAN_POINT('',(-5.727666658814E0,5.007812551224E0,
-1.394185006273E1));
#2070=CARTESIAN_POINT('',(-5.307390168958E0,5.451234816572E0,
-1.395987520065E1));
#2071=CARTESIAN_POINT('',(-4.852891120053E0,5.859504974726E0,
-1.397790029705E1));
#2072=CARTESIAN_POINT('',(-4.367100812487E0,6.229990402854E0,
-1.399592533956E1));
#2073=CARTESIAN_POINT('',(-3.853152393495E0,6.560302248505E0,
-1.401395031526E1));
#2074=CARTESIAN_POINT('',(-3.314360494822E0,6.848310901830E0,
-1.403197521284E1));
#2075=CARTESIAN_POINT('',(-2.940920381808E0,7.010876661926E0,
-1.404399174758E1));
#2076=CARTESIAN_POINT('',(-2.751240863325E0,7.084537649838E0,-1.405E1));
#2078=CARTESIAN_POINT('',(0.E0,0.E0,-1.405E1));
#2079=DIRECTION('',(0.E0,0.E0,1.E0));
#2080=DIRECTION('',(4.031715187680E-1,9.151244322245E-1,0.E0));
#2081=AXIS2_PLACEMENT_3D('',#2078,#2079,#2080);
#2083=CARTESIAN_POINT('',(3.064103542637E0,6.954945684907E0,-1.405E1));
#2084=CARTESIAN_POINT('',(2.869842096667E0,7.040530420109E0,-1.404373195481E1));
#2085=CARTESIAN_POINT('',(2.474143606204E0,7.195412328256E0,-1.403119586191E1));
#2086=CARTESIAN_POINT('',(1.863233490024E0,7.377242457792E0,-1.401239171487E1));
#2087=CARTESIAN_POINT('',(1.239248159097E0,7.507303736889E0,-1.399358756047E1));
#2088=CARTESIAN_POINT('',(6.065663001294E-1,7.584683436523E0,
-1.397478339894E1));
#2089=CARTESIAN_POINT('',(-3.037229967345E-2,7.608838487308E0,
-1.395597923054E1));
#2090=CARTESIAN_POINT('',(-6.670979909049E-1,7.579599327666E0,
-1.393717505551E1));
#2091=CARTESIAN_POINT('',(-1.299142605702E0,7.497171084968E0,
-1.391837087410E1));
#2092=CARTESIAN_POINT('',(-1.922070819116E0,7.362132139555E0,
-1.389956668655E1));
#2093=CARTESIAN_POINT('',(-2.531511272624E0,7.175430066103E0,
-1.388076249312E1));
#2094=CARTESIAN_POINT('',(-3.123187250829E0,6.938374985019E0,
-1.386195829405E1));
#2095=CARTESIAN_POINT('',(-3.692946693570E0,6.652630369313E0,
-1.384315408959E1));
#2096=CARTESIAN_POINT('',(-4.236791333394E0,6.320201371968E0,
-1.382434987999E1));
#2097=CARTESIAN_POINT('',(-4.750904754071E0,5.943420754945E0,
-1.380554566549E1));
#2098=CARTESIAN_POINT('',(-5.231679172021E0,5.524932521064E0,
-1.378674144635E1));
#2099=CARTESIAN_POINT('',(-5.675740757448E0,5.067673354414E0,
-1.376793722281E1));
#2100=CARTESIAN_POINT('',(-6.079973299700E0,4.574852033880E0,
-1.374913299511E1));
#2101=CARTESIAN_POINT('',(-6.441540117139E0,4.049926836023E0,
-1.373032876350E1));
#2102=CARTESIAN_POINT('',(-6.652449245768E0,3.681029988353E0,
-1.371779260670E1));
#2103=CARTESIAN_POINT('',(-6.75E0,3.492491947020E0,-1.371152452769E1));
#2105=DIRECTION('',(1.003869656174E-14,-1.505804484261E-14,-1.E0));
#2106=VECTOR('',#2105,8.847547231234E-2);
#2107=CARTESIAN_POINT('',(6.75E0,3.492491947020E0,-8.65E0));
#2108=LINE('',#2107,#2106);
#2109=CARTESIAN_POINT('',(4.890588620364E0,5.817400016018E0,-8.65E0));
#2110=CARTESIAN_POINT('',(5.043491202550E0,5.688857432320E0,-8.655898276618E0));
#2111=CARTESIAN_POINT('',(5.339156325438E0,5.419708730853E0,-8.667694869489E0));
#2112=CARTESIAN_POINT('',(5.749477840987E0,4.982302595433E0,-8.685389887236E0));
#2113=CARTESIAN_POINT('',(6.124071834436E0,4.513931768057E0,-8.703085004828E0));
#2114=CARTESIAN_POINT('',(6.460609534948E0,4.017506833744E0,-8.720780205933E0));
#2115=CARTESIAN_POINT('',(6.658202142638E0,3.669911264399E0,-8.732577043050E0));
#2116=CARTESIAN_POINT('',(6.75E0,3.492491947020E0,-8.738475472312E0));
#2118=CARTESIAN_POINT('',(-6.75E0,1.086066705218E0,-1.425705021441E1));
#2119=CARTESIAN_POINT('',(-6.75E0,1.245083446135E0,-1.424761915224E1));
#2120=CARTESIAN_POINT('',(-6.75E0,1.564513187367E0,-1.422232682351E1));
#2121=CARTESIAN_POINT('',(-6.75E0,2.049833100260E0,-1.416485397678E1));
#2122=CARTESIAN_POINT('',(-6.75E0,2.535394970009E0,-1.408901987743E1));
#2123=CARTESIAN_POINT('',(-6.75E0,3.018202997455E0,-1.399649461827E1));
#2124=CARTESIAN_POINT('',(-6.75E0,3.335002174472E0,-1.392542869548E1));
#2125=CARTESIAN_POINT('',(-6.75E0,3.492491947020E0,-1.388777452769E1));
#2127=CARTESIAN_POINT('',(-6.75E0,-3.400685847174E0,-1.37E1));
#2128=CARTESIAN_POINT('',(-6.645379283277E0,-3.584231419149E0,-1.37E1));
#2129=CARTESIAN_POINT('',(-6.422058054440E0,-3.940292816207E0,-1.37E1));
#2130=CARTESIAN_POINT('',(-6.045212480636E0,-4.442606161299E0,-1.37E1));
#2131=CARTESIAN_POINT('',(-5.628269723574E0,-4.910859423908E0,-1.37E1));
#2132=CARTESIAN_POINT('',(-5.176084814034E0,-5.340180732492E0,-1.37E1));
#2133=CARTESIAN_POINT('',(-4.690189275753E0,-5.729575145426E0,-1.37E1));
#2134=CARTESIAN_POINT('',(-4.175429304368E0,-6.075317764544E0,-1.37E1));
#2135=CARTESIAN_POINT('',(-3.635470876584E0,-6.375531149316E0,-1.37E1));
#2136=CARTESIAN_POINT('',(-3.073207383238E0,-6.628732410416E0,-1.37E1));
#2137=CARTESIAN_POINT('',(-2.494853468440E0,-6.832567617332E0,-1.37E1));
#2138=CARTESIAN_POINT('',(-1.902051177482E0,-6.986754096394E0,-1.37E1));
#2139=CARTESIAN_POINT('',(-1.301456733688E0,-7.089781243538E0,-1.37E1));
#2140=CARTESIAN_POINT('',(-6.958591498312E-1,-7.141618157438E0,-1.37E1));
#2141=CARTESIAN_POINT('',(-8.995307252289E-2,-7.141972477439E0,-1.37E1));
#2142=CARTESIAN_POINT('',(5.109508162711E-1,-7.091296916875E0,-1.37E1));
#2143=CARTESIAN_POINT('',(1.104462136561E0,-6.989985620472E0,-1.37E1));
#2144=CARTESIAN_POINT('',(1.683968935957E0,-6.839496814234E0,-1.37E1));
#2145=CARTESIAN_POINT('',(2.247556292E0,-6.640698888755E0,-1.37E1));
#2146=CARTESIAN_POINT('',(2.789689135969E0,-6.395749840383E0,-1.37E1));
#2147=CARTESIAN_POINT('',(3.307271730320E0,-6.106514487084E0,-1.37E1));
#2148=CARTESIAN_POINT('',(3.796908596216E0,-5.775107397649E0,-1.37E1));
#2149=CARTESIAN_POINT('',(4.254413500250E0,-5.404657837204E0,-1.37E1));
#2150=CARTESIAN_POINT('',(4.535393200545E0,-5.134372965337E0,-1.37E1));
#2151=CARTESIAN_POINT('',(4.670118674651E0,-4.993198619408E0,-1.37E1));
#2153=CARTESIAN_POINT('',(-6.75E0,-3.400685847174E0,-1.37E1));
#2154=CARTESIAN_POINT('',(-6.75E0,-3.241413913712E0,-1.374559682718E1));
#2155=CARTESIAN_POINT('',(-6.75E0,-2.925329852472E0,-1.383168066567E1));
#2156=CARTESIAN_POINT('',(-6.75E0,-2.459447643718E0,-1.394476571306E1));
#2157=CARTESIAN_POINT('',(-6.75E0,-1.998681088224E0,-1.404207679407E1));
#2158=CARTESIAN_POINT('',(-6.75E0,-1.541609296784E0,-1.412332086888E1));
#2159=CARTESIAN_POINT('',(-6.75E0,-1.237698930805E0,-1.416662887652E1));
#2160=CARTESIAN_POINT('',(-6.75E0,-1.086066705218E0,-1.418544978559E1));
#2162=DIRECTION('',(0.E0,2.204698204929E-14,1.E0));
#2163=VECTOR('',#2162,3.525E-1);
#2164=CARTESIAN_POINT('',(-6.75E0,1.086066705218E0,-1.460955021441E1));
#2165=LINE('',#2164,#2163);
#2166=CARTESIAN_POINT('',(-6.75E0,1.086066705218E0,-1.425705021441E1));
#2167=CARTESIAN_POINT('',(-6.719063015802E0,1.278342780281E0,
-1.426344256697E1));
#2168=CARTESIAN_POINT('',(-6.640747926708E0,1.660249371666E0,
-1.427622727209E1));
#2169=CARTESIAN_POINT('',(-6.474809159650E0,2.220992435004E0,
-1.429540432977E1));
#2170=CARTESIAN_POINT('',(-6.261615360864E0,2.765526007730E0,
-1.431458138745E1));
#2171=CARTESIAN_POINT('',(-6.002722471969E0,3.289875979486E0,
-1.433375844513E1));
#2172=CARTESIAN_POINT('',(-5.700019970815E0,3.790215477389E0,
-1.435293550280E1));
#2173=CARTESIAN_POINT('',(-5.355717067588E0,4.262892882271E0,
-1.437211256048E1));
#2174=CARTESIAN_POINT('',(-4.972326585080E0,4.704458456055E0,
-1.439128961816E1));
#2175=CARTESIAN_POINT('',(-4.552646618388E0,5.111689525159E0,
-1.441046667584E1));
#2176=CARTESIAN_POINT('',(-4.099740113862E0,5.481613998842E0,
-1.442964373352E1));
#2177=CARTESIAN_POINT('',(-3.616912514766E0,5.811532060830E0,
-1.444882079120E1));
#2178=CARTESIAN_POINT('',(-3.107687637207E0,6.099035873240E0,
-1.446799784887E1));
#2179=CARTESIAN_POINT('',(-2.575781952304E0,6.342027149713E0,
-1.448717490655E1));
#2180=CARTESIAN_POINT('',(-2.025077462295E0,6.538732469311E0,
-1.450635196423E1));
#2181=CARTESIAN_POINT('',(-1.459593368560E0,6.687716219456E0,
-1.452552902191E1));
#2182=CARTESIAN_POINT('',(-8.834567383221E-1,6.787891073451E0,
-1.454470607959E1));
#2183=CARTESIAN_POINT('',(-3.008723841112E-1,6.838525926104E0,
-1.456388313727E1));
#2184=CARTESIAN_POINT('',(2.839078241804E-1,6.839251229549E0,
-1.458306019494E1));
#2185=CARTESIAN_POINT('',(8.666159906789E-1,6.790061690310E0,
-1.460223725262E1));
#2186=CARTESIAN_POINT('',(1.442999341874E0,6.691316307938E0,-1.462141431030E1));
#2187=CARTESIAN_POINT('',(2.008851264595E0,6.543735754922E0,-1.464059136798E1));
#2188=CARTESIAN_POINT('',(2.560042007093E0,6.348397117025E0,-1.465976842566E1));
#2189=CARTESIAN_POINT('',(3.092548819187E0,6.106726032367E0,-1.467894548334E1));
#2190=CARTESIAN_POINT('',(3.602485311400E0,5.820486286808E0,-1.469812254101E1));
#2191=CARTESIAN_POINT('',(4.086129819180E0,5.491766940934E0,-1.471729959869E1));
#2192=CARTESIAN_POINT('',(4.539952563876E0,5.122967084966E0,-1.473647665637E1));
#2193=CARTESIAN_POINT('',(4.960641417125E0,4.716778323977E0,-1.475565371405E1));
#2194=CARTESIAN_POINT('',(5.345126062382E0,4.276165154374E0,-1.477483077173E1));
#2195=CARTESIAN_POINT('',(5.690600445336E0,3.804343251303E0,-1.479400782941E1));
#2196=CARTESIAN_POINT('',(5.893228878604E0,3.471285274737E0,-1.480679253453E1));
#2197=CARTESIAN_POINT('',(5.987251490590E0,3.300736353696E0,-1.481318488709E1));
#2199=CARTESIAN_POINT('',(4.670118674651E0,-4.993198619408E0,-1.37E1));
#2200=CARTESIAN_POINT('',(4.807320313849E0,-4.864874475658E0,-1.37E1));
#2201=CARTESIAN_POINT('',(5.070300837819E0,-4.597806054137E0,-1.37E1));
#2202=CARTESIAN_POINT('',(5.432106836126E0,-4.164198545544E0,-1.37E1));
#2203=CARTESIAN_POINT('',(5.756453213557E0,-3.702836255760E0,-1.37E1));
#2204=CARTESIAN_POINT('',(6.041560666540E0,-3.216782291467E0,-1.37E1));
#2205=CARTESIAN_POINT('',(6.286155215130E0,-2.707808681353E0,-1.37E1));
#2206=CARTESIAN_POINT('',(6.487514175253E0,-2.181774235748E0,-1.37E1));
#2207=CARTESIAN_POINT('',(6.645230405176E0,-1.639761292579E0,-1.37E1));
#2208=CARTESIAN_POINT('',(6.720091946116E0,-1.271947887971E0,-1.37E1));
#2209=CARTESIAN_POINT('',(6.75E0,-1.086066705218E0,-1.37E1));
#2211=DIRECTION('',(0.E0,-8.249998672818E-14,1.E0));
#2212=VECTOR('',#2211,2.045502144128E-1);
#2213=CARTESIAN_POINT('',(6.75E0,-1.086066705218E0,-1.390455021441E1));
#2214=LINE('',#2213,#2212);
#2215=DIRECTION('',(0.E0,1.196836168390E-14,-1.E0));
#2216=VECTOR('',#2215,3.525E-1);
#2217=CARTESIAN_POINT('',(-6.75E0,-1.086066705218E0,-1.418544978559E1));
#2218=LINE('',#2217,#2216);
#2219=CARTESIAN_POINT('',(4.670118674651E0,-4.993198619408E0,-1.37E1));
#2220=CARTESIAN_POINT('',(4.531637956090E0,-5.122719080965E0,
-1.370622371520E1));
#2221=CARTESIAN_POINT('',(4.243894118053E0,-5.370231417839E0,
-1.371867114560E1));
#2222=CARTESIAN_POINT('',(3.782916812753E0,-5.704345991882E0,
-1.373734229120E1));
#2223=CARTESIAN_POINT('',(3.295767367789E0,-5.998994936219E0,
-1.375601343680E1));
#2224=CARTESIAN_POINT('',(2.785816099097E0,-6.252139750285E0,
-1.377468458240E1));
#2225=CARTESIAN_POINT('',(2.256591121579E0,-6.462029039118E0,
-1.379335572800E1));
#2226=CARTESIAN_POINT('',(1.711753883741E0,-6.627210682842E0,
-1.381202687360E1));
#2227=CARTESIAN_POINT('',(1.155073850920E0,-6.746541869130E0,
-1.383069801920E1));
#2228=CARTESIAN_POINT('',(5.904024221611E-1,-6.819197003533E0,
-1.384936916480E1));
#2229=CARTESIAN_POINT('',(2.164628532840E-2,-6.844673420361E0,
-1.386804031040E1));
#2230=CARTESIAN_POINT('',(-5.472596116593E-1,-6.822794860650E0,
-1.388671145600E1));
#2231=CARTESIAN_POINT('',(-1.112379284749E0,-6.753712691544E0,
-1.390538260159E1));
#2232=CARTESIAN_POINT('',(-1.669802944940E0,-6.637904859075E0,
-1.392405374719E1));
#2233=CARTESIAN_POINT('',(-2.215674048211E0,-6.476172581483E0,
-1.394272489279E1));
#2234=CARTESIAN_POINT('',(-2.746215977082E0,-6.269634805974E0,
-1.396139603839E1));
#2235=CARTESIAN_POINT('',(-3.257758169196E0,-6.019720467272E0,
-1.398006718399E1));
#2236=CARTESIAN_POINT('',(-3.746761512164E0,-5.728158601508E0,
-1.399873832959E1));
#2237=CARTESIAN_POINT('',(-4.209842828964E0,-5.396966383856E0,
-1.401740947519E1));
#2238=CARTESIAN_POINT('',(-4.643798284505E0,-5.028435172687E0,
-1.403608062079E1));
#2239=CARTESIAN_POINT('',(-5.045625551408E0,-4.625114656739E0,
-1.405475176639E1));
#2240=CARTESIAN_POINT('',(-5.412544581643E0,-4.189795215163E0,
-1.407342291199E1));
#2241=CARTESIAN_POINT('',(-5.742016840390E0,-3.725488611857E0,
-1.409209405759E1));
#2242=CARTESIAN_POINT('',(-6.031762868701E0,-3.235407159980E0,
-1.411076520319E1));
#2243=CARTESIAN_POINT('',(-6.279778054842E0,-2.722941492082E0,
-1.412943634879E1));
#2244=CARTESIAN_POINT('',(-6.484346499966E0,-2.191637122266E0,
-1.414810749439E1));
#2245=CARTESIAN_POINT('',(-6.644052901777E0,-1.645169840710E0,
-1.416677863999E1));
#2246=CARTESIAN_POINT('',(-6.719879167803E0,-1.273270323886E0,
-1.417922607039E1));
#2247=CARTESIAN_POINT('',(-6.75E0,-1.086066705218E0,-1.418544978559E1));
#2249=CARTESIAN_POINT('',(6.75E0,1.086066705218E0,-1.37E1));
#2250=CARTESIAN_POINT('',(6.719294073737E0,1.276906734914E0,-1.37E1));
#2251=CARTESIAN_POINT('',(6.642018768224E0,1.654309321576E0,-1.37E1));
#2252=CARTESIAN_POINT('',(6.478760579751E0,2.208888609479E0,-1.37E1));
#2253=CARTESIAN_POINT('',(6.269026397928E0,2.748278201128E0,-1.37E1));
#2254=CARTESIAN_POINT('',(6.014456549664E0,3.267954938423E0,-1.37E1));
#2255=CARTESIAN_POINT('',(5.717370979800E0,3.763758119769E0,-1.37E1));
#2256=CARTESIAN_POINT('',(5.377093218473E0,4.235714731552E0,-1.37E1));
#2257=CARTESIAN_POINT('',(5.125529533441E0,4.528633075829E0,-1.37E1));
#2258=CARTESIAN_POINT('',(4.993198619408E0,4.670118674651E0,-1.37E1));
#2260=DIRECTION('',(-2.004166646326E-14,1.536527762183E-13,-1.E0));
#2261=VECTOR('',#2260,1.329497855872E-1);
#2262=CARTESIAN_POINT('',(6.75E0,1.086066705218E0,-1.37E1));
#2263=LINE('',#2262,#2261);
#2264=CARTESIAN_POINT('',(-6.75E0,-1.086066705218E0,-1.453794978559E1));
#2265=CARTESIAN_POINT('',(-6.75E0,-1.183441498748E0,-1.454372494943E1));
#2266=CARTESIAN_POINT('',(-6.75E0,-1.378011892041E0,-1.455764886245E1));
#2267=CARTESIAN_POINT('',(-6.75E0,-1.669513043981E0,-1.458551218482E1));
#2268=CARTESIAN_POINT('',(-6.75E0,-1.863271630884E0,-1.460857039745E1));
#2269=CARTESIAN_POINT('',(-6.75E0,-1.960041964726E0,-1.462118327857E1));
#2271=CARTESIAN_POINT('',(6.75E0,-1.086066705218E0,-1.390455021441E1));
#2272=CARTESIAN_POINT('',(6.719035802694E0,-1.278511912141E0,
-1.391094818988E1));
#2273=CARTESIAN_POINT('',(6.640637332891E0,-1.660752107612E0,
-1.392374414081E1));
#2274=CARTESIAN_POINT('',(6.474489053219E0,-2.221970588907E0,
-1.394293806721E1));
#2275=CARTESIAN_POINT('',(6.261004962406E0,-2.766943916205E0,
-1.396213199361E1));
#2276=CARTESIAN_POINT('',(6.001745861253E0,-3.291687773881E0,
-1.398132592001E1));
#2277=CARTESIAN_POINT('',(5.698607228560E0,-3.792365677941E0,
-1.400051984641E1));
#2278=CARTESIAN_POINT('',(5.353805349036E0,-4.265317112043E0,
-1.401971377281E1));
#2279=CARTESIAN_POINT('',(4.969861113516E0,-4.707084266687E0,
-1.403890769921E1));
#2280=CARTESIAN_POINT('',(4.549581587393E0,-5.114437325951E0,
-1.405810162561E1));
#2281=CARTESIAN_POINT('',(4.096039488079E0,-5.484398079416E0,
-1.407729555201E1));
#2282=CARTESIAN_POINT('',(3.612550719896E0,-5.814261696689E0,
-1.409648947841E1));
#2283=CARTESIAN_POINT('',(3.102650131104E0,-6.101616502647E0,
-1.411568340480E1));
#2284=CARTESIAN_POINT('',(2.570065670157E0,-6.344361609531E0,
-1.413487733120E1));
#2285=CARTESIAN_POINT('',(2.018691130205E0,-6.540722276801E0,
-1.415407125760E1));
#2286=CARTESIAN_POINT('',(1.452557681068E0,-6.689262886491E0,
-1.417326518400E1));
#2287=CARTESIAN_POINT('',(8.758043968416E-1,-6.788897439193E0,
-1.419245911040E1));
#2288=CARTESIAN_POINT('',(2.926479945934E-1,-6.838897493944E0,
-1.421165303680E1));
#2289=CARTESIAN_POINT('',(-2.926479945934E-1,-6.838897493944E0,
-1.423084696320E1));
#2290=CARTESIAN_POINT('',(-8.758043968416E-1,-6.788897439193E0,
-1.425004088960E1));
#2291=CARTESIAN_POINT('',(-1.452557681068E0,-6.689262886491E0,
-1.426923481600E1));
#2292=CARTESIAN_POINT('',(-2.018691130205E0,-6.540722276801E0,
-1.428842874240E1));
#2293=CARTESIAN_POINT('',(-2.570065670157E0,-6.344361609531E0,
-1.430762266880E1));
#2294=CARTESIAN_POINT('',(-3.102650131104E0,-6.101616502647E0,
-1.432681659520E1));
#2295=CARTESIAN_POINT('',(-3.612550719896E0,-5.814261696689E0,
-1.434601052159E1));
#2296=CARTESIAN_POINT('',(-4.096039488079E0,-5.484398079416E0,
-1.436520444799E1));
#2297=CARTESIAN_POINT('',(-4.549581587393E0,-5.114437325951E0,
-1.438439837439E1));
#2298=CARTESIAN_POINT('',(-4.969861113516E0,-4.707084266687E0,
-1.440359230079E1));
#2299=CARTESIAN_POINT('',(-5.353805349036E0,-4.265317112043E0,
-1.442278622719E1));
#2300=CARTESIAN_POINT('',(-5.698607228560E0,-3.792365677941E0,
-1.444198015359E1));
#2301=CARTESIAN_POINT('',(-6.001745861253E0,-3.291687773881E0,
-1.446117407999E1));
#2302=CARTESIAN_POINT('',(-6.261004962406E0,-2.766943916205E0,
-1.448036800639E1));
#2303=CARTESIAN_POINT('',(-6.474489053219E0,-2.221970588907E0,
-1.449956193279E1));
#2304=CARTESIAN_POINT('',(-6.640637332891E0,-1.660752107612E0,
-1.451875585919E1));
#2305=CARTESIAN_POINT('',(-6.719035802694E0,-1.278511912141E0,
-1.453155181012E1));
#2306=CARTESIAN_POINT('',(-6.75E0,-1.086066705218E0,-1.453794978559E1));
#2308=CARTESIAN_POINT('',(6.75E0,-2.974947062263E0,-1.427349608397E1));
#2309=CARTESIAN_POINT('',(6.75E0,-2.874940563403E0,-1.424742600516E1));
#2310=CARTESIAN_POINT('',(6.75E0,-2.675959317776E0,-1.419741378958E1));
#2311=CARTESIAN_POINT('',(6.75E0,-2.377835801701E0,-1.412838169974E1));
#2312=CARTESIAN_POINT('',(6.75E0,-2.088138125569E0,-1.406715453654E1));
#2313=CARTESIAN_POINT('',(6.75E0,-1.790791316948E0,-1.401048296482E1));
#2314=CARTESIAN_POINT('',(6.75E0,-1.469033914697E0,-1.395638927530E1));
#2315=CARTESIAN_POINT('',(6.75E0,-1.218690096506E0,-1.392101170720E1));
#2316=CARTESIAN_POINT('',(6.75E0,-1.086066705218E0,-1.390455021441E1));
#2318=CARTESIAN_POINT('',(-6.75E0,1.672260283501E0,-1.469593971440E1));
#2319=CARTESIAN_POINT('',(-6.75E0,1.607449910511E0,-1.468491157720E1));
#2320=CARTESIAN_POINT('',(-6.75E0,1.477612907233E0,-1.466377473260E1));
#2321=CARTESIAN_POINT('',(-6.75E0,1.281630995121E0,-1.463485262878E1));
#2322=CARTESIAN_POINT('',(-6.75E0,1.151268715188E0,-1.461764322430E1));
#2323=CARTESIAN_POINT('',(-6.75E0,1.086066705218E0,-1.460955021441E1));
#2325=CARTESIAN_POINT('',(-6.75E0,1.086066705218E0,-1.460955021441E1));
#2326=CARTESIAN_POINT('',(-6.720135514121E0,1.271677108994E0,
-1.461572096207E1));
#2327=CARTESIAN_POINT('',(-6.645086229602E0,1.640432727206E0,
-1.462806245738E1));
#2328=CARTESIAN_POINT('',(-6.487316914775E0,2.182409177372E0,
-1.464657470035E1));
#2329=CARTESIAN_POINT('',(-6.285425278828E0,2.709542325847E0,
-1.466508694332E1));
#2330=CARTESIAN_POINT('',(-6.040784444368E0,3.218247015878E0,
-1.468359918629E1));
#2331=CARTESIAN_POINT('',(-5.755058294321E0,3.705063371281E0,
-1.470211142926E1));
#2332=CARTESIAN_POINT('',(-5.430190143315E0,4.166680400952E0,
-1.472062367223E1));
#2333=CARTESIAN_POINT('',(-5.068389524944E0,4.599958497853E0,
-1.473913591520E1));
#2334=CARTESIAN_POINT('',(-4.672117158552E0,5.001950800242E0,
-1.475764815817E1));
#2335=CARTESIAN_POINT('',(-4.244068230580E0,5.369923223323E0,
-1.477616040114E1));
#2336=CARTESIAN_POINT('',(-3.787153999265E0,5.701373090509E0,
-1.479467264411E1));
#2337=CARTESIAN_POINT('',(-3.465372822834E0,5.896488378387E0,
-1.480701413943E1));
#2338=CARTESIAN_POINT('',(-3.300736353696E0,5.987251490590E0,
-1.481318488709E1));
#2340=CARTESIAN_POINT('',(4.993198619408E0,4.670118674651E0,-1.37E1));
#2341=CARTESIAN_POINT('',(4.870052268001E0,4.817759819766E0,-1.37E1));
#2342=CARTESIAN_POINT('',(4.612309385029E0,5.101513390271E0,-1.37E1));
#2343=CARTESIAN_POINT('',(4.190382247046E0,5.494263304791E0,-1.37E1));
#2344=CARTESIAN_POINT('',(3.737413937395E0,5.850171000255E0,-1.37E1));
#2345=CARTESIAN_POINT('',(3.256214111571E0,6.167423451303E0,-1.37E1));
#2346=CARTESIAN_POINT('',(2.748822147113E0,6.444676029972E0,-1.37E1));
#2347=CARTESIAN_POINT('',(2.215055230481E0,6.681226451347E0,-1.37E1));
#2348=CARTESIAN_POINT('',(1.656329683741E0,6.874872058903E0,-1.37E1));
#2349=CARTESIAN_POINT('',(1.075742382497E0,7.022551674696E0,-1.37E1));
#2350=CARTESIAN_POINT('',(4.843490342082E-1,7.120655370342E0,-1.37E1));
#2351=CARTESIAN_POINT('',(-1.145835708852E-1,7.168814947548E0,-1.37E1));
#2352=CARTESIAN_POINT('',(-7.167647111549E-1,7.166501577226E0,-1.37E1));
#2353=CARTESIAN_POINT('',(-1.318521950179E0,7.113643108267E0,-1.37E1));
#2354=CARTESIAN_POINT('',(-1.917351634824E0,7.009860528049E0,-1.37E1));
#2355=CARTESIAN_POINT('',(-2.505527020435E0,6.856309471741E0,-1.37E1));
#2356=CARTESIAN_POINT('',(-3.082460469089E0,6.652867372036E0,-1.37E1));
#2357=CARTESIAN_POINT('',(-3.640931152100E0,6.401649679994E0,-1.37E1));
#2358=CARTESIAN_POINT('',(-4.178762388963E0,6.103591008694E0,-1.37E1));
#2359=CARTESIAN_POINT('',(-4.692071547161E0,5.760177249692E0,-1.37E1));
#2360=CARTESIAN_POINT('',(-5.175320461119E0,5.375098032976E0,-1.37E1));
#2361=CARTESIAN_POINT('',(-5.627981440288E0,4.948213856959E0,-1.37E1));
#2362=CARTESIAN_POINT('',(-6.043428162812E0,4.485431174062E0,-1.37E1));
#2363=CARTESIAN_POINT('',(-6.421481249597E0,3.986613047376E0,-1.37E1));
#2364=CARTESIAN_POINT('',(-6.645100991994E0,3.634310713617E0,-1.37E1));
#2365=CARTESIAN_POINT('',(-6.75E0,3.452808392287E0,-1.37E1));
#2367=CARTESIAN_POINT('',(-6.75E0,3.492491947020E0,-1.371152452769E1));
#2368=CARTESIAN_POINT('',(-6.75E0,3.485874005187E0,-1.370959513526E1));
#2369=CARTESIAN_POINT('',(-6.75E0,3.472642140276E0,-1.370574497893E1));
#2370=CARTESIAN_POINT('',(-6.75E0,3.459418304725E0,-1.370191210753E1));
#2371=CARTESIAN_POINT('',(-6.75E0,3.452808392287E0,-1.37E1));
#2373=CARTESIAN_POINT('',(6.75E0,1.086066705218E0,-1.383294978559E1));
#2374=CARTESIAN_POINT('',(6.75E0,1.148589085239E0,-1.383665790116E1));
#2375=CARTESIAN_POINT('',(6.75E0,1.273597744041E0,-1.384505374962E1));
#2376=CARTESIAN_POINT('',(6.75E0,1.461392489743E0,-1.386059049242E1));
#2377=CARTESIAN_POINT('',(6.75E0,1.648306630799E0,-1.387892603801E1));
#2378=CARTESIAN_POINT('',(6.75E0,1.834149640436E0,-1.389993876789E1));
#2379=CARTESIAN_POINT('',(6.75E0,2.023151201523E0,-1.392408101369E1));
#2380=CARTESIAN_POINT('',(6.75E0,2.222941015E0,-1.395258221101E1));
#2381=CARTESIAN_POINT('',(6.75E0,2.439997677640E0,-1.398694657505E1));
#2382=CARTESIAN_POINT('',(6.75E0,2.681175439715E0,-1.402918817549E1));
#2383=CARTESIAN_POINT('',(6.75E0,2.952212542757E0,-1.408157523383E1));
#2384=CARTESIAN_POINT('',(6.75E0,3.159133110685E0,-1.412570059703E1));
#2385=CARTESIAN_POINT('',(6.75E0,3.268529705291E0,-1.415028090964E1));
#2387=CARTESIAN_POINT('',(4.993198619408E0,4.670118674651E0,-1.37E1));
#2388=CARTESIAN_POINT('',(5.124950559483E0,4.529252103345E0,-1.370633094217E1));
#2389=CARTESIAN_POINT('',(5.376524938931E0,4.236361607545E0,-1.371899282651E1));
#2390=CARTESIAN_POINT('',(5.715397037124E0,3.766698400617E0,-1.373798565302E1));
#2391=CARTESIAN_POINT('',(6.013353607180E0,3.270070107670E0,-1.375697847954E1));
#2392=CARTESIAN_POINT('',(6.268261667690E0,2.750031959712E0,-1.377597130605E1));
#2393=CARTESIAN_POINT('',(6.478296365937E0,2.210306840296E0,-1.379496413256E1));
#2394=CARTESIAN_POINT('',(6.641954112086E0,1.654758490466E0,-1.381395695907E1));
#2395=CARTESIAN_POINT('',(6.719360222848E0,1.276495612374E0,-1.382661884342E1));
#2396=CARTESIAN_POINT('',(6.75E0,1.086066705218E0,-1.383294978559E1));
#2398=CARTESIAN_POINT('',(-6.75E0,-1.960041964726E0,-1.462118327857E1));
#2399=CARTESIAN_POINT('',(-6.75E0,-1.826339813471E0,-1.465846719670E1));
#2400=CARTESIAN_POINT('',(-6.75E0,-1.560457565219E0,-1.472555827604E1));
#2401=CARTESIAN_POINT('',(-6.75E0,-1.166960002551E0,-1.480349645840E1));
#2402=CARTESIAN_POINT('',(-6.75E0,-7.764053721139E-1,-1.485916803483E1));
#2403=CARTESIAN_POINT('',(-6.75E0,-3.878161459789E-1,-1.489257363168E1));
#2404=CARTESIAN_POINT('',(-6.75E0,-1.291549965114E-1,-1.49E1));
#2405=CARTESIAN_POINT('',(-6.75E0,0.E0,-1.49E1));
#2407=CARTESIAN_POINT('',(6.75E0,-2.974947062263E0,-1.427349608397E1));
#2408=CARTESIAN_POINT('',(6.663144797294E0,-3.162149701518E0,
-1.427747556759E1));
#2409=CARTESIAN_POINT('',(6.473948279035E0,-3.528754406702E0,
-1.428543022789E1));
#2410=CARTESIAN_POINT('',(6.145900878905E0,-4.051644564309E0,
-1.429735176511E1));
#2411=CARTESIAN_POINT('',(5.776413143553E0,-4.543717992692E0,
-1.430925544617E1));
#2412=CARTESIAN_POINT('',(5.367466520685E0,-5.002837762631E0,
-1.432116846266E1));
#2413=CARTESIAN_POINT('',(4.919862838262E0,-5.427553249073E0,
-1.433314340880E1));
#2414=CARTESIAN_POINT('',(4.438326548133E0,-5.812774791627E0,
-1.434513073711E1));
#2415=CARTESIAN_POINT('',(3.929038149944E0,-6.154191173016E0,
-1.435706922556E1));
#2416=CARTESIAN_POINT('',(3.394503128067E0,-6.450982598290E0,
-1.436899330318E1));
#2417=CARTESIAN_POINT('',(2.836140055737E0,-6.702213208478E0,
-1.438095415702E1));
#2418=CARTESIAN_POINT('',(2.260882264891E0,-6.904939412094E0,
-1.439288863861E1));
#2419=CARTESIAN_POINT('',(1.669741845113E0,-7.058871544489E0,
-1.440486096812E1));
#2420=CARTESIAN_POINT('',(1.070468619128E0,-7.162173957200E0,
-1.441679908014E1));
#2421=CARTESIAN_POINT('',(4.620926500633E-1,-7.215029210616E0,
-1.442880723286E1));
#2422=CARTESIAN_POINT('',(-1.494904226859E-1,-7.216232804570E0,
-1.444085327243E1));
#2423=CARTESIAN_POINT('',(-7.579863804884E-1,-7.165682565493E0,
-1.445290000460E1));
#2424=CARTESIAN_POINT('',(-1.355656686081E0,-7.064692824893E0,
-1.446487899559E1));
#2425=CARTESIAN_POINT('',(-1.941286388043E0,-6.914302657692E0,
-1.447684804634E1));
#2426=CARTESIAN_POINT('',(-2.514018744315E0,-6.714479204624E0,
-1.448887582240E1));
#2427=CARTESIAN_POINT('',(-3.067826592962E0,-6.466809120492E0,
-1.450092537005E1));
#2428=CARTESIAN_POINT('',(-3.595799012613E0,-6.174856666411E0,
-1.451292858928E1));
#2429=CARTESIAN_POINT('',(-4.096213271863E0,-5.840216658613E0,
-1.452492575382E1));
#2430=CARTESIAN_POINT('',(-4.566104655972E0,-5.465088874865E0,
-1.453692839535E1));
#2431=CARTESIAN_POINT('',(-5.003488949734E0,-5.050755141716E0,
-1.454897562571E1));
#2432=CARTESIAN_POINT('',(-5.402693489098E0,-4.602676097154E0,
-1.456099594337E1));
#2433=CARTESIAN_POINT('',(-5.762360066652E0,-4.122894863978E0,
-1.457302688857E1));
#2434=CARTESIAN_POINT('',(-6.079561381593E0,-3.615461179620E0,
-1.458505398385E1));
#2435=CARTESIAN_POINT('',(-6.352554475621E0,-3.083404150786E0,
-1.459709327749E1));
#2436=CARTESIAN_POINT('',(-6.579120689948E0,-2.531316853758E0,
-1.460912814456E1));
#2437=CARTESIAN_POINT('',(-6.698482408317E0,-2.151872881028E0,
-1.461716369699E1));
#2438=CARTESIAN_POINT('',(-6.75E0,-1.960041964726E0,-1.462118327857E1));
#2440=CARTESIAN_POINT('',(6.75E0,0.E0,-1.49E1));
#2441=CARTESIAN_POINT('',(6.75E0,-1.378858207789E-1,-1.49E1));
#2442=CARTESIAN_POINT('',(6.75E0,-4.140377381081E-1,-1.489153461810E1));
#2443=CARTESIAN_POINT('',(6.75E0,-8.288982895476E-1,-1.485347173956E1));
#2444=CARTESIAN_POINT('',(6.75E0,-1.245915974084E0,-1.479009255924E1));
#2445=CARTESIAN_POINT('',(6.75E0,-1.666420269994E0,-1.470138925426E1));
#2446=CARTESIAN_POINT('',(6.75E0,-2.092566427551E0,-1.458704841405E1));
#2447=CARTESIAN_POINT('',(6.75E0,-2.526308808654E0,-1.444665737339E1));
#2448=CARTESIAN_POINT('',(6.75E0,-2.824168987522E0,-1.433430494350E1));
#2449=CARTESIAN_POINT('',(6.75E0,-2.974947062263E0,-1.427349608397E1));
#2451=CARTESIAN_POINT('',(0.E0,0.E0,-1.5E1));
#2452=DIRECTION('',(0.E0,0.E0,-1.E0));
#2453=DIRECTION('',(1.E0,0.E0,0.E0));
#2454=AXIS2_PLACEMENT_3D('',#2451,#2452,#2453);
#2456=CARTESIAN_POINT('',(-6.75E0,0.E0,-1.49E1));
#2457=CARTESIAN_POINT('',(-6.75E0,1.382719479640E-1,-1.49E1));
#2458=CARTESIAN_POINT('',(-6.75E0,4.151963061668E-1,-1.489148884317E1));
#2459=CARTESIAN_POINT('',(-6.75E0,8.312730511360E-1,-1.485320212551E1));
#2460=CARTESIAN_POINT('',(-6.75E0,1.249393543101E0,-1.478949078700E1));
#2461=CARTESIAN_POINT('',(-6.75E0,1.530912866319E0,-1.472992988161E1));
#2462=CARTESIAN_POINT('',(-6.75E0,1.672260283501E0,-1.469593971440E1));
#2464=DIRECTION('',(-7.071067811866E-1,0.E0,7.071067811865E-1));
#2465=VECTOR('',#2464,1.414213562373E-1);
#2466=CARTESIAN_POINT('',(-6.65E0,0.E0,-1.5E1));
#2467=LINE('',#2466,#2465);
#2468=CARTESIAN_POINT('',(0.E0,0.E0,-1.5E1));
#2469=DIRECTION('',(0.E0,0.E0,1.E0));
#2470=DIRECTION('',(1.E0,0.E0,0.E0));
#2471=AXIS2_PLACEMENT_3D('',#2468,#2469,#2470);
#2473=DIRECTION('',(7.071067811866E-1,0.E0,7.071067811865E-1));
#2474=VECTOR('',#2473,1.414213562373E-1);
#2475=CARTESIAN_POINT('',(6.65E0,0.E0,-1.5E1));
#2476=LINE('',#2475,#2474);
#2477=CARTESIAN_POINT('',(6.75E0,3.268529705291E0,-1.415028090964E1));
#2478=CARTESIAN_POINT('',(6.75E0,3.120984120061E0,-1.421458426852E1));
#2479=CARTESIAN_POINT('',(6.75E0,2.830076392718E0,-1.433428233815E1));
#2480=CARTESIAN_POINT('',(6.75E0,2.408348831879E0,-1.448680613935E1));
#2481=CARTESIAN_POINT('',(6.75E0,1.995701440889E0,-1.461479921075E1));
#2482=CARTESIAN_POINT('',(6.75E0,1.590045976037E0,-1.471895034863E1));
#2483=CARTESIAN_POINT('',(6.75E0,1.189101200160E0,-1.479982395651E1));
#2484=CARTESIAN_POINT('',(6.75E0,7.912307798955E-1,-1.485759428373E1));
#2485=CARTESIAN_POINT('',(6.75E0,3.952439710068E-1,-1.489228611906E1));
#2486=CARTESIAN_POINT('',(6.75E0,1.316356808026E-1,-1.49E1));
#2487=CARTESIAN_POINT('',(6.75E0,0.E0,-1.49E1));
#2489=CARTESIAN_POINT('',(3.064103542637E0,6.954945684907E0,-1.405E1));
#2490=CARTESIAN_POINT('',(3.225664094230E0,6.880126403337E0,-1.405333233961E1));
#2491=CARTESIAN_POINT('',(3.543359549417E0,6.719178060186E0,-1.405999825629E1));
#2492=CARTESIAN_POINT('',(4.000331544275E0,6.445832550660E0,-1.406997796207E1));
#2493=CARTESIAN_POINT('',(4.438572709607E0,6.139971495943E0,-1.408000714353E1));
#2494=CARTESIAN_POINT('',(4.854774575933E0,5.803381479559E0,-1.409006556489E1));
#2495=CARTESIAN_POINT('',(5.245884557731E0,5.438402360460E0,-1.410013142751E1));
#2496=CARTESIAN_POINT('',(5.608714282258E0,5.048309216616E0,-1.411016910856E1));
#2497=CARTESIAN_POINT('',(5.941674980819E0,4.635534601425E0,-1.412017453037E1));
#2498=CARTESIAN_POINT('',(6.244451126243E0,4.200970899311E0,-1.413018026218E1));
#2499=CARTESIAN_POINT('',(6.516488115042E0,3.745138306738E0,-1.414022193712E1));
#2500=CARTESIAN_POINT('',(6.675933453568E0,3.429187052501E0,-1.414692556752E1));
#2501=CARTESIAN_POINT('',(6.75E0,3.268529705291E0,-1.415028090964E1));
#2503=CARTESIAN_POINT('',(5.987251490590E0,3.300736353696E0,-1.481318488709E1));
#2504=CARTESIAN_POINT('',(5.910721056652E0,3.469236154040E0,-1.479885563285E1));
#2505=CARTESIAN_POINT('',(5.743604557740E0,3.800752484057E0,-1.477022328681E1));
#2506=CARTESIAN_POINT('',(5.451662322273E0,4.278699701732E0,-1.472729713278E1));
#2507=CARTESIAN_POINT('',(5.121377427083E0,4.732177749585E0,-1.468456171063E1));
#2508=CARTESIAN_POINT('',(4.753704469390E0,5.159652464488E0,-1.464187088189E1));
#2509=CARTESIAN_POINT('',(4.350480380183E0,5.558277621787E0,-1.459920011281E1));
#2510=CARTESIAN_POINT('',(3.913372176511E0,5.925494782046E0,-1.455649485535E1));
#2511=CARTESIAN_POINT('',(3.447467357246E0,6.256704832738E0,-1.451398833895E1));
#2512=CARTESIAN_POINT('',(2.953923276335E0,6.550948515052E0,-1.447151310354E1));
#2513=CARTESIAN_POINT('',(2.436200638811E0,6.805650799175E0,-1.442911185517E1));
#2514=CARTESIAN_POINT('',(1.897419965320E0,7.018985430343E0,-1.438677480709E1));
#2515=CARTESIAN_POINT('',(1.340478130119E0,7.189335561987E0,-1.434446929998E1));
#2516=CARTESIAN_POINT('',(7.699282857485E-1,7.315078945252E0,
-1.430227425486E1));
#2517=CARTESIAN_POINT('',(1.864760706793E-1,7.395461976831E0,
-1.425998059072E1));
#2518=CARTESIAN_POINT('',(-4.022776236633E-1,7.429017690008E0,
-1.421787370023E1));
#2519=CARTESIAN_POINT('',(-9.940448019735E-1,7.415612675150E0,
-1.417584564618E1));
#2520=CARTESIAN_POINT('',(-1.584957856993E0,7.355098083657E0,
-1.413390470209E1));
#2521=CARTESIAN_POINT('',(-2.173592326991E0,7.247054686688E0,
-1.409188255919E1));
#2522=CARTESIAN_POINT('',(-2.559998001924E0,7.143836204609E0,
-1.406395425411E1));
#2523=CARTESIAN_POINT('',(-2.751240863325E0,7.084537649838E0,-1.405E1));
#2525=CARTESIAN_POINT('',(0.E0,0.E0,-1.481318488709E1));
#2526=DIRECTION('',(0.E0,0.E0,-1.E0));
#2527=DIRECTION('',(-4.827885936919E-1,8.757369318471E-1,0.E0));
#2528=AXIS2_PLACEMENT_3D('',#2525,#2526,#2527);
#2530=CARTESIAN_POINT('',(-6.75E0,1.672260283501E0,-1.469593971440E1));
#2531=CARTESIAN_POINT('',(-6.705043521336E0,1.839033220745E0,
-1.469947268228E1));
#2532=CARTESIAN_POINT('',(-6.602673666872E0,2.169217960607E0,
-1.470654398898E1));
#2533=CARTESIAN_POINT('',(-6.413125997533E0,2.650621031977E0,
-1.471714330184E1));
#2534=CARTESIAN_POINT('',(-6.187175955305E0,3.118616560734E0,
-1.472780624738E1));
#2535=CARTESIAN_POINT('',(-5.926507123365E0,3.568676061205E0,
-1.473849403763E1));
#2536=CARTESIAN_POINT('',(-5.633297867333E0,3.997070519417E0,
-1.474917845418E1));
#2537=CARTESIAN_POINT('',(-5.310668192293E0,4.399965688142E0,
-1.475981814438E1));
#2538=CARTESIAN_POINT('',(-4.959748120919E0,4.776795582868E0,
-1.477044880744E1));
#2539=CARTESIAN_POINT('',(-4.579986952739E0,5.127778903581E0,
-1.478114122330E1));
#2540=CARTESIAN_POINT('',(-4.174959039865E0,5.449113313465E0,
-1.479184815888E1));
#2541=CARTESIAN_POINT('',(-3.748017295918E0,5.738300035861E0,
-1.480254386157E1));
#2542=CARTESIAN_POINT('',(-3.451549804576E0,5.908154649504E0,
-1.480964189816E1));
#2543=CARTESIAN_POINT('',(-3.300736353696E0,5.987251490590E0,
-1.481318488709E1));
#2545=DIRECTION('',(0.E0,0.E0,1.E0));
#2546=VECTOR('',#2545,1.2E0);
#2547=CARTESIAN_POINT('',(6.65E0,0.E0,-1.62E1));
#2548=LINE('',#2547,#2546);
#2549=DIRECTION('',(0.E0,0.E0,1.E0));
#2550=VECTOR('',#2549,1.2E0);
#2551=CARTESIAN_POINT('',(-6.65E0,0.E0,-1.62E1));
#2552=LINE('',#2551,#2550);
#2553=CARTESIAN_POINT('',(0.E0,0.E0,-1.62E1));
#2554=DIRECTION('',(0.E0,0.E0,-1.E0));
#2555=DIRECTION('',(-1.E0,0.E0,0.E0));
#2556=AXIS2_PLACEMENT_3D('',#2553,#2554,#2555);
#2558=CARTESIAN_POINT('',(0.E0,0.E0,-1.62E1));
#2559=DIRECTION('',(0.E0,0.E0,-1.E0));
#2560=DIRECTION('',(0.E0,1.E0,0.E0));
#2561=AXIS2_PLACEMENT_3D('',#2558,#2559,#2560);
#2563=CARTESIAN_POINT('',(0.E0,0.E0,-1.62E1));
#2564=DIRECTION('',(0.E0,0.E0,-1.E0));
#2565=DIRECTION('',(1.E0,0.E0,0.E0));
#2566=AXIS2_PLACEMENT_3D('',#2563,#2564,#2565);
#2568=CARTESIAN_POINT('',(0.E0,0.E0,-1.62E1));
#2569=DIRECTION('',(0.E0,0.E0,-1.E0));
#2570=DIRECTION('',(0.E0,-1.E0,0.E0));
#2571=AXIS2_PLACEMENT_3D('',#2568,#2569,#2570);
#2573=DIRECTION('',(0.E0,1.E0,0.E0));
#2574=VECTOR('',#2573,3.709447398198E0);
#2575=CARTESIAN_POINT('',(-8.5E0,-1.854723699099E0,-1.72E1));
#2576=LINE('',#2575,#2574);
#2577=CARTESIAN_POINT('',(0.E0,0.E0,-1.72E1));
#2578=DIRECTION('',(0.E0,0.E0,-1.E0));
#2579=DIRECTION('',(-9.770114942529E-1,2.131866320804E-1,0.E0));
#2580=AXIS2_PLACEMENT_3D('',#2577,#2578,#2579);
#2582=DIRECTION('',(-8.660254037844E-1,-5.E-1,0.E0));
#2583=VECTOR('',#2582,3.709447398198E0);
#2584=CARTESIAN_POINT('',(-2.643762159579E0,8.288577781717E0,-1.72E1));
#2585=LINE('',#2584,#2583);
#2586=DIRECTION('',(8.660254037844E-1,-5.E-1,0.E0));
#2587=VECTOR('',#2586,3.709447398198E0);
#2588=CARTESIAN_POINT('',(2.643762159579E0,8.288577781717E0,-1.72E1));
#2589=LINE('',#2588,#2587);
#2590=CARTESIAN_POINT('',(0.E0,0.E0,-1.72E1));
#2591=DIRECTION('',(0.E0,0.E0,-1.E0));
#2592=DIRECTION('',(6.731307862553E-1,7.395234577722E-1,0.E0));
#2593=AXIS2_PLACEMENT_3D('',#2590,#2591,#2592);
#2595=DIRECTION('',(0.E0,-1.E0,0.E0));
#2596=VECTOR('',#2595,3.709447398198E0);
#2597=CARTESIAN_POINT('',(8.5E0,1.854723699099E0,-1.72E1));
#2598=LINE('',#2597,#2596);
#2599=CARTESIAN_POINT('',(0.E0,0.E0,-1.72E1));
#2600=DIRECTION('',(0.E0,0.E0,-1.E0));
#2601=DIRECTION('',(9.770114942529E-1,-2.131866320804E-1,0.E0));
#2602=AXIS2_PLACEMENT_3D('',#2599,#2600,#2601);
#2604=DIRECTION('',(8.660254037844E-1,5.E-1,0.E0));
#2605=VECTOR('',#2604,3.709447398198E0);
#2606=CARTESIAN_POINT('',(2.643762159579E0,-8.288577781717E0,-1.72E1));
#2607=LINE('',#2606,#2605);
#2608=DIRECTION('',(-8.660254037844E-1,5.E-1,0.E0));
#2609=VECTOR('',#2608,3.709447398198E0);
#2610=CARTESIAN_POINT('',(-2.643762159579E0,-8.288577781717E0,-1.72E1));
#2611=LINE('',#2610,#2609);
#2612=CARTESIAN_POINT('',(0.E0,0.E0,-1.72E1));
#2613=DIRECTION('',(0.E0,0.E0,-1.E0));
#2614=DIRECTION('',(-6.731307862553E-1,-7.395234577722E-1,0.E0));
#2615=AXIS2_PLACEMENT_3D('',#2612,#2613,#2614);
#2617=CARTESIAN_POINT('',(0.E0,0.E0,-1.72E1));
#2618=DIRECTION('',(0.E0,0.E0,-1.E0));
#2619=DIRECTION('',(0.E0,1.E0,0.E0));
#2620=AXIS2_PLACEMENT_3D('',#2617,#2618,#2619);
#2622=CARTESIAN_POINT('',(0.E0,0.E0,-1.72E1));
#2623=DIRECTION('',(0.E0,0.E0,-1.E0));
#2624=DIRECTION('',(0.E0,-1.E0,0.E0));
#2625=AXIS2_PLACEMENT_3D('',#2622,#2623,#2624);
#2627=CARTESIAN_POINT('',(-8.5E0,-2.958039891550E0,-1.902679491924E1));
#2628=CARTESIAN_POINT('',(-8.5E0,-2.834854972946E0,-1.905017028584E1));
#2629=CARTESIAN_POINT('',(-8.5E0,-2.588898649007E0,-1.909423490754E1));
#2630=CARTESIAN_POINT('',(-8.5E0,-2.221541797288E0,-1.915201040379E1));
#2631=CARTESIAN_POINT('',(-8.5E0,-1.976911281129E0,-1.918496074192E1));
#2632=CARTESIAN_POINT('',(-8.5E0,-1.854723699099E0,-1.92E1));
#2634=CARTESIAN_POINT('',(-8.5E0,1.854723699099E0,-1.92E1));
#2635=CARTESIAN_POINT('',(-8.5E0,1.976992582608E0,-1.918495073507E1));
#2636=CARTESIAN_POINT('',(-8.5E0,2.221731242471E0,-1.915198342020E1));
#2637=CARTESIAN_POINT('',(-8.5E0,2.589104299851E0,-1.909419972338E1));
#2638=CARTESIAN_POINT('',(-8.5E0,2.834942897881E0,-1.905015360135E1));
#2639=CARTESIAN_POINT('',(-8.5E0,2.958039891550E0,-1.902679491924E1));
#2641=CARTESIAN_POINT('',(-8.5E0,1.854723699099E0,-1.72E1));
#2642=CARTESIAN_POINT('',(-8.5E0,1.976992582608E0,-1.721504926493E1));
#2643=CARTESIAN_POINT('',(-8.5E0,2.221731242471E0,-1.724801657980E1));
#2644=CARTESIAN_POINT('',(-8.5E0,2.589104299851E0,-1.730580027662E1));
#2645=CARTESIAN_POINT('',(-8.5E0,2.834942897881E0,-1.734984639865E1));
#2646=CARTESIAN_POINT('',(-8.5E0,2.958039891550E0,-1.737320508076E1));
#2648=CARTESIAN_POINT('',(-8.5E0,-2.958039891550E0,-1.737320508076E1));
#2649=CARTESIAN_POINT('',(-8.5E0,-2.834854972946E0,-1.734982971416E1));
#2650=CARTESIAN_POINT('',(-8.5E0,-2.588898649007E0,-1.730576509246E1));
#2651=CARTESIAN_POINT('',(-8.5E0,-2.221541797288E0,-1.724798959621E1));
#2652=CARTESIAN_POINT('',(-8.5E0,-1.976911281129E0,-1.721503925808E1));
#2653=CARTESIAN_POINT('',(-8.5E0,-1.854723699099E0,-1.72E1));
#2655=DIRECTION('',(0.E0,0.E0,-1.E0));
#2656=VECTOR('',#2655,1.653589838486E0);
#2657=CARTESIAN_POINT('',(-8.5E0,-2.958039891550E0,-1.737320508076E1));
#2658=LINE('',#2657,#2656);
#2659=CARTESIAN_POINT('',(0.E0,0.E0,-1.737320508076E1));
#2660=DIRECTION('',(0.E0,0.E0,-1.E0));
#2661=DIRECTION('',(-7.568597434989E-1,-6.535773318214E-1,0.E0));
#2662=AXIS2_PLACEMENT_3D('',#2659,#2660,#2661);
#2664=DIRECTION('',(0.E0,0.E0,-1.E0));
#2665=VECTOR('',#2664,1.653589838486E0);
#2666=CARTESIAN_POINT('',(-6.811737691490E0,-5.882195986393E0,
-1.737320508076E1));
#2667=LINE('',#2666,#2665);
#2668=CARTESIAN_POINT('',(0.E0,0.E0,-1.902679491924E1));
#2669=DIRECTION('',(0.E0,0.E0,-1.E0));
#2670=DIRECTION('',(-7.568597434989E-1,-6.535773318214E-1,0.E0));
#2671=AXIS2_PLACEMENT_3D('',#2668,#2669,#2670);
#2673=DIRECTION('',(0.E0,0.E0,-1.E0));
#2674=VECTOR('',#2673,1.653589838486E0);
#2675=CARTESIAN_POINT('',(8.5E0,-2.958039891550E0,-1.737320508076E1));
#2676=LINE('',#2675,#2674);
#2677=CARTESIAN_POINT('',(0.E0,0.E0,-1.902679491924E1));
#2678=DIRECTION('',(0.E0,0.E0,-1.E0));
#2679=DIRECTION('',(9.444444444444E-1,-3.286710990611E-1,0.E0));
#2680=AXIS2_PLACEMENT_3D('',#2677,#2678,#2679);
#2682=DIRECTION('',(0.E0,0.E0,-1.E0));
#2683=VECTOR('',#2682,1.653589838486E0);
#2684=CARTESIAN_POINT('',(6.811737691490E0,-5.882195986393E0,
-1.737320508076E1));
#2685=LINE('',#2684,#2683);
#2686=CARTESIAN_POINT('',(0.E0,0.E0,-1.737320508076E1));
#2687=DIRECTION('',(0.E0,0.E0,-1.E0));
#2688=DIRECTION('',(9.444444444444E-1,-3.286710990611E-1,0.E0));
#2689=AXIS2_PLACEMENT_3D('',#2686,#2687,#2688);
#2691=DIRECTION('',(0.E0,0.E0,-1.E0));
#2692=VECTOR('',#2691,1.653589838486E0);
#2693=CARTESIAN_POINT('',(1.688262308510E0,-8.840235877943E0,
-1.737320508076E1));
#2694=LINE('',#2693,#2692);
#2695=DIRECTION('',(0.E0,0.E0,-1.E0));
#2696=VECTOR('',#2695,1.653589838486E0);
#2697=CARTESIAN_POINT('',(-1.688262308510E0,-8.840235877943E0,
-1.737320508076E1));
#2698=LINE('',#2697,#2696);
#2699=CARTESIAN_POINT('',(0.E0,0.E0,-1.737320508076E1));
#2700=DIRECTION('',(0.E0,0.E0,-1.E0));
#2701=DIRECTION('',(1.875847009456E-1,-9.822484308825E-1,0.E0));
#2702=AXIS2_PLACEMENT_3D('',#2699,#2700,#2701);
#2704=CARTESIAN_POINT('',(0.E0,0.E0,-1.72E1));
#2705=DIRECTION('',(0.E0,0.E0,1.E0));
#2706=DIRECTION('',(-3.038807079976E-1,-9.527100898526E-1,0.E0));
#2707=AXIS2_PLACEMENT_3D('',#2704,#2705,#2706);
#2709=CARTESIAN_POINT('',(0.E0,0.E0,-1.72E1));
#2710=DIRECTION('',(0.E0,0.E0,1.E0));
#2711=DIRECTION('',(3.038807079976E-1,9.527100898526E-1,0.E0));
#2712=AXIS2_PLACEMENT_3D('',#2709,#2710,#2711);
#2714=CARTESIAN_POINT('',(0.E0,0.E0,-1.737320508076E1));
#2715=DIRECTION('',(0.E0,0.E0,-1.E0));
#2716=DIRECTION('',(-1.875847009456E-1,9.822484308825E-1,0.E0));
#2717=AXIS2_PLACEMENT_3D('',#2714,#2715,#2716);
#2719=DIRECTION('',(0.E0,0.E0,-1.E0));
#2720=VECTOR('',#2719,1.653589838486E0);
#2721=CARTESIAN_POINT('',(-8.5E0,2.958039891550E0,-1.737320508076E1));
#2722=LINE('',#2721,#2720);
#2723=CARTESIAN_POINT('',(0.E0,0.E0,-1.902679491924E1));
#2724=DIRECTION('',(0.E0,0.E0,-1.E0));
#2725=DIRECTION('',(-9.444444444444E-1,3.286710990611E-1,0.E0));
#2726=AXIS2_PLACEMENT_3D('',#2723,#2724,#2725);
#2728=DIRECTION('',(0.E0,0.E0,-1.E0));
#2729=VECTOR('',#2728,1.653589838486E0);
#2730=CARTESIAN_POINT('',(-6.811737691490E0,5.882195986393E0,
-1.737320508076E1));
#2731=LINE('',#2730,#2729);
#2732=CARTESIAN_POINT('',(0.E0,0.E0,-1.737320508076E1));
#2733=DIRECTION('',(0.E0,0.E0,-1.E0));
#2734=DIRECTION('',(-9.444444444444E-1,3.286710990611E-1,0.E0));
#2735=AXIS2_PLACEMENT_3D('',#2732,#2733,#2734);
#2737=DIRECTION('',(0.E0,0.E0,-1.E0));
#2738=VECTOR('',#2737,1.653589838486E0);
#2739=CARTESIAN_POINT('',(-1.688262308510E0,8.840235877943E0,
-1.737320508076E1));
#2740=LINE('',#2739,#2738);
#2741=DIRECTION('',(0.E0,0.E0,-1.E0));
#2742=VECTOR('',#2741,1.653589838486E0);
#2743=CARTESIAN_POINT('',(1.688262308510E0,8.840235877943E0,-1.737320508076E1));
#2744=LINE('',#2743,#2742);
#2745=DIRECTION('',(0.E0,0.E0,-1.E0));
#2746=VECTOR('',#2745,1.653589838486E0);
#2747=CARTESIAN_POINT('',(6.811737691490E0,5.882195986393E0,-1.737320508076E1));
#2748=LINE('',#2747,#2746);
#2749=CARTESIAN_POINT('',(0.E0,0.E0,-1.902679491924E1));
#2750=DIRECTION('',(0.E0,0.E0,-1.E0));
#2751=DIRECTION('',(7.568597434989E-1,6.535773318214E-1,0.E0));
#2752=AXIS2_PLACEMENT_3D('',#2749,#2750,#2751);
#2754=DIRECTION('',(0.E0,0.E0,-1.E0));
#2755=VECTOR('',#2754,1.653589838486E0);
#2756=CARTESIAN_POINT('',(8.5E0,2.958039891550E0,-1.737320508076E1));
#2757=LINE('',#2756,#2755);
#2758=CARTESIAN_POINT('',(0.E0,0.E0,-1.737320508076E1));
#2759=DIRECTION('',(0.E0,0.E0,-1.E0));
#2760=DIRECTION('',(7.568597434989E-1,6.535773318214E-1,0.E0));
#2761=AXIS2_PLACEMENT_3D('',#2758,#2759,#2760);
#2763=CARTESIAN_POINT('',(0.E0,0.E0,-1.902679491924E1));
#2764=DIRECTION('',(0.E0,0.E0,1.E0));
#2765=DIRECTION('',(1.875847009456E-1,9.822484308825E-1,0.E0));
#2766=AXIS2_PLACEMENT_3D('',#2763,#2764,#2765);
#2768=CARTESIAN_POINT('',(0.E0,0.E0,-1.92E1));
#2769=DIRECTION('',(0.E0,0.E0,-1.E0));
#2770=DIRECTION('',(-3.038807079976E-1,9.527100898526E-1,0.E0));
#2771=AXIS2_PLACEMENT_3D('',#2768,#2769,#2770);
#2773=CARTESIAN_POINT('',(0.E0,0.E0,-1.92E1));
#2774=DIRECTION('',(0.E0,0.E0,-1.E0));
#2775=DIRECTION('',(3.038807079976E-1,-9.527100898526E-1,0.E0));
#2776=AXIS2_PLACEMENT_3D('',#2773,#2774,#2775);
#2778=CARTESIAN_POINT('',(0.E0,0.E0,-1.902679491924E1));
#2779=DIRECTION('',(0.E0,0.E0,1.E0));
#2780=DIRECTION('',(-1.875847009456E-1,-9.822484308825E-1,0.E0));
#2781=AXIS2_PLACEMENT_3D('',#2778,#2779,#2780);
#2783=CARTESIAN_POINT('',(0.E0,0.E0,-1.92E1));
#2784=DIRECTION('',(0.E0,0.E0,-1.E0));
#2785=DIRECTION('',(1.E0,0.E0,0.E0));
#2786=AXIS2_PLACEMENT_3D('',#2783,#2784,#2785);
#2788=CARTESIAN_POINT('',(0.E0,0.E0,-1.92E1));
#2789=DIRECTION('',(0.E0,0.E0,1.E0));
#2790=DIRECTION('',(1.E0,0.E0,0.E0));
#2791=AXIS2_PLACEMENT_3D('',#2788,#2789,#2790);
#2793=DIRECTION('',(0.E0,1.E0,0.E0));
#2794=VECTOR('',#2793,3.709447398198E0);
#2795=CARTESIAN_POINT('',(-8.5E0,-1.854723699099E0,-1.92E1));
#2796=LINE('',#2795,#2794);
#2797=CARTESIAN_POINT('',(0.E0,0.E0,-1.92E1));
#2798=DIRECTION('',(0.E0,0.E0,-1.E0));
#2799=DIRECTION('',(-6.731307862553E-1,-7.395234577722E-1,0.E0));
#2800=AXIS2_PLACEMENT_3D('',#2797,#2798,#2799);
#2802=DIRECTION('',(-8.660254037844E-1,5.E-1,0.E0));
#2803=VECTOR('',#2802,3.709447398198E0);
#2804=CARTESIAN_POINT('',(-2.643762159579E0,-8.288577781717E0,-1.92E1));
#2805=LINE('',#2804,#2803);
#2806=DIRECTION('',(8.660254037844E-1,5.E-1,0.E0));
#2807=VECTOR('',#2806,3.709447398198E0);
#2808=CARTESIAN_POINT('',(2.643762159579E0,-8.288577781717E0,-1.92E1));
#2809=LINE('',#2808,#2807);
#2810=CARTESIAN_POINT('',(0.E0,0.E0,-1.92E1));
#2811=DIRECTION('',(0.E0,0.E0,-1.E0));
#2812=DIRECTION('',(9.770114942529E-1,-2.131866320804E-1,0.E0));
#2813=AXIS2_PLACEMENT_3D('',#2810,#2811,#2812);
#2815=DIRECTION('',(0.E0,-1.E0,0.E0));
#2816=VECTOR('',#2815,3.709447398198E0);
#2817=CARTESIAN_POINT('',(8.5E0,1.854723699099E0,-1.92E1));
#2818=LINE('',#2817,#2816);
#2819=CARTESIAN_POINT('',(0.E0,0.E0,-1.92E1));
#2820=DIRECTION('',(0.E0,0.E0,-1.E0));
#2821=DIRECTION('',(6.731307862553E-1,7.395234577722E-1,0.E0));
#2822=AXIS2_PLACEMENT_3D('',#2819,#2820,#2821);
#2824=DIRECTION('',(8.660254037844E-1,-5.E-1,0.E0));
#2825=VECTOR('',#2824,3.709447398198E0);
#2826=CARTESIAN_POINT('',(2.643762159579E0,8.288577781717E0,-1.92E1));
#2827=LINE('',#2826,#2825);
#2828=DIRECTION('',(-8.660254037844E-1,-5.E-1,0.E0));
#2829=VECTOR('',#2828,3.709447398198E0);
#2830=CARTESIAN_POINT('',(-2.643762159579E0,8.288577781717E0,-1.92E1));
#2831=LINE('',#2830,#2829);
#2832=CARTESIAN_POINT('',(0.E0,0.E0,-1.92E1));
#2833=DIRECTION('',(0.E0,0.E0,-1.E0));
#2834=DIRECTION('',(-9.770114942529E-1,2.131866320804E-1,0.E0));
#2835=AXIS2_PLACEMENT_3D('',#2832,#2833,#2834);
#2837=CARTESIAN_POINT('',(0.E0,0.E0,-2.E1));
#2838=DIRECTION('',(0.E0,0.E0,-1.E0));
#2839=DIRECTION('',(1.E0,0.E0,0.E0));
#2840=AXIS2_PLACEMENT_3D('',#2837,#2838,#2839);
#2842=DIRECTION('',(0.E0,0.E0,1.E0));
#2843=VECTOR('',#2842,8.E-1);
#2844=CARTESIAN_POINT('',(6.65E0,0.E0,-2.E1));
#2845=LINE('',#2844,#2843);
#2846=DIRECTION('',(0.E0,0.E0,1.E0));
#2847=VECTOR('',#2846,8.E-1);
#2848=CARTESIAN_POINT('',(-6.65E0,0.E0,-2.E1));
#2849=LINE('',#2848,#2847);
#2850=CARTESIAN_POINT('',(0.E0,0.E0,-2.E1));
#2851=DIRECTION('',(0.E0,0.E0,1.E0));
#2852=DIRECTION('',(1.E0,0.E0,0.E0));
#2853=AXIS2_PLACEMENT_3D('',#2850,#2851,#2852);
#2855=CARTESIAN_POINT('',(1.497757346291E0,2.306344061850E0,-2.E1));
#2856=DIRECTION('',(0.E0,0.E0,-1.E0));
#2857=DIRECTION('',(0.E0,1.E0,0.E0));
#2858=AXIS2_PLACEMENT_3D('',#2855,#2856,#2857);
#2860=CARTESIAN_POINT('',(1.497757346291E0,2.306344061850E0,-2.E1));
#2861=DIRECTION('',(0.E0,0.E0,-1.E0));
#2862=DIRECTION('',(0.E0,-1.E0,0.E0));
#2863=AXIS2_PLACEMENT_3D('',#2860,#2861,#2862);
#2865=CARTESIAN_POINT('',(2.723237189039E0,3.827260276402E-1,-2.E1));
#2866=DIRECTION('',(0.E0,0.E0,-1.E0));
#2867=DIRECTION('',(0.E0,1.E0,0.E0));
#2868=AXIS2_PLACEMENT_3D('',#2865,#2866,#2867);
#2870=CARTESIAN_POINT('',(2.723237189039E0,3.827260276402E-1,-2.E1));
#2871=DIRECTION('',(0.E0,0.E0,-1.E0));
#2872=DIRECTION('',(0.E0,-1.E0,0.E0));
#2873=AXIS2_PLACEMENT_3D('',#2870,#2871,#2872);
#2875=CARTESIAN_POINT('',(2.075451345613E0,-1.804162329724E0,-2.E1));
#2876=DIRECTION('',(0.E0,0.E0,-1.E0));
#2877=DIRECTION('',(0.E0,1.E0,0.E0));
#2878=AXIS2_PLACEMENT_3D('',#2875,#2876,#2877);
#2880=CARTESIAN_POINT('',(2.075451345613E0,-1.804162329724E0,-2.E1));
#2881=DIRECTION('',(0.E0,0.E0,-1.E0));
#2882=DIRECTION('',(0.E0,-1.E0,0.E0));
#2883=AXIS2_PLACEMENT_3D('',#2880,#2881,#2882);
#2885=CARTESIAN_POINT('',(0.E0,-2.75E0,-2.E1));
#2886=DIRECTION('',(0.E0,0.E0,-1.E0));
#2887=DIRECTION('',(0.E0,1.E0,0.E0));
#2888=AXIS2_PLACEMENT_3D('',#2885,#2886,#2887);
#2890=CARTESIAN_POINT('',(0.E0,-2.75E0,-2.E1));
#2891=DIRECTION('',(0.E0,0.E0,-1.E0));
#2892=DIRECTION('',(0.E0,-1.E0,0.E0));
#2893=AXIS2_PLACEMENT_3D('',#2890,#2891,#2892);
#2895=CARTESIAN_POINT('',(-2.075451345613E0,-1.804162329724E0,-2.E1));
#2896=DIRECTION('',(0.E0,0.E0,-1.E0));
#2897=DIRECTION('',(0.E0,1.E0,0.E0));
#2898=AXIS2_PLACEMENT_3D('',#2895,#2896,#2897);
#2900=CARTESIAN_POINT('',(-2.075451345613E0,-1.804162329724E0,-2.E1));
#2901=DIRECTION('',(0.E0,0.E0,-1.E0));
#2902=DIRECTION('',(0.E0,-1.E0,0.E0));
#2903=AXIS2_PLACEMENT_3D('',#2900,#2901,#2902);
#2905=CARTESIAN_POINT('',(-2.723237189039E0,3.827260276402E-1,-2.E1));
#2906=DIRECTION('',(0.E0,0.E0,-1.E0));
#2907=DIRECTION('',(0.E0,1.E0,0.E0));
#2908=AXIS2_PLACEMENT_3D('',#2905,#2906,#2907);
#2910=CARTESIAN_POINT('',(-2.723237189039E0,3.827260276402E-1,-2.E1));
#2911=DIRECTION('',(0.E0,0.E0,-1.E0));
#2912=DIRECTION('',(0.E0,-1.E0,0.E0));
#2913=AXIS2_PLACEMENT_3D('',#2910,#2911,#2912);
#2915=CARTESIAN_POINT('',(-1.497757346291E0,2.306344061850E0,-2.E1));
#2916=DIRECTION('',(0.E0,0.E0,-1.E0));
#2917=DIRECTION('',(0.E0,1.E0,0.E0));
#2918=AXIS2_PLACEMENT_3D('',#2915,#2916,#2917);
#2920=CARTESIAN_POINT('',(-1.497757346291E0,2.306344061850E0,-2.E1));
#2921=DIRECTION('',(0.E0,0.E0,-1.E0));
#2922=DIRECTION('',(0.E0,-1.E0,0.E0));
#2923=AXIS2_PLACEMENT_3D('',#2920,#2921,#2922);
#2925=CARTESIAN_POINT('',(0.E0,0.E0,-2.E1));
#2926=DIRECTION('',(0.E0,0.E0,-1.E0));
#2927=DIRECTION('',(0.E0,1.E0,0.E0));
#2928=AXIS2_PLACEMENT_3D('',#2925,#2926,#2927);
#2930=CARTESIAN_POINT('',(0.E0,0.E0,-2.E1));
#2931=DIRECTION('',(0.E0,0.E0,-1.E0));
#2932=DIRECTION('',(0.E0,-1.E0,0.E0));
#2933=AXIS2_PLACEMENT_3D('',#2930,#2931,#2932);
#2935=CARTESIAN_POINT('',(1.497757346291E0,2.306344061850E0,-2.3E1));
#2936=DIRECTION('',(0.E0,0.E0,-1.E0));
#2937=DIRECTION('',(0.E0,1.E0,0.E0));
#2938=AXIS2_PLACEMENT_3D('',#2935,#2936,#2937);
#2940=DIRECTION('',(0.E0,0.E0,1.E0));
#2941=VECTOR('',#2940,3.E0);
#2942=CARTESIAN_POINT('',(1.497757346291E0,2.806344061850E0,-2.3E1));
#2943=LINE('',#2942,#2941);
#2944=DIRECTION('',(0.E0,0.E0,1.E0));
#2945=VECTOR('',#2944,3.E0);
#2946=CARTESIAN_POINT('',(1.497757346291E0,1.806344061850E0,-2.3E1));
#2947=LINE('',#2946,#2945);
#2948=CARTESIAN_POINT('',(1.497757346291E0,2.306344061850E0,-2.3E1));
#2949=DIRECTION('',(0.E0,0.E0,1.E0));
#2950=DIRECTION('',(0.E0,1.E0,0.E0));
#2951=AXIS2_PLACEMENT_3D('',#2948,#2949,#2950);
#2953=CARTESIAN_POINT('',(1.497757346291E0,2.306344061850E0,-2.3E1));
#2954=DIRECTION('',(0.E0,0.E0,1.E0));
#2955=DIRECTION('',(0.E0,1.E0,0.E0));
#2956=AXIS2_PLACEMENT_3D('',#2953,#2954,#2955);
#2958=CARTESIAN_POINT('',(1.497757346291E0,2.306344061850E0,-2.3E1));
#2959=DIRECTION('',(0.E0,0.E0,-1.E0));
#2960=DIRECTION('',(0.E0,1.E0,0.E0));
#2961=AXIS2_PLACEMENT_3D('',#2958,#2959,#2960);
#2963=DIRECTION('',(0.E0,0.E0,1.E0));
#2964=VECTOR('',#2963,3.E0);
#2965=CARTESIAN_POINT('',(1.497757346291E0,2.606344061850E0,-2.6E1));
#2966=LINE('',#2965,#2964);
#2967=DIRECTION('',(0.E0,0.E0,1.E0));
#2968=VECTOR('',#2967,3.E0);
#2969=CARTESIAN_POINT('',(1.497757346291E0,2.006344061850E0,-2.6E1));
#2970=LINE('',#2969,#2968);
#2971=CARTESIAN_POINT('',(1.497757346291E0,2.306344061850E0,-2.6E1));
#2972=DIRECTION('',(0.E0,0.E0,1.E0));
#2973=DIRECTION('',(0.E0,1.E0,0.E0));
#2974=AXIS2_PLACEMENT_3D('',#2971,#2972,#2973);
#2976=CARTESIAN_POINT('',(1.497757346291E0,2.306344061850E0,-2.6E1));
#2977=DIRECTION('',(0.E0,0.E0,-1.E0));
#2978=DIRECTION('',(0.E0,1.E0,0.E0));
#2979=AXIS2_PLACEMENT_3D('',#2976,#2977,#2978);
#2981=CARTESIAN_POINT('',(2.723237189039E0,3.827260276402E-1,-2.3E1));
#2982=DIRECTION('',(0.E0,0.E0,-1.E0));
#2983=DIRECTION('',(0.E0,1.E0,0.E0));
#2984=AXIS2_PLACEMENT_3D('',#2981,#2982,#2983);
#2986=DIRECTION('',(0.E0,0.E0,1.E0));
#2987=VECTOR('',#2986,3.E0);
#2988=CARTESIAN_POINT('',(2.723237189039E0,-1.172739723598E-1,-2.3E1));
#2989=LINE('',#2988,#2987);
#2990=CARTESIAN_POINT('',(2.723237189039E0,3.827260276402E-1,-2.3E1));
#2991=DIRECTION('',(0.E0,0.E0,1.E0));
#2992=DIRECTION('',(0.E0,1.E0,0.E0));
#2993=AXIS2_PLACEMENT_3D('',#2990,#2991,#2992);
#2995=DIRECTION('',(0.E0,0.E0,1.E0));
#2996=VECTOR('',#2995,3.E0);
#2997=CARTESIAN_POINT('',(2.723237189039E0,8.827260276402E-1,-2.3E1));
#2998=LINE('',#2997,#2996);
#2999=CARTESIAN_POINT('',(2.723237189039E0,3.827260276402E-1,-2.3E1));
#3000=DIRECTION('',(0.E0,0.E0,1.E0));
#3001=DIRECTION('',(0.E0,1.E0,0.E0));
#3002=AXIS2_PLACEMENT_3D('',#2999,#3000,#3001);
#3004=CARTESIAN_POINT('',(2.723237189039E0,3.827260276402E-1,-2.3E1));
#3005=DIRECTION('',(0.E0,0.E0,-1.E0));
#3006=DIRECTION('',(0.E0,1.E0,0.E0));
#3007=AXIS2_PLACEMENT_3D('',#3004,#3005,#3006);
#3009=DIRECTION('',(0.E0,0.E0,1.E0));
#3010=VECTOR('',#3009,3.E0);
#3011=CARTESIAN_POINT('',(2.723237189039E0,6.827260276402E-1,-2.6E1));
#3012=LINE('',#3011,#3010);
#3013=DIRECTION('',(0.E0,0.E0,1.E0));
#3014=VECTOR('',#3013,3.E0);
#3015=CARTESIAN_POINT('',(2.723237189039E0,8.272602764018E-2,-2.6E1));
#3016=LINE('',#3015,#3014);
#3017=CARTESIAN_POINT('',(2.723237189039E0,3.827260276402E-1,-2.6E1));
#3018=DIRECTION('',(0.E0,0.E0,1.E0));
#3019=DIRECTION('',(0.E0,1.E0,0.E0));
#3020=AXIS2_PLACEMENT_3D('',#3017,#3018,#3019);
#3022=CARTESIAN_POINT('',(2.723237189039E0,3.827260276402E-1,-2.6E1));
#3023=DIRECTION('',(0.E0,0.E0,-1.E0));
#3024=DIRECTION('',(0.E0,1.E0,0.E0));
#3025=AXIS2_PLACEMENT_3D('',#3022,#3023,#3024);
#3027=CARTESIAN_POINT('',(2.075451345613E0,-1.804162329724E0,-2.3E1));
#3028=DIRECTION('',(0.E0,0.E0,-1.E0));
#3029=DIRECTION('',(0.E0,1.E0,0.E0));
#3030=AXIS2_PLACEMENT_3D('',#3027,#3028,#3029);
#3032=DIRECTION('',(0.E0,0.E0,1.E0));
#3033=VECTOR('',#3032,3.E0);
#3034=CARTESIAN_POINT('',(2.075451345613E0,-2.304162329724E0,-2.3E1));
#3035=LINE('',#3034,#3033);
#3036=CARTESIAN_POINT('',(2.075451345613E0,-1.804162329724E0,-2.3E1));
#3037=DIRECTION('',(0.E0,0.E0,1.E0));
#3038=DIRECTION('',(0.E0,1.E0,0.E0));
#3039=AXIS2_PLACEMENT_3D('',#3036,#3037,#3038);
#3041=DIRECTION('',(0.E0,0.E0,1.E0));
#3042=VECTOR('',#3041,3.E0);
#3043=CARTESIAN_POINT('',(2.075451345613E0,-1.304162329724E0,-2.3E1));
#3044=LINE('',#3043,#3042);
#3045=CARTESIAN_POINT('',(2.075451345613E0,-1.804162329724E0,-2.3E1));
#3046=DIRECTION('',(0.E0,0.E0,1.E0));
#3047=DIRECTION('',(0.E0,1.E0,0.E0));
#3048=AXIS2_PLACEMENT_3D('',#3045,#3046,#3047);
#3050=CARTESIAN_POINT('',(2.075451345613E0,-1.804162329724E0,-2.3E1));
#3051=DIRECTION('',(0.E0,0.E0,-1.E0));
#3052=DIRECTION('',(0.E0,1.E0,0.E0));
#3053=AXIS2_PLACEMENT_3D('',#3050,#3051,#3052);
#3055=DIRECTION('',(0.E0,0.E0,1.E0));
#3056=VECTOR('',#3055,3.E0);
#3057=CARTESIAN_POINT('',(2.075451345613E0,-1.504162329724E0,-2.6E1));
#3058=LINE('',#3057,#3056);
#3059=DIRECTION('',(0.E0,0.E0,1.E0));
#3060=VECTOR('',#3059,3.E0);
#3061=CARTESIAN_POINT('',(2.075451345613E0,-2.104162329724E0,-2.6E1));
#3062=LINE('',#3061,#3060);
#3063=CARTESIAN_POINT('',(2.075451345613E0,-1.804162329724E0,-2.6E1));
#3064=DIRECTION('',(0.E0,0.E0,1.E0));
#3065=DIRECTION('',(0.E0,1.E0,0.E0));
#3066=AXIS2_PLACEMENT_3D('',#3063,#3064,#3065);
#3068=CARTESIAN_POINT('',(2.075451345613E0,-1.804162329724E0,-2.6E1));
#3069=DIRECTION('',(0.E0,0.E0,-1.E0));
#3070=DIRECTION('',(0.E0,1.E0,0.E0));
#3071=AXIS2_PLACEMENT_3D('',#3068,#3069,#3070);
#3073=CARTESIAN_POINT('',(0.E0,-2.75E0,-2.3E1));
#3074=DIRECTION('',(0.E0,0.E0,-1.E0));
#3075=DIRECTION('',(0.E0,1.E0,0.E0));
#3076=AXIS2_PLACEMENT_3D('',#3073,#3074,#3075);
#3078=DIRECTION('',(0.E0,0.E0,1.E0));
#3079=VECTOR('',#3078,3.E0);
#3080=CARTESIAN_POINT('',(0.E0,-3.25E0,-2.3E1));
#3081=LINE('',#3080,#3079);
#3082=CARTESIAN_POINT('',(0.E0,-2.75E0,-2.3E1));
#3083=DIRECTION('',(0.E0,0.E0,1.E0));
#3084=DIRECTION('',(0.E0,1.E0,0.E0));
#3085=AXIS2_PLACEMENT_3D('',#3082,#3083,#3084);
#3087=DIRECTION('',(0.E0,0.E0,1.E0));
#3088=VECTOR('',#3087,3.E0);
#3089=CARTESIAN_POINT('',(0.E0,-2.25E0,-2.3E1));
#3090=LINE('',#3089,#3088);
#3091=CARTESIAN_POINT('',(0.E0,-2.75E0,-2.3E1));
#3092=DIRECTION('',(0.E0,0.E0,1.E0));
#3093=DIRECTION('',(0.E0,1.E0,0.E0));
#3094=AXIS2_PLACEMENT_3D('',#3091,#3092,#3093);
#3096=CARTESIAN_POINT('',(0.E0,-2.75E0,-2.3E1));
#3097=DIRECTION('',(0.E0,0.E0,-1.E0));
#3098=DIRECTION('',(0.E0,1.E0,0.E0));
#3099=AXIS2_PLACEMENT_3D('',#3096,#3097,#3098);
#3101=DIRECTION('',(0.E0,0.E0,1.E0));
#3102=VECTOR('',#3101,3.E0);
#3103=CARTESIAN_POINT('',(0.E0,-2.45E0,-2.6E1));
#3104=LINE('',#3103,#3102);
#3105=DIRECTION('',(0.E0,0.E0,1.E0));
#3106=VECTOR('',#3105,3.E0);
#3107=CARTESIAN_POINT('',(0.E0,-3.05E0,-2.6E1));
#3108=LINE('',#3107,#3106);
#3109=CARTESIAN_POINT('',(0.E0,-2.75E0,-2.6E1));
#3110=DIRECTION('',(0.E0,0.E0,1.E0));
#3111=DIRECTION('',(0.E0,1.E0,0.E0));
#3112=AXIS2_PLACEMENT_3D('',#3109,#3110,#3111);
#3114=CARTESIAN_POINT('',(0.E0,-2.75E0,-2.6E1));
#3115=DIRECTION('',(0.E0,0.E0,-1.E0));
#3116=DIRECTION('',(0.E0,1.E0,0.E0));
#3117=AXIS2_PLACEMENT_3D('',#3114,#3115,#3116);
#3119=CARTESIAN_POINT('',(-2.075451345613E0,-1.804162329724E0,-2.3E1));
#3120=DIRECTION('',(0.E0,0.E0,-1.E0));
#3121=DIRECTION('',(0.E0,1.E0,0.E0));
#3122=AXIS2_PLACEMENT_3D('',#3119,#3120,#3121);
#3124=DIRECTION('',(0.E0,0.E0,1.E0));
#3125=VECTOR('',#3124,3.E0);
#3126=CARTESIAN_POINT('',(-2.075451345613E0,-2.304162329724E0,-2.3E1));
#3127=LINE('',#3126,#3125);
#3128=CARTESIAN_POINT('',(-2.075451345613E0,-1.804162329724E0,-2.3E1));
#3129=DIRECTION('',(0.E0,0.E0,1.E0));
#3130=DIRECTION('',(0.E0,1.E0,0.E0));
#3131=AXIS2_PLACEMENT_3D('',#3128,#3129,#3130);
#3133=DIRECTION('',(0.E0,0.E0,1.E0));
#3134=VECTOR('',#3133,3.E0);
#3135=CARTESIAN_POINT('',(-2.075451345613E0,-1.304162329724E0,-2.3E1));
#3136=LINE('',#3135,#3134);
#3137=CARTESIAN_POINT('',(-2.075451345613E0,-1.804162329724E0,-2.3E1));
#3138=DIRECTION('',(0.E0,0.E0,1.E0));
#3139=DIRECTION('',(0.E0,1.E0,0.E0));
#3140=AXIS2_PLACEMENT_3D('',#3137,#3138,#3139);
#3142=CARTESIAN_POINT('',(-2.075451345613E0,-1.804162329724E0,-2.3E1));
#3143=DIRECTION('',(0.E0,0.E0,-1.E0));
#3144=DIRECTION('',(0.E0,1.E0,0.E0));
#3145=AXIS2_PLACEMENT_3D('',#3142,#3143,#3144);
#3147=DIRECTION('',(0.E0,0.E0,1.E0));
#3148=VECTOR('',#3147,3.E0);
#3149=CARTESIAN_POINT('',(-2.075451345613E0,-1.504162329724E0,-2.6E1));
#3150=LINE('',#3149,#3148);
#3151=DIRECTION('',(0.E0,0.E0,1.E0));
#3152=VECTOR('',#3151,3.E0);
#3153=CARTESIAN_POINT('',(-2.075451345613E0,-2.104162329724E0,-2.6E1));
#3154=LINE('',#3153,#3152);
#3155=CARTESIAN_POINT('',(-2.075451345613E0,-1.804162329724E0,-2.6E1));
#3156=DIRECTION('',(0.E0,0.E0,1.E0));
#3157=DIRECTION('',(0.E0,1.E0,0.E0));
#3158=AXIS2_PLACEMENT_3D('',#3155,#3156,#3157);
#3160=CARTESIAN_POINT('',(-2.075451345613E0,-1.804162329724E0,-2.6E1));
#3161=DIRECTION('',(0.E0,0.E0,-1.E0));
#3162=DIRECTION('',(0.E0,1.E0,0.E0));
#3163=AXIS2_PLACEMENT_3D('',#3160,#3161,#3162);
#3165=CARTESIAN_POINT('',(-2.723237189039E0,3.827260276402E-1,-2.3E1));
#3166=DIRECTION('',(0.E0,0.E0,-1.E0));
#3167=DIRECTION('',(0.E0,1.E0,0.E0));
#3168=AXIS2_PLACEMENT_3D('',#3165,#3166,#3167);
#3170=DIRECTION('',(0.E0,0.E0,1.E0));
#3171=VECTOR('',#3170,3.E0);
#3172=CARTESIAN_POINT('',(-2.723237189039E0,-1.172739723598E-1,-2.3E1));
#3173=LINE('',#3172,#3171);
#3174=CARTESIAN_POINT('',(-2.723237189039E0,3.827260276402E-1,-2.3E1));
#3175=DIRECTION('',(0.E0,0.E0,1.E0));
#3176=DIRECTION('',(0.E0,1.E0,0.E0));
#3177=AXIS2_PLACEMENT_3D('',#3174,#3175,#3176);
#3179=DIRECTION('',(0.E0,0.E0,1.E0));
#3180=VECTOR('',#3179,3.E0);
#3181=CARTESIAN_POINT('',(-2.723237189039E0,8.827260276402E-1,-2.3E1));
#3182=LINE('',#3181,#3180);
#3183=CARTESIAN_POINT('',(-2.723237189039E0,3.827260276402E-1,-2.3E1));
#3184=DIRECTION('',(0.E0,0.E0,1.E0));
#3185=DIRECTION('',(0.E0,1.E0,0.E0));
#3186=AXIS2_PLACEMENT_3D('',#3183,#3184,#3185);
#3188=CARTESIAN_POINT('',(-2.723237189039E0,3.827260276402E-1,-2.3E1));
#3189=DIRECTION('',(0.E0,0.E0,-1.E0));
#3190=DIRECTION('',(0.E0,1.E0,0.E0));
#3191=AXIS2_PLACEMENT_3D('',#3188,#3189,#3190);
#3193=DIRECTION('',(0.E0,0.E0,1.E0));
#3194=VECTOR('',#3193,3.E0);
#3195=CARTESIAN_POINT('',(-2.723237189039E0,6.827260276402E-1,-2.6E1));
#3196=LINE('',#3195,#3194);
#3197=DIRECTION('',(0.E0,0.E0,1.E0));
#3198=VECTOR('',#3197,3.E0);
#3199=CARTESIAN_POINT('',(-2.723237189039E0,8.272602764018E-2,-2.6E1));
#3200=LINE('',#3199,#3198);
#3201=CARTESIAN_POINT('',(-2.723237189039E0,3.827260276402E-1,-2.6E1));
#3202=DIRECTION('',(0.E0,0.E0,1.E0));
#3203=DIRECTION('',(0.E0,1.E0,0.E0));
#3204=AXIS2_PLACEMENT_3D('',#3201,#3202,#3203);
#3206=CARTESIAN_POINT('',(-2.723237189039E0,3.827260276402E-1,-2.6E1));
#3207=DIRECTION('',(0.E0,0.E0,-1.E0));
#3208=DIRECTION('',(0.E0,1.E0,0.E0));
#3209=AXIS2_PLACEMENT_3D('',#3206,#3207,#3208);
#3211=CARTESIAN_POINT('',(-1.497757346291E0,2.306344061850E0,-2.3E1));
#3212=DIRECTION('',(0.E0,0.E0,-1.E0));
#3213=DIRECTION('',(0.E0,1.E0,0.E0));
#3214=AXIS2_PLACEMENT_3D('',#3211,#3212,#3213);
#3216=DIRECTION('',(0.E0,0.E0,1.E0));
#3217=VECTOR('',#3216,3.E0);
#3218=CARTESIAN_POINT('',(-1.497757346291E0,1.806344061850E0,-2.3E1));
#3219=LINE('',#3218,#3217);
#3220=CARTESIAN_POINT('',(-1.497757346291E0,2.306344061850E0,-2.3E1));
#3221=DIRECTION('',(0.E0,0.E0,1.E0));
#3222=DIRECTION('',(0.E0,1.E0,0.E0));
#3223=AXIS2_PLACEMENT_3D('',#3220,#3221,#3222);
#3225=DIRECTION('',(0.E0,0.E0,1.E0));
#3226=VECTOR('',#3225,3.E0);
#3227=CARTESIAN_POINT('',(-1.497757346291E0,2.806344061850E0,-2.3E1));
#3228=LINE('',#3227,#3226);
#3229=CARTESIAN_POINT('',(-1.497757346291E0,2.306344061850E0,-2.3E1));
#3230=DIRECTION('',(0.E0,0.E0,1.E0));
#3231=DIRECTION('',(0.E0,1.E0,0.E0));
#3232=AXIS2_PLACEMENT_3D('',#3229,#3230,#3231);
#3234=CARTESIAN_POINT('',(-1.497757346291E0,2.306344061850E0,-2.3E1));
#3235=DIRECTION('',(0.E0,0.E0,-1.E0));
#3236=DIRECTION('',(0.E0,1.E0,0.E0));
#3237=AXIS2_PLACEMENT_3D('',#3234,#3235,#3236);
#3239=DIRECTION('',(0.E0,0.E0,1.E0));
#3240=VECTOR('',#3239,3.E0);
#3241=CARTESIAN_POINT('',(-1.497757346291E0,2.606344061850E0,-2.6E1));
#3242=LINE('',#3241,#3240);
#3243=DIRECTION('',(0.E0,0.E0,1.E0));
#3244=VECTOR('',#3243,3.E0);
#3245=CARTESIAN_POINT('',(-1.497757346291E0,2.006344061850E0,-2.6E1));
#3246=LINE('',#3245,#3244);
#3247=CARTESIAN_POINT('',(-1.497757346291E0,2.306344061850E0,-2.6E1));
#3248=DIRECTION('',(0.E0,0.E0,1.E0));
#3249=DIRECTION('',(0.E0,1.E0,0.E0));
#3250=AXIS2_PLACEMENT_3D('',#3247,#3248,#3249);
#3252=CARTESIAN_POINT('',(-1.497757346291E0,2.306344061850E0,-2.6E1));
#3253=DIRECTION('',(0.E0,0.E0,-1.E0));
#3254=DIRECTION('',(0.E0,1.E0,0.E0));
#3255=AXIS2_PLACEMENT_3D('',#3252,#3253,#3254);
#3257=CARTESIAN_POINT('',(0.E0,0.E0,-2.3E1));
#3258=DIRECTION('',(0.E0,0.E0,-1.E0));
#3259=DIRECTION('',(0.E0,1.E0,0.E0));
#3260=AXIS2_PLACEMENT_3D('',#3257,#3258,#3259);
#3262=DIRECTION('',(0.E0,0.E0,1.E0));
#3263=VECTOR('',#3262,3.E0);
#3264=CARTESIAN_POINT('',(0.E0,-5.E-1,-2.3E1));
#3265=LINE('',#3264,#3263);
#3266=CARTESIAN_POINT('',(0.E0,0.E0,-2.3E1));
#3267=DIRECTION('',(0.E0,0.E0,1.E0));
#3268=DIRECTION('',(0.E0,1.E0,0.E0));
#3269=AXIS2_PLACEMENT_3D('',#3266,#3267,#3268);
#3271=DIRECTION('',(0.E0,0.E0,1.E0));
#3272=VECTOR('',#3271,3.E0);
#3273=CARTESIAN_POINT('',(0.E0,5.E-1,-2.3E1));
#3274=LINE('',#3273,#3272);
#3275=CARTESIAN_POINT('',(0.E0,0.E0,-2.3E1));
#3276=DIRECTION('',(0.E0,0.E0,1.E0));
#3277=DIRECTION('',(0.E0,1.E0,0.E0));
#3278=AXIS2_PLACEMENT_3D('',#3275,#3276,#3277);
#3280=CARTESIAN_POINT('',(0.E0,0.E0,-2.3E1));
#3281=DIRECTION('',(0.E0,0.E0,-1.E0));
#3282=DIRECTION('',(0.E0,1.E0,0.E0));
#3283=AXIS2_PLACEMENT_3D('',#3280,#3281,#3282);
#3285=DIRECTION('',(0.E0,0.E0,1.E0));
#3286=VECTOR('',#3285,3.E0);
#3287=CARTESIAN_POINT('',(0.E0,3.E-1,-2.6E1));
#3288=LINE('',#3287,#3286);
#3289=DIRECTION('',(0.E0,0.E0,1.E0));
#3290=VECTOR('',#3289,3.E0);
#3291=CARTESIAN_POINT('',(0.E0,-3.E-1,-2.6E1));
#3292=LINE('',#3291,#3290);
#3293=CARTESIAN_POINT('',(0.E0,0.E0,-2.6E1));
#3294=DIRECTION('',(0.E0,0.E0,1.E0));
#3295=DIRECTION('',(0.E0,1.E0,0.E0));
#3296=AXIS2_PLACEMENT_3D('',#3293,#3294,#3295);
#3298=CARTESIAN_POINT('',(0.E0,0.E0,-2.6E1));
#3299=DIRECTION('',(0.E0,0.E0,-1.E0));
#3300=DIRECTION('',(0.E0,1.E0,0.E0));
#3301=AXIS2_PLACEMENT_3D('',#3298,#3299,#3300);
#3303=CARTESIAN_POINT('',(-1.688262308510E0,-8.840235877943E0,
-1.902679491924E1));
#3304=CARTESIAN_POINT('',(-1.794943577384E0,-8.778643418641E0,
-1.905017028584E1));
#3305=CARTESIAN_POINT('',(-2.007948002136E0,-8.655665256671E0,
-1.909423490754E1));
#3306=CARTESIAN_POINT('',(-2.326088367980E0,-8.471986830812E0,
-1.915201040379E1));
#3307=CARTESIAN_POINT('',(-2.537944609514E0,-8.349671572732E0,
-1.918496074192E1));
#3308=CARTESIAN_POINT('',(-2.643762159579E0,-8.288577781717E0,-1.92E1));
#3310=CARTESIAN_POINT('',(-5.856237840421E0,-6.433854082618E0,-1.92E1));
#3311=CARTESIAN_POINT('',(-5.962125799632E0,-6.372719640864E0,
-1.918495073507E1));
#3312=CARTESIAN_POINT('',(-6.174075696362E0,-6.250350310932E0,
-1.915198342020E1));
#3313=CARTESIAN_POINT('',(-6.492230096719E0,-6.066663782242E0,
-1.909419972338E1));
#3314=CARTESIAN_POINT('',(-6.705132567844E0,-5.943744483227E0,
-1.905015360135E1));
#3315=CARTESIAN_POINT('',(-6.811737691490E0,-5.882195986393E0,
-1.902679491924E1));
#3317=CARTESIAN_POINT('',(-5.856237840421E0,-6.433854082618E0,-1.72E1));
#3318=CARTESIAN_POINT('',(-5.962125799632E0,-6.372719640864E0,
-1.721504926493E1));
#3319=CARTESIAN_POINT('',(-6.174075696362E0,-6.250350310932E0,
-1.724801657980E1));
#3320=CARTESIAN_POINT('',(-6.492230096719E0,-6.066663782242E0,
-1.730580027662E1));
#3321=CARTESIAN_POINT('',(-6.705132567844E0,-5.943744483227E0,
-1.734984639865E1));
#3322=CARTESIAN_POINT('',(-6.811737691490E0,-5.882195986393E0,
-1.737320508076E1));
#3324=CARTESIAN_POINT('',(-1.688262308510E0,-8.840235877943E0,
-1.737320508076E1));
#3325=CARTESIAN_POINT('',(-1.794943577384E0,-8.778643418641E0,
-1.734982971416E1));
#3326=CARTESIAN_POINT('',(-2.007948002136E0,-8.655665256671E0,
-1.730576509246E1));
#3327=CARTESIAN_POINT('',(-2.326088367980E0,-8.471986830812E0,
-1.724798959621E1));
#3328=CARTESIAN_POINT('',(-2.537944609514E0,-8.349671572732E0,
-1.721503925808E1));
#3329=CARTESIAN_POINT('',(-2.643762159579E0,-8.288577781717E0,-1.72E1));
#3331=CARTESIAN_POINT('',(6.811737691490E0,-5.882195986393E0,
-1.902679491924E1));
#3332=CARTESIAN_POINT('',(6.705056422616E0,-5.943788445695E0,
-1.905017028584E1));
#3333=CARTESIAN_POINT('',(6.492051997864E0,-6.066766607664E0,
-1.909423490754E1));
#3334=CARTESIAN_POINT('',(6.173911632020E0,-6.250445033524E0,
-1.915201040379E1));
#3335=CARTESIAN_POINT('',(5.962055390486E0,-6.372760291603E0,
-1.918496074192E1));
#3336=CARTESIAN_POINT('',(5.856237840421E0,-6.433854082618E0,-1.92E1));
#3338=CARTESIAN_POINT('',(2.643762159579E0,-8.288577781717E0,-1.92E1));
#3339=CARTESIAN_POINT('',(2.537874200368E0,-8.349712223472E0,
-1.918495073507E1));
#3340=CARTESIAN_POINT('',(2.325924303638E0,-8.472081553403E0,
-1.915198342020E1));
#3341=CARTESIAN_POINT('',(2.007769903281E0,-8.655768082093E0,
-1.909419972338E1));
#3342=CARTESIAN_POINT('',(1.794867432156E0,-8.778687381108E0,
-1.905015360135E1));
#3343=CARTESIAN_POINT('',(1.688262308510E0,-8.840235877943E0,
-1.902679491924E1));
#3345=CARTESIAN_POINT('',(2.643762159579E0,-8.288577781717E0,-1.72E1));
#3346=CARTESIAN_POINT('',(2.537874200368E0,-8.349712223472E0,
-1.721504926493E1));
#3347=CARTESIAN_POINT('',(2.325924303638E0,-8.472081553403E0,
-1.724801657980E1));
#3348=CARTESIAN_POINT('',(2.007769903281E0,-8.655768082093E0,
-1.730580027662E1));
#3349=CARTESIAN_POINT('',(1.794867432156E0,-8.778687381108E0,
-1.734984639865E1));
#3350=CARTESIAN_POINT('',(1.688262308510E0,-8.840235877943E0,
-1.737320508076E1));
#3352=CARTESIAN_POINT('',(6.811737691490E0,-5.882195986393E0,
-1.737320508076E1));
#3353=CARTESIAN_POINT('',(6.705056422616E0,-5.943788445695E0,
-1.734982971416E1));
#3354=CARTESIAN_POINT('',(6.492051997864E0,-6.066766607664E0,
-1.730576509246E1));
#3355=CARTESIAN_POINT('',(6.173911632020E0,-6.250445033524E0,
-1.724798959621E1));
#3356=CARTESIAN_POINT('',(5.962055390486E0,-6.372760291603E0,
-1.721503925808E1));
#3357=CARTESIAN_POINT('',(5.856237840421E0,-6.433854082618E0,-1.72E1));
#3359=CARTESIAN_POINT('',(8.5E0,-1.854723699099E0,-1.72E1));
#3360=CARTESIAN_POINT('',(8.5E0,-1.976992582608E0,-1.721504926493E1));
#3361=CARTESIAN_POINT('',(8.5E0,-2.221731242471E0,-1.724801657980E1));
#3362=CARTESIAN_POINT('',(8.5E0,-2.589104299851E0,-1.730580027662E1));
#3363=CARTESIAN_POINT('',(8.5E0,-2.834942897881E0,-1.734984639865E1));
#3364=CARTESIAN_POINT('',(8.5E0,-2.958039891550E0,-1.737320508076E1));
#3366=CARTESIAN_POINT('',(8.5E0,2.958039891550E0,-1.737320508076E1));
#3367=CARTESIAN_POINT('',(8.5E0,2.834854972946E0,-1.734982971416E1));
#3368=CARTESIAN_POINT('',(8.5E0,2.588898649007E0,-1.730576509246E1));
#3369=CARTESIAN_POINT('',(8.5E0,2.221541797288E0,-1.724798959621E1));
#3370=CARTESIAN_POINT('',(8.5E0,1.976911281129E0,-1.721503925808E1));
#3371=CARTESIAN_POINT('',(8.5E0,1.854723699099E0,-1.72E1));
#3373=CARTESIAN_POINT('',(8.5E0,2.958039891550E0,-1.902679491924E1));
#3374=CARTESIAN_POINT('',(8.5E0,2.834854972946E0,-1.905017028584E1));
#3375=CARTESIAN_POINT('',(8.5E0,2.588898649007E0,-1.909423490754E1));
#3376=CARTESIAN_POINT('',(8.5E0,2.221541797288E0,-1.915201040379E1));
#3377=CARTESIAN_POINT('',(8.5E0,1.976911281129E0,-1.918496074192E1));
#3378=CARTESIAN_POINT('',(8.5E0,1.854723699099E0,-1.92E1));
#3380=CARTESIAN_POINT('',(8.5E0,-1.854723699099E0,-1.92E1));
#3381=CARTESIAN_POINT('',(8.5E0,-1.976992582608E0,-1.918495073507E1));
#3382=CARTESIAN_POINT('',(8.5E0,-2.221731242471E0,-1.915198342020E1));
#3383=CARTESIAN_POINT('',(8.5E0,-2.589104299851E0,-1.909419972338E1));
#3384=CARTESIAN_POINT('',(8.5E0,-2.834942897881E0,-1.905015360135E1));
#3385=CARTESIAN_POINT('',(8.5E0,-2.958039891550E0,-1.902679491924E1));
#3387=CARTESIAN_POINT('',(1.688262308510E0,8.840235877943E0,-1.902679491924E1));
#3388=CARTESIAN_POINT('',(1.794943577384E0,8.778643418641E0,-1.905017028584E1));
#3389=CARTESIAN_POINT('',(2.007948002136E0,8.655665256671E0,-1.909423490754E1));
#3390=CARTESIAN_POINT('',(2.326088367980E0,8.471986830812E0,-1.915201040379E1));
#3391=CARTESIAN_POINT('',(2.537944609514E0,8.349671572732E0,-1.918496074192E1));
#3392=CARTESIAN_POINT('',(2.643762159579E0,8.288577781717E0,-1.92E1));
#3394=CARTESIAN_POINT('',(5.856237840421E0,6.433854082618E0,-1.92E1));
#3395=CARTESIAN_POINT('',(5.962125799632E0,6.372719640864E0,-1.918495073507E1));
#3396=CARTESIAN_POINT('',(6.174075696362E0,6.250350310932E0,-1.915198342020E1));
#3397=CARTESIAN_POINT('',(6.492230096719E0,6.066663782242E0,-1.909419972338E1));
#3398=CARTESIAN_POINT('',(6.705132567844E0,5.943744483227E0,-1.905015360135E1));
#3399=CARTESIAN_POINT('',(6.811737691490E0,5.882195986393E0,-1.902679491924E1));
#3401=CARTESIAN_POINT('',(5.856237840421E0,6.433854082618E0,-1.72E1));
#3402=CARTESIAN_POINT('',(5.962125799632E0,6.372719640864E0,-1.721504926493E1));
#3403=CARTESIAN_POINT('',(6.174075696362E0,6.250350310932E0,-1.724801657980E1));
#3404=CARTESIAN_POINT('',(6.492230096719E0,6.066663782242E0,-1.730580027662E1));
#3405=CARTESIAN_POINT('',(6.705132567844E0,5.943744483227E0,-1.734984639865E1));
#3406=CARTESIAN_POINT('',(6.811737691490E0,5.882195986393E0,-1.737320508076E1));
#3408=CARTESIAN_POINT('',(1.688262308510E0,8.840235877943E0,-1.737320508076E1));
#3409=CARTESIAN_POINT('',(1.794943577384E0,8.778643418641E0,-1.734982971416E1));
#3410=CARTESIAN_POINT('',(2.007948002136E0,8.655665256671E0,-1.730576509246E1));
#3411=CARTESIAN_POINT('',(2.326088367980E0,8.471986830812E0,-1.724798959621E1));
#3412=CARTESIAN_POINT('',(2.537944609514E0,8.349671572732E0,-1.721503925808E1));
#3413=CARTESIAN_POINT('',(2.643762159579E0,8.288577781717E0,-1.72E1));
#3415=CARTESIAN_POINT('',(-6.811737691490E0,5.882195986393E0,
-1.902679491924E1));
#3416=CARTESIAN_POINT('',(-6.705056422616E0,5.943788445695E0,
-1.905017028584E1));
#3417=CARTESIAN_POINT('',(-6.492051997864E0,6.066766607664E0,
-1.909423490754E1));
#3418=CARTESIAN_POINT('',(-6.173911632020E0,6.250445033524E0,
-1.915201040379E1));
#3419=CARTESIAN_POINT('',(-5.962055390486E0,6.372760291603E0,
-1.918496074192E1));
#3420=CARTESIAN_POINT('',(-5.856237840421E0,6.433854082618E0,-1.92E1));
#3422=CARTESIAN_POINT('',(-2.643762159579E0,8.288577781717E0,-1.92E1));
#3423=CARTESIAN_POINT('',(-2.537874200368E0,8.349712223472E0,
-1.918495073507E1));
#3424=CARTESIAN_POINT('',(-2.325924303638E0,8.472081553403E0,
-1.915198342020E1));
#3425=CARTESIAN_POINT('',(-2.007769903281E0,8.655768082093E0,
-1.909419972338E1));
#3426=CARTESIAN_POINT('',(-1.794867432156E0,8.778687381108E0,
-1.905015360135E1));
#3427=CARTESIAN_POINT('',(-1.688262308510E0,8.840235877943E0,
-1.902679491924E1));
#3429=CARTESIAN_POINT('',(-2.643762159579E0,8.288577781717E0,-1.72E1));
#3430=CARTESIAN_POINT('',(-2.537874200368E0,8.349712223472E0,
-1.721504926493E1));
#3431=CARTESIAN_POINT('',(-2.325924303638E0,8.472081553403E0,
-1.724801657980E1));
#3432=CARTESIAN_POINT('',(-2.007769903281E0,8.655768082093E0,
-1.730580027662E1));
#3433=CARTESIAN_POINT('',(-1.794867432156E0,8.778687381108E0,
-1.734984639865E1));
#3434=CARTESIAN_POINT('',(-1.688262308510E0,8.840235877943E0,
-1.737320508076E1));
#3436=CARTESIAN_POINT('',(-6.811737691490E0,5.882195986393E0,
-1.737320508076E1));
#3437=CARTESIAN_POINT('',(-6.705056422616E0,5.943788445695E0,
-1.734982971416E1));
#3438=CARTESIAN_POINT('',(-6.492051997864E0,6.066766607664E0,
-1.730576509246E1));
#3439=CARTESIAN_POINT('',(-6.173911632020E0,6.250445033524E0,
-1.724798959621E1));
#3440=CARTESIAN_POINT('',(-5.962055390486E0,6.372760291603E0,
-1.721503925808E1));
#3441=CARTESIAN_POINT('',(-5.856237840421E0,6.433854082618E0,-1.72E1));
#3443=CARTESIAN_POINT('',(0.E0,7.65E0,-1.62E1));
#3444=DIRECTION('',(1.E0,0.E0,0.E0));
#3445=DIRECTION('',(0.E0,0.E0,-1.E0));
#3446=AXIS2_PLACEMENT_3D('',#3443,#3444,#3445);
#3448=CARTESIAN_POINT('',(0.E0,-7.65E0,-1.62E1));
#3449=DIRECTION('',(-1.E0,0.E0,0.E0));
#3450=DIRECTION('',(0.E0,0.E0,-1.E0));
#3451=AXIS2_PLACEMENT_3D('',#3448,#3449,#3450);
#3453=CARTESIAN_POINT('',(0.E0,0.E0,-1.37E1));
#3454=DIRECTION('',(0.E0,0.E0,-1.E0));
#3455=DIRECTION('',(-1.E0,0.E0,0.E0));
#3456=AXIS2_PLACEMENT_3D('',#3453,#3454,#3455);
#3458=CARTESIAN_POINT('',(0.E0,0.E0,-1.37E1));
#3459=DIRECTION('',(0.E0,0.E0,-1.E0));
#3460=DIRECTION('',(-5.E-1,-8.660254037844E-1,0.E0));
#3461=AXIS2_PLACEMENT_3D('',#3458,#3459,#3460);
#3463=CARTESIAN_POINT('',(0.E0,0.E0,-1.37E1));
#3464=DIRECTION('',(0.E0,0.E0,-1.E0));
#3465=DIRECTION('',(1.E0,0.E0,0.E0));
#3466=AXIS2_PLACEMENT_3D('',#3463,#3464,#3465);
#3468=CARTESIAN_POINT('',(0.E0,0.E0,-1.37E1));
#3469=DIRECTION('',(0.E0,0.E0,-1.E0));
#3470=DIRECTION('',(5.E-1,8.660254037844E-1,0.E0));
#3471=AXIS2_PLACEMENT_3D('',#3468,#3469,#3470);
#3473=CARTESIAN_POINT('',(0.E0,0.E0,-1.37E1));
#3474=DIRECTION('',(0.E0,0.E0,-1.E0));
#3475=DIRECTION('',(5.E-1,-8.660254037844E-1,0.E0));
#3476=AXIS2_PLACEMENT_3D('',#3473,#3474,#3475);
#3478=CARTESIAN_POINT('',(0.E0,0.E0,-1.344544826719E1));
#3479=DIRECTION('',(0.E0,0.E0,1.E0));
#3480=DIRECTION('',(-8.296585321635E-2,-9.965523905947E-1,0.E0));
#3481=AXIS2_PLACEMENT_3D('',#3478,#3479,#3480);
#3483=CARTESIAN_POINT('',(0.E0,0.E0,-1.344544826719E1));
#3484=DIRECTION('',(0.E0,0.E0,1.E0));
#3485=DIRECTION('',(8.296585321634E-2,9.965523905947E-1,0.E0));
#3486=AXIS2_PLACEMENT_3D('',#3483,#3484,#3485);
#3488=CARTESIAN_POINT('',(0.E0,0.E0,-1.37E1));
#3489=DIRECTION('',(0.E0,0.E0,-1.E0));
#3490=DIRECTION('',(-5.E-1,8.660254037844E-1,0.E0));
#3491=AXIS2_PLACEMENT_3D('',#3488,#3489,#3490);
#3493=CARTESIAN_POINT('',(9.E0,4.242935304715E0,-1.115455173281E1));
#3494=CARTESIAN_POINT('',(9.E0,4.038552327666E0,-1.113119884987E1));
#3495=CARTESIAN_POINT('',(9.E0,3.631345942469E0,-1.108743958694E1));
#3496=CARTESIAN_POINT('',(9.E0,3.026871856708E0,-1.103119440107E1));
#3497=CARTESIAN_POINT('',(9.E0,2.423580016636E0,-1.098427942884E1));
#3498=CARTESIAN_POINT('',(9.E0,1.819926812770E0,-1.094710320448E1));
#3499=CARTESIAN_POINT('',(9.E0,1.214743951892E0,-1.092009051604E1));
#3500=CARTESIAN_POINT('',(9.E0,6.078367163931E-1,-1.090367363395E1));
#3501=CARTESIAN_POINT('',(9.E0,2.027316843215E-1,-1.09E1));
#3502=CARTESIAN_POINT('',(9.E0,-1.140966932540E-14,-1.09E1));
#3504=CARTESIAN_POINT('',(9.E0,4.242935304715E0,-1.344544826719E1));
#3505=CARTESIAN_POINT('',(9.E0,4.038552327666E0,-1.346880115013E1));
#3506=CARTESIAN_POINT('',(9.E0,3.631345942469E0,-1.351256041306E1));
#3507=CARTESIAN_POINT('',(9.E0,3.026871856708E0,-1.356880559893E1));
#3508=CARTESIAN_POINT('',(9.E0,2.423580016636E0,-1.361572057116E1));
#3509=CARTESIAN_POINT('',(9.E0,1.819926812770E0,-1.365289679552E1));
#3510=CARTESIAN_POINT('',(9.E0,1.214743951892E0,-1.367990948396E1));
#3511=CARTESIAN_POINT('',(9.E0,6.078367163931E-1,-1.369632636605E1));
#3512=CARTESIAN_POINT('',(9.E0,2.027316843215E-1,-1.37E1));
#3513=CARTESIAN_POINT('',(9.E0,0.E0,-1.37E1));
#3515=CARTESIAN_POINT('',(9.E0,0.E0,-1.37E1));
#3516=CARTESIAN_POINT('',(9.E0,-2.027372498438E-1,-1.37E1));
#3517=CARTESIAN_POINT('',(9.E0,-6.078533099641E-1,-1.369632616892E1));
#3518=CARTESIAN_POINT('',(9.E0,-1.214778498953E0,-1.367990835116E1));
#3519=CARTESIAN_POINT('',(9.E0,-1.819975563526E0,-1.365289423073E1));
#3520=CARTESIAN_POINT('',(9.E0,-2.423627810195E0,-1.361571723569E1));
#3521=CARTESIAN_POINT('',(9.E0,-3.026913787901E0,-1.356880186807E1));
#3522=CARTESIAN_POINT('',(9.E0,-3.631346420122E0,-1.351256022146E1));
#3523=CARTESIAN_POINT('',(9.E0,-4.038550956246E0,-1.346880130683E1));
#3524=CARTESIAN_POINT('',(9.E0,-4.242935304715E0,-1.344544826719E1));
#3526=DIRECTION('',(0.E0,0.E0,1.E0));
#3527=VECTOR('',#3526,2.290896534381E0);
#3528=CARTESIAN_POINT('',(9.E0,-4.242935304715E0,-1.344544826719E1));
#3529=LINE('',#3528,#3527);
#3530=CARTESIAN_POINT('',(9.E0,-1.140966932540E-14,-1.09E1));
#3531=CARTESIAN_POINT('',(9.E0,-2.027372498437E-1,-1.09E1));
#3532=CARTESIAN_POINT('',(9.E0,-6.078533099641E-1,-1.090367383108E1));
#3533=CARTESIAN_POINT('',(9.E0,-1.214778498953E0,-1.092009164884E1));
#3534=CARTESIAN_POINT('',(9.E0,-1.819975563526E0,-1.094710576927E1));
#3535=CARTESIAN_POINT('',(9.E0,-2.423627810195E0,-1.098428276431E1));
#3536=CARTESIAN_POINT('',(9.E0,-3.026913787901E0,-1.103119813193E1));
#3537=CARTESIAN_POINT('',(9.E0,-3.631346420122E0,-1.108743977854E1));
#3538=CARTESIAN_POINT('',(9.E0,-4.038550956246E0,-1.113119869317E1));
#3539=CARTESIAN_POINT('',(9.E0,-4.242935304715E0,-1.115455173281E1));
#3541=CARTESIAN_POINT('',(0.E0,0.E0,-1.115455173281E1));
#3542=DIRECTION('',(0.E0,0.E0,-1.E0));
#3543=DIRECTION('',(8.296585321634E-2,-9.965523905947E-1,0.E0));
#3544=AXIS2_PLACEMENT_3D('',#3541,#3542,#3543);
#3546=CARTESIAN_POINT('',(0.E0,0.E0,-1.09E1));
#3547=DIRECTION('',(0.E0,0.E0,1.E0));
#3548=DIRECTION('',(-5.E-1,-8.660254037844E-1,0.E0));
#3549=AXIS2_PLACEMENT_3D('',#3546,#3547,#3548);
#3551=CARTESIAN_POINT('',(0.E0,0.E0,-1.09E1));
#3552=DIRECTION('',(0.E0,0.E0,1.E0));
#3553=DIRECTION('',(5.E-1,8.660254037844E-1,0.E0));
#3554=AXIS2_PLACEMENT_3D('',#3551,#3552,#3553);
#3556=CARTESIAN_POINT('',(0.E0,0.E0,-1.115455173281E1));
#3557=DIRECTION('',(0.E0,0.E0,-1.E0));
#3558=DIRECTION('',(-8.296585321634E-2,9.965523905947E-1,0.E0));
#3559=AXIS2_PLACEMENT_3D('',#3556,#3557,#3558);
#3561=CARTESIAN_POINT('',(8.255102395026E-1,9.915696286418E0,
-1.115455173281E1));
#3562=CARTESIAN_POINT('',(1.002511089728E0,9.813504797893E0,-1.113119884987E1));
#3563=CARTESIAN_POINT('',(1.355162163893E0,9.609901605294E0,-1.108743958694E1));
#3564=CARTESIAN_POINT('',(1.878652078090E0,9.307664562414E0,-1.103119440107E1));
#3565=CARTESIAN_POINT('',(2.401118137489E0,9.006018642378E0,-1.098427942884E1));
#3566=CARTESIAN_POINT('',(2.923897147113E0,8.704192040445E0,-1.094710320448E1));
#3567=CARTESIAN_POINT('',(3.448000878568E0,8.401600610006E0,-1.092009051604E1));
#3568=CARTESIAN_POINT('',(3.973597962251E0,8.098146992256E0,-1.090367363395E1));
#3569=CARTESIAN_POINT('',(4.324429211226E0,7.895594476221E0,-1.09E1));
#3570=CARTESIAN_POINT('',(4.5E0,7.794228634060E0,-1.09E1));
#3572=CARTESIAN_POINT('',(8.255102395026E-1,9.915696286418E0,
-1.344544826719E1));
#3573=CARTESIAN_POINT('',(1.002511089728E0,9.813504797893E0,-1.346880115013E1));
#3574=CARTESIAN_POINT('',(1.355162163893E0,9.609901605294E0,-1.351256041306E1));
#3575=CARTESIAN_POINT('',(1.878652078090E0,9.307664562414E0,-1.356880559893E1));
#3576=CARTESIAN_POINT('',(2.401118137489E0,9.006018642378E0,-1.361572057116E1));
#3577=CARTESIAN_POINT('',(2.923897147113E0,8.704192040445E0,-1.365289679552E1));
#3578=CARTESIAN_POINT('',(3.448000878568E0,8.401600610006E0,-1.367990948396E1));
#3579=CARTESIAN_POINT('',(3.973597962251E0,8.098146992256E0,-1.369632636605E1));
#3580=CARTESIAN_POINT('',(4.324429211226E0,7.895594476221E0,-1.37E1));
#3581=CARTESIAN_POINT('',(4.5E0,7.794228634060E0,-1.37E1));
#3583=CARTESIAN_POINT('',(4.5E0,7.794228634060E0,-1.37E1));
#3584=CARTESIAN_POINT('',(4.675575608658E0,7.692860009138E0,-1.37E1));
#3585=CARTESIAN_POINT('',(5.026416408203E0,7.490301979078E0,-1.369632616892E1));
#3586=CARTESIAN_POINT('',(5.552029040065E0,7.186839384583E0,-1.367990835116E1));
#3587=CARTESIAN_POINT('',(6.076145072280E0,6.884240852297E0,-1.365289423073E1));
#3588=CARTESIAN_POINT('',(6.598923252947E0,6.582414728962E0,-1.361571723569E1));
#3589=CARTESIAN_POINT('',(7.121384235388E0,6.280771740110E0,-1.356880186807E1));
#3590=CARTESIAN_POINT('',(7.644838249767E0,5.978555423999E0,-1.351256022146E1));
#3591=CARTESIAN_POINT('',(7.997487722587E0,5.774953155937E0,-1.346880130683E1));
#3592=CARTESIAN_POINT('',(8.174489760497E0,5.672760981702E0,-1.344544826719E1));
#3594=DIRECTION('',(0.E0,0.E0,1.E0));
#3595=VECTOR('',#3594,2.290896534381E0);
#3596=CARTESIAN_POINT('',(8.174489760497E0,5.672760981702E0,-1.344544826719E1));
#3597=LINE('',#3596,#3595);
#3598=CARTESIAN_POINT('',(4.5E0,7.794228634060E0,-1.09E1));
#3599=CARTESIAN_POINT('',(4.675575608658E0,7.692860009138E0,-1.09E1));
#3600=CARTESIAN_POINT('',(5.026416408203E0,7.490301979078E0,-1.090367383108E1));
#3601=CARTESIAN_POINT('',(5.552029040065E0,7.186839384583E0,-1.092009164884E1));
#3602=CARTESIAN_POINT('',(6.076145072280E0,6.884240852297E0,-1.094710576927E1));
#3603=CARTESIAN_POINT('',(6.598923252947E0,6.582414728962E0,-1.098428276431E1));
#3604=CARTESIAN_POINT('',(7.121384235388E0,6.280771740110E0,-1.103119813193E1));
#3605=CARTESIAN_POINT('',(7.644838249767E0,5.978555423999E0,-1.108743977854E1));
#3606=CARTESIAN_POINT('',(7.997487722587E0,5.774953155937E0,-1.113119869317E1));
#3607=CARTESIAN_POINT('',(8.174489760497E0,5.672760981702E0,-1.115455173281E1));
#3609=DIRECTION('',(0.E0,0.E0,1.E0));
#3610=VECTOR('',#3609,2.290896534381E0);
#3611=CARTESIAN_POINT('',(8.255102395026E-1,9.915696286418E0,
-1.344544826719E1));
#3612=LINE('',#3611,#3610);
#3613=CARTESIAN_POINT('',(-8.174489760497E0,5.672760981702E0,
-1.115455173281E1));
#3614=CARTESIAN_POINT('',(-7.997488910272E0,5.774952470227E0,
-1.113119884987E1));
#3615=CARTESIAN_POINT('',(-7.644837836107E0,5.978555662826E0,
-1.108743958694E1));
#3616=CARTESIAN_POINT('',(-7.121347921910E0,6.280792705706E0,
-1.103119440107E1));
#3617=CARTESIAN_POINT('',(-6.598881862511E0,6.582438625742E0,
-1.098427942884E1));
#3618=CARTESIAN_POINT('',(-6.076102852887E0,6.884265227675E0,
-1.094710320448E1));
#3619=CARTESIAN_POINT('',(-5.551999121432E0,7.186856658114E0,
-1.092009051604E1));
#3620=CARTESIAN_POINT('',(-5.026402037749E0,7.490310275863E0,
-1.090367363395E1));
#3621=CARTESIAN_POINT('',(-4.675570788774E0,7.692862791899E0,-1.09E1));
#3622=CARTESIAN_POINT('',(-4.5E0,7.794228634060E0,-1.09E1));
#3624=CARTESIAN_POINT('',(-8.174489760497E0,5.672760981702E0,
-1.344544826719E1));
#3625=CARTESIAN_POINT('',(-7.997488910272E0,5.774952470227E0,
-1.346880115013E1));
#3626=CARTESIAN_POINT('',(-7.644837836107E0,5.978555662826E0,
-1.351256041306E1));
#3627=CARTESIAN_POINT('',(-7.121347921910E0,6.280792705706E0,
-1.356880559893E1));
#3628=CARTESIAN_POINT('',(-6.598881862511E0,6.582438625742E0,
-1.361572057116E1));
#3629=CARTESIAN_POINT('',(-6.076102852887E0,6.884265227675E0,
-1.365289679552E1));
#3630=CARTESIAN_POINT('',(-5.551999121432E0,7.186856658114E0,
-1.367990948396E1));
#3631=CARTESIAN_POINT('',(-5.026402037749E0,7.490310275863E0,
-1.369632636605E1));
#3632=CARTESIAN_POINT('',(-4.675570788774E0,7.692862791899E0,-1.37E1));
#3633=CARTESIAN_POINT('',(-4.5E0,7.794228634060E0,-1.37E1));
#3635=CARTESIAN_POINT('',(-4.5E0,7.794228634060E0,-1.37E1));
#3636=CARTESIAN_POINT('',(-4.324424391342E0,7.895597258982E0,-1.37E1));
#3637=CARTESIAN_POINT('',(-3.973583591797E0,8.098155289042E0,
-1.369632616892E1));
#3638=CARTESIAN_POINT('',(-3.447970959935E0,8.401617883537E0,
-1.367990835116E1));
#3639=CARTESIAN_POINT('',(-2.923854927720E0,8.704216415823E0,
-1.365289423073E1));
#3640=CARTESIAN_POINT('',(-2.401076747053E0,9.006042539158E0,
-1.361571723569E1));
#3641=CARTESIAN_POINT('',(-1.878615764612E0,9.307685528010E0,
-1.356880186807E1));
#3642=CARTESIAN_POINT('',(-1.355161750233E0,9.609901844121E0,
-1.351256022146E1));
#3643=CARTESIAN_POINT('',(-1.002512277413E0,9.813504112183E0,
-1.346880130683E1));
#3644=CARTESIAN_POINT('',(-8.255102395026E-1,9.915696286418E0,
-1.344544826719E1));
#3646=DIRECTION('',(0.E0,0.E0,1.E0));
#3647=VECTOR('',#3646,2.290896534381E0);
#3648=CARTESIAN_POINT('',(-8.255102395026E-1,9.915696286418E0,
-1.344544826719E1));
#3649=LINE('',#3648,#3647);
#3650=CARTESIAN_POINT('',(-4.5E0,7.794228634060E0,-1.09E1));
#3651=CARTESIAN_POINT('',(-4.324424391342E0,7.895597258982E0,-1.09E1));
#3652=CARTESIAN_POINT('',(-3.973583591797E0,8.098155289042E0,
-1.090367383108E1));
#3653=CARTESIAN_POINT('',(-3.447970959935E0,8.401617883537E0,
-1.092009164884E1));
#3654=CARTESIAN_POINT('',(-2.923854927720E0,8.704216415823E0,
-1.094710576927E1));
#3655=CARTESIAN_POINT('',(-2.401076747053E0,9.006042539158E0,
-1.098428276431E1));
#3656=CARTESIAN_POINT('',(-1.878615764612E0,9.307685528010E0,
-1.103119813193E1));
#3657=CARTESIAN_POINT('',(-1.355161750233E0,9.609901844121E0,
-1.108743977854E1));
#3658=CARTESIAN_POINT('',(-1.002512277413E0,9.813504112183E0,
-1.113119869317E1));
#3659=CARTESIAN_POINT('',(-8.255102395026E-1,9.915696286418E0,
-1.115455173281E1));
#3661=CARTESIAN_POINT('',(0.E0,0.E0,-1.115455173281E1));
#3662=DIRECTION('',(0.E0,0.E0,1.E0));
#3663=DIRECTION('',(-8.215567598490E-1,5.701267318294E-1,0.E0));
#3664=AXIS2_PLACEMENT_3D('',#3661,#3662,#3663);
#3666=CARTESIAN_POINT('',(0.E0,0.E0,-1.344544826719E1));
#3667=DIRECTION('',(0.E0,0.E0,1.E0));
#3668=DIRECTION('',(-8.215567598490E-1,5.701267318294E-1,0.E0));
#3669=AXIS2_PLACEMENT_3D('',#3666,#3667,#3668);
#3671=DIRECTION('',(0.E0,0.E0,1.E0));
#3672=VECTOR('',#3671,2.290896534381E0);
#3673=CARTESIAN_POINT('',(-8.174489760497E0,5.672760981702E0,
-1.344544826719E1));
#3674=LINE('',#3673,#3672);
#3675=CARTESIAN_POINT('',(-9.E0,-4.242935304715E0,-1.115455173281E1));
#3676=CARTESIAN_POINT('',(-9.E0,-4.038552327666E0,-1.113119884987E1));
#3677=CARTESIAN_POINT('',(-9.E0,-3.631345942469E0,-1.108743958694E1));
#3678=CARTESIAN_POINT('',(-9.E0,-3.026871856708E0,-1.103119440107E1));
#3679=CARTESIAN_POINT('',(-9.E0,-2.423580016636E0,-1.098427942884E1));
#3680=CARTESIAN_POINT('',(-9.E0,-1.819926812770E0,-1.094710320448E1));
#3681=CARTESIAN_POINT('',(-9.E0,-1.214743951892E0,-1.092009051604E1));
#3682=CARTESIAN_POINT('',(-9.E0,-6.078367163931E-1,-1.090367363395E1));
#3683=CARTESIAN_POINT('',(-9.E0,-2.027316843215E-1,-1.09E1));
#3684=CARTESIAN_POINT('',(-9.E0,0.E0,-1.09E1));
#3686=CARTESIAN_POINT('',(-9.E0,-4.242935304715E0,-1.344544826719E1));
#3687=CARTESIAN_POINT('',(-9.E0,-4.038552327666E0,-1.346880115013E1));
#3688=CARTESIAN_POINT('',(-9.E0,-3.631345942469E0,-1.351256041306E1));
#3689=CARTESIAN_POINT('',(-9.E0,-3.026871856708E0,-1.356880559893E1));
#3690=CARTESIAN_POINT('',(-9.E0,-2.423580016636E0,-1.361572057116E1));
#3691=CARTESIAN_POINT('',(-9.E0,-1.819926812770E0,-1.365289679552E1));
#3692=CARTESIAN_POINT('',(-9.E0,-1.214743951892E0,-1.367990948396E1));
#3693=CARTESIAN_POINT('',(-9.E0,-6.078367163931E-1,-1.369632636605E1));
#3694=CARTESIAN_POINT('',(-9.E0,-2.027316843215E-1,-1.37E1));
#3695=CARTESIAN_POINT('',(-9.E0,1.706778546519E-14,-1.37E1));
#3697=CARTESIAN_POINT('',(-9.E0,1.706778546519E-14,-1.37E1));
#3698=CARTESIAN_POINT('',(-9.E0,2.027372498437E-1,-1.37E1));
#3699=CARTESIAN_POINT('',(-9.E0,6.078533099641E-1,-1.369632616892E1));
#3700=CARTESIAN_POINT('',(-9.E0,1.214778498953E0,-1.367990835116E1));
#3701=CARTESIAN_POINT('',(-9.E0,1.819975563526E0,-1.365289423073E1));
#3702=CARTESIAN_POINT('',(-9.E0,2.423627810195E0,-1.361571723569E1));
#3703=CARTESIAN_POINT('',(-9.E0,3.026913787901E0,-1.356880186807E1));
#3704=CARTESIAN_POINT('',(-9.E0,3.631346420122E0,-1.351256022146E1));
#3705=CARTESIAN_POINT('',(-9.E0,4.038550956246E0,-1.346880130683E1));
#3706=CARTESIAN_POINT('',(-9.E0,4.242935304715E0,-1.344544826719E1));
#3708=DIRECTION('',(0.E0,0.E0,1.E0));
#3709=VECTOR('',#3708,2.290896534381E0);
#3710=CARTESIAN_POINT('',(-9.E0,4.242935304715E0,-1.344544826719E1));
#3711=LINE('',#3710,#3709);
#3712=CARTESIAN_POINT('',(-9.E0,0.E0,-1.09E1));
#3713=CARTESIAN_POINT('',(-9.E0,2.027372498437E-1,-1.09E1));
#3714=CARTESIAN_POINT('',(-9.E0,6.078533099641E-1,-1.090367383108E1));
#3715=CARTESIAN_POINT('',(-9.E0,1.214778498953E0,-1.092009164884E1));
#3716=CARTESIAN_POINT('',(-9.E0,1.819975563526E0,-1.094710576927E1));
#3717=CARTESIAN_POINT('',(-9.E0,2.423627810195E0,-1.098428276431E1));
#3718=CARTESIAN_POINT('',(-9.E0,3.026913787901E0,-1.103119813193E1));
#3719=CARTESIAN_POINT('',(-9.E0,3.631346420122E0,-1.108743977854E1));
#3720=CARTESIAN_POINT('',(-9.E0,4.038550956246E0,-1.113119869317E1));
#3721=CARTESIAN_POINT('',(-9.E0,4.242935304715E0,-1.115455173281E1));
#3723=CARTESIAN_POINT('',(0.E0,0.E0,-1.115455173281E1));
#3724=DIRECTION('',(0.E0,0.E0,1.E0));
#3725=DIRECTION('',(-9.045226130653E-1,-4.264256587654E-1,0.E0));
#3726=AXIS2_PLACEMENT_3D('',#3723,#3724,#3725);
#3728=CARTESIAN_POINT('',(0.E0,0.E0,-1.344544826719E1));
#3729=DIRECTION('',(0.E0,0.E0,1.E0));
#3730=DIRECTION('',(-9.045226130653E-1,-4.264256587654E-1,0.E0));
#3731=AXIS2_PLACEMENT_3D('',#3728,#3729,#3730);
#3733=DIRECTION('',(0.E0,0.E0,1.E0));
#3734=VECTOR('',#3733,2.290896534381E0);
#3735=CARTESIAN_POINT('',(-9.E0,-4.242935304715E0,-1.344544826719E1));
#3736=LINE('',#3735,#3734);
#3737=CARTESIAN_POINT('',(-8.255102395026E-1,-9.915696286418E0,
-1.115455173281E1));
#3738=CARTESIAN_POINT('',(-1.002511089728E0,-9.813504797893E0,
-1.113119884987E1));
#3739=CARTESIAN_POINT('',(-1.355162163893E0,-9.609901605294E0,
-1.108743958694E1));
#3740=CARTESIAN_POINT('',(-1.878652078090E0,-9.307664562414E0,
-1.103119440107E1));
#3741=CARTESIAN_POINT('',(-2.401118137489E0,-9.006018642378E0,
-1.098427942884E1));
#3742=CARTESIAN_POINT('',(-2.923897147113E0,-8.704192040445E0,
-1.094710320448E1));
#3743=CARTESIAN_POINT('',(-3.448000878568E0,-8.401600610006E0,
-1.092009051604E1));
#3744=CARTESIAN_POINT('',(-3.973597962251E0,-8.098146992256E0,
-1.090367363395E1));
#3745=CARTESIAN_POINT('',(-4.324429211226E0,-7.895594476221E0,-1.09E1));
#3746=CARTESIAN_POINT('',(-4.5E0,-7.794228634060E0,-1.09E1));
#3748=CARTESIAN_POINT('',(-8.255102395026E-1,-9.915696286418E0,
-1.344544826719E1));
#3749=CARTESIAN_POINT('',(-1.002511089728E0,-9.813504797893E0,
-1.346880115013E1));
#3750=CARTESIAN_POINT('',(-1.355162163893E0,-9.609901605294E0,
-1.351256041306E1));
#3751=CARTESIAN_POINT('',(-1.878652078090E0,-9.307664562414E0,
-1.356880559893E1));
#3752=CARTESIAN_POINT('',(-2.401118137489E0,-9.006018642378E0,
-1.361572057116E1));
#3753=CARTESIAN_POINT('',(-2.923897147113E0,-8.704192040445E0,
-1.365289679552E1));
#3754=CARTESIAN_POINT('',(-3.448000878568E0,-8.401600610006E0,
-1.367990948396E1));
#3755=CARTESIAN_POINT('',(-3.973597962251E0,-8.098146992256E0,
-1.369632636605E1));
#3756=CARTESIAN_POINT('',(-4.324429211226E0,-7.895594476221E0,-1.37E1));
#3757=CARTESIAN_POINT('',(-4.5E0,-7.794228634060E0,-1.37E1));
#3759=CARTESIAN_POINT('',(-4.5E0,-7.794228634060E0,-1.37E1));
#3760=CARTESIAN_POINT('',(-4.675575608658E0,-7.692860009138E0,-1.37E1));
#3761=CARTESIAN_POINT('',(-5.026416408203E0,-7.490301979078E0,
-1.369632616892E1));
#3762=CARTESIAN_POINT('',(-5.552029040065E0,-7.186839384583E0,
-1.367990835116E1));
#3763=CARTESIAN_POINT('',(-6.076145072280E0,-6.884240852297E0,
-1.365289423073E1));
#3764=CARTESIAN_POINT('',(-6.598923252947E0,-6.582414728962E0,
-1.361571723569E1));
#3765=CARTESIAN_POINT('',(-7.121384235388E0,-6.280771740109E0,
-1.356880186807E1));
#3766=CARTESIAN_POINT('',(-7.644838249767E0,-5.978555423999E0,
-1.351256022146E1));
#3767=CARTESIAN_POINT('',(-7.997487722587E0,-5.774953155937E0,
-1.346880130683E1));
#3768=CARTESIAN_POINT('',(-8.174489760497E0,-5.672760981702E0,
-1.344544826719E1));
#3770=DIRECTION('',(0.E0,0.E0,1.E0));
#3771=VECTOR('',#3770,2.290896534381E0);
#3772=CARTESIAN_POINT('',(-8.174489760497E0,-5.672760981702E0,
-1.344544826719E1));
#3773=LINE('',#3772,#3771);
#3774=CARTESIAN_POINT('',(-4.5E0,-7.794228634060E0,-1.09E1));
#3775=CARTESIAN_POINT('',(-4.675575608658E0,-7.692860009138E0,-1.09E1));
#3776=CARTESIAN_POINT('',(-5.026416408203E0,-7.490301979078E0,
-1.090367383108E1));
#3777=CARTESIAN_POINT('',(-5.552029040065E0,-7.186839384583E0,
-1.092009164884E1));
#3778=CARTESIAN_POINT('',(-6.076145072280E0,-6.884240852297E0,
-1.094710576927E1));
#3779=CARTESIAN_POINT('',(-6.598923252947E0,-6.582414728962E0,
-1.098428276431E1));
#3780=CARTESIAN_POINT('',(-7.121384235388E0,-6.280771740109E0,
-1.103119813193E1));
#3781=CARTESIAN_POINT('',(-7.644838249767E0,-5.978555423999E0,
-1.108743977854E1));
#3782=CARTESIAN_POINT('',(-7.997487722587E0,-5.774953155937E0,
-1.113119869317E1));
#3783=CARTESIAN_POINT('',(-8.174489760497E0,-5.672760981702E0,
-1.115455173281E1));
#3785=DIRECTION('',(0.E0,0.E0,1.E0));
#3786=VECTOR('',#3785,2.290896534381E0);
#3787=CARTESIAN_POINT('',(-8.255102395026E-1,-9.915696286418E0,
-1.344544826719E1));
#3788=LINE('',#3787,#3786);
#3789=CARTESIAN_POINT('',(8.174489760497E0,-5.672760981702E0,
-1.115455173281E1));
#3790=CARTESIAN_POINT('',(7.997488910272E0,-5.774952470227E0,
-1.113119884987E1));
#3791=CARTESIAN_POINT('',(7.644837836107E0,-5.978555662826E0,
-1.108743958694E1));
#3792=CARTESIAN_POINT('',(7.121347921910E0,-6.280792705706E0,
-1.103119440107E1));
#3793=CARTESIAN_POINT('',(6.598881862511E0,-6.582438625742E0,
-1.098427942884E1));
#3794=CARTESIAN_POINT('',(6.076102852887E0,-6.884265227675E0,
-1.094710320448E1));
#3795=CARTESIAN_POINT('',(5.551999121432E0,-7.186856658114E0,
-1.092009051604E1));
#3796=CARTESIAN_POINT('',(5.026402037749E0,-7.490310275863E0,
-1.090367363395E1));
#3797=CARTESIAN_POINT('',(4.675570788774E0,-7.692862791899E0,-1.09E1));
#3798=CARTESIAN_POINT('',(4.5E0,-7.794228634060E0,-1.09E1));
#3800=CARTESIAN_POINT('',(8.174489760497E0,-5.672760981702E0,
-1.344544826719E1));
#3801=CARTESIAN_POINT('',(7.997488910272E0,-5.774952470227E0,
-1.346880115013E1));
#3802=CARTESIAN_POINT('',(7.644837836107E0,-5.978555662826E0,
-1.351256041306E1));
#3803=CARTESIAN_POINT('',(7.121347921910E0,-6.280792705706E0,
-1.356880559893E1));
#3804=CARTESIAN_POINT('',(6.598881862511E0,-6.582438625742E0,
-1.361572057116E1));
#3805=CARTESIAN_POINT('',(6.076102852887E0,-6.884265227675E0,
-1.365289679552E1));
#3806=CARTESIAN_POINT('',(5.551999121432E0,-7.186856658114E0,
-1.367990948396E1));
#3807=CARTESIAN_POINT('',(5.026402037749E0,-7.490310275863E0,
-1.369632636605E1));
#3808=CARTESIAN_POINT('',(4.675570788774E0,-7.692862791899E0,-1.37E1));
#3809=CARTESIAN_POINT('',(4.5E0,-7.794228634060E0,-1.37E1));
#3811=CARTESIAN_POINT('',(4.5E0,-7.794228634060E0,-1.37E1));
#3812=CARTESIAN_POINT('',(4.324424391342E0,-7.895597258982E0,-1.37E1));
#3813=CARTESIAN_POINT('',(3.973583591797E0,-8.098155289042E0,
-1.369632616892E1));
#3814=CARTESIAN_POINT('',(3.447970959935E0,-8.401617883537E0,
-1.367990835116E1));
#3815=CARTESIAN_POINT('',(2.923854927720E0,-8.704216415823E0,
-1.365289423073E1));
#3816=CARTESIAN_POINT('',(2.401076747053E0,-9.006042539158E0,
-1.361571723569E1));
#3817=CARTESIAN_POINT('',(1.878615764612E0,-9.307685528010E0,
-1.356880186807E1));
#3818=CARTESIAN_POINT('',(1.355161750233E0,-9.609901844121E0,
-1.351256022146E1));
#3819=CARTESIAN_POINT('',(1.002512277413E0,-9.813504112183E0,
-1.346880130683E1));
#3820=CARTESIAN_POINT('',(8.255102395026E-1,-9.915696286418E0,
-1.344544826719E1));
#3822=DIRECTION('',(0.E0,0.E0,1.E0));
#3823=VECTOR('',#3822,2.290896534381E0);
#3824=CARTESIAN_POINT('',(8.255102395026E-1,-9.915696286418E0,
-1.344544826719E1));
#3825=LINE('',#3824,#3823);
#3826=CARTESIAN_POINT('',(4.5E0,-7.794228634060E0,-1.09E1));
#3827=CARTESIAN_POINT('',(4.324424391342E0,-7.895597258982E0,-1.09E1));
#3828=CARTESIAN_POINT('',(3.973583591797E0,-8.098155289042E0,
-1.090367383108E1));
#3829=CARTESIAN_POINT('',(3.447970959935E0,-8.401617883537E0,
-1.092009164884E1));
#3830=CARTESIAN_POINT('',(2.923854927720E0,-8.704216415823E0,
-1.094710576927E1));
#3831=CARTESIAN_POINT('',(2.401076747053E0,-9.006042539158E0,
-1.098428276431E1));
#3832=CARTESIAN_POINT('',(1.878615764612E0,-9.307685528010E0,
-1.103119813193E1));
#3833=CARTESIAN_POINT('',(1.355161750233E0,-9.609901844121E0,
-1.108743977854E1));
#3834=CARTESIAN_POINT('',(1.002512277413E0,-9.813504112183E0,
-1.113119869317E1));
#3835=CARTESIAN_POINT('',(8.255102395026E-1,-9.915696286418E0,
-1.115455173281E1));
#3837=CARTESIAN_POINT('',(0.E0,0.E0,-1.115455173281E1));
#3838=DIRECTION('',(0.E0,0.E0,1.E0));
#3839=DIRECTION('',(8.215567598490E-1,-5.701267318294E-1,0.E0));
#3840=AXIS2_PLACEMENT_3D('',#3837,#3838,#3839);
#3842=CARTESIAN_POINT('',(0.E0,0.E0,-1.344544826719E1));
#3843=DIRECTION('',(0.E0,0.E0,1.E0));
#3844=DIRECTION('',(8.215567598490E-1,-5.701267318294E-1,0.E0));
#3845=AXIS2_PLACEMENT_3D('',#3842,#3843,#3844);
#3847=DIRECTION('',(0.E0,0.E0,1.E0));
#3848=VECTOR('',#3847,2.290896534381E0);
#3849=CARTESIAN_POINT('',(8.174489760497E0,-5.672760981702E0,
-1.344544826719E1));
#3850=LINE('',#3849,#3848);
#3851=CARTESIAN_POINT('',(0.E0,0.E0,-1.115455173281E1));
#3852=DIRECTION('',(0.E0,0.E0,1.E0));
#3853=DIRECTION('',(9.045226130653E-1,4.264256587654E-1,0.E0));
#3854=AXIS2_PLACEMENT_3D('',#3851,#3852,#3853);
#3856=CARTESIAN_POINT('',(0.E0,0.E0,-1.344544826719E1));
#3857=DIRECTION('',(0.E0,0.E0,1.E0));
#3858=DIRECTION('',(9.045226130653E-1,4.264256587654E-1,0.E0));
#3859=AXIS2_PLACEMENT_3D('',#3856,#3857,#3858);
#3861=DIRECTION('',(0.E0,0.E0,1.E0));
#3862=VECTOR('',#3861,2.290896534381E0);
#3863=CARTESIAN_POINT('',(9.E0,4.242935304715E0,-1.344544826719E1));
#3864=LINE('',#3863,#3862);
#3865=CARTESIAN_POINT('',(6.25E0,0.E0,-1.2E0));
#3866=CARTESIAN_POINT('',(6.25E0,0.E0,-1.7E0));
#3867=VERTEX_POINT('',#3865);
#3868=VERTEX_POINT('',#3866);
#3869=CARTESIAN_POINT('',(5.45E0,0.E0,-2.5E0));
#3870=VERTEX_POINT('',#3869);
#3871=CARTESIAN_POINT('',(6.65E0,0.E0,-7.7E0));
#3872=CARTESIAN_POINT('',(6.65E0,0.E0,-1.4E0));
#3873=VERTEX_POINT('',#3871);
#3874=VERTEX_POINT('',#3872);
#3875=CARTESIAN_POINT('',(-6.25E0,0.E0,-1.2E0));
#3876=CARTESIAN_POINT('',(-6.25E0,0.E0,-1.7E0));
#3877=VERTEX_POINT('',#3875);
#3878=VERTEX_POINT('',#3876);
#3879=CARTESIAN_POINT('',(-5.45E0,0.E0,-2.5E0));
#3880=VERTEX_POINT('',#3879);
#3881=CARTESIAN_POINT('',(-6.65E0,0.E0,-7.7E0));
#3882=CARTESIAN_POINT('',(-6.65E0,0.E0,-1.4E0));
#3883=VERTEX_POINT('',#3881);
#3884=VERTEX_POINT('',#3882);
#3885=CARTESIAN_POINT('',(6.65E0,0.E0,-2.E1));
#3886=CARTESIAN_POINT('',(6.65E0,0.E0,-1.92E1));
#3887=VERTEX_POINT('',#3885);
#3888=VERTEX_POINT('',#3886);
#3889=CARTESIAN_POINT('',(-6.65E0,0.E0,-2.E1));
#3890=CARTESIAN_POINT('',(-6.65E0,0.E0,-1.92E1));
#3891=VERTEX_POINT('',#3889);
#3892=VERTEX_POINT('',#3890);
#3893=CARTESIAN_POINT('',(6.65E0,0.E0,-1.5E1));
#3894=CARTESIAN_POINT('',(-6.65E0,0.E0,-1.5E1));
#3895=VERTEX_POINT('',#3893);
#3896=VERTEX_POINT('',#3894);
#3897=CARTESIAN_POINT('',(6.45E0,0.E0,-1.2E0));
#3898=VERTEX_POINT('',#3897);
#3899=CARTESIAN_POINT('',(-6.45E0,0.E0,-1.2E0));
#3900=VERTEX_POINT('',#3899);
#3901=CARTESIAN_POINT('',(-6.704827779150E0,-1.336908875024E0,
-8.537083333333E0));
#3902=CARTESIAN_POINT('',(-6.704827779150E0,-1.336908875024E0,
-8.889583333333E0));
#3903=VERTEX_POINT('',#3901);
#3904=VERTEX_POINT('',#3902);
#3905=CARTESIAN_POINT('',(3.064103542637E0,6.954945684907E0,-1.405E1));
#3906=CARTESIAN_POINT('',(-2.751240863325E0,7.084537649838E0,-1.405E1));
#3907=VERTEX_POINT('',#3905);
#3908=VERTEX_POINT('',#3906);
#3909=CARTESIAN_POINT('',(-8.5E0,-2.958039891550E0,-1.737320508076E1));
#3910=CARTESIAN_POINT('',(-8.5E0,-2.958039891550E0,-1.902679491924E1));
#3911=VERTEX_POINT('',#3909);
#3912=VERTEX_POINT('',#3910);
#3913=CARTESIAN_POINT('',(8.5E0,-2.958039891550E0,-1.737320508076E1));
#3914=CARTESIAN_POINT('',(8.5E0,-2.958039891550E0,-1.902679491924E1));
#3915=VERTEX_POINT('',#3913);
#3916=VERTEX_POINT('',#3914);
#3917=CARTESIAN_POINT('',(6.811737691490E0,-5.882195986393E0,
-1.737320508076E1));
#3918=CARTESIAN_POINT('',(6.811737691490E0,-5.882195986393E0,
-1.902679491924E1));
#3919=VERTEX_POINT('',#3917);
#3920=VERTEX_POINT('',#3918);
#3921=CARTESIAN_POINT('',(1.688262308510E0,-8.840235877943E0,
-1.737320508076E1));
#3922=CARTESIAN_POINT('',(1.688262308510E0,-8.840235877943E0,
-1.902679491924E1));
#3923=VERTEX_POINT('',#3921);
#3924=VERTEX_POINT('',#3922);
#3925=CARTESIAN_POINT('',(-1.688262308510E0,-8.840235877943E0,
-1.737320508076E1));
#3926=CARTESIAN_POINT('',(-1.688262308510E0,-8.840235877943E0,
-1.902679491924E1));
#3927=VERTEX_POINT('',#3925);
#3928=VERTEX_POINT('',#3926);
#3929=CARTESIAN_POINT('',(-6.811737691490E0,-5.882195986393E0,
-1.737320508076E1));
#3930=CARTESIAN_POINT('',(-6.811737691490E0,-5.882195986393E0,
-1.902679491924E1));
#3931=VERTEX_POINT('',#3929);
#3932=VERTEX_POINT('',#3930);
#3933=CARTESIAN_POINT('',(-8.5E0,2.958039891550E0,-1.737320508076E1));
#3934=CARTESIAN_POINT('',(-8.5E0,2.958039891550E0,-1.902679491924E1));
#3935=VERTEX_POINT('',#3933);
#3936=VERTEX_POINT('',#3934);
#3937=CARTESIAN_POINT('',(-6.811737691490E0,5.882195986393E0,
-1.737320508076E1));
#3938=CARTESIAN_POINT('',(-6.811737691490E0,5.882195986393E0,
-1.902679491924E1));
#3939=VERTEX_POINT('',#3937);
#3940=VERTEX_POINT('',#3938);
#3941=CARTESIAN_POINT('',(-1.688262308510E0,8.840235877943E0,
-1.737320508076E1));
#3942=CARTESIAN_POINT('',(-1.688262308510E0,8.840235877943E0,
-1.902679491924E1));
#3943=VERTEX_POINT('',#3941);
#3944=VERTEX_POINT('',#3942);
#3945=CARTESIAN_POINT('',(1.688262308510E0,8.840235877943E0,-1.737320508076E1));
#3946=CARTESIAN_POINT('',(1.688262308510E0,8.840235877943E0,-1.902679491924E1));
#3947=VERTEX_POINT('',#3945);
#3948=VERTEX_POINT('',#3946);
#3949=CARTESIAN_POINT('',(6.811737691490E0,5.882195986393E0,-1.737320508076E1));
#3950=CARTESIAN_POINT('',(6.811737691490E0,5.882195986393E0,-1.902679491924E1));
#3951=VERTEX_POINT('',#3949);
#3952=VERTEX_POINT('',#3950);
#3953=CARTESIAN_POINT('',(8.5E0,2.958039891550E0,-1.737320508076E1));
#3954=CARTESIAN_POINT('',(8.5E0,2.958039891550E0,-1.902679491924E1));
#3955=VERTEX_POINT('',#3953);
#3956=VERTEX_POINT('',#3954);
#3957=CARTESIAN_POINT('',(-8.5E0,-1.854723699099E0,-1.92E1));
#3958=CARTESIAN_POINT('',(-8.5E0,1.854723699099E0,-1.92E1));
#3959=VERTEX_POINT('',#3957);
#3960=VERTEX_POINT('',#3958);
#3961=CARTESIAN_POINT('',(-2.643762159579E0,8.288577781717E0,-1.92E1));
#3962=CARTESIAN_POINT('',(-5.856237840421E0,6.433854082618E0,-1.92E1));
#3963=VERTEX_POINT('',#3961);
#3964=VERTEX_POINT('',#3962);
#3965=CARTESIAN_POINT('',(2.643762159579E0,8.288577781717E0,-1.92E1));
#3966=CARTESIAN_POINT('',(5.856237840421E0,6.433854082618E0,-1.92E1));
#3967=VERTEX_POINT('',#3965);
#3968=VERTEX_POINT('',#3966);
#3969=CARTESIAN_POINT('',(8.5E0,1.854723699099E0,-1.92E1));
#3970=CARTESIAN_POINT('',(8.5E0,-1.854723699099E0,-1.92E1));
#3971=VERTEX_POINT('',#3969);
#3972=VERTEX_POINT('',#3970);
#3973=CARTESIAN_POINT('',(2.643762159579E0,-8.288577781717E0,-1.92E1));
#3974=CARTESIAN_POINT('',(5.856237840421E0,-6.433854082618E0,-1.92E1));
#3975=VERTEX_POINT('',#3973);
#3976=VERTEX_POINT('',#3974);
#3977=CARTESIAN_POINT('',(-2.643762159579E0,-8.288577781717E0,-1.92E1));
#3978=CARTESIAN_POINT('',(-5.856237840421E0,-6.433854082618E0,-1.92E1));
#3979=VERTEX_POINT('',#3977);
#3980=VERTEX_POINT('',#3978);
#3981=CARTESIAN_POINT('',(-8.5E0,-1.854723699099E0,-1.72E1));
#3982=CARTESIAN_POINT('',(-8.5E0,1.854723699099E0,-1.72E1));
#3983=VERTEX_POINT('',#3981);
#3984=VERTEX_POINT('',#3982);
#3985=CARTESIAN_POINT('',(-2.643762159579E0,8.288577781717E0,-1.72E1));
#3986=CARTESIAN_POINT('',(-5.856237840421E0,6.433854082618E0,-1.72E1));
#3987=VERTEX_POINT('',#3985);
#3988=VERTEX_POINT('',#3986);
#3989=CARTESIAN_POINT('',(2.643762159579E0,8.288577781717E0,-1.72E1));
#3990=CARTESIAN_POINT('',(5.856237840421E0,6.433854082618E0,-1.72E1));
#3991=VERTEX_POINT('',#3989);
#3992=VERTEX_POINT('',#3990);
#3993=CARTESIAN_POINT('',(8.5E0,1.854723699099E0,-1.72E1));
#3994=CARTESIAN_POINT('',(8.5E0,-1.854723699099E0,-1.72E1));
#3995=VERTEX_POINT('',#3993);
#3996=VERTEX_POINT('',#3994);
#3997=CARTESIAN_POINT('',(2.643762159579E0,-8.288577781717E0,-1.72E1));
#3998=CARTESIAN_POINT('',(5.856237840421E0,-6.433854082618E0,-1.72E1));
#3999=VERTEX_POINT('',#3997);
#4000=VERTEX_POINT('',#3998);
#4001=CARTESIAN_POINT('',(-2.643762159579E0,-8.288577781717E0,-1.72E1));
#4002=CARTESIAN_POINT('',(-5.856237840421E0,-6.433854082618E0,-1.72E1));
#4003=VERTEX_POINT('',#4001);
#4004=VERTEX_POINT('',#4002);
#4005=CARTESIAN_POINT('',(-6.75E0,-3.492491947020E0,-9.267225472312E0));
#4006=CARTESIAN_POINT('',(-6.75E0,-3.492491947020E0,-9.443475472312E0));
#4007=VERTEX_POINT('',#4005);
#4008=VERTEX_POINT('',#4006);
#4009=CARTESIAN_POINT('',(-6.75E0,-3.492491947020E0,-1.067722547231E1));
#4010=CARTESIAN_POINT('',(-6.75E0,-3.492491947020E0,-1.085347547231E1));
#4011=VERTEX_POINT('',#4009);
#4012=VERTEX_POINT('',#4010);
#4013=CARTESIAN_POINT('',(-6.75E0,3.492491947020E0,-1.371152452769E1));
#4014=CARTESIAN_POINT('',(-6.75E0,3.492491947020E0,-1.388777452769E1));
#4015=VERTEX_POINT('',#4013);
#4016=VERTEX_POINT('',#4014);
#4017=CARTESIAN_POINT('',(6.75E0,3.492491947020E0,-8.65E0));
#4018=CARTESIAN_POINT('',(6.75E0,3.492491947020E0,-8.738475472312E0));
#4019=VERTEX_POINT('',#4017);
#4020=VERTEX_POINT('',#4018);
#4021=CARTESIAN_POINT('',(6.75E0,-3.492491947020E0,-8.776524527688E0));
#4022=CARTESIAN_POINT('',(6.75E0,-3.492491947020E0,-8.952774527688E0));
#4023=VERTEX_POINT('',#4021);
#4024=VERTEX_POINT('',#4022);
#4025=CARTESIAN_POINT('',(6.75E0,-3.492491947020E0,-1.018652452769E1));
#4026=CARTESIAN_POINT('',(6.75E0,-3.492491947020E0,-1.036277452769E1));
#4027=VERTEX_POINT('',#4025);
#4028=VERTEX_POINT('',#4026);
#4029=VERTEX_POINT('',#997);
#4030=VERTEX_POINT('',#1005);
#4031=VERTEX_POINT('',#1007);
#4032=VERTEX_POINT('',#1012);
#4033=CARTESIAN_POINT('',(-6.75E0,3.492491947020E0,-9.481524527688E0));
#4034=CARTESIAN_POINT('',(-6.75E0,3.492491947020E0,-9.657774527688E0));
#4035=VERTEX_POINT('',#4033);
#4036=VERTEX_POINT('',#4034);
#4037=CARTESIAN_POINT('',(6.75E0,3.492491947020E0,-9.972225472312E0));
#4038=CARTESIAN_POINT('',(6.75E0,3.492491947020E0,-1.014847547231E1));
#4039=VERTEX_POINT('',#4037);
#4040=VERTEX_POINT('',#4038);
#4041=VERTEX_POINT('',#1844);
#4042=VERTEX_POINT('',#1883);
#4043=VERTEX_POINT('',#1908);
#4044=VERTEX_POINT('',#2398);
#4045=VERTEX_POINT('',#2405);
#4046=VERTEX_POINT('',#2440);
#4047=VERTEX_POINT('',#2449);
#4048=VERTEX_POINT('',#2462);
#4049=VERTEX_POINT('',#2477);
#4050=VERTEX_POINT('',#1289);
#4051=VERTEX_POINT('',#1291);
#4052=CARTESIAN_POINT('',(6.75E0,1.086066705218E0,-8.192949785587E0));
#4053=VERTEX_POINT('',#4052);
#4054=CARTESIAN_POINT('',(6.75E0,-1.086066705218E0,-8.264550214413E0));
#4055=VERTEX_POINT('',#4054);
#4056=VERTEX_POINT('',#1701);
#4057=VERTEX_POINT('',#1166);
#4058=VERTEX_POINT('',#1172);
#4059=VERTEX_POINT('',#1192);
#4060=VERTEX_POINT('',#1227);
#4061=VERTEX_POINT('',#1229);
#4062=VERTEX_POINT('',#1190);
#4063=VERTEX_POINT('',#1213);
#4064=VERTEX_POINT('',#1272);
#4065=CARTESIAN_POINT('',(-6.75E0,1.086066705218E0,-8.969550214413E0));
#4066=VERTEX_POINT('',#4065);
#4067=CARTESIAN_POINT('',(-6.75E0,-1.086066705218E0,-8.897949785587E0));
#4068=VERTEX_POINT('',#4067);
#4069=CARTESIAN_POINT('',(-6.75E0,1.086066705218E0,-1.037955021441E1));
#4070=VERTEX_POINT('',#4069);
#4071=CARTESIAN_POINT('',(-6.75E0,-1.086066705218E0,-1.030794978559E1));
#4072=VERTEX_POINT('',#4071);
#4073=CARTESIAN_POINT('',(6.75E0,1.086066705218E0,-9.602949785587E0));
#4074=VERTEX_POINT('',#4073);
#4075=CARTESIAN_POINT('',(6.75E0,-1.086066705218E0,-9.674550214413E0));
#4076=VERTEX_POINT('',#4075);
#4077=VERTEX_POINT('',#1692);
#4078=CARTESIAN_POINT('',(3.217572088607E-1,6.829239576024E0,
-7.886815112915E0));
#4079=VERTEX_POINT('',#4078);
#4080=CARTESIAN_POINT('',(4.890588620364E0,5.817400016018E0,-8.65E0));
#4081=VERTEX_POINT('',#4080);
#4082=CARTESIAN_POINT('',(-6.5E-1,3.55E0,-8.E0));
#4083=CARTESIAN_POINT('',(6.5E-1,3.55E0,-8.E0));
#4084=VERTEX_POINT('',#4082);
#4085=VERTEX_POINT('',#4083);
#4086=CARTESIAN_POINT('',(-6.5E-1,3.806244868634E0,-2.E-1));
#4087=CARTESIAN_POINT('',(-6.5E-1,3.806244868634E0,-8.E0));
#4088=VERTEX_POINT('',#4086);
#4089=VERTEX_POINT('',#4087);
#4090=CARTESIAN_POINT('',(8.5E-1,3.806241170753E0,0.E0));
#4091=CARTESIAN_POINT('',(8.499999999991E-1,3.550000000003E0,0.E0));
#4092=VERTEX_POINT('',#4090);
#4093=VERTEX_POINT('',#4091);
#4094=CARTESIAN_POINT('',(6.5E-1,3.806244868634E0,-2.E-1));
#4095=CARTESIAN_POINT('',(6.5E-1,3.550000000021E0,-2.E-1));
#4096=VERTEX_POINT('',#4094);
#4097=VERTEX_POINT('',#4095);
#4098=CARTESIAN_POINT('',(-8.5E-1,3.55E0,0.E0));
#4099=VERTEX_POINT('',#4098);
#4100=CARTESIAN_POINT('',(-6.5E-1,3.55E0,-2.E-1));
#4101=VERTEX_POINT('',#4100);
#4102=CARTESIAN_POINT('',(-8.5E-1,3.806241573458E0,0.E0));
#4103=VERTEX_POINT('',#4102);
#4104=CARTESIAN_POINT('',(6.5E-1,3.806244868634E0,-8.E0));
#4105=VERTEX_POINT('',#4104);
#4106=CARTESIAN_POINT('',(8.935897435897E-1,4.001436913179E0,-2.E-1));
#4107=VERTEX_POINT('',#4106);
#4108=CARTESIAN_POINT('',(-8.935897435897E-1,4.001436913179E0,-2.E-1));
#4109=VERTEX_POINT('',#4108);
#4110=CARTESIAN_POINT('',(6.65E0,0.E0,-1.62E1));
#4111=VERTEX_POINT('',#4110);
#4112=CARTESIAN_POINT('',(-6.65E0,0.E0,-1.62E1));
#4113=VERTEX_POINT('',#4112);
#4114=CARTESIAN_POINT('',(-8.935897435897E-1,4.001436913179E0,-8.E0));
#4115=VERTEX_POINT('',#4114);
#4116=CARTESIAN_POINT('',(8.935897435897E-1,4.001436913179E0,-8.E0));
#4117=VERTEX_POINT('',#4116);
#4118=CARTESIAN_POINT('',(0.E0,5.45E0,-7.8E0));
#4119=CARTESIAN_POINT('',(0.E0,4.142893218813E0,-8.E0));
#4120=VERTEX_POINT('',#4118);
#4121=VERTEX_POINT('',#4119);
#4122=CARTESIAN_POINT('',(0.E0,-5.45E0,-7.8E0));
#4123=CARTESIAN_POINT('',(0.E0,-4.142893218813E0,-8.E0));
#4124=VERTEX_POINT('',#4122);
#4125=VERTEX_POINT('',#4123);
#4126=CARTESIAN_POINT('',(-6.75E0,3.492491947020E0,-1.09E1));
#4127=CARTESIAN_POINT('',(-6.613313098320E0,3.744875146596E0,-1.09E1));
#4128=VERTEX_POINT('',#4126);
#4129=VERTEX_POINT('',#4127);
#4130=VERTEX_POINT('',#1241);
#4131=VERTEX_POINT('',#1264);
#4132=VERTEX_POINT('',#1409);
#4133=VERTEX_POINT('',#1417);
#4134=VERTEX_POINT('',#1464);
#4135=CARTESIAN_POINT('',(4.5E0,7.794228634060E0,-1.37E1));
#4136=CARTESIAN_POINT('',(9.E0,-1.953992523340E-14,-1.37E1));
#4137=VERTEX_POINT('',#4135);
#4138=VERTEX_POINT('',#4136);
#4139=CARTESIAN_POINT('',(4.5E0,-7.794228634060E0,-1.37E1));
#4140=VERTEX_POINT('',#4139);
#4141=CARTESIAN_POINT('',(-4.5E0,-7.794228634060E0,-1.37E1));
#4142=CARTESIAN_POINT('',(-9.E0,0.E0,-1.37E1));
#4143=VERTEX_POINT('',#4141);
#4144=VERTEX_POINT('',#4142);
#4145=CARTESIAN_POINT('',(-4.5E0,7.794228634060E0,-1.37E1));
#4146=VERTEX_POINT('',#4145);
#4147=CARTESIAN_POINT('',(4.5E0,7.794228634060E0,-1.09E1));
#4148=CARTESIAN_POINT('',(9.E0,0.E0,-1.09E1));
#4149=VERTEX_POINT('',#4147);
#4150=VERTEX_POINT('',#4148);
#4151=CARTESIAN_POINT('',(4.5E0,-7.794228634060E0,-1.09E1));
#4152=VERTEX_POINT('',#4151);
#4153=CARTESIAN_POINT('',(-4.5E0,-7.794228634060E0,-1.09E1));
#4154=CARTESIAN_POINT('',(-9.E0,0.E0,-1.09E1));
#4155=VERTEX_POINT('',#4153);
#4156=VERTEX_POINT('',#4154);
#4157=CARTESIAN_POINT('',(-4.5E0,7.794228634060E0,-1.09E1));
#4158=VERTEX_POINT('',#4157);
#4159=VERTEX_POINT('',#3737);
#4160=VERTEX_POINT('',#3783);
#4161=VERTEX_POINT('',#3748);
#4162=VERTEX_POINT('',#3768);
#4163=VERTEX_POINT('',#3789);
#4164=VERTEX_POINT('',#3835);
#4165=VERTEX_POINT('',#3800);
#4166=VERTEX_POINT('',#3820);
#4167=CARTESIAN_POINT('',(9.E0,-4.242935304715E0,-1.115455173281E1));
#4168=VERTEX_POINT('',#4167);
#4169=CARTESIAN_POINT('',(9.E0,-4.242935304715E0,-1.344544826719E1));
#4170=VERTEX_POINT('',#4169);
#4171=VERTEX_POINT('',#3493);
#4172=VERTEX_POINT('',#3504);
#4173=CARTESIAN_POINT('',(8.174489760497E0,5.672760981702E0,-1.115455173281E1));
#4174=VERTEX_POINT('',#4173);
#4175=CARTESIAN_POINT('',(8.174489760497E0,5.672760981702E0,-1.344544826719E1));
#4176=VERTEX_POINT('',#4175);
#4177=VERTEX_POINT('',#3561);
#4178=VERTEX_POINT('',#3572);
#4179=VERTEX_POINT('',#3613);
#4180=VERTEX_POINT('',#3659);
#4181=VERTEX_POINT('',#3624);
#4182=VERTEX_POINT('',#3644);
#4183=CARTESIAN_POINT('',(-9.E0,4.242935304715E0,-1.115455173281E1));
#4184=VERTEX_POINT('',#4183);
#4185=CARTESIAN_POINT('',(-9.E0,4.242935304715E0,-1.344544826719E1));
#4186=VERTEX_POINT('',#4185);
#4187=VERTEX_POINT('',#3675);
#4188=VERTEX_POINT('',#3686);
#4189=CARTESIAN_POINT('',(5.45E0,0.E0,-7.8E0));
#4190=VERTEX_POINT('',#4189);
#4191=CARTESIAN_POINT('',(-5.45E0,0.E0,-7.8E0));
#4192=VERTEX_POINT('',#4191);
#4193=VERTEX_POINT('',#2503);
#4194=CARTESIAN_POINT('',(-3.300736353696E0,5.987251490590E0,
-1.481318488709E1));
#4195=VERTEX_POINT('',#4194);
#4196=VERTEX_POINT('',#2118);
#4197=CARTESIAN_POINT('',(-6.75E0,-1.086066705218E0,-1.418544978559E1));
#4198=CARTESIAN_POINT('',(-6.75E0,-1.086066705218E0,-1.453794978559E1));
#4199=VERTEX_POINT('',#4197);
#4200=VERTEX_POINT('',#4198);
#4201=CARTESIAN_POINT('',(-6.75E0,1.086066705218E0,-1.460955021441E1));
#4202=VERTEX_POINT('',#4201);
#4203=VERTEX_POINT('',#2373);
#4204=VERTEX_POINT('',#2316);
#4205=CARTESIAN_POINT('',(1.497757346291E0,2.606344061850E0,-2.6E1));
#4206=CARTESIAN_POINT('',(1.497757346291E0,2.606344061850E0,-2.3E1));
#4207=VERTEX_POINT('',#4205);
#4208=VERTEX_POINT('',#4206);
#4209=CARTESIAN_POINT('',(1.497757346291E0,2.006344061850E0,-2.6E1));
#4210=CARTESIAN_POINT('',(1.497757346291E0,2.006344061850E0,-2.3E1));
#4211=VERTEX_POINT('',#4209);
#4212=VERTEX_POINT('',#4210);
#4213=CARTESIAN_POINT('',(1.497757346291E0,2.806344061850E0,-2.3E1));
#4214=CARTESIAN_POINT('',(1.497757346291E0,1.806344061850E0,-2.3E1));
#4215=VERTEX_POINT('',#4213);
#4216=VERTEX_POINT('',#4214);
#4217=CARTESIAN_POINT('',(1.497757346291E0,2.806344061850E0,-2.E1));
#4218=VERTEX_POINT('',#4217);
#4219=CARTESIAN_POINT('',(1.497757346291E0,1.806344061850E0,-2.E1));
#4220=VERTEX_POINT('',#4219);
#4221=CARTESIAN_POINT('',(0.E0,7.65E0,-1.72E1));
#4222=CARTESIAN_POINT('',(0.E0,-7.65E0,-1.72E1));
#4223=VERTEX_POINT('',#4221);
#4224=VERTEX_POINT('',#4222);
#4225=CARTESIAN_POINT('',(0.E0,-6.65E0,-1.62E1));
#4226=VERTEX_POINT('',#4225);
#4227=CARTESIAN_POINT('',(0.E0,6.65E0,-1.62E1));
#4228=VERTEX_POINT('',#4227);
#4229=CARTESIAN_POINT('',(-6.75E0,-3.400685847174E0,-1.37E1));
#4230=CARTESIAN_POINT('',(-6.75E0,3.452808392287E0,-1.37E1));
#4231=VERTEX_POINT('',#4229);
#4232=VERTEX_POINT('',#4230);
#4233=CARTESIAN_POINT('',(6.75E0,1.086066705218E0,-1.37E1));
#4234=CARTESIAN_POINT('',(6.75E0,-1.086066705218E0,-1.37E1));
#4235=VERTEX_POINT('',#4233);
#4236=VERTEX_POINT('',#4234);
#4237=VERTEX_POINT('',#2151);
#4238=VERTEX_POINT('',#2258);
#4239=CARTESIAN_POINT('',(1.497757346291E0,2.781344061850E0,-1.E0));
#4240=CARTESIAN_POINT('',(1.497757346291E0,2.781344061850E0,-6.E-1));
#4241=VERTEX_POINT('',#4239);
#4242=VERTEX_POINT('',#4240);
#4243=CARTESIAN_POINT('',(1.497757346291E0,2.806344061850E0,-6.E-1));
#4244=CARTESIAN_POINT('',(1.497757346291E0,3.206344061850E0,-2.E-1));
#4245=VERTEX_POINT('',#4243);
#4246=VERTEX_POINT('',#4244);
#4247=CARTESIAN_POINT('',(1.497757346291E0,1.831344061850E0,-1.E0));
#4248=CARTESIAN_POINT('',(1.497757346291E0,1.831344061850E0,-6.E-1));
#4249=VERTEX_POINT('',#4247);
#4250=VERTEX_POINT('',#4248);
#4251=CARTESIAN_POINT('',(1.497757346291E0,1.806344061850E0,-6.E-1));
#4252=CARTESIAN_POINT('',(1.497757346291E0,1.406344061850E0,-2.E-1));
#4253=VERTEX_POINT('',#4251);
#4254=VERTEX_POINT('',#4252);
#4255=CARTESIAN_POINT('',(1.497757346291E0,3.206344061850E0,0.E0));
#4256=CARTESIAN_POINT('',(1.497757346291E0,1.406344061850E0,0.E0));
#4257=VERTEX_POINT('',#4255);
#4258=VERTEX_POINT('',#4256);
#4259=CARTESIAN_POINT('',(2.723237189039E0,8.577260276402E-1,-1.E0));
#4260=CARTESIAN_POINT('',(2.723237189039E0,8.577260276402E-1,-6.E-1));
#4261=VERTEX_POINT('',#4259);
#4262=VERTEX_POINT('',#4260);
#4263=CARTESIAN_POINT('',(2.723237189039E0,8.827260276402E-1,-6.E-1));
#4264=CARTESIAN_POINT('',(2.723237189039E0,1.282726027640E0,-2.E-1));
#4265=VERTEX_POINT('',#4263);
#4266=VERTEX_POINT('',#4264);
#4267=CARTESIAN_POINT('',(2.723237189039E0,-9.227397235982E-2,-1.E0));
#4268=CARTESIAN_POINT('',(2.723237189039E0,-9.227397235982E-2,-6.E-1));
#4269=VERTEX_POINT('',#4267);
#4270=VERTEX_POINT('',#4268);
#4271=CARTESIAN_POINT('',(2.723237189039E0,-1.172739723598E-1,-6.E-1));
#4272=CARTESIAN_POINT('',(2.723237189039E0,-5.172739723598E-1,-2.E-1));
#4273=VERTEX_POINT('',#4271);
#4274=VERTEX_POINT('',#4272);
#4275=CARTESIAN_POINT('',(2.723237189039E0,1.282726027640E0,0.E0));
#4276=VERTEX_POINT('',#4275);
#4277=CARTESIAN_POINT('',(2.723237189039E0,-5.172739723598E-1,0.E0));
#4278=VERTEX_POINT('',#4277);
#4279=CARTESIAN_POINT('',(2.075451345613E0,-1.329162329724E0,-1.E0));
#4280=CARTESIAN_POINT('',(2.075451345613E0,-1.329162329724E0,-6.E-1));
#4281=VERTEX_POINT('',#4279);
#4282=VERTEX_POINT('',#4280);
#4283=CARTESIAN_POINT('',(2.075451345613E0,-1.304162329724E0,-6.E-1));
#4284=CARTESIAN_POINT('',(2.075451345613E0,-9.041623297239E-1,-2.E-1));
#4285=VERTEX_POINT('',#4283);
#4286=VERTEX_POINT('',#4284);
#4287=CARTESIAN_POINT('',(2.075451345613E0,-2.279162329724E0,-1.E0));
#4288=CARTESIAN_POINT('',(2.075451345613E0,-2.279162329724E0,-6.E-1));
#4289=VERTEX_POINT('',#4287);
#4290=VERTEX_POINT('',#4288);
#4291=CARTESIAN_POINT('',(2.075451345613E0,-2.304162329724E0,-6.E-1));
#4292=CARTESIAN_POINT('',(2.075451345613E0,-2.704162329724E0,-2.E-1));
#4293=VERTEX_POINT('',#4291);
#4294=VERTEX_POINT('',#4292);
#4295=CARTESIAN_POINT('',(2.075451345613E0,-9.041623297239E-1,0.E0));
#4296=VERTEX_POINT('',#4295);
#4297=CARTESIAN_POINT('',(2.075451345613E0,-2.704162329724E0,0.E0));
#4298=VERTEX_POINT('',#4297);
#4299=CARTESIAN_POINT('',(0.E0,-2.275E0,-1.E0));
#4300=CARTESIAN_POINT('',(0.E0,-2.275E0,-6.E-1));
#4301=VERTEX_POINT('',#4299);
#4302=VERTEX_POINT('',#4300);
#4303=CARTESIAN_POINT('',(0.E0,-2.25E0,-6.E-1));
#4304=CARTESIAN_POINT('',(0.E0,-1.85E0,-2.E-1));
#4305=VERTEX_POINT('',#4303);
#4306=VERTEX_POINT('',#4304);
#4307=CARTESIAN_POINT('',(0.E0,-3.225E0,-1.E0));
#4308=CARTESIAN_POINT('',(0.E0,-3.225E0,-6.E-1));
#4309=VERTEX_POINT('',#4307);
#4310=VERTEX_POINT('',#4308);
#4311=CARTESIAN_POINT('',(0.E0,-3.25E0,-6.E-1));
#4312=CARTESIAN_POINT('',(0.E0,-3.65E0,-2.E-1));
#4313=VERTEX_POINT('',#4311);
#4314=VERTEX_POINT('',#4312);
#4315=CARTESIAN_POINT('',(0.E0,-1.85E0,0.E0));
#4316=VERTEX_POINT('',#4315);
#4317=CARTESIAN_POINT('',(0.E0,-3.65E0,0.E0));
#4318=VERTEX_POINT('',#4317);
#4319=CARTESIAN_POINT('',(-2.075451345613E0,-1.329162329724E0,-1.E0));
#4320=CARTESIAN_POINT('',(-2.075451345613E0,-1.329162329724E0,-6.E-1));
#4321=VERTEX_POINT('',#4319);
#4322=VERTEX_POINT('',#4320);
#4323=CARTESIAN_POINT('',(-2.075451345613E0,-1.304162329724E0,-6.E-1));
#4324=CARTESIAN_POINT('',(-2.075451345613E0,-9.041623297239E-1,-2.E-1));
#4325=VERTEX_POINT('',#4323);
#4326=VERTEX_POINT('',#4324);
#4327=CARTESIAN_POINT('',(-2.075451345613E0,-2.279162329724E0,-1.E0));
#4328=CARTESIAN_POINT('',(-2.075451345613E0,-2.279162329724E0,-6.E-1));
#4329=VERTEX_POINT('',#4327);
#4330=VERTEX_POINT('',#4328);
#4331=CARTESIAN_POINT('',(-2.075451345613E0,-2.304162329724E0,-6.E-1));
#4332=CARTESIAN_POINT('',(-2.075451345613E0,-2.704162329724E0,-2.E-1));
#4333=VERTEX_POINT('',#4331);
#4334=VERTEX_POINT('',#4332);
#4335=CARTESIAN_POINT('',(-2.075451345613E0,-9.041623297239E-1,0.E0));
#4336=VERTEX_POINT('',#4335);
#4337=CARTESIAN_POINT('',(-2.075451345613E0,-2.704162329724E0,0.E0));
#4338=VERTEX_POINT('',#4337);
#4339=CARTESIAN_POINT('',(-2.723237189039E0,8.577260276402E-1,-1.E0));
#4340=CARTESIAN_POINT('',(-2.723237189039E0,8.577260276402E-1,-6.E-1));
#4341=VERTEX_POINT('',#4339);
#4342=VERTEX_POINT('',#4340);
#4343=CARTESIAN_POINT('',(-2.723237189039E0,8.827260276402E-1,-6.E-1));
#4344=CARTESIAN_POINT('',(-2.723237189039E0,1.282726027640E0,-2.E-1));
#4345=VERTEX_POINT('',#4343);
#4346=VERTEX_POINT('',#4344);
#4347=CARTESIAN_POINT('',(-2.723237189039E0,-9.227397235982E-2,-1.E0));
#4348=CARTESIAN_POINT('',(-2.723237189039E0,-9.227397235982E-2,-6.E-1));
#4349=VERTEX_POINT('',#4347);
#4350=VERTEX_POINT('',#4348);
#4351=CARTESIAN_POINT('',(-2.723237189039E0,-1.172739723598E-1,-6.E-1));
#4352=CARTESIAN_POINT('',(-2.723237189039E0,-5.172739723598E-1,-2.E-1));
#4353=VERTEX_POINT('',#4351);
#4354=VERTEX_POINT('',#4352);
#4355=CARTESIAN_POINT('',(-2.723237189039E0,1.282726027640E0,0.E0));
#4356=VERTEX_POINT('',#4355);
#4357=CARTESIAN_POINT('',(-2.723237189039E0,-5.172739723598E-1,0.E0));
#4358=VERTEX_POINT('',#4357);
#4359=CARTESIAN_POINT('',(-1.497757346291E0,2.781344061850E0,-1.E0));
#4360=CARTESIAN_POINT('',(-1.497757346291E0,2.781344061850E0,-6.E-1));
#4361=VERTEX_POINT('',#4359);
#4362=VERTEX_POINT('',#4360);
#4363=CARTESIAN_POINT('',(-1.497757346291E0,2.806344061850E0,-6.E-1));
#4364=CARTESIAN_POINT('',(-1.497757346291E0,3.206344061850E0,-2.E-1));
#4365=VERTEX_POINT('',#4363);
#4366=VERTEX_POINT('',#4364);
#4367=CARTESIAN_POINT('',(-1.497757346291E0,1.831344061850E0,-1.E0));
#4368=CARTESIAN_POINT('',(-1.497757346291E0,1.831344061850E0,-6.E-1));
#4369=VERTEX_POINT('',#4367);
#4370=VERTEX_POINT('',#4368);
#4371=CARTESIAN_POINT('',(-1.497757346291E0,1.806344061850E0,-6.E-1));
#4372=CARTESIAN_POINT('',(-1.497757346291E0,1.406344061850E0,-2.E-1));
#4373=VERTEX_POINT('',#4371);
#4374=VERTEX_POINT('',#4372);
#4375=CARTESIAN_POINT('',(-1.497757346291E0,3.206344061850E0,0.E0));
#4376=VERTEX_POINT('',#4375);
#4377=CARTESIAN_POINT('',(-1.497757346291E0,1.406344061850E0,0.E0));
#4378=VERTEX_POINT('',#4377);
#4379=CARTESIAN_POINT('',(0.E0,4.75E-1,-1.E0));
#4380=CARTESIAN_POINT('',(0.E0,4.75E-1,-6.E-1));
#4381=VERTEX_POINT('',#4379);
#4382=VERTEX_POINT('',#4380);
#4383=CARTESIAN_POINT('',(0.E0,5.E-1,-6.E-1));
#4384=CARTESIAN_POINT('',(0.E0,9.E-1,-2.E-1));
#4385=VERTEX_POINT('',#4383);
#4386=VERTEX_POINT('',#4384);
#4387=CARTESIAN_POINT('',(0.E0,-4.75E-1,-1.E0));
#4388=CARTESIAN_POINT('',(0.E0,-4.75E-1,-6.E-1));
#4389=VERTEX_POINT('',#4387);
#4390=VERTEX_POINT('',#4388);
#4391=CARTESIAN_POINT('',(0.E0,-5.E-1,-6.E-1));
#4392=CARTESIAN_POINT('',(0.E0,-9.E-1,-2.E-1));
#4393=VERTEX_POINT('',#4391);
#4394=VERTEX_POINT('',#4392);
#4395=CARTESIAN_POINT('',(0.E0,9.E-1,0.E0));
#4396=VERTEX_POINT('',#4395);
#4397=CARTESIAN_POINT('',(0.E0,-9.E-1,0.E0));
#4398=VERTEX_POINT('',#4397);
#4399=CARTESIAN_POINT('',(2.723237189039E0,6.827260276402E-1,-2.6E1));
#4400=CARTESIAN_POINT('',(2.723237189039E0,6.827260276402E-1,-2.3E1));
#4401=VERTEX_POINT('',#4399);
#4402=VERTEX_POINT('',#4400);
#4403=CARTESIAN_POINT('',(2.723237189039E0,8.272602764018E-2,-2.6E1));
#4404=CARTESIAN_POINT('',(2.723237189039E0,8.272602764018E-2,-2.3E1));
#4405=VERTEX_POINT('',#4403);
#4406=VERTEX_POINT('',#4404);
#4407=CARTESIAN_POINT('',(2.723237189039E0,8.827260276402E-1,-2.3E1));
#4408=CARTESIAN_POINT('',(2.723237189039E0,-1.172739723598E-1,-2.3E1));
#4409=VERTEX_POINT('',#4407);
#4410=VERTEX_POINT('',#4408);
#4411=CARTESIAN_POINT('',(2.723237189039E0,8.827260276402E-1,-2.E1));
#4412=CARTESIAN_POINT('',(2.723237189039E0,-1.172739723598E-1,-2.E1));
#4413=VERTEX_POINT('',#4411);
#4414=VERTEX_POINT('',#4412);
#4415=CARTESIAN_POINT('',(2.075451345613E0,-1.504162329724E0,-2.6E1));
#4416=CARTESIAN_POINT('',(2.075451345613E0,-1.504162329724E0,-2.3E1));
#4417=VERTEX_POINT('',#4415);
#4418=VERTEX_POINT('',#4416);
#4419=CARTESIAN_POINT('',(2.075451345613E0,-2.104162329724E0,-2.6E1));
#4420=CARTESIAN_POINT('',(2.075451345613E0,-2.104162329724E0,-2.3E1));
#4421=VERTEX_POINT('',#4419);
#4422=VERTEX_POINT('',#4420);
#4423=CARTESIAN_POINT('',(2.075451345613E0,-1.304162329724E0,-2.3E1));
#4424=CARTESIAN_POINT('',(2.075451345613E0,-2.304162329724E0,-2.3E1));
#4425=VERTEX_POINT('',#4423);
#4426=VERTEX_POINT('',#4424);
#4427=CARTESIAN_POINT('',(2.075451345613E0,-1.304162329724E0,-2.E1));
#4428=CARTESIAN_POINT('',(2.075451345613E0,-2.304162329724E0,-2.E1));
#4429=VERTEX_POINT('',#4427);
#4430=VERTEX_POINT('',#4428);
#4431=CARTESIAN_POINT('',(0.E0,-2.45E0,-2.6E1));
#4432=CARTESIAN_POINT('',(0.E0,-2.45E0,-2.3E1));
#4433=VERTEX_POINT('',#4431);
#4434=VERTEX_POINT('',#4432);
#4435=CARTESIAN_POINT('',(0.E0,-3.05E0,-2.6E1));
#4436=CARTESIAN_POINT('',(0.E0,-3.05E0,-2.3E1));
#4437=VERTEX_POINT('',#4435);
#4438=VERTEX_POINT('',#4436);
#4439=CARTESIAN_POINT('',(0.E0,-2.25E0,-2.3E1));
#4440=CARTESIAN_POINT('',(0.E0,-3.25E0,-2.3E1));
#4441=VERTEX_POINT('',#4439);
#4442=VERTEX_POINT('',#4440);
#4443=CARTESIAN_POINT('',(0.E0,-2.25E0,-2.E1));
#4444=CARTESIAN_POINT('',(0.E0,-3.25E0,-2.E1));
#4445=VERTEX_POINT('',#4443);
#4446=VERTEX_POINT('',#4444);
#4447=CARTESIAN_POINT('',(-2.075451345613E0,-1.504162329724E0,-2.6E1));
#4448=CARTESIAN_POINT('',(-2.075451345613E0,-1.504162329724E0,-2.3E1));
#4449=VERTEX_POINT('',#4447);
#4450=VERTEX_POINT('',#4448);
#4451=CARTESIAN_POINT('',(-2.075451345613E0,-2.104162329724E0,-2.6E1));
#4452=CARTESIAN_POINT('',(-2.075451345613E0,-2.104162329724E0,-2.3E1));
#4453=VERTEX_POINT('',#4451);
#4454=VERTEX_POINT('',#4452);
#4455=CARTESIAN_POINT('',(-2.075451345613E0,-1.304162329724E0,-2.3E1));
#4456=CARTESIAN_POINT('',(-2.075451345613E0,-2.304162329724E0,-2.3E1));
#4457=VERTEX_POINT('',#4455);
#4458=VERTEX_POINT('',#4456);
#4459=CARTESIAN_POINT('',(-2.075451345613E0,-1.304162329724E0,-2.E1));
#4460=CARTESIAN_POINT('',(-2.075451345613E0,-2.304162329724E0,-2.E1));
#4461=VERTEX_POINT('',#4459);
#4462=VERTEX_POINT('',#4460);
#4463=CARTESIAN_POINT('',(-2.723237189039E0,6.827260276402E-1,-2.6E1));
#4464=CARTESIAN_POINT('',(-2.723237189039E0,6.827260276402E-1,-2.3E1));
#4465=VERTEX_POINT('',#4463);
#4466=VERTEX_POINT('',#4464);
#4467=CARTESIAN_POINT('',(-2.723237189039E0,8.272602764018E-2,-2.6E1));
#4468=CARTESIAN_POINT('',(-2.723237189039E0,8.272602764018E-2,-2.3E1));
#4469=VERTEX_POINT('',#4467);
#4470=VERTEX_POINT('',#4468);
#4471=CARTESIAN_POINT('',(-2.723237189039E0,8.827260276402E-1,-2.3E1));
#4472=CARTESIAN_POINT('',(-2.723237189039E0,-1.172739723598E-1,-2.3E1));
#4473=VERTEX_POINT('',#4471);
#4474=VERTEX_POINT('',#4472);
#4475=CARTESIAN_POINT('',(-2.723237189039E0,8.827260276402E-1,-2.E1));
#4476=CARTESIAN_POINT('',(-2.723237189039E0,-1.172739723598E-1,-2.E1));
#4477=VERTEX_POINT('',#4475);
#4478=VERTEX_POINT('',#4476);
#4479=CARTESIAN_POINT('',(-1.497757346291E0,2.606344061850E0,-2.6E1));
#4480=CARTESIAN_POINT('',(-1.497757346291E0,2.606344061850E0,-2.3E1));
#4481=VERTEX_POINT('',#4479);
#4482=VERTEX_POINT('',#4480);
#4483=CARTESIAN_POINT('',(-1.497757346291E0,2.006344061850E0,-2.6E1));
#4484=CARTESIAN_POINT('',(-1.497757346291E0,2.006344061850E0,-2.3E1));
#4485=VERTEX_POINT('',#4483);
#4486=VERTEX_POINT('',#4484);
#4487=CARTESIAN_POINT('',(-1.497757346291E0,2.806344061850E0,-2.3E1));
#4488=CARTESIAN_POINT('',(-1.497757346291E0,1.806344061850E0,-2.3E1));
#4489=VERTEX_POINT('',#4487);
#4490=VERTEX_POINT('',#4488);
#4491=CARTESIAN_POINT('',(-1.497757346291E0,2.806344061850E0,-2.E1));
#4492=CARTESIAN_POINT('',(-1.497757346291E0,1.806344061850E0,-2.E1));
#4493=VERTEX_POINT('',#4491);
#4494=VERTEX_POINT('',#4492);
#4495=CARTESIAN_POINT('',(0.E0,3.E-1,-2.6E1));
#4496=CARTESIAN_POINT('',(0.E0,3.E-1,-2.3E1));
#4497=VERTEX_POINT('',#4495);
#4498=VERTEX_POINT('',#4496);
#4499=CARTESIAN_POINT('',(0.E0,-3.E-1,-2.6E1));
#4500=CARTESIAN_POINT('',(0.E0,-3.E-1,-2.3E1));
#4501=VERTEX_POINT('',#4499);
#4502=VERTEX_POINT('',#4500);
#4503=CARTESIAN_POINT('',(0.E0,5.E-1,-2.3E1));
#4504=CARTESIAN_POINT('',(0.E0,-5.E-1,-2.3E1));
#4505=VERTEX_POINT('',#4503);
#4506=VERTEX_POINT('',#4504);
#4507=CARTESIAN_POINT('',(0.E0,5.E-1,-2.E1));
#4508=CARTESIAN_POINT('',(0.E0,-5.E-1,-2.E1));
#4509=VERTEX_POINT('',#4507);
#4510=VERTEX_POINT('',#4508);
#4511=CARTESIAN_POINT('',(0.E0,0.E0,-1.4E0));
#4512=DIRECTION('',(0.E0,0.E0,-1.E0));
#4513=DIRECTION('',(-1.E0,0.E0,0.E0));
#4514=AXIS2_PLACEMENT_3D('',#4511,#4512,#4513);
#4515=TOROIDAL_SURFACE('',#4514,6.45E0,2.E-1);
#4517=ORIENTED_EDGE('',*,*,#4516,.F.);
#4519=ORIENTED_EDGE('',*,*,#4518,.T.);
#4521=ORIENTED_EDGE('',*,*,#4520,.T.);
#4523=ORIENTED_EDGE('',*,*,#4522,.F.);
#4524=EDGE_LOOP('',(#4517,#4519,#4521,#4523));
#4525=FACE_OUTER_BOUND('',#4524,.F.);
#4527=CARTESIAN_POINT('',(0.E0,0.E0,-1.4E0));
#4528=DIRECTION('',(0.E0,0.E0,-1.E0));
#4529=DIRECTION('',(-1.E0,0.E0,0.E0));
#4530=AXIS2_PLACEMENT_3D('',#4527,#4528,#4529);
#4531=TOROIDAL_SURFACE('',#4530,6.45E0,2.E-1);
#4532=ORIENTED_EDGE('',*,*,#4516,.T.);
#4534=ORIENTED_EDGE('',*,*,#4533,.T.);
#4535=ORIENTED_EDGE('',*,*,#4520,.F.);
#4537=ORIENTED_EDGE('',*,*,#4536,.F.);
#4538=EDGE_LOOP('',(#4532,#4534,#4535,#4537));
#4539=FACE_OUTER_BOUND('',#4538,.F.);
#4541=CARTESIAN_POINT('',(0.E0,0.E0,-1.2E0));
#4542=DIRECTION('',(0.E0,0.E0,-1.E0));
#4543=DIRECTION('',(-1.E0,0.E0,0.E0));
#4544=AXIS2_PLACEMENT_3D('',#4541,#4542,#4543);
#4545=PLANE('',#4544);
#4546=ORIENTED_EDGE('',*,*,#4533,.F.);
#4547=ORIENTED_EDGE('',*,*,#4522,.T.);
#4548=EDGE_LOOP('',(#4546,#4547));
#4549=FACE_OUTER_BOUND('',#4548,.F.);
#4551=ORIENTED_EDGE('',*,*,#4550,.F.);
#4553=ORIENTED_EDGE('',*,*,#4552,.T.);
#4554=EDGE_LOOP('',(#4551,#4553));
#4555=FACE_BOUND('',#4554,.F.);
#4557=CARTESIAN_POINT('',(0.E0,0.E0,-2.6E-1));
#4558=DIRECTION('',(0.E0,0.E0,-1.E0));
#4559=DIRECTION('',(-1.E0,0.E0,0.E0));
#4560=AXIS2_PLACEMENT_3D('',#4557,#4558,#4559);
#4561=CYLINDRICAL_SURFACE('',#4560,6.25E0);
#4563=ORIENTED_EDGE('',*,*,#4562,.F.);
#4564=ORIENTED_EDGE('',*,*,#4550,.T.);
#4566=ORIENTED_EDGE('',*,*,#4565,.T.);
#4568=ORIENTED_EDGE('',*,*,#4567,.F.);
#4569=EDGE_LOOP('',(#4563,#4564,#4566,#4568));
#4570=FACE_OUTER_BOUND('',#4569,.F.);
#4572=CARTESIAN_POINT('',(0.E0,0.E0,-2.6E-1));
#4573=DIRECTION('',(0.E0,0.E0,-1.E0));
#4574=DIRECTION('',(-1.E0,0.E0,0.E0));
#4575=AXIS2_PLACEMENT_3D('',#4572,#4573,#4574);
#4576=CYLINDRICAL_SURFACE('',#4575,6.25E0);
#4577=ORIENTED_EDGE('',*,*,#4562,.T.);
#4579=ORIENTED_EDGE('',*,*,#4578,.T.);
#4580=ORIENTED_EDGE('',*,*,#4565,.F.);
#4581=ORIENTED_EDGE('',*,*,#4552,.F.);
#4582=EDGE_LOOP('',(#4577,#4579,#4580,#4581));
#4583=FACE_OUTER_BOUND('',#4582,.F.);
#4585=CARTESIAN_POINT('',(0.E0,0.E0,-2.1E0));
#4586=DIRECTION('',(0.E0,0.E0,1.E0));
#4587=DIRECTION('',(1.E0,0.E0,0.E0));
#4588=AXIS2_PLACEMENT_3D('',#4585,#4586,#4587);
#4589=CONICAL_SURFACE('',#4588,5.85E0,4.5E1);
#4591=ORIENTED_EDGE('',*,*,#4590,.T.);
#4593=ORIENTED_EDGE('',*,*,#4592,.T.);
#4595=ORIENTED_EDGE('',*,*,#4594,.F.);
#4596=ORIENTED_EDGE('',*,*,#4578,.F.);
#4597=EDGE_LOOP('',(#4591,#4593,#4595,#4596));
#4598=FACE_OUTER_BOUND('',#4597,.F.);
#4600=CARTESIAN_POINT('',(0.E0,0.E0,-2.1E0));
#4601=DIRECTION('',(0.E0,0.E0,1.E0));
#4602=DIRECTION('',(1.E0,0.E0,0.E0));
#4603=AXIS2_PLACEMENT_3D('',#4600,#4601,#4602);
#4604=CONICAL_SURFACE('',#4603,5.85E0,4.5E1);
#4605=ORIENTED_EDGE('',*,*,#4590,.F.);
#4606=ORIENTED_EDGE('',*,*,#4567,.T.);
#4607=ORIENTED_EDGE('',*,*,#4594,.T.);
#4609=ORIENTED_EDGE('',*,*,#4608,.F.);
#4610=EDGE_LOOP('',(#4605,#4606,#4607,#4609));
#4611=FACE_OUTER_BOUND('',#4610,.F.);
#4613=CARTESIAN_POINT('',(0.E0,0.E0,-2.6E-1));
#4614=DIRECTION('',(0.E0,0.E0,-1.E0));
#4615=DIRECTION('',(-1.E0,0.E0,0.E0));
#4616=AXIS2_PLACEMENT_3D('',#4613,#4614,#4615);
#4617=CYLINDRICAL_SURFACE('',#4616,5.45E0);
#4619=ORIENTED_EDGE('',*,*,#4618,.T.);
#4621=ORIENTED_EDGE('',*,*,#4620,.F.);
#4622=ORIENTED_EDGE('',*,*,#4608,.T.);
#4624=ORIENTED_EDGE('',*,*,#4623,.T.);
#4626=ORIENTED_EDGE('',*,*,#4625,.T.);
#4627=EDGE_LOOP('',(#4619,#4621,#4622,#4624,#4626));
#4628=FACE_OUTER_BOUND('',#4627,.F.);
#4630=CARTESIAN_POINT('',(0.E0,0.E0,-8.25E0));
#4631=DIRECTION('',(0.E0,0.E0,-1.E0));
#4632=DIRECTION('',(0.E0,-1.E0,0.E0));
#4633=AXIS2_PLACEMENT_3D('',#4630,#4631,#4632);
#4634=TOROIDAL_SURFACE('',#4633,4.85E0,7.5E-1);
#4636=ORIENTED_EDGE('',*,*,#4635,.F.);
#4638=ORIENTED_EDGE('',*,*,#4637,.F.);
#4639=ORIENTED_EDGE('',*,*,#4618,.F.);
#4641=ORIENTED_EDGE('',*,*,#4640,.T.);
#4643=ORIENTED_EDGE('',*,*,#4642,.F.);
#4644=EDGE_LOOP('',(#4636,#4638,#4639,#4641,#4643));
#4645=FACE_OUTER_BOUND('',#4644,.F.);
#4647=CARTESIAN_POINT('',(0.E0,0.E0,-8.25E0));
#4648=DIRECTION('',(0.E0,0.E0,-1.E0));
#4649=DIRECTION('',(0.E0,-1.E0,0.E0));
#4650=AXIS2_PLACEMENT_3D('',#4647,#4648,#4649);
#4651=TOROIDAL_SURFACE('',#4650,4.85E0,7.5E-1);
#4652=ORIENTED_EDGE('',*,*,#4635,.T.);
#4654=ORIENTED_EDGE('',*,*,#4653,.T.);
#4655=ORIENTED_EDGE('',*,*,#4640,.F.);
#4656=ORIENTED_EDGE('',*,*,#4625,.F.);
#4658=ORIENTED_EDGE('',*,*,#4657,.F.);
#4659=EDGE_LOOP('',(#4652,#4654,#4655,#4656,#4658));
#4660=FACE_OUTER_BOUND('',#4659,.F.);
#4662=CARTESIAN_POINT('',(0.E0,0.E0,-8.E0));
#4663=DIRECTION('',(0.E0,0.E0,1.E0));
#4664=DIRECTION('',(1.E0,0.E0,0.E0));
#4665=AXIS2_PLACEMENT_3D('',#4662,#4663,#4664);
#4666=PLANE('',#4665);
#4667=ORIENTED_EDGE('',*,*,#4653,.F.);
#4668=ORIENTED_EDGE('',*,*,#4642,.T.);
#4669=EDGE_LOOP('',(#4667,#4668));
#4670=FACE_OUTER_BOUND('',#4669,.F.);
#4672=ORIENTED_EDGE('',*,*,#4671,.F.);
#4674=ORIENTED_EDGE('',*,*,#4673,.F.);
#4676=ORIENTED_EDGE('',*,*,#4675,.F.);
#4678=ORIENTED_EDGE('',*,*,#4677,.F.);
#4680=ORIENTED_EDGE('',*,*,#4679,.F.);
#4682=ORIENTED_EDGE('',*,*,#4681,.F.);
#4683=EDGE_LOOP('',(#4672,#4674,#4676,#4678,#4680,#4682));
#4684=FACE_BOUND('',#4683,.F.);
#4686=CARTESIAN_POINT('',(-8.5E-1,3.806244868634E0,2.6072E1));
#4687=DIRECTION('',(0.E0,0.E0,-1.E0));
#4688=DIRECTION('',(-2.179487179487E-1,9.759602227266E-1,0.E0));
#4689=AXIS2_PLACEMENT_3D('',#4686,#4687,#4688);
#4690=CYLINDRICAL_SURFACE('',#4689,2.E-1);
#4692=ORIENTED_EDGE('',*,*,#4691,.T.);
#4693=ORIENTED_EDGE('',*,*,#4671,.T.);
#4695=ORIENTED_EDGE('',*,*,#4694,.F.);
#4697=ORIENTED_EDGE('',*,*,#4696,.T.);
#4698=EDGE_LOOP('',(#4692,#4693,#4695,#4697));
#4699=FACE_OUTER_BOUND('',#4698,.F.);
#4701=CARTESIAN_POINT('',(0.E0,0.E0,5.E-1));
#4702=DIRECTION('',(0.E0,0.E0,-1.E0));
#4703=DIRECTION('',(0.E0,-1.E0,0.E0));
#4704=AXIS2_PLACEMENT_3D('',#4701,#4702,#4703);
#4705=CYLINDRICAL_SURFACE('',#4704,4.1E0);
#4706=ORIENTED_EDGE('',*,*,#4673,.T.);
#4707=ORIENTED_EDGE('',*,*,#4691,.F.);
#4709=ORIENTED_EDGE('',*,*,#4708,.T.);
#4711=ORIENTED_EDGE('',*,*,#4710,.F.);
#4712=EDGE_LOOP('',(#4706,#4707,#4709,#4711));
#4713=FACE_OUTER_BOUND('',#4712,.F.);
#4715=CARTESIAN_POINT('',(0.E0,0.E0,-2.E-1));
#4716=DIRECTION('',(0.E0,0.E0,-1.E0));
#4717=DIRECTION('',(-5.327682113088E-3,-9.999858078009E-1,0.E0));
#4718=AXIS2_PLACEMENT_3D('',#4715,#4716,#4717);
#4719=TOROIDAL_SURFACE('',#4718,3.9E0,2.E-1);
#4720=ORIENTED_EDGE('',*,*,#4708,.F.);
#4722=ORIENTED_EDGE('',*,*,#4721,.T.);
#4724=ORIENTED_EDGE('',*,*,#4723,.T.);
#4726=ORIENTED_EDGE('',*,*,#4725,.T.);
#4727=EDGE_LOOP('',(#4720,#4722,#4724,#4726));
#4728=FACE_OUTER_BOUND('',#4727,.F.);
#4730=CARTESIAN_POINT('',(-8.5E-1,3.806244868634E0,-2.E-1));
#4731=DIRECTION('',(7.803680919761E-1,-6.253204306799E-1,0.E0));
#4732=DIRECTION('',(6.253204306799E-1,7.803680919761E-1,0.E0));
#4733=AXIS2_PLACEMENT_3D('',#4730,#4731,#4732);
#4734=SPHERICAL_SURFACE('',#4733,2.E-1);
#4736=ORIENTED_EDGE('',*,*,#4735,.F.);
#4737=ORIENTED_EDGE('',*,*,#4721,.F.);
#4738=ORIENTED_EDGE('',*,*,#4696,.F.);
#4739=EDGE_LOOP('',(#4736,#4737,#4738));
#4740=FACE_OUTER_BOUND('',#4739,.F.);
#4742=CARTESIAN_POINT('',(-8.5E-1,3.5281564E0,-2.E-1));
#4743=DIRECTION('',(0.E0,1.E0,0.E0));
#4744=DIRECTION('',(0.E0,0.E0,1.E0));
#4745=AXIS2_PLACEMENT_3D('',#4742,#4743,#4744);
#4746=CYLINDRICAL_SURFACE('',#4745,2.E-1);
#4748=ORIENTED_EDGE('',*,*,#4747,.F.);
#4750=ORIENTED_EDGE('',*,*,#4749,.F.);
#4752=ORIENTED_EDGE('',*,*,#4751,.T.);
#4753=ORIENTED_EDGE('',*,*,#4735,.T.);
#4754=EDGE_LOOP('',(#4748,#4750,#4752,#4753));
#4755=FACE_OUTER_BOUND('',#4754,.F.);
#4757=CARTESIAN_POINT('',(-6.5E-1,4.1E0,0.E0));
#4758=DIRECTION('',(-1.E0,0.E0,0.E0));
#4759=DIRECTION('',(0.E0,-1.E0,0.E0));
#4760=AXIS2_PLACEMENT_3D('',#4757,#4758,#4759);
#4761=PLANE('',#4760);
#4762=ORIENTED_EDGE('',*,*,#4694,.T.);
#4763=ORIENTED_EDGE('',*,*,#4681,.T.);
#4765=ORIENTED_EDGE('',*,*,#4764,.F.);
#4766=ORIENTED_EDGE('',*,*,#4747,.T.);
#4767=EDGE_LOOP('',(#4762,#4763,#4765,#4766));
#4768=FACE_OUTER_BOUND('',#4767,.F.);
#4770=CARTESIAN_POINT('',(0.E0,3.55E0,0.E0));
#4771=DIRECTION('',(0.E0,0.E0,1.E0));
#4772=DIRECTION('',(1.E0,0.E0,0.E0));
#4773=AXIS2_PLACEMENT_3D('',#4770,#4771,#4772);
#4774=CYLINDRICAL_SURFACE('',#4773,6.5E-1);
#4776=ORIENTED_EDGE('',*,*,#4775,.T.);
#4777=ORIENTED_EDGE('',*,*,#4764,.T.);
#4778=ORIENTED_EDGE('',*,*,#4679,.T.);
#4780=ORIENTED_EDGE('',*,*,#4779,.F.);
#4781=EDGE_LOOP('',(#4776,#4777,#4778,#4780));
#4782=FACE_OUTER_BOUND('',#4781,.F.);
#4784=CARTESIAN_POINT('',(0.E0,3.55E0,-2.E-1));
#4785=DIRECTION('',(0.E0,0.E0,1.E0));
#4786=DIRECTION('',(9.994353870317E-1,3.359921351583E-2,0.E0));
#4787=AXIS2_PLACEMENT_3D('',#4784,#4785,#4786);
#4788=TOROIDAL_SURFACE('',#4787,8.5E-1,2.E-1);
#4790=ORIENTED_EDGE('',*,*,#4789,.T.);
#4791=ORIENTED_EDGE('',*,*,#4749,.T.);
#4792=ORIENTED_EDGE('',*,*,#4775,.F.);
#4794=ORIENTED_EDGE('',*,*,#4793,.F.);
#4795=EDGE_LOOP('',(#4790,#4791,#4792,#4794));
#4796=FACE_OUTER_BOUND('',#4795,.F.);
#4798=CARTESIAN_POINT('',(0.E0,0.E0,0.E0));
#4799=DIRECTION('',(0.E0,0.E0,-1.E0));
#4800=DIRECTION('',(0.E0,-1.E0,0.E0));
#4801=AXIS2_PLACEMENT_3D('',#4798,#4799,#4800);
#4802=PLANE('',#4801);
#4803=ORIENTED_EDGE('',*,*,#4723,.F.);
#4804=ORIENTED_EDGE('',*,*,#4751,.F.);
#4805=ORIENTED_EDGE('',*,*,#4789,.F.);
#4807=ORIENTED_EDGE('',*,*,#4806,.F.);
#4808=EDGE_LOOP('',(#4803,#4804,#4805,#4807));
#4809=FACE_OUTER_BOUND('',#4808,.F.);
#4811=ORIENTED_EDGE('',*,*,#4810,.F.);
#4813=ORIENTED_EDGE('',*,*,#4812,.F.);
#4814=EDGE_LOOP('',(#4811,#4813));
#4815=FACE_BOUND('',#4814,.F.);
#4817=ORIENTED_EDGE('',*,*,#4816,.F.);
#4819=ORIENTED_EDGE('',*,*,#4818,.F.);
#4820=EDGE_LOOP('',(#4817,#4819));
#4821=FACE_BOUND('',#4820,.F.);
#4823=ORIENTED_EDGE('',*,*,#4822,.F.);
#4825=ORIENTED_EDGE('',*,*,#4824,.F.);
#4826=EDGE_LOOP('',(#4823,#4825));
#4827=FACE_BOUND('',#4826,.F.);
#4829=ORIENTED_EDGE('',*,*,#4828,.F.);
#4831=ORIENTED_EDGE('',*,*,#4830,.F.);
#4832=EDGE_LOOP('',(#4829,#4831));
#4833=FACE_BOUND('',#4832,.F.);
#4835=ORIENTED_EDGE('',*,*,#4834,.F.);
#4837=ORIENTED_EDGE('',*,*,#4836,.F.);
#4838=EDGE_LOOP('',(#4835,#4837));
#4839=FACE_BOUND('',#4838,.F.);
#4841=ORIENTED_EDGE('',*,*,#4840,.F.);
#4843=ORIENTED_EDGE('',*,*,#4842,.F.);
#4844=EDGE_LOOP('',(#4841,#4843));
#4845=FACE_BOUND('',#4844,.F.);
#4847=ORIENTED_EDGE('',*,*,#4846,.F.);
#4849=ORIENTED_EDGE('',*,*,#4848,.F.);
#4850=EDGE_LOOP('',(#4847,#4849));
#4851=FACE_BOUND('',#4850,.F.);
#4853=ORIENTED_EDGE('',*,*,#4852,.F.);
#4855=ORIENTED_EDGE('',*,*,#4854,.F.);
#4856=EDGE_LOOP('',(#4853,#4855));
#4857=FACE_BOUND('',#4856,.F.);
#4859=CARTESIAN_POINT('',(1.497757346291E0,2.306344061850E0,5.E-2));
#4860=DIRECTION('',(0.E0,0.E0,-1.E0));
#4861=DIRECTION('',(0.E0,-1.E0,0.E0));
#4862=AXIS2_PLACEMENT_3D('',#4859,#4860,#4861);
#4863=CYLINDRICAL_SURFACE('',#4862,9.E-1);
#4864=ORIENTED_EDGE('',*,*,#4852,.T.);
#4866=ORIENTED_EDGE('',*,*,#4865,.F.);
#4868=ORIENTED_EDGE('',*,*,#4867,.F.);
#4870=ORIENTED_EDGE('',*,*,#4869,.T.);
#4871=EDGE_LOOP('',(#4864,#4866,#4868,#4870));
#4872=FACE_OUTER_BOUND('',#4871,.F.);
#4874=CARTESIAN_POINT('',(1.497757346291E0,2.306344061850E0,5.E-2));
#4875=DIRECTION('',(0.E0,0.E0,-1.E0));
#4876=DIRECTION('',(0.E0,-1.E0,0.E0));
#4877=AXIS2_PLACEMENT_3D('',#4874,#4875,#4876);
#4878=CYLINDRICAL_SURFACE('',#4877,9.E-1);
#4879=ORIENTED_EDGE('',*,*,#4854,.T.);
#4880=ORIENTED_EDGE('',*,*,#4869,.F.);
#4882=ORIENTED_EDGE('',*,*,#4881,.T.);
#4883=ORIENTED_EDGE('',*,*,#4865,.T.);
#4884=EDGE_LOOP('',(#4879,#4880,#4882,#4883));
#4885=FACE_OUTER_BOUND('',#4884,.F.);
#4887=CARTESIAN_POINT('',(1.497757346291E0,2.306344061850E0,-4.E-1));
#4888=DIRECTION('',(0.E0,0.E0,1.E0));
#4889=DIRECTION('',(0.E0,1.E0,0.E0));
#4890=AXIS2_PLACEMENT_3D('',#4887,#4888,#4889);
#4891=CONICAL_SURFACE('',#4890,7.E-1,4.5E1);
#4893=ORIENTED_EDGE('',*,*,#4892,.F.);
#4895=ORIENTED_EDGE('',*,*,#4894,.T.);
#4897=ORIENTED_EDGE('',*,*,#4896,.T.);
#4898=ORIENTED_EDGE('',*,*,#4881,.F.);
#4899=EDGE_LOOP('',(#4893,#4895,#4897,#4898));
#4900=FACE_OUTER_BOUND('',#4899,.F.);
#4902=CARTESIAN_POINT('',(1.497757346291E0,2.306344061850E0,-4.E-1));
#4903=DIRECTION('',(0.E0,0.E0,1.E0));
#4904=DIRECTION('',(0.E0,1.E0,0.E0));
#4905=AXIS2_PLACEMENT_3D('',#4902,#4903,#4904);
#4906=CONICAL_SURFACE('',#4905,7.E-1,4.5E1);
#4907=ORIENTED_EDGE('',*,*,#4892,.T.);
#4908=ORIENTED_EDGE('',*,*,#4867,.T.);
#4909=ORIENTED_EDGE('',*,*,#4896,.F.);
#4911=ORIENTED_EDGE('',*,*,#4910,.F.);
#4912=EDGE_LOOP('',(#4907,#4908,#4909,#4911));
#4913=FACE_OUTER_BOUND('',#4912,.F.);
#4915=CARTESIAN_POINT('',(1.497757346291E0,2.306344061850E0,-6.E-1));
#4916=DIRECTION('',(0.E0,0.E0,-1.E0));
#4917=DIRECTION('',(0.E0,-1.E0,0.E0));
#4918=AXIS2_PLACEMENT_3D('',#4915,#4916,#4917);
#4919=PLANE('',#4918);
#4920=ORIENTED_EDGE('',*,*,#4910,.T.);
#4921=ORIENTED_EDGE('',*,*,#4894,.F.);
#4922=EDGE_LOOP('',(#4920,#4921));
#4923=FACE_OUTER_BOUND('',#4922,.F.);
#4925=ORIENTED_EDGE('',*,*,#4924,.T.);
#4927=ORIENTED_EDGE('',*,*,#4926,.F.);
#4928=EDGE_LOOP('',(#4925,#4927));
#4929=FACE_BOUND('',#4928,.F.);
#4931=CARTESIAN_POINT('',(1.497757346291E0,2.306344061850E0,5.E-2));
#4932=DIRECTION('',(0.E0,0.E0,-1.E0));
#4933=DIRECTION('',(0.E0,-1.E0,0.E0));
#4934=AXIS2_PLACEMENT_3D('',#4931,#4932,#4933);
#4935=CYLINDRICAL_SURFACE('',#4934,4.75E-1);
#4937=ORIENTED_EDGE('',*,*,#4936,.F.);
#4939=ORIENTED_EDGE('',*,*,#4938,.T.);
#4941=ORIENTED_EDGE('',*,*,#4940,.T.);
#4942=ORIENTED_EDGE('',*,*,#4924,.F.);
#4943=EDGE_LOOP('',(#4937,#4939,#4941,#4942));
#4944=FACE_OUTER_BOUND('',#4943,.F.);
#4946=CARTESIAN_POINT('',(1.497757346291E0,2.306344061850E0,5.E-2));
#4947=DIRECTION('',(0.E0,0.E0,-1.E0));
#4948=DIRECTION('',(0.E0,-1.E0,0.E0));
#4949=AXIS2_PLACEMENT_3D('',#4946,#4947,#4948);
#4950=CYLINDRICAL_SURFACE('',#4949,4.75E-1);
#4951=ORIENTED_EDGE('',*,*,#4936,.T.);
#4952=ORIENTED_EDGE('',*,*,#4926,.T.);
#4953=ORIENTED_EDGE('',*,*,#4940,.F.);
#4955=ORIENTED_EDGE('',*,*,#4954,.F.);
#4956=EDGE_LOOP('',(#4951,#4952,#4953,#4955));
#4957=FACE_OUTER_BOUND('',#4956,.F.);
#4959=CARTESIAN_POINT('',(1.497757346291E0,2.306344061850E0,-1.E0));
#4960=DIRECTION('',(0.E0,0.E0,-1.E0));
#4961=DIRECTION('',(0.E0,-1.E0,0.E0));
#4962=AXIS2_PLACEMENT_3D('',#4959,#4960,#4961);
#4963=PLANE('',#4962);
#4964=ORIENTED_EDGE('',*,*,#4954,.T.);
#4965=ORIENTED_EDGE('',*,*,#4938,.F.);
#4966=EDGE_LOOP('',(#4964,#4965));
#4967=FACE_OUTER_BOUND('',#4966,.F.);
#4969=CARTESIAN_POINT('',(2.723237189039E0,3.827260276402E-1,5.E-2));
#4970=DIRECTION('',(0.E0,0.E0,-1.E0));
#4971=DIRECTION('',(0.E0,-1.E0,0.E0));
#4972=AXIS2_PLACEMENT_3D('',#4969,#4970,#4971);
#4973=CYLINDRICAL_SURFACE('',#4972,9.E-1);
#4975=ORIENTED_EDGE('',*,*,#4974,.T.);
#4976=ORIENTED_EDGE('',*,*,#4810,.T.);
#4978=ORIENTED_EDGE('',*,*,#4977,.F.);
#4980=ORIENTED_EDGE('',*,*,#4979,.F.);
#4981=EDGE_LOOP('',(#4975,#4976,#4978,#4980));
#4982=FACE_OUTER_BOUND('',#4981,.F.);
#4984=CARTESIAN_POINT('',(2.723237189039E0,3.827260276402E-1,5.E-2));
#4985=DIRECTION('',(0.E0,0.E0,-1.E0));
#4986=DIRECTION('',(0.E0,-1.E0,0.E0));
#4987=AXIS2_PLACEMENT_3D('',#4984,#4985,#4986);
#4988=CYLINDRICAL_SURFACE('',#4987,9.E-1);
#4989=ORIENTED_EDGE('',*,*,#4974,.F.);
#4991=ORIENTED_EDGE('',*,*,#4990,.T.);
#4992=ORIENTED_EDGE('',*,*,#4977,.T.);
#4993=ORIENTED_EDGE('',*,*,#4812,.T.);
#4994=EDGE_LOOP('',(#4989,#4991,#4992,#4993));
#4995=FACE_OUTER_BOUND('',#4994,.F.);
#4997=CARTESIAN_POINT('',(2.723237189039E0,3.827260276402E-1,-4.E-1));
#4998=DIRECTION('',(0.E0,0.E0,1.E0));
#4999=DIRECTION('',(0.E0,1.E0,0.E0));
#5000=AXIS2_PLACEMENT_3D('',#4997,#4998,#4999);
#5001=CONICAL_SURFACE('',#5000,7.E-1,4.5E1);
#5003=ORIENTED_EDGE('',*,*,#5002,.F.);
#5005=ORIENTED_EDGE('',*,*,#5004,.T.);
#5007=ORIENTED_EDGE('',*,*,#5006,.T.);
#5008=ORIENTED_EDGE('',*,*,#4990,.F.);
#5009=EDGE_LOOP('',(#5003,#5005,#5007,#5008));
#5010=FACE_OUTER_BOUND('',#5009,.F.);
#5012=CARTESIAN_POINT('',(2.723237189039E0,3.827260276402E-1,-4.E-1));
#5013=DIRECTION('',(0.E0,0.E0,1.E0));
#5014=DIRECTION('',(0.E0,1.E0,0.E0));
#5015=AXIS2_PLACEMENT_3D('',#5012,#5013,#5014);
#5016=CONICAL_SURFACE('',#5015,7.E-1,4.5E1);
#5017=ORIENTED_EDGE('',*,*,#5002,.T.);
#5018=ORIENTED_EDGE('',*,*,#4979,.T.);
#5019=ORIENTED_EDGE('',*,*,#5006,.F.);
#5021=ORIENTED_EDGE('',*,*,#5020,.F.);
#5022=EDGE_LOOP('',(#5017,#5018,#5019,#5021));
#5023=FACE_OUTER_BOUND('',#5022,.F.);
#5025=CARTESIAN_POINT('',(2.723237189039E0,3.827260276402E-1,-6.E-1));
#5026=DIRECTION('',(0.E0,0.E0,-1.E0));
#5027=DIRECTION('',(0.E0,-1.E0,0.E0));
#5028=AXIS2_PLACEMENT_3D('',#5025,#5026,#5027);
#5029=PLANE('',#5028);
#5030=ORIENTED_EDGE('',*,*,#5020,.T.);
#5031=ORIENTED_EDGE('',*,*,#5004,.F.);
#5032=EDGE_LOOP('',(#5030,#5031));
#5033=FACE_OUTER_BOUND('',#5032,.F.);
#5035=ORIENTED_EDGE('',*,*,#5034,.T.);
#5037=ORIENTED_EDGE('',*,*,#5036,.F.);
#5038=EDGE_LOOP('',(#5035,#5037));
#5039=FACE_BOUND('',#5038,.F.);
#5041=CARTESIAN_POINT('',(2.723237189039E0,3.827260276402E-1,5.E-2));
#5042=DIRECTION('',(0.E0,0.E0,-1.E0));
#5043=DIRECTION('',(0.E0,-1.E0,0.E0));
#5044=AXIS2_PLACEMENT_3D('',#5041,#5042,#5043);
#5045=CYLINDRICAL_SURFACE('',#5044,4.75E-1);
#5047=ORIENTED_EDGE('',*,*,#5046,.F.);
#5049=ORIENTED_EDGE('',*,*,#5048,.T.);
#5051=ORIENTED_EDGE('',*,*,#5050,.T.);
#5052=ORIENTED_EDGE('',*,*,#5034,.F.);
#5053=EDGE_LOOP('',(#5047,#5049,#5051,#5052));
#5054=FACE_OUTER_BOUND('',#5053,.F.);
#5056=CARTESIAN_POINT('',(2.723237189039E0,3.827260276402E-1,5.E-2));
#5057=DIRECTION('',(0.E0,0.E0,-1.E0));
#5058=DIRECTION('',(0.E0,-1.E0,0.E0));
#5059=AXIS2_PLACEMENT_3D('',#5056,#5057,#5058);
#5060=CYLINDRICAL_SURFACE('',#5059,4.75E-1);
#5061=ORIENTED_EDGE('',*,*,#5046,.T.);
#5062=ORIENTED_EDGE('',*,*,#5036,.T.);
#5063=ORIENTED_EDGE('',*,*,#5050,.F.);
#5065=ORIENTED_EDGE('',*,*,#5064,.F.);
#5066=EDGE_LOOP('',(#5061,#5062,#5063,#5065));
#5067=FACE_OUTER_BOUND('',#5066,.F.);
#5069=CARTESIAN_POINT('',(2.723237189039E0,3.827260276402E-1,-1.E0));
#5070=DIRECTION('',(0.E0,0.E0,-1.E0));
#5071=DIRECTION('',(0.E0,-1.E0,0.E0));
#5072=AXIS2_PLACEMENT_3D('',#5069,#5070,#5071);
#5073=PLANE('',#5072);
#5074=ORIENTED_EDGE('',*,*,#5064,.T.);
#5075=ORIENTED_EDGE('',*,*,#5048,.F.);
#5076=EDGE_LOOP('',(#5074,#5075));
#5077=FACE_OUTER_BOUND('',#5076,.F.);
#5079=CARTESIAN_POINT('',(2.075451345613E0,-1.804162329724E0,5.E-2));
#5080=DIRECTION('',(0.E0,0.E0,-1.E0));
#5081=DIRECTION('',(0.E0,-1.E0,0.E0));
#5082=AXIS2_PLACEMENT_3D('',#5079,#5080,#5081);
#5083=CYLINDRICAL_SURFACE('',#5082,9.E-1);
#5085=ORIENTED_EDGE('',*,*,#5084,.T.);
#5086=ORIENTED_EDGE('',*,*,#4816,.T.);
#5088=ORIENTED_EDGE('',*,*,#5087,.F.);
#5090=ORIENTED_EDGE('',*,*,#5089,.F.);
#5091=EDGE_LOOP('',(#5085,#5086,#5088,#5090));
#5092=FACE_OUTER_BOUND('',#5091,.F.);
#5094=CARTESIAN_POINT('',(2.075451345613E0,-1.804162329724E0,5.E-2));
#5095=DIRECTION('',(0.E0,0.E0,-1.E0));
#5096=DIRECTION('',(0.E0,-1.E0,0.E0));
#5097=AXIS2_PLACEMENT_3D('',#5094,#5095,#5096);
#5098=CYLINDRICAL_SURFACE('',#5097,9.E-1);
#5099=ORIENTED_EDGE('',*,*,#5084,.F.);
#5101=ORIENTED_EDGE('',*,*,#5100,.T.);
#5102=ORIENTED_EDGE('',*,*,#5087,.T.);
#5103=ORIENTED_EDGE('',*,*,#4818,.T.);
#5104=EDGE_LOOP('',(#5099,#5101,#5102,#5103));
#5105=FACE_OUTER_BOUND('',#5104,.F.);
#5107=CARTESIAN_POINT('',(2.075451345613E0,-1.804162329724E0,-4.E-1));
#5108=DIRECTION('',(0.E0,0.E0,1.E0));
#5109=DIRECTION('',(0.E0,1.E0,0.E0));
#5110=AXIS2_PLACEMENT_3D('',#5107,#5108,#5109);
#5111=CONICAL_SURFACE('',#5110,7.E-1,4.5E1);
#5113=ORIENTED_EDGE('',*,*,#5112,.F.);
#5115=ORIENTED_EDGE('',*,*,#5114,.T.);
#5117=ORIENTED_EDGE('',*,*,#5116,.T.);
#5118=ORIENTED_EDGE('',*,*,#5100,.F.);
#5119=EDGE_LOOP('',(#5113,#5115,#5117,#5118));
#5120=FACE_OUTER_BOUND('',#5119,.F.);
#5122=CARTESIAN_POINT('',(2.075451345613E0,-1.804162329724E0,-4.E-1));
#5123=DIRECTION('',(0.E0,0.E0,1.E0));
#5124=DIRECTION('',(0.E0,1.E0,0.E0));
#5125=AXIS2_PLACEMENT_3D('',#5122,#5123,#5124);
#5126=CONICAL_SURFACE('',#5125,7.E-1,4.5E1);
#5127=ORIENTED_EDGE('',*,*,#5112,.T.);
#5128=ORIENTED_EDGE('',*,*,#5089,.T.);
#5129=ORIENTED_EDGE('',*,*,#5116,.F.);
#5131=ORIENTED_EDGE('',*,*,#5130,.F.);
#5132=EDGE_LOOP('',(#5127,#5128,#5129,#5131));
#5133=FACE_OUTER_BOUND('',#5132,.F.);
#5135=CARTESIAN_POINT('',(2.075451345613E0,-1.804162329724E0,-6.E-1));
#5136=DIRECTION('',(0.E0,0.E0,-1.E0));
#5137=DIRECTION('',(0.E0,-1.E0,0.E0));
#5138=AXIS2_PLACEMENT_3D('',#5135,#5136,#5137);
#5139=PLANE('',#5138);
#5140=ORIENTED_EDGE('',*,*,#5130,.T.);
#5141=ORIENTED_EDGE('',*,*,#5114,.F.);
#5142=EDGE_LOOP('',(#5140,#5141));
#5143=FACE_OUTER_BOUND('',#5142,.F.);
#5145=ORIENTED_EDGE('',*,*,#5144,.T.);
#5147=ORIENTED_EDGE('',*,*,#5146,.F.);
#5148=EDGE_LOOP('',(#5145,#5147));
#5149=FACE_BOUND('',#5148,.F.);
#5151=CARTESIAN_POINT('',(2.075451345613E0,-1.804162329724E0,5.E-2));
#5152=DIRECTION('',(0.E0,0.E0,-1.E0));
#5153=DIRECTION('',(0.E0,-1.E0,0.E0));
#5154=AXIS2_PLACEMENT_3D('',#5151,#5152,#5153);
#5155=CYLINDRICAL_SURFACE('',#5154,4.75E-1);
#5157=ORIENTED_EDGE('',*,*,#5156,.F.);
#5159=ORIENTED_EDGE('',*,*,#5158,.T.);
#5161=ORIENTED_EDGE('',*,*,#5160,.T.);
#5162=ORIENTED_EDGE('',*,*,#5144,.F.);
#5163=EDGE_LOOP('',(#5157,#5159,#5161,#5162));
#5164=FACE_OUTER_BOUND('',#5163,.F.);
#5166=CARTESIAN_POINT('',(2.075451345613E0,-1.804162329724E0,5.E-2));
#5167=DIRECTION('',(0.E0,0.E0,-1.E0));
#5168=DIRECTION('',(0.E0,-1.E0,0.E0));
#5169=AXIS2_PLACEMENT_3D('',#5166,#5167,#5168);
#5170=CYLINDRICAL_SURFACE('',#5169,4.75E-1);
#5171=ORIENTED_EDGE('',*,*,#5156,.T.);
#5172=ORIENTED_EDGE('',*,*,#5146,.T.);
#5173=ORIENTED_EDGE('',*,*,#5160,.F.);
#5175=ORIENTED_EDGE('',*,*,#5174,.F.);
#5176=EDGE_LOOP('',(#5171,#5172,#5173,#5175));
#5177=FACE_OUTER_BOUND('',#5176,.F.);
#5179=CARTESIAN_POINT('',(2.075451345613E0,-1.804162329724E0,-1.E0));
#5180=DIRECTION('',(0.E0,0.E0,-1.E0));
#5181=DIRECTION('',(0.E0,-1.E0,0.E0));
#5182=AXIS2_PLACEMENT_3D('',#5179,#5180,#5181);
#5183=PLANE('',#5182);
#5184=ORIENTED_EDGE('',*,*,#5174,.T.);
#5185=ORIENTED_EDGE('',*,*,#5158,.F.);
#5186=EDGE_LOOP('',(#5184,#5185));
#5187=FACE_OUTER_BOUND('',#5186,.F.);
#5189=CARTESIAN_POINT('',(0.E0,-2.75E0,5.E-2));
#5190=DIRECTION('',(0.E0,0.E0,-1.E0));
#5191=DIRECTION('',(0.E0,-1.E0,0.E0));
#5192=AXIS2_PLACEMENT_3D('',#5189,#5190,#5191);
#5193=CYLINDRICAL_SURFACE('',#5192,9.E-1);
#5195=ORIENTED_EDGE('',*,*,#5194,.T.);
#5196=ORIENTED_EDGE('',*,*,#4822,.T.);
#5198=ORIENTED_EDGE('',*,*,#5197,.F.);
#5200=ORIENTED_EDGE('',*,*,#5199,.F.);
#5201=EDGE_LOOP('',(#5195,#5196,#5198,#5200));
#5202=FACE_OUTER_BOUND('',#5201,.F.);
#5204=CARTESIAN_POINT('',(0.E0,-2.75E0,5.E-2));
#5205=DIRECTION('',(0.E0,0.E0,-1.E0));
#5206=DIRECTION('',(0.E0,-1.E0,0.E0));
#5207=AXIS2_PLACEMENT_3D('',#5204,#5205,#5206);
#5208=CYLINDRICAL_SURFACE('',#5207,9.E-1);
#5209=ORIENTED_EDGE('',*,*,#5194,.F.);
#5211=ORIENTED_EDGE('',*,*,#5210,.T.);
#5212=ORIENTED_EDGE('',*,*,#5197,.T.);
#5213=ORIENTED_EDGE('',*,*,#4824,.T.);
#5214=EDGE_LOOP('',(#5209,#5211,#5212,#5213));
#5215=FACE_OUTER_BOUND('',#5214,.F.);
#5217=CARTESIAN_POINT('',(0.E0,-2.75E0,-4.E-1));
#5218=DIRECTION('',(0.E0,0.E0,1.E0));
#5219=DIRECTION('',(0.E0,1.E0,0.E0));
#5220=AXIS2_PLACEMENT_3D('',#5217,#5218,#5219);
#5221=CONICAL_SURFACE('',#5220,7.E-1,4.5E1);
#5223=ORIENTED_EDGE('',*,*,#5222,.F.);
#5225=ORIENTED_EDGE('',*,*,#5224,.T.);
#5227=ORIENTED_EDGE('',*,*,#5226,.T.);
#5228=ORIENTED_EDGE('',*,*,#5210,.F.);
#5229=EDGE_LOOP('',(#5223,#5225,#5227,#5228));
#5230=FACE_OUTER_BOUND('',#5229,.F.);
#5232=CARTESIAN_POINT('',(0.E0,-2.75E0,-4.E-1));
#5233=DIRECTION('',(0.E0,0.E0,1.E0));
#5234=DIRECTION('',(0.E0,1.E0,0.E0));
#5235=AXIS2_PLACEMENT_3D('',#5232,#5233,#5234);
#5236=CONICAL_SURFACE('',#5235,7.E-1,4.5E1);
#5237=ORIENTED_EDGE('',*,*,#5222,.T.);
#5238=ORIENTED_EDGE('',*,*,#5199,.T.);
#5239=ORIENTED_EDGE('',*,*,#5226,.F.);
#5241=ORIENTED_EDGE('',*,*,#5240,.F.);
#5242=EDGE_LOOP('',(#5237,#5238,#5239,#5241));
#5243=FACE_OUTER_BOUND('',#5242,.F.);
#5245=CARTESIAN_POINT('',(0.E0,-2.75E0,-6.E-1));
#5246=DIRECTION('',(0.E0,0.E0,-1.E0));
#5247=DIRECTION('',(0.E0,-1.E0,0.E0));
#5248=AXIS2_PLACEMENT_3D('',#5245,#5246,#5247);
#5249=PLANE('',#5248);
#5250=ORIENTED_EDGE('',*,*,#5240,.T.);
#5251=ORIENTED_EDGE('',*,*,#5224,.F.);
#5252=EDGE_LOOP('',(#5250,#5251));
#5253=FACE_OUTER_BOUND('',#5252,.F.);
#5255=ORIENTED_EDGE('',*,*,#5254,.T.);
#5257=ORIENTED_EDGE('',*,*,#5256,.F.);
#5258=EDGE_LOOP('',(#5255,#5257));
#5259=FACE_BOUND('',#5258,.F.);
#5261=CARTESIAN_POINT('',(0.E0,-2.75E0,5.E-2));
#5262=DIRECTION('',(0.E0,0.E0,-1.E0));
#5263=DIRECTION('',(0.E0,-1.E0,0.E0));
#5264=AXIS2_PLACEMENT_3D('',#5261,#5262,#5263);
#5265=CYLINDRICAL_SURFACE('',#5264,4.75E-1);
#5267=ORIENTED_EDGE('',*,*,#5266,.F.);
#5269=ORIENTED_EDGE('',*,*,#5268,.T.);
#5271=ORIENTED_EDGE('',*,*,#5270,.T.);
#5272=ORIENTED_EDGE('',*,*,#5254,.F.);
#5273=EDGE_LOOP('',(#5267,#5269,#5271,#5272));
#5274=FACE_OUTER_BOUND('',#5273,.F.);
#5276=CARTESIAN_POINT('',(0.E0,-2.75E0,5.E-2));
#5277=DIRECTION('',(0.E0,0.E0,-1.E0));
#5278=DIRECTION('',(0.E0,-1.E0,0.E0));
#5279=AXIS2_PLACEMENT_3D('',#5276,#5277,#5278);
#5280=CYLINDRICAL_SURFACE('',#5279,4.75E-1);
#5281=ORIENTED_EDGE('',*,*,#5266,.T.);
#5282=ORIENTED_EDGE('',*,*,#5256,.T.);
#5283=ORIENTED_EDGE('',*,*,#5270,.F.);
#5285=ORIENTED_EDGE('',*,*,#5284,.F.);
#5286=EDGE_LOOP('',(#5281,#5282,#5283,#5285));
#5287=FACE_OUTER_BOUND('',#5286,.F.);
#5289=CARTESIAN_POINT('',(0.E0,-2.75E0,-1.E0));
#5290=DIRECTION('',(0.E0,0.E0,-1.E0));
#5291=DIRECTION('',(0.E0,-1.E0,0.E0));
#5292=AXIS2_PLACEMENT_3D('',#5289,#5290,#5291);
#5293=PLANE('',#5292);
#5294=ORIENTED_EDGE('',*,*,#5284,.T.);
#5295=ORIENTED_EDGE('',*,*,#5268,.F.);
#5296=EDGE_LOOP('',(#5294,#5295));
#5297=FACE_OUTER_BOUND('',#5296,.F.);
#5299=CARTESIAN_POINT('',(-2.075451345613E0,-1.804162329724E0,5.E-2));
#5300=DIRECTION('',(0.E0,0.E0,-1.E0));
#5301=DIRECTION('',(0.E0,-1.E0,0.E0));
#5302=AXIS2_PLACEMENT_3D('',#5299,#5300,#5301);
#5303=CYLINDRICAL_SURFACE('',#5302,9.E-1);
#5305=ORIENTED_EDGE('',*,*,#5304,.T.);
#5306=ORIENTED_EDGE('',*,*,#4828,.T.);
#5308=ORIENTED_EDGE('',*,*,#5307,.F.);
#5310=ORIENTED_EDGE('',*,*,#5309,.F.);
#5311=EDGE_LOOP('',(#5305,#5306,#5308,#5310));
#5312=FACE_OUTER_BOUND('',#5311,.F.);
#5314=CARTESIAN_POINT('',(-2.075451345613E0,-1.804162329724E0,5.E-2));
#5315=DIRECTION('',(0.E0,0.E0,-1.E0));
#5316=DIRECTION('',(0.E0,-1.E0,0.E0));
#5317=AXIS2_PLACEMENT_3D('',#5314,#5315,#5316);
#5318=CYLINDRICAL_SURFACE('',#5317,9.E-1);
#5319=ORIENTED_EDGE('',*,*,#5304,.F.);
#5321=ORIENTED_EDGE('',*,*,#5320,.T.);
#5322=ORIENTED_EDGE('',*,*,#5307,.T.);
#5323=ORIENTED_EDGE('',*,*,#4830,.T.);
#5324=EDGE_LOOP('',(#5319,#5321,#5322,#5323));
#5325=FACE_OUTER_BOUND('',#5324,.F.);
#5327=CARTESIAN_POINT('',(-2.075451345613E0,-1.804162329724E0,-4.E-1));
#5328=DIRECTION('',(0.E0,0.E0,1.E0));
#5329=DIRECTION('',(0.E0,1.E0,0.E0));
#5330=AXIS2_PLACEMENT_3D('',#5327,#5328,#5329);
#5331=CONICAL_SURFACE('',#5330,7.E-1,4.5E1);
#5333=ORIENTED_EDGE('',*,*,#5332,.F.);
#5335=ORIENTED_EDGE('',*,*,#5334,.T.);
#5337=ORIENTED_EDGE('',*,*,#5336,.T.);
#5338=ORIENTED_EDGE('',*,*,#5320,.F.);
#5339=EDGE_LOOP('',(#5333,#5335,#5337,#5338));
#5340=FACE_OUTER_BOUND('',#5339,.F.);
#5342=CARTESIAN_POINT('',(-2.075451345613E0,-1.804162329724E0,-4.E-1));
#5343=DIRECTION('',(0.E0,0.E0,1.E0));
#5344=DIRECTION('',(0.E0,1.E0,0.E0));
#5345=AXIS2_PLACEMENT_3D('',#5342,#5343,#5344);
#5346=CONICAL_SURFACE('',#5345,7.E-1,4.5E1);
#5347=ORIENTED_EDGE('',*,*,#5332,.T.);
#5348=ORIENTED_EDGE('',*,*,#5309,.T.);
#5349=ORIENTED_EDGE('',*,*,#5336,.F.);
#5351=ORIENTED_EDGE('',*,*,#5350,.F.);
#5352=EDGE_LOOP('',(#5347,#5348,#5349,#5351));
#5353=FACE_OUTER_BOUND('',#5352,.F.);
#5355=CARTESIAN_POINT('',(-2.075451345613E0,-1.804162329724E0,-6.E-1));
#5356=DIRECTION('',(0.E0,0.E0,-1.E0));
#5357=DIRECTION('',(0.E0,-1.E0,0.E0));
#5358=AXIS2_PLACEMENT_3D('',#5355,#5356,#5357);
#5359=PLANE('',#5358);
#5360=ORIENTED_EDGE('',*,*,#5350,.T.);
#5361=ORIENTED_EDGE('',*,*,#5334,.F.);
#5362=EDGE_LOOP('',(#5360,#5361));
#5363=FACE_OUTER_BOUND('',#5362,.F.);
#5365=ORIENTED_EDGE('',*,*,#5364,.T.);
#5367=ORIENTED_EDGE('',*,*,#5366,.F.);
#5368=EDGE_LOOP('',(#5365,#5367));
#5369=FACE_BOUND('',#5368,.F.);
#5371=CARTESIAN_POINT('',(-2.075451345613E0,-1.804162329724E0,5.E-2));
#5372=DIRECTION('',(0.E0,0.E0,-1.E0));
#5373=DIRECTION('',(0.E0,-1.E0,0.E0));
#5374=AXIS2_PLACEMENT_3D('',#5371,#5372,#5373);
#5375=CYLINDRICAL_SURFACE('',#5374,4.75E-1);
#5377=ORIENTED_EDGE('',*,*,#5376,.F.);
#5379=ORIENTED_EDGE('',*,*,#5378,.T.);
#5381=ORIENTED_EDGE('',*,*,#5380,.T.);
#5382=ORIENTED_EDGE('',*,*,#5364,.F.);
#5383=EDGE_LOOP('',(#5377,#5379,#5381,#5382));
#5384=FACE_OUTER_BOUND('',#5383,.F.);
#5386=CARTESIAN_POINT('',(-2.075451345613E0,-1.804162329724E0,5.E-2));
#5387=DIRECTION('',(0.E0,0.E0,-1.E0));
#5388=DIRECTION('',(0.E0,-1.E0,0.E0));
#5389=AXIS2_PLACEMENT_3D('',#5386,#5387,#5388);
#5390=CYLINDRICAL_SURFACE('',#5389,4.75E-1);
#5391=ORIENTED_EDGE('',*,*,#5376,.T.);
#5392=ORIENTED_EDGE('',*,*,#5366,.T.);
#5393=ORIENTED_EDGE('',*,*,#5380,.F.);
#5395=ORIENTED_EDGE('',*,*,#5394,.F.);
#5396=EDGE_LOOP('',(#5391,#5392,#5393,#5395));
#5397=FACE_OUTER_BOUND('',#5396,.F.);
#5399=CARTESIAN_POINT('',(-2.075451345613E0,-1.804162329724E0,-1.E0));
#5400=DIRECTION('',(0.E0,0.E0,-1.E0));
#5401=DIRECTION('',(0.E0,-1.E0,0.E0));
#5402=AXIS2_PLACEMENT_3D('',#5399,#5400,#5401);
#5403=PLANE('',#5402);
#5404=ORIENTED_EDGE('',*,*,#5394,.T.);
#5405=ORIENTED_EDGE('',*,*,#5378,.F.);
#5406=EDGE_LOOP('',(#5404,#5405));
#5407=FACE_OUTER_BOUND('',#5406,.F.);
#5409=CARTESIAN_POINT('',(-2.723237189039E0,3.827260276402E-1,5.E-2));
#5410=DIRECTION('',(0.E0,0.E0,-1.E0));
#5411=DIRECTION('',(0.E0,-1.E0,0.E0));
#5412=AXIS2_PLACEMENT_3D('',#5409,#5410,#5411);
#5413=CYLINDRICAL_SURFACE('',#5412,9.E-1);
#5415=ORIENTED_EDGE('',*,*,#5414,.T.);
#5416=ORIENTED_EDGE('',*,*,#4834,.T.);
#5418=ORIENTED_EDGE('',*,*,#5417,.F.);
#5420=ORIENTED_EDGE('',*,*,#5419,.F.);
#5421=EDGE_LOOP('',(#5415,#5416,#5418,#5420));
#5422=FACE_OUTER_BOUND('',#5421,.F.);
#5424=CARTESIAN_POINT('',(-2.723237189039E0,3.827260276402E-1,5.E-2));
#5425=DIRECTION('',(0.E0,0.E0,-1.E0));
#5426=DIRECTION('',(0.E0,-1.E0,0.E0));
#5427=AXIS2_PLACEMENT_3D('',#5424,#5425,#5426);
#5428=CYLINDRICAL_SURFACE('',#5427,9.E-1);
#5429=ORIENTED_EDGE('',*,*,#5414,.F.);
#5431=ORIENTED_EDGE('',*,*,#5430,.T.);
#5432=ORIENTED_EDGE('',*,*,#5417,.T.);
#5433=ORIENTED_EDGE('',*,*,#4836,.T.);
#5434=EDGE_LOOP('',(#5429,#5431,#5432,#5433));
#5435=FACE_OUTER_BOUND('',#5434,.F.);
#5437=CARTESIAN_POINT('',(-2.723237189039E0,3.827260276402E-1,-4.E-1));
#5438=DIRECTION('',(0.E0,0.E0,1.E0));
#5439=DIRECTION('',(0.E0,1.E0,0.E0));
#5440=AXIS2_PLACEMENT_3D('',#5437,#5438,#5439);
#5441=CONICAL_SURFACE('',#5440,7.E-1,4.5E1);
#5443=ORIENTED_EDGE('',*,*,#5442,.F.);
#5445=ORIENTED_EDGE('',*,*,#5444,.T.);
#5447=ORIENTED_EDGE('',*,*,#5446,.T.);
#5448=ORIENTED_EDGE('',*,*,#5430,.F.);
#5449=EDGE_LOOP('',(#5443,#5445,#5447,#5448));
#5450=FACE_OUTER_BOUND('',#5449,.F.);
#5452=CARTESIAN_POINT('',(-2.723237189039E0,3.827260276402E-1,-4.E-1));
#5453=DIRECTION('',(0.E0,0.E0,1.E0));
#5454=DIRECTION('',(0.E0,1.E0,0.E0));
#5455=AXIS2_PLACEMENT_3D('',#5452,#5453,#5454);
#5456=CONICAL_SURFACE('',#5455,7.E-1,4.5E1);
#5457=ORIENTED_EDGE('',*,*,#5442,.T.);
#5458=ORIENTED_EDGE('',*,*,#5419,.T.);
#5459=ORIENTED_EDGE('',*,*,#5446,.F.);
#5461=ORIENTED_EDGE('',*,*,#5460,.F.);
#5462=EDGE_LOOP('',(#5457,#5458,#5459,#5461));
#5463=FACE_OUTER_BOUND('',#5462,.F.);
#5465=CARTESIAN_POINT('',(-2.723237189039E0,3.827260276402E-1,-6.E-1));
#5466=DIRECTION('',(0.E0,0.E0,-1.E0));
#5467=DIRECTION('',(0.E0,-1.E0,0.E0));
#5468=AXIS2_PLACEMENT_3D('',#5465,#5466,#5467);
#5469=PLANE('',#5468);
#5470=ORIENTED_EDGE('',*,*,#5460,.T.);
#5471=ORIENTED_EDGE('',*,*,#5444,.F.);
#5472=EDGE_LOOP('',(#5470,#5471));
#5473=FACE_OUTER_BOUND('',#5472,.F.);
#5475=ORIENTED_EDGE('',*,*,#5474,.T.);
#5477=ORIENTED_EDGE('',*,*,#5476,.F.);
#5478=EDGE_LOOP('',(#5475,#5477));
#5479=FACE_BOUND('',#5478,.F.);
#5481=CARTESIAN_POINT('',(-2.723237189039E0,3.827260276402E-1,5.E-2));
#5482=DIRECTION('',(0.E0,0.E0,-1.E0));
#5483=DIRECTION('',(0.E0,-1.E0,0.E0));
#5484=AXIS2_PLACEMENT_3D('',#5481,#5482,#5483);
#5485=CYLINDRICAL_SURFACE('',#5484,4.75E-1);
#5487=ORIENTED_EDGE('',*,*,#5486,.F.);
#5489=ORIENTED_EDGE('',*,*,#5488,.T.);
#5491=ORIENTED_EDGE('',*,*,#5490,.T.);
#5492=ORIENTED_EDGE('',*,*,#5474,.F.);
#5493=EDGE_LOOP('',(#5487,#5489,#5491,#5492));
#5494=FACE_OUTER_BOUND('',#5493,.F.);
#5496=CARTESIAN_POINT('',(-2.723237189039E0,3.827260276402E-1,5.E-2));
#5497=DIRECTION('',(0.E0,0.E0,-1.E0));
#5498=DIRECTION('',(0.E0,-1.E0,0.E0));
#5499=AXIS2_PLACEMENT_3D('',#5496,#5497,#5498);
#5500=CYLINDRICAL_SURFACE('',#5499,4.75E-1);
#5501=ORIENTED_EDGE('',*,*,#5486,.T.);
#5502=ORIENTED_EDGE('',*,*,#5476,.T.);
#5503=ORIENTED_EDGE('',*,*,#5490,.F.);
#5505=ORIENTED_EDGE('',*,*,#5504,.F.);
#5506=EDGE_LOOP('',(#5501,#5502,#5503,#5505));
#5507=FACE_OUTER_BOUND('',#5506,.F.);
#5509=CARTESIAN_POINT('',(-2.723237189039E0,3.827260276402E-1,-1.E0));
#5510=DIRECTION('',(0.E0,0.E0,-1.E0));
#5511=DIRECTION('',(0.E0,-1.E0,0.E0));
#5512=AXIS2_PLACEMENT_3D('',#5509,#5510,#5511);
#5513=PLANE('',#5512);
#5514=ORIENTED_EDGE('',*,*,#5504,.T.);
#5515=ORIENTED_EDGE('',*,*,#5488,.F.);
#5516=EDGE_LOOP('',(#5514,#5515));
#5517=FACE_OUTER_BOUND('',#5516,.F.);
#5519=CARTESIAN_POINT('',(-1.497757346291E0,2.306344061850E0,5.E-2));
#5520=DIRECTION('',(0.E0,0.E0,-1.E0));
#5521=DIRECTION('',(0.E0,-1.E0,0.E0));
#5522=AXIS2_PLACEMENT_3D('',#5519,#5520,#5521);
#5523=CYLINDRICAL_SURFACE('',#5522,9.E-1);
#5525=ORIENTED_EDGE('',*,*,#5524,.T.);
#5526=ORIENTED_EDGE('',*,*,#4840,.T.);
#5528=ORIENTED_EDGE('',*,*,#5527,.F.);
#5530=ORIENTED_EDGE('',*,*,#5529,.F.);
#5531=EDGE_LOOP('',(#5525,#5526,#5528,#5530));
#5532=FACE_OUTER_BOUND('',#5531,.F.);
#5534=CARTESIAN_POINT('',(-1.497757346291E0,2.306344061850E0,5.E-2));
#5535=DIRECTION('',(0.E0,0.E0,-1.E0));
#5536=DIRECTION('',(0.E0,-1.E0,0.E0));
#5537=AXIS2_PLACEMENT_3D('',#5534,#5535,#5536);
#5538=CYLINDRICAL_SURFACE('',#5537,9.E-1);
#5539=ORIENTED_EDGE('',*,*,#5524,.F.);
#5541=ORIENTED_EDGE('',*,*,#5540,.T.);
#5542=ORIENTED_EDGE('',*,*,#5527,.T.);
#5543=ORIENTED_EDGE('',*,*,#4842,.T.);
#5544=EDGE_LOOP('',(#5539,#5541,#5542,#5543));
#5545=FACE_OUTER_BOUND('',#5544,.F.);
#5547=CARTESIAN_POINT('',(-1.497757346291E0,2.306344061850E0,-4.E-1));
#5548=DIRECTION('',(0.E0,0.E0,1.E0));
#5549=DIRECTION('',(0.E0,1.E0,0.E0));
#5550=AXIS2_PLACEMENT_3D('',#5547,#5548,#5549);
#5551=CONICAL_SURFACE('',#5550,7.E-1,4.5E1);
#5553=ORIENTED_EDGE('',*,*,#5552,.F.);
#5555=ORIENTED_EDGE('',*,*,#5554,.T.);
#5557=ORIENTED_EDGE('',*,*,#5556,.T.);
#5558=ORIENTED_EDGE('',*,*,#5540,.F.);
#5559=EDGE_LOOP('',(#5553,#5555,#5557,#5558));
#5560=FACE_OUTER_BOUND('',#5559,.F.);
#5562=CARTESIAN_POINT('',(-1.497757346291E0,2.306344061850E0,-4.E-1));
#5563=DIRECTION('',(0.E0,0.E0,1.E0));
#5564=DIRECTION('',(0.E0,1.E0,0.E0));
#5565=AXIS2_PLACEMENT_3D('',#5562,#5563,#5564);
#5566=CONICAL_SURFACE('',#5565,7.E-1,4.5E1);
#5567=ORIENTED_EDGE('',*,*,#5552,.T.);
#5568=ORIENTED_EDGE('',*,*,#5529,.T.);
#5569=ORIENTED_EDGE('',*,*,#5556,.F.);
#5571=ORIENTED_EDGE('',*,*,#5570,.F.);
#5572=EDGE_LOOP('',(#5567,#5568,#5569,#5571));
#5573=FACE_OUTER_BOUND('',#5572,.F.);
#5575=CARTESIAN_POINT('',(-1.497757346291E0,2.306344061850E0,-6.E-1));
#5576=DIRECTION('',(0.E0,0.E0,-1.E0));
#5577=DIRECTION('',(0.E0,-1.E0,0.E0));
#5578=AXIS2_PLACEMENT_3D('',#5575,#5576,#5577);
#5579=PLANE('',#5578);
#5580=ORIENTED_EDGE('',*,*,#5570,.T.);
#5581=ORIENTED_EDGE('',*,*,#5554,.F.);
#5582=EDGE_LOOP('',(#5580,#5581));
#5583=FACE_OUTER_BOUND('',#5582,.F.);
#5585=ORIENTED_EDGE('',*,*,#5584,.T.);
#5587=ORIENTED_EDGE('',*,*,#5586,.F.);
#5588=EDGE_LOOP('',(#5585,#5587));
#5589=FACE_BOUND('',#5588,.F.);
#5591=CARTESIAN_POINT('',(-1.497757346291E0,2.306344061850E0,5.E-2));
#5592=DIRECTION('',(0.E0,0.E0,-1.E0));
#5593=DIRECTION('',(0.E0,-1.E0,0.E0));
#5594=AXIS2_PLACEMENT_3D('',#5591,#5592,#5593);
#5595=CYLINDRICAL_SURFACE('',#5594,4.75E-1);
#5597=ORIENTED_EDGE('',*,*,#5596,.F.);
#5599=ORIENTED_EDGE('',*,*,#5598,.T.);
#5601=ORIENTED_EDGE('',*,*,#5600,.T.);
#5602=ORIENTED_EDGE('',*,*,#5584,.F.);
#5603=EDGE_LOOP('',(#5597,#5599,#5601,#5602));
#5604=FACE_OUTER_BOUND('',#5603,.F.);
#5606=CARTESIAN_POINT('',(-1.497757346291E0,2.306344061850E0,5.E-2));
#5607=DIRECTION('',(0.E0,0.E0,-1.E0));
#5608=DIRECTION('',(0.E0,-1.E0,0.E0));
#5609=AXIS2_PLACEMENT_3D('',#5606,#5607,#5608);
#5610=CYLINDRICAL_SURFACE('',#5609,4.75E-1);
#5611=ORIENTED_EDGE('',*,*,#5596,.T.);
#5612=ORIENTED_EDGE('',*,*,#5586,.T.);
#5613=ORIENTED_EDGE('',*,*,#5600,.F.);
#5615=ORIENTED_EDGE('',*,*,#5614,.F.);
#5616=EDGE_LOOP('',(#5611,#5612,#5613,#5615));
#5617=FACE_OUTER_BOUND('',#5616,.F.);
#5619=CARTESIAN_POINT('',(-1.497757346291E0,2.306344061850E0,-1.E0));
#5620=DIRECTION('',(0.E0,0.E0,-1.E0));
#5621=DIRECTION('',(0.E0,-1.E0,0.E0));
#5622=AXIS2_PLACEMENT_3D('',#5619,#5620,#5621);
#5623=PLANE('',#5622);
#5624=ORIENTED_EDGE('',*,*,#5614,.T.);
#5625=ORIENTED_EDGE('',*,*,#5598,.F.);
#5626=EDGE_LOOP('',(#5624,#5625));
#5627=FACE_OUTER_BOUND('',#5626,.F.);
#5629=CARTESIAN_POINT('',(0.E0,0.E0,5.E-2));
#5630=DIRECTION('',(0.E0,0.E0,-1.E0));
#5631=DIRECTION('',(0.E0,-1.E0,0.E0));
#5632=AXIS2_PLACEMENT_3D('',#5629,#5630,#5631);
#5633=CYLINDRICAL_SURFACE('',#5632,9.E-1);
#5635=ORIENTED_EDGE('',*,*,#5634,.T.);
#5636=ORIENTED_EDGE('',*,*,#4846,.T.);
#5638=ORIENTED_EDGE('',*,*,#5637,.F.);
#5640=ORIENTED_EDGE('',*,*,#5639,.F.);
#5641=EDGE_LOOP('',(#5635,#5636,#5638,#5640));
#5642=FACE_OUTER_BOUND('',#5641,.F.);
#5644=CARTESIAN_POINT('',(0.E0,0.E0,5.E-2));
#5645=DIRECTION('',(0.E0,0.E0,-1.E0));
#5646=DIRECTION('',(0.E0,-1.E0,0.E0));
#5647=AXIS2_PLACEMENT_3D('',#5644,#5645,#5646);
#5648=CYLINDRICAL_SURFACE('',#5647,9.E-1);
#5649=ORIENTED_EDGE('',*,*,#5634,.F.);
#5651=ORIENTED_EDGE('',*,*,#5650,.T.);
#5652=ORIENTED_EDGE('',*,*,#5637,.T.);
#5653=ORIENTED_EDGE('',*,*,#4848,.T.);
#5654=EDGE_LOOP('',(#5649,#5651,#5652,#5653));
#5655=FACE_OUTER_BOUND('',#5654,.F.);
#5657=CARTESIAN_POINT('',(0.E0,0.E0,-4.E-1));
#5658=DIRECTION('',(0.E0,0.E0,1.E0));
#5659=DIRECTION('',(0.E0,1.E0,0.E0));
#5660=AXIS2_PLACEMENT_3D('',#5657,#5658,#5659);
#5661=CONICAL_SURFACE('',#5660,7.E-1,4.5E1);
#5663=ORIENTED_EDGE('',*,*,#5662,.F.);
#5665=ORIENTED_EDGE('',*,*,#5664,.T.);
#5667=ORIENTED_EDGE('',*,*,#5666,.T.);
#5668=ORIENTED_EDGE('',*,*,#5650,.F.);
#5669=EDGE_LOOP('',(#5663,#5665,#5667,#5668));
#5670=FACE_OUTER_BOUND('',#5669,.F.);
#5672=CARTESIAN_POINT('',(0.E0,0.E0,-4.E-1));
#5673=DIRECTION('',(0.E0,0.E0,1.E0));
#5674=DIRECTION('',(0.E0,1.E0,0.E0));
#5675=AXIS2_PLACEMENT_3D('',#5672,#5673,#5674);
#5676=CONICAL_SURFACE('',#5675,7.E-1,4.5E1);
#5677=ORIENTED_EDGE('',*,*,#5662,.T.);
#5678=ORIENTED_EDGE('',*,*,#5639,.T.);
#5679=ORIENTED_EDGE('',*,*,#5666,.F.);
#5681=ORIENTED_EDGE('',*,*,#5680,.F.);
#5682=EDGE_LOOP('',(#5677,#5678,#5679,#5681));
#5683=FACE_OUTER_BOUND('',#5682,.F.);
#5685=CARTESIAN_POINT('',(0.E0,0.E0,-6.E-1));
#5686=DIRECTION('',(0.E0,0.E0,-1.E0));
#5687=DIRECTION('',(0.E0,-1.E0,0.E0));
#5688=AXIS2_PLACEMENT_3D('',#5685,#5686,#5687);
#5689=PLANE('',#5688);
#5690=ORIENTED_EDGE('',*,*,#5680,.T.);
#5691=ORIENTED_EDGE('',*,*,#5664,.F.);
#5692=EDGE_LOOP('',(#5690,#5691));
#5693=FACE_OUTER_BOUND('',#5692,.F.);
#5695=ORIENTED_EDGE('',*,*,#5694,.T.);
#5697=ORIENTED_EDGE('',*,*,#5696,.F.);
#5698=EDGE_LOOP('',(#5695,#5697));
#5699=FACE_BOUND('',#5698,.F.);
#5701=CARTESIAN_POINT('',(0.E0,0.E0,5.E-2));
#5702=DIRECTION('',(0.E0,0.E0,-1.E0));
#5703=DIRECTION('',(0.E0,-1.E0,0.E0));
#5704=AXIS2_PLACEMENT_3D('',#5701,#5702,#5703);
#5705=CYLINDRICAL_SURFACE('',#5704,4.75E-1);
#5707=ORIENTED_EDGE('',*,*,#5706,.F.);
#5709=ORIENTED_EDGE('',*,*,#5708,.T.);
#5711=ORIENTED_EDGE('',*,*,#5710,.T.);
#5712=ORIENTED_EDGE('',*,*,#5694,.F.);
#5713=EDGE_LOOP('',(#5707,#5709,#5711,#5712));
#5714=FACE_OUTER_BOUND('',#5713,.F.);
#5716=CARTESIAN_POINT('',(0.E0,0.E0,5.E-2));
#5717=DIRECTION('',(0.E0,0.E0,-1.E0));
#5718=DIRECTION('',(0.E0,-1.E0,0.E0));
#5719=AXIS2_PLACEMENT_3D('',#5716,#5717,#5718);
#5720=CYLINDRICAL_SURFACE('',#5719,4.75E-1);
#5721=ORIENTED_EDGE('',*,*,#5706,.T.);
#5722=ORIENTED_EDGE('',*,*,#5696,.T.);
#5723=ORIENTED_EDGE('',*,*,#5710,.F.);
#5725=ORIENTED_EDGE('',*,*,#5724,.F.);
#5726=EDGE_LOOP('',(#5721,#5722,#5723,#5725));
#5727=FACE_OUTER_BOUND('',#5726,.F.);
#5729=CARTESIAN_POINT('',(0.E0,0.E0,-1.E0));
#5730=DIRECTION('',(0.E0,0.E0,-1.E0));
#5731=DIRECTION('',(0.E0,-1.E0,0.E0));
#5732=AXIS2_PLACEMENT_3D('',#5729,#5730,#5731);
#5733=PLANE('',#5732);
#5734=ORIENTED_EDGE('',*,*,#5724,.T.);
#5735=ORIENTED_EDGE('',*,*,#5708,.F.);
#5736=EDGE_LOOP('',(#5734,#5735));
#5737=FACE_OUTER_BOUND('',#5736,.F.);
#5739=CARTESIAN_POINT('',(8.5E-1,3.24648E1,-2.E-1));
#5740=DIRECTION('',(0.E0,-1.E0,0.E0));
#5741=DIRECTION('',(0.E0,0.E0,1.E0));
#5742=AXIS2_PLACEMENT_3D('',#5739,#5740,#5741);
#5743=CYLINDRICAL_SURFACE('',#5742,2.E-1);
#5744=ORIENTED_EDGE('',*,*,#4806,.T.);
#5745=ORIENTED_EDGE('',*,*,#4793,.T.);
#5747=ORIENTED_EDGE('',*,*,#5746,.F.);
#5749=ORIENTED_EDGE('',*,*,#5748,.T.);
#5750=EDGE_LOOP('',(#5744,#5745,#5747,#5749));
#5751=FACE_OUTER_BOUND('',#5750,.F.);
#5753=CARTESIAN_POINT('',(6.5E-1,3.55E0,0.E0));
#5754=DIRECTION('',(1.E0,0.E0,0.E0));
#5755=DIRECTION('',(0.E0,1.E0,0.E0));
#5756=AXIS2_PLACEMENT_3D('',#5753,#5754,#5755);
#5757=PLANE('',#5756);
#5758=ORIENTED_EDGE('',*,*,#5746,.T.);
#5759=ORIENTED_EDGE('',*,*,#4779,.T.);
#5760=ORIENTED_EDGE('',*,*,#4677,.T.);
#5762=ORIENTED_EDGE('',*,*,#5761,.T.);
#5763=EDGE_LOOP('',(#5758,#5759,#5760,#5762));
#5764=FACE_OUTER_BOUND('',#5763,.F.);
#5766=CARTESIAN_POINT('',(8.5E-1,3.806244868634E0,-4.6072E1));
#5767=DIRECTION('',(0.E0,0.E0,1.E0));
#5768=DIRECTION('',(2.179487179487E-1,9.759602227266E-1,0.E0));
#5769=AXIS2_PLACEMENT_3D('',#5766,#5767,#5768);
#5770=CYLINDRICAL_SURFACE('',#5769,2.E-1);
#5771=ORIENTED_EDGE('',*,*,#4710,.T.);
#5773=ORIENTED_EDGE('',*,*,#5772,.T.);
#5774=ORIENTED_EDGE('',*,*,#5761,.F.);
#5775=ORIENTED_EDGE('',*,*,#4675,.T.);
#5776=EDGE_LOOP('',(#5771,#5773,#5774,#5775));
#5777=FACE_OUTER_BOUND('',#5776,.F.);
#5779=CARTESIAN_POINT('',(8.5E-1,3.806244868634E0,-2.E-1));
#5780=DIRECTION('',(-7.071067811865E-1,0.E0,-7.071067811865E-1));
#5781=DIRECTION('',(-7.071067811865E-1,0.E0,7.071067811865E-1));
#5782=AXIS2_PLACEMENT_3D('',#5779,#5780,#5781);
#5783=SPHERICAL_SURFACE('',#5782,2.E-1);
#5784=ORIENTED_EDGE('',*,*,#5772,.F.);
#5785=ORIENTED_EDGE('',*,*,#4725,.F.);
#5786=ORIENTED_EDGE('',*,*,#5748,.F.);
#5787=EDGE_LOOP('',(#5784,#5785,#5786));
#5788=FACE_OUTER_BOUND('',#5787,.F.);
#5790=CARTESIAN_POINT('',(0.E0,0.E0,-2.6E-1));
#5791=DIRECTION('',(0.E0,0.E0,-1.E0));
#5792=DIRECTION('',(-1.E0,0.E0,0.E0));
#5793=AXIS2_PLACEMENT_3D('',#5790,#5791,#5792);
#5794=CYLINDRICAL_SURFACE('',#5793,5.45E0);
#5795=ORIENTED_EDGE('',*,*,#4637,.T.);
#5796=ORIENTED_EDGE('',*,*,#4657,.T.);
#5797=ORIENTED_EDGE('',*,*,#4623,.F.);
#5798=ORIENTED_EDGE('',*,*,#4592,.F.);
#5799=ORIENTED_EDGE('',*,*,#4620,.T.);
#5800=EDGE_LOOP('',(#5795,#5796,#5797,#5798,#5799));
#5801=FACE_OUTER_BOUND('',#5800,.F.);
#5803=CARTESIAN_POINT('',(0.E0,0.E0,-2.6E-1));
#5804=DIRECTION('',(0.E0,0.E0,-1.E0));
#5805=DIRECTION('',(-1.E0,0.E0,0.E0));
#5806=AXIS2_PLACEMENT_3D('',#5803,#5804,#5805);
#5807=CYLINDRICAL_SURFACE('',#5806,6.65E0);
#5809=ORIENTED_EDGE('',*,*,#5808,.T.);
#5810=ORIENTED_EDGE('',*,*,#4536,.T.);
#5812=ORIENTED_EDGE('',*,*,#5811,.F.);
#5814=ORIENTED_EDGE('',*,*,#5813,.F.);
#5815=EDGE_LOOP('',(#5809,#5810,#5812,#5814));
#5816=FACE_OUTER_BOUND('',#5815,.F.);
#5818=CARTESIAN_POINT('',(0.E0,0.E0,-2.6E-1));
#5819=DIRECTION('',(0.E0,0.E0,-1.E0));
#5820=DIRECTION('',(-1.E0,0.E0,0.E0));
#5821=AXIS2_PLACEMENT_3D('',#5818,#5819,#5820);
#5822=CYLINDRICAL_SURFACE('',#5821,6.65E0);
#5823=ORIENTED_EDGE('',*,*,#5808,.F.);
#5825=ORIENTED_EDGE('',*,*,#5824,.T.);
#5826=ORIENTED_EDGE('',*,*,#5811,.T.);
#5827=ORIENTED_EDGE('',*,*,#4518,.F.);
#5828=EDGE_LOOP('',(#5823,#5825,#5826,#5827));
#5829=FACE_OUTER_BOUND('',#5828,.F.);
#5831=CARTESIAN_POINT('',(0.E0,0.E0,-7.987592080695E0));
#5832=DIRECTION('',(0.E0,0.E0,-1.E0));
#5833=DIRECTION('',(-1.E0,0.E0,0.E0));
#5834=AXIS2_PLACEMENT_3D('',#5831,#5832,#5833);
#5835=CONICAL_SURFACE('',#5834,6.937592080695E0,4.5E1);
#5837=ORIENTED_EDGE('',*,*,#5836,.T.);
#5839=ORIENTED_EDGE('',*,*,#5838,.T.);
#5840=ORIENTED_EDGE('',*,*,#5824,.F.);
#5842=ORIENTED_EDGE('',*,*,#5841,.F.);
#5844=ORIENTED_EDGE('',*,*,#5843,.T.);
#5846=ORIENTED_EDGE('',*,*,#5845,.F.);
#5847=EDGE_LOOP('',(#5837,#5839,#5840,#5842,#5844,#5846));
#5848=FACE_OUTER_BOUND('',#5847,.F.);
#5850=CARTESIAN_POINT('',(-6.75E0,-3.492491947020E0,-1.72E1));
#5851=DIRECTION('',(1.E0,0.E0,0.E0));
#5852=DIRECTION('',(0.E0,1.E0,0.E0));
#5853=AXIS2_PLACEMENT_3D('',#5850,#5851,#5852);
#5854=PLANE('',#5853);
#5856=ORIENTED_EDGE('',*,*,#5855,.T.);
#5858=ORIENTED_EDGE('',*,*,#5857,.F.);
#5860=ORIENTED_EDGE('',*,*,#5859,.T.);
#5862=ORIENTED_EDGE('',*,*,#5861,.T.);
#5864=ORIENTED_EDGE('',*,*,#5863,.T.);
#5866=ORIENTED_EDGE('',*,*,#5865,.F.);
#5868=ORIENTED_EDGE('',*,*,#5867,.T.);
#5870=ORIENTED_EDGE('',*,*,#5869,.T.);
#5872=ORIENTED_EDGE('',*,*,#5871,.T.);
#5874=ORIENTED_EDGE('',*,*,#5873,.F.);
#5875=ORIENTED_EDGE('',*,*,#5836,.F.);
#5877=ORIENTED_EDGE('',*,*,#5876,.T.);
#5879=ORIENTED_EDGE('',*,*,#5878,.T.);
#5881=ORIENTED_EDGE('',*,*,#5880,.T.);
#5883=ORIENTED_EDGE('',*,*,#5882,.T.);
#5885=ORIENTED_EDGE('',*,*,#5884,.T.);
#5887=ORIENTED_EDGE('',*,*,#5886,.T.);
#5889=ORIENTED_EDGE('',*,*,#5888,.T.);
#5891=ORIENTED_EDGE('',*,*,#5890,.T.);
#5893=ORIENTED_EDGE('',*,*,#5892,.T.);
#5895=ORIENTED_EDGE('',*,*,#5894,.T.);
#5897=ORIENTED_EDGE('',*,*,#5896,.T.);
#5898=EDGE_LOOP('',(#5856,#5858,#5860,#5862,#5864,#5866,#5868,#5870,#5872,#5874,
#5875,#5877,#5879,#5881,#5883,#5885,#5887,#5889,#5891,#5893,#5895,#5897));
#5899=FACE_OUTER_BOUND('',#5898,.F.);
#5901=CARTESIAN_POINT('',(-6.75E0,-3.492491947020E0,-1.72E1));
#5902=DIRECTION('',(1.E0,0.E0,0.E0));
#5903=DIRECTION('',(0.E0,1.E0,0.E0));
#5904=AXIS2_PLACEMENT_3D('',#5901,#5902,#5903);
#5905=PLANE('',#5904);
#5907=ORIENTED_EDGE('',*,*,#5906,.F.);
#5909=ORIENTED_EDGE('',*,*,#5908,.T.);
#5911=ORIENTED_EDGE('',*,*,#5910,.T.);
#5913=ORIENTED_EDGE('',*,*,#5912,.T.);
#5915=ORIENTED_EDGE('',*,*,#5914,.T.);
#5917=ORIENTED_EDGE('',*,*,#5916,.T.);
#5919=ORIENTED_EDGE('',*,*,#5918,.T.);
#5921=ORIENTED_EDGE('',*,*,#5920,.T.);
#5923=ORIENTED_EDGE('',*,*,#5922,.T.);
#5925=ORIENTED_EDGE('',*,*,#5924,.F.);
#5927=ORIENTED_EDGE('',*,*,#5926,.T.);
#5928=EDGE_LOOP('',(#5907,#5909,#5911,#5913,#5915,#5917,#5919,#5921,#5923,#5925,
#5927));
#5929=FACE_OUTER_BOUND('',#5928,.F.);
#5931=CARTESIAN_POINT('',(0.E0,0.E0,-1.09E1));
#5932=DIRECTION('',(0.E0,0.E0,1.E0));
#5933=DIRECTION('',(1.E0,0.E0,0.E0));
#5934=AXIS2_PLACEMENT_3D('',#5931,#5932,#5933);
#5935=PLANE('',#5934);
#5937=ORIENTED_EDGE('',*,*,#5936,.F.);
#5939=ORIENTED_EDGE('',*,*,#5938,.T.);
#5941=ORIENTED_EDGE('',*,*,#5940,.T.);
#5943=ORIENTED_EDGE('',*,*,#5942,.F.);
#5945=ORIENTED_EDGE('',*,*,#5944,.T.);
#5947=ORIENTED_EDGE('',*,*,#5946,.T.);
#5948=EDGE_LOOP('',(#5937,#5939,#5941,#5943,#5945,#5947));
#5949=FACE_OUTER_BOUND('',#5948,.F.);
#5951=ORIENTED_EDGE('',*,*,#5950,.F.);
#5952=ORIENTED_EDGE('',*,*,#5855,.F.);
#5954=ORIENTED_EDGE('',*,*,#5953,.F.);
#5956=ORIENTED_EDGE('',*,*,#5955,.F.);
#5958=ORIENTED_EDGE('',*,*,#5957,.F.);
#5960=ORIENTED_EDGE('',*,*,#5959,.F.);
#5962=ORIENTED_EDGE('',*,*,#5961,.F.);
#5963=EDGE_LOOP('',(#5951,#5952,#5954,#5956,#5958,#5960,#5962));
#5964=FACE_BOUND('',#5963,.F.);
#5966=CARTESIAN_POINT('',(0.E0,0.E0,-2.6E-1));
#5967=DIRECTION('',(0.E0,0.E0,-1.E0));
#5968=DIRECTION('',(-1.E0,0.E0,0.E0));
#5969=AXIS2_PLACEMENT_3D('',#5966,#5967,#5968);
#5970=CYLINDRICAL_SURFACE('',#5969,7.6E0);
#5971=ORIENTED_EDGE('',*,*,#5865,.T.);
#5973=ORIENTED_EDGE('',*,*,#5972,.F.);
#5975=ORIENTED_EDGE('',*,*,#5974,.F.);
#5977=ORIENTED_EDGE('',*,*,#5976,.F.);
#5978=EDGE_LOOP('',(#5971,#5973,#5975,#5977));
#5979=FACE_OUTER_BOUND('',#5978,.F.);
#5981=CARTESIAN_POINT('',(0.E0,0.E0,-2.6E-1));
#5982=DIRECTION('',(0.E0,0.E0,-1.E0));
#5983=DIRECTION('',(-1.E0,0.E0,0.E0));
#5984=AXIS2_PLACEMENT_3D('',#5981,#5982,#5983);
#5985=CYLINDRICAL_SURFACE('',#5984,7.6E0);
#5986=ORIENTED_EDGE('',*,*,#5950,.T.);
#5988=ORIENTED_EDGE('',*,*,#5987,.F.);
#5989=ORIENTED_EDGE('',*,*,#5857,.T.);
#5990=EDGE_LOOP('',(#5986,#5988,#5989));
#5991=FACE_OUTER_BOUND('',#5990,.F.);
#5993=CARTESIAN_POINT('',(-6.880452253702E0,-3.263681658904E0,
-8.032419601128E0));
#5994=CARTESIAN_POINT('',(-6.641410434528E0,-3.150294286653E0,
-8.185169601128E0));
#5995=CARTESIAN_POINT('',(-6.402368615355E0,-3.036906914401E0,
-8.337919601128E0));
#5996=CARTESIAN_POINT('',(-6.163326796181E0,-2.923519542150E0,
-8.490669601128E0));
#5997=CARTESIAN_POINT('',(-7.315509164529E0,-2.346500200834E0,
-8.062333810239E0));
#5998=CARTESIAN_POINT('',(-7.061352525635E0,-2.264977699694E0,
-8.215083810239E0));
#5999=CARTESIAN_POINT('',(-6.807195886741E0,-2.183455198553E0,
-8.367833810239E0));
#6000=CARTESIAN_POINT('',(-6.553039247847E0,-2.101932697413E0,
-8.520583810239E0));
#6001=CARTESIAN_POINT('',(-7.813703131602E0,-3.362840473700E-1,
-8.122162228462E0));
#6002=CARTESIAN_POINT('',(-7.542238154855E0,-3.246008109375E-1,
-8.274912228462E0));
#6003=CARTESIAN_POINT('',(-7.270773178107E0,-3.129175745050E-1,
-8.427662228462E0));
#6004=CARTESIAN_POINT('',(-6.999308201360E0,-3.012343380725E-1,
-8.580412228462E0));
#6005=CARTESIAN_POINT('',(-7.328115928484E0,2.732467956460E0,
-8.211904855796E0));
#6006=CARTESIAN_POINT('',(-7.073521303295E0,2.637536099212E0,
-8.364654855796E0));
#6007=CARTESIAN_POINT('',(-6.818926678106E0,2.542604241965E0,
-8.517404855796E0));
#6008=CARTESIAN_POINT('',(-6.564332052917E0,2.447672384717E0,
-8.670154855796E0));
#6009=CARTESIAN_POINT('',(-5.686062524956E0,5.369923709588E0,
-8.301647483129E0));
#6010=CARTESIAN_POINT('',(-5.488516392844E0,5.183360924900E0,
-8.454397483129E0));
#6011=CARTESIAN_POINT('',(-5.290970260732E0,4.996798140211E0,
-8.607147483129E0));
#6012=CARTESIAN_POINT('',(-5.093424128620E0,4.810235355523E0,
-8.759897483129E0));
#6013=CARTESIAN_POINT('',(-3.146726786759E0,7.159999311825E0,
-8.391390110463E0));
#6014=CARTESIAN_POINT('',(-3.037402680172E0,6.911245422157E0,
-8.544140110463E0));
#6015=CARTESIAN_POINT('',(-2.928078573585E0,6.662491532489E0,
-8.696890110463E0));
#6016=CARTESIAN_POINT('',(-2.818754466998E0,6.413737642821E0,
-8.849640110463E0));
#6017=CARTESIAN_POINT('',(-1.108154961043E-1,7.820177364709E0,
-8.481132737797E0));
#6018=CARTESIAN_POINT('',(-1.069655256657E-1,7.548487459076E0,
-8.633882737797E0));
#6019=CARTESIAN_POINT('',(-1.031155552270E-1,7.276797553443E0,
-8.786632737797E0));
#6020=CARTESIAN_POINT('',(-9.926558478832E-2,7.005107647810E0,
-8.939382737797E0));
#6021=CARTESIAN_POINT('',(2.942582260565E0,7.246286616550E0,-8.570875365131E0));
#6022=CARTESIAN_POINT('',(2.840350577139E0,6.994534918957E0,-8.723625365131E0));
#6023=CARTESIAN_POINT('',(2.738118893712E0,6.742783221365E0,-8.876375365131E0));
#6024=CARTESIAN_POINT('',(2.635887210285E0,6.491031523772E0,-9.029125365131E0));
#6025=CARTESIAN_POINT('',(5.531623211693E0,5.528888098380E0,-8.660617992465E0));
#6026=CARTESIAN_POINT('',(5.339442635947E0,5.336802546397E0,-8.813367992465E0));
#6027=CARTESIAN_POINT('',(5.147262060202E0,5.144716994414E0,-8.966117992465E0));
#6028=CARTESIAN_POINT('',(4.955081484456E0,4.952631442431E0,-9.118867992465E0));
#6029=CARTESIAN_POINT('',(7.247740945099E0,2.938998176204E0,-8.750360619798E0));
#6030=CARTESIAN_POINT('',(6.995938720982E0,2.836891011633E0,-8.903110619798E0));
#6031=CARTESIAN_POINT('',(6.744136496864E0,2.734783847063E0,-9.055860619798E0));
#6032=CARTESIAN_POINT('',(6.492334272747E0,2.632676682492E0,-9.208610619798E0));
#6033=CARTESIAN_POINT('',(7.820121921149E0,-1.146832332826E-1,
-8.840103247132E0));
#6034=CARTESIAN_POINT('',(7.548433941745E0,-1.106988892741E-1,
-8.992853247132E0));
#6035=CARTESIAN_POINT('',(7.276745962341E0,-1.067145452656E-1,
-9.145603247132E0));
#6036=CARTESIAN_POINT('',(7.005057982937E0,-1.027302012571E-1,
-9.298353247132E0));
#6037=CARTESIAN_POINT('',(7.158440984478E0,-3.150266934579E0,
-8.929845874466E0));
#6038=CARTESIAN_POINT('',(6.909741234478E0,-3.040819835587E0,
-9.082595874466E0));
#6039=CARTESIAN_POINT('',(6.661041484479E0,-2.931372736594E0,
-9.235345874466E0));
#6040=CARTESIAN_POINT('',(6.412341734480E0,-2.821925637601E0,
-9.388095874466E0));
#6041=CARTESIAN_POINT('',(5.367115341437E0,-5.688719715960E0,
-9.019588501800E0));
#6042=CARTESIAN_POINT('',(5.180650125543E0,-5.491081267275E0,
-9.172338501800E0));
#6043=CARTESIAN_POINT('',(4.994184909649E0,-5.293442818590E0,
-9.325088501800E0));
#6044=CARTESIAN_POINT('',(4.807719693756E0,-5.095804369905E0,
-9.477838501800E0));
#6045=CARTESIAN_POINT('',(2.728826867251E0,-7.329458576261E0,
-9.109331129134E0));
#6046=CARTESIAN_POINT('',(2.634021509332E0,-7.074817304579E0,
-9.262081129134E0));
#6047=CARTESIAN_POINT('',(2.539216151413E0,-6.820176032897E0,
-9.414831129134E0));
#6048=CARTESIAN_POINT('',(2.444410793494E0,-6.565534761216E0,
-9.567581129134E0));
#6049=CARTESIAN_POINT('',(-3.400867716272E-1,-7.813565132575E0,
-9.199073756467E0));
#6050=CARTESIAN_POINT('',(-3.282714203146E-1,-7.542104950213E0,
-9.351823756467E0));
#6051=CARTESIAN_POINT('',(-3.164560690021E-1,-7.270644767851E0,
-9.504573756467E0));
#6052=CARTESIAN_POINT('',(-3.046407176895E-1,-6.999184585489E0,
-9.657323756467E0));
#6053=CARTESIAN_POINT('',(-3.355332688392E0,-7.064644481025E0,
-9.288816383801E0));
#6054=CARTESIAN_POINT('',(-3.238761160796E0,-6.819203424785E0,
-9.441566383801E0));
#6055=CARTESIAN_POINT('',(-3.122189633200E0,-6.573762368545E0,
-9.594316383801E0));
#6056=CARTESIAN_POINT('',(-3.005618105603E0,-6.328321312304E0,
-9.747066383801E0));
#6057=CARTESIAN_POINT('',(-5.841087082925E0,-5.200880769907E0,
-9.378559011135E0));
#6058=CARTESIAN_POINT('',(-5.638155061777E0,-5.020190903209E0,
-9.531309011135E0));
#6059=CARTESIAN_POINT('',(-5.435223040629E0,-4.839501036511E0,
-9.684059011135E0));
#6060=CARTESIAN_POINT('',(-5.232291019481E0,-4.658811169813E0,
-9.836809011135E0));
#6061=CARTESIAN_POINT('',(-7.405083077259E0,-2.516387035412E0,
-9.468301638469E0));
#6062=CARTESIAN_POINT('',(-7.147814446557E0,-2.428962297544E0,
-9.621051638469E0));
#6063=CARTESIAN_POINT('',(-6.890545815855E0,-2.341537559677E0,
-9.773801638469E0));
#6064=CARTESIAN_POINT('',(-6.633277185153E0,-2.254112821809E0,
-9.926551638469E0));
#6065=CARTESIAN_POINT('',(-7.800512769852E0,5.652075905989E-1,
-9.558044265803E0));
#6066=CARTESIAN_POINT('',(-7.529506054852E0,5.455710542658E-1,
-9.710794265803E0));
#6067=CARTESIAN_POINT('',(-7.258499339851E0,5.259345179327E-1,
-9.863544265803E0));
#6068=CARTESIAN_POINT('',(-6.987492624851E0,5.062979815997E-1,
-1.001629426580E1));
#6069=CARTESIAN_POINT('',(-6.964974995362E0,3.557609085756E0,
-9.647786893136E0));
#6070=CARTESIAN_POINT('',(-6.722996673008E0,3.434010037843E0,
-9.800536893136E0));
#6071=CARTESIAN_POINT('',(-6.481018350653E0,3.310410989930E0,
-9.953286893136E0));
#6072=CARTESIAN_POINT('',(-6.239040028298E0,3.186811942017E0,
-1.010603689314E1));
#6073=CARTESIAN_POINT('',(-5.030322600940E0,5.988598636050E0,
-9.737529520470E0));
#6074=CARTESIAN_POINT('',(-4.855558294580E0,5.780541743934E0,
-9.890279520470E0));
#6075=CARTESIAN_POINT('',(-4.680793988220E0,5.572484851817E0,
-1.004302952047E1));
#6076=CARTESIAN_POINT('',(-4.506029681860E0,5.364427959700E0,
-1.019577952047E1));
#6077=CARTESIAN_POINT('',(-2.301855280054E0,7.474551582687E0,
-9.827272147804E0));
#6078=CARTESIAN_POINT('',(-2.221883840193E0,7.214869465589E0,
-9.980022147804E0));
#6079=CARTESIAN_POINT('',(-2.141912400333E0,6.955187348490E0,
-1.013277214780E1));
#6080=CARTESIAN_POINT('',(-2.061940960473E0,6.695505231392E0,
-1.028552214780E1));
#6081=CARTESIAN_POINT('',(7.898585410231E-1,7.780975683050E0,
-9.917014775138E0));
#6082=CARTESIAN_POINT('',(7.624171439210E-1,7.510647728776E0,
-1.006976477514E1));
#6083=CARTESIAN_POINT('',(7.349757468188E-1,7.240319774502E0,
-1.022251477514E1));
#6084=CARTESIAN_POINT('',(7.075343497167E-1,6.969991820228E0,
-1.037526477514E1));
#6085=CARTESIAN_POINT('',(3.756927970759E0,6.859515384477E0,-1.000675740247E1));
#6086=CARTESIAN_POINT('',(3.626404152916E0,6.621200957504E0,-1.015950740247E1));
#6087=CARTESIAN_POINT('',(3.495880335074E0,6.382886530531E0,-1.031225740247E1));
#6088=CARTESIAN_POINT('',(3.365356517232E0,6.144572103558E0,-1.046500740247E1));
#6089=CARTESIAN_POINT('',(6.131131745468E0,4.855582624705E0,-1.009650002981E1));
#6090=CARTESIAN_POINT('',(5.918122944304E0,4.686889163729E0,-1.024925002981E1));
#6091=CARTESIAN_POINT('',(5.705114143139E0,4.518195702753E0,-1.040200002981E1));
#6092=CARTESIAN_POINT('',(5.492105341974E0,4.349502241777E0,-1.055475002981E1));
#6093=CARTESIAN_POINT('',(7.537806343527E0,2.085409939193E0,-1.018624265714E1));
#6094=CARTESIAN_POINT('',(7.275926618983E0,2.012958279446E0,-1.033899265714E1));
#6095=CARTESIAN_POINT('',(7.014046894439E0,1.940506619699E0,-1.049174265714E1));
#6096=CARTESIAN_POINT('',(6.752167169896E0,1.868054959953E0,-1.064449265714E1));
#6097=CARTESIAN_POINT('',(7.754970108033E0,-1.013852841419E0,
-1.027598528447E1));
#6098=CARTESIAN_POINT('',(7.485545643782E0,-9.786293969929E-1,
-1.042873528447E1));
#6099=CARTESIAN_POINT('',(7.216121179530E0,-9.434059525664E-1,
-1.058148528447E1));
#6100=CARTESIAN_POINT('',(6.946696715278E0,-9.081825081399E-1,
-1.073423528447E1));
#6101=CARTESIAN_POINT('',(6.748353340358E0,-3.953123737384E0,
-1.036572791181E1));
#6102=CARTESIAN_POINT('',(6.513900923653E0,-3.815783653511E0,
-1.051847791181E1));
#6103=CARTESIAN_POINT('',(6.279448506947E0,-3.678443569639E0,
-1.067122791181E1));
#6104=CARTESIAN_POINT('',(6.044996090242E0,-3.541103485767E0,
-1.082397791181E1));
#6105=CARTESIAN_POINT('',(4.676806026688E0,-6.268567577878E0,
-1.045547053914E1));
#6106=CARTESIAN_POINT('',(4.514323652082E0,-6.050783958114E0,
-1.060822053914E1));
#6107=CARTESIAN_POINT('',(4.351841277476E0,-5.833000338349E0,
-1.076097053914E1));
#6108=CARTESIAN_POINT('',(4.189358902871E0,-5.615216718584E0,
-1.091372053914E1));
#6109=CARTESIAN_POINT('',(1.867231244535E0,-7.594796053567E0,
-1.054521316647E1));
#6110=CARTESIAN_POINT('',(1.802359585369E0,-7.330936383016E0,
-1.069796316647E1));
#6111=CARTESIAN_POINT('',(1.737487926202E0,-7.067076712466E0,
-1.085071316647E1));
#6112=CARTESIAN_POINT('',(1.672616267036E0,-6.803217041916E0,
-1.100346316647E1));
#6113=CARTESIAN_POINT('',(-1.237005386642E0,-7.722512891405E0,
-1.063495579381E1));
#6114=CARTESIAN_POINT('',(-1.194029139290E0,-7.454216061184E0,
-1.078770579381E1));
#6115=CARTESIAN_POINT('',(-1.151052891938E0,-7.185919230964E0,
-1.094045579381E1));
#6116=CARTESIAN_POINT('',(-1.108076644586E0,-6.917622400743E0,
-1.109320579381E1));
#6117=CARTESIAN_POINT('',(-4.146029157021E0,-6.631599084950E0,
-1.072469842114E1));
#6118=CARTESIAN_POINT('',(-4.001987120902E0,-6.401202964049E0,
-1.087744842114E1));
#6119=CARTESIAN_POINT('',(-3.857945084784E0,-6.170806843148E0,
-1.103019842114E1));
#6120=CARTESIAN_POINT('',(-3.713903048665E0,-5.940410722247E0,
-1.118294842114E1));
#6121=CARTESIAN_POINT('',(-6.400807282624E0,-4.494074957099E0,
-1.081444104848E1));
#6122=CARTESIAN_POINT('',(-6.178429368993E0,-4.337941055775E0,
-1.096719104848E1));
#6123=CARTESIAN_POINT('',(-5.956051455361E0,-4.181807154450E0,
-1.111994104848E1));
#6124=CARTESIAN_POINT('',(-5.733673541730E0,-4.025673253125E0,
-1.127269104848E1));
#6125=CARTESIAN_POINT('',(-7.230546329586E0,-2.596524081254E0,
-1.087426946670E1));
#6126=CARTESIAN_POINT('',(-6.979341483667E0,-2.506315208781E0,
-1.102701946670E1));
#6127=CARTESIAN_POINT('',(-6.728136637748E0,-2.416106336308E0,
-1.117976946670E1));
#6128=CARTESIAN_POINT('',(-6.476931791829E0,-2.325897463835E0,
-1.133251946670E1));
#6129=CARTESIAN_POINT('',(-7.444386040003E0,-1.604168841970E0,
-1.090418367581E1));
#6130=CARTESIAN_POINT('',(-7.185751939218E0,-1.548436540646E0,
-1.105693367581E1));
#6131=CARTESIAN_POINT('',(-6.927117838432E0,-1.492704239323E0,
-1.120968367581E1));
#6132=CARTESIAN_POINT('',(-6.668483737647E0,-1.436971937999E0,
-1.136243367581E1));
#6133=B_SPLINE_SURFACE_WITH_KNOTS('',3,3,((#5993,#5994,#5995,#5996),(#5997,
#5998,#5999,#6000),(#6001,#6002,#6003,#6004),(#6005,#6006,#6007,#6008),(#6009,
#6010,#6011,#6012),(#6013,#6014,#6015,#6016),(#6017,#6018,#6019,#6020),(#6021,
#6022,#6023,#6024),(#6025,#6026,#6027,#6028),(#6029,#6030,#6031,#6032),(#6033,
#6034,#6035,#6036),(#6037,#6038,#6039,#6040),(#6041,#6042,#6043,#6044),(#6045,
#6046,#6047,#6048),(#6049,#6050,#6051,#6052),(#6053,#6054,#6055,#6056),(#6057,
#6058,#6059,#6060),(#6061,#6062,#6063,#6064),(#6065,#6066,#6067,#6068),(#6069,
#6070,#6071,#6072),(#6073,#6074,#6075,#6076),(#6077,#6078,#6079,#6080),(#6081,
#6082,#6083,#6084),(#6085,#6086,#6087,#6088),(#6089,#6090,#6091,#6092),(#6093,
#6094,#6095,#6096),(#6097,#6098,#6099,#6100),(#6101,#6102,#6103,#6104),(#6105,
#6106,#6107,#6108),(#6109,#6110,#6111,#6112),(#6113,#6114,#6115,#6116),(#6117,
#6118,#6119,#6120),(#6121,#6122,#6123,#6124),(#6125,#6126,#6127,#6128),(#6129,
#6130,#6131,#6132)),.UNSPECIFIED.,.F.,.F.,.F.,(4,1,1,1,1,1,1,1,1,1,1,1,1,1,1,1,
1,1,1,1,1,1,1,1,1,1,1,1,1,1,1,1,4),(4,4),(-1.440684318402E-2,9.004276990014E-3,
3.241539716405E-2,5.582651733809E-2,7.923763751212E-2,1.026487576862E-1,
1.260598778602E-1,1.494709980342E-1,1.728821182083E-1,1.962932383823E-1,
2.197043585563E-1,2.431154787304E-1,2.665265989044E-1,2.899377190784E-1,
3.133488392525E-1,3.367599594265E-1,3.601710796006E-1,3.835821997746E-1,
4.069933199486E-1,4.304044401227E-1,4.538155602967E-1,4.772266804707E-1,
5.006378006448E-1,5.240489208188E-1,5.474600409928E-1,5.708711611669E-1,
5.942822813409E-1,6.176934015149E-1,6.411045216890E-1,6.645156418630E-1,
6.879267620371E-1,7.113378822111E-1,7.347490023851E-1),(-2.E-2,1.02E0),
.UNSPECIFIED.);
#6134=ORIENTED_EDGE('',*,*,#5878,.F.);
#6136=ORIENTED_EDGE('',*,*,#6135,.T.);
#6138=ORIENTED_EDGE('',*,*,#6137,.T.);
#6139=EDGE_LOOP('',(#6134,#6136,#6138));
#6140=FACE_OUTER_BOUND('',#6139,.F.);
#6142=CARTESIAN_POINT('',(-6.880452253702E0,-3.263681658904E0,
-8.032419601128E0));
#6143=CARTESIAN_POINT('',(-7.315509164529E0,-2.346500200834E0,
-8.062333810239E0));
#6144=CARTESIAN_POINT('',(-7.813703131602E0,-3.362840473700E-1,
-8.122162228462E0));
#6145=CARTESIAN_POINT('',(-7.328115928484E0,2.732467956460E0,
-8.211904855796E0));
#6146=CARTESIAN_POINT('',(-5.686062524956E0,5.369923709588E0,
-8.301647483129E0));
#6147=CARTESIAN_POINT('',(-3.146726786759E0,7.159999311825E0,
-8.391390110463E0));
#6148=CARTESIAN_POINT('',(-1.108154961043E-1,7.820177364709E0,
-8.481132737797E0));
#6149=CARTESIAN_POINT('',(2.942582260565E0,7.246286616550E0,-8.570875365131E0));
#6150=CARTESIAN_POINT('',(5.531623211693E0,5.528888098380E0,-8.660617992465E0));
#6151=CARTESIAN_POINT('',(7.247740945099E0,2.938998176204E0,-8.750360619798E0));
#6152=CARTESIAN_POINT('',(7.820121921149E0,-1.146832332826E-1,
-8.840103247132E0));
#6153=CARTESIAN_POINT('',(7.158440984478E0,-3.150266934579E0,
-8.929845874466E0));
#6154=CARTESIAN_POINT('',(5.367115341437E0,-5.688719715960E0,
-9.019588501800E0));
#6155=CARTESIAN_POINT('',(2.728826867251E0,-7.329458576261E0,
-9.109331129134E0));
#6156=CARTESIAN_POINT('',(-3.400867716272E-1,-7.813565132575E0,
-9.199073756467E0));
#6157=CARTESIAN_POINT('',(-3.355332688392E0,-7.064644481025E0,
-9.288816383801E0));
#6158=CARTESIAN_POINT('',(-5.841087082925E0,-5.200880769907E0,
-9.378559011135E0));
#6159=CARTESIAN_POINT('',(-7.405083077259E0,-2.516387035412E0,
-9.468301638469E0));
#6160=CARTESIAN_POINT('',(-7.800512769852E0,5.652075905989E-1,
-9.558044265803E0));
#6161=CARTESIAN_POINT('',(-6.964974995362E0,3.557609085756E0,
-9.647786893136E0));
#6162=CARTESIAN_POINT('',(-5.030322600940E0,5.988598636050E0,
-9.737529520470E0));
#6163=CARTESIAN_POINT('',(-2.301855280054E0,7.474551582687E0,
-9.827272147804E0));
#6164=CARTESIAN_POINT('',(7.898585410231E-1,7.780975683050E0,
-9.917014775138E0));
#6165=CARTESIAN_POINT('',(3.756927970759E0,6.859515384477E0,-1.000675740247E1));
#6166=CARTESIAN_POINT('',(6.131131745468E0,4.855582624705E0,-1.009650002981E1));
#6167=CARTESIAN_POINT('',(7.537806343527E0,2.085409939193E0,-1.018624265714E1));
#6168=CARTESIAN_POINT('',(7.754970108033E0,-1.013852841419E0,
-1.027598528447E1));
#6169=CARTESIAN_POINT('',(6.748353340358E0,-3.953123737384E0,
-1.036572791181E1));
#6170=CARTESIAN_POINT('',(4.676806026688E0,-6.268567577878E0,
-1.045547053914E1));
#6171=CARTESIAN_POINT('',(1.867231244535E0,-7.594796053567E0,
-1.054521316647E1));
#6172=CARTESIAN_POINT('',(-1.237005386642E0,-7.722512891405E0,
-1.063495579381E1));
#6173=CARTESIAN_POINT('',(-4.146029157021E0,-6.631599084950E0,
-1.072469842114E1));
#6174=CARTESIAN_POINT('',(-6.400807282624E0,-4.494074957099E0,
-1.081444104848E1));
#6175=CARTESIAN_POINT('',(-7.230546329586E0,-2.596524081254E0,
-1.087426946670E1));
#6176=CARTESIAN_POINT('',(-7.444386040003E0,-1.604168841970E0,
-1.090418367581E1));
#6177=CARTESIAN_POINT('',(-6.641410434528E0,-3.150294286653E0,
-8.185169601128E0));
#6178=CARTESIAN_POINT('',(-7.061352525635E0,-2.264977699694E0,
-8.215083810239E0));
#6179=CARTESIAN_POINT('',(-7.542238154855E0,-3.246008109375E-1,
-8.274912228462E0));
#6180=CARTESIAN_POINT('',(-7.073521303295E0,2.637536099212E0,
-8.364654855796E0));
#6181=CARTESIAN_POINT('',(-5.488516392844E0,5.183360924900E0,
-8.454397483129E0));
#6182=CARTESIAN_POINT('',(-3.037402680172E0,6.911245422157E0,
-8.544140110463E0));
#6183=CARTESIAN_POINT('',(-1.069655256657E-1,7.548487459076E0,
-8.633882737797E0));
#6184=CARTESIAN_POINT('',(2.840350577139E0,6.994534918957E0,-8.723625365131E0));
#6185=CARTESIAN_POINT('',(5.339442635947E0,5.336802546397E0,-8.813367992465E0));
#6186=CARTESIAN_POINT('',(6.995938720982E0,2.836891011633E0,-8.903110619798E0));
#6187=CARTESIAN_POINT('',(7.548433941745E0,-1.106988892741E-1,
-8.992853247132E0));
#6188=CARTESIAN_POINT('',(6.909741234478E0,-3.040819835587E0,
-9.082595874466E0));
#6189=CARTESIAN_POINT('',(5.180650125543E0,-5.491081267275E0,
-9.172338501800E0));
#6190=CARTESIAN_POINT('',(2.634021509332E0,-7.074817304579E0,
-9.262081129134E0));
#6191=CARTESIAN_POINT('',(-3.282714203146E-1,-7.542104950213E0,
-9.351823756467E0));
#6192=CARTESIAN_POINT('',(-3.238761160796E0,-6.819203424785E0,
-9.441566383801E0));
#6193=CARTESIAN_POINT('',(-5.638155061777E0,-5.020190903209E0,
-9.531309011135E0));
#6194=CARTESIAN_POINT('',(-7.147814446557E0,-2.428962297544E0,
-9.621051638469E0));
#6195=CARTESIAN_POINT('',(-7.529506054852E0,5.455710542658E-1,
-9.710794265803E0));
#6196=CARTESIAN_POINT('',(-6.722996673008E0,3.434010037843E0,
-9.800536893136E0));
#6197=CARTESIAN_POINT('',(-4.855558294580E0,5.780541743934E0,
-9.890279520470E0));
#6198=CARTESIAN_POINT('',(-2.221883840193E0,7.214869465589E0,
-9.980022147804E0));
#6199=CARTESIAN_POINT('',(7.624171439210E-1,7.510647728776E0,
-1.006976477514E1));
#6200=CARTESIAN_POINT('',(3.626404152916E0,6.621200957504E0,-1.015950740247E1));
#6201=CARTESIAN_POINT('',(5.918122944304E0,4.686889163729E0,-1.024925002981E1));
#6202=CARTESIAN_POINT('',(7.275926618983E0,2.012958279446E0,-1.033899265714E1));
#6203=CARTESIAN_POINT('',(7.485545643782E0,-9.786293969929E-1,
-1.042873528447E1));
#6204=CARTESIAN_POINT('',(6.513900923653E0,-3.815783653511E0,
-1.051847791181E1));
#6205=CARTESIAN_POINT('',(4.514323652082E0,-6.050783958114E0,
-1.060822053914E1));
#6206=CARTESIAN_POINT('',(1.802359585369E0,-7.330936383016E0,
-1.069796316647E1));
#6207=CARTESIAN_POINT('',(-1.194029139290E0,-7.454216061184E0,
-1.078770579381E1));
#6208=CARTESIAN_POINT('',(-4.001987120902E0,-6.401202964049E0,
-1.087744842114E1));
#6209=CARTESIAN_POINT('',(-6.178429368993E0,-4.337941055775E0,
-1.096719104848E1));
#6210=CARTESIAN_POINT('',(-6.979341483667E0,-2.506315208781E0,
-1.102701946670E1));
#6211=CARTESIAN_POINT('',(-7.185751939218E0,-1.548436540646E0,
-1.105693367581E1));
#6212=CARTESIAN_POINT('',(-6.402368615355E0,-3.036906914401E0,
-8.337919601128E0));
#6213=CARTESIAN_POINT('',(-6.807195886741E0,-2.183455198553E0,
-8.367833810239E0));
#6214=CARTESIAN_POINT('',(-7.270773178107E0,-3.129175745050E-1,
-8.427662228462E0));
#6215=CARTESIAN_POINT('',(-6.818926678106E0,2.542604241965E0,
-8.517404855796E0));
#6216=CARTESIAN_POINT('',(-5.290970260732E0,4.996798140211E0,
-8.607147483129E0));
#6217=CARTESIAN_POINT('',(-2.928078573585E0,6.662491532489E0,
-8.696890110463E0));
#6218=CARTESIAN_POINT('',(-1.031155552270E-1,7.276797553443E0,
-8.786632737797E0));
#6219=CARTESIAN_POINT('',(2.738118893712E0,6.742783221365E0,-8.876375365131E0));
#6220=CARTESIAN_POINT('',(5.147262060202E0,5.144716994414E0,-8.966117992465E0));
#6221=CARTESIAN_POINT('',(6.744136496864E0,2.734783847063E0,-9.055860619798E0));
#6222=CARTESIAN_POINT('',(7.276745962341E0,-1.067145452656E-1,
-9.145603247132E0));
#6223=CARTESIAN_POINT('',(6.661041484479E0,-2.931372736594E0,
-9.235345874466E0));
#6224=CARTESIAN_POINT('',(4.994184909649E0,-5.293442818590E0,
-9.325088501800E0));
#6225=CARTESIAN_POINT('',(2.539216151413E0,-6.820176032897E0,
-9.414831129134E0));
#6226=CARTESIAN_POINT('',(-3.164560690021E-1,-7.270644767851E0,
-9.504573756467E0));
#6227=CARTESIAN_POINT('',(-3.122189633200E0,-6.573762368545E0,
-9.594316383801E0));
#6228=CARTESIAN_POINT('',(-5.435223040629E0,-4.839501036511E0,
-9.684059011135E0));
#6229=CARTESIAN_POINT('',(-6.890545815855E0,-2.341537559677E0,
-9.773801638469E0));
#6230=CARTESIAN_POINT('',(-7.258499339851E0,5.259345179327E-1,
-9.863544265803E0));
#6231=CARTESIAN_POINT('',(-6.481018350653E0,3.310410989930E0,
-9.953286893136E0));
#6232=CARTESIAN_POINT('',(-4.680793988220E0,5.572484851817E0,
-1.004302952047E1));
#6233=CARTESIAN_POINT('',(-2.141912400333E0,6.955187348490E0,
-1.013277214780E1));
#6234=CARTESIAN_POINT('',(7.349757468188E-1,7.240319774502E0,
-1.022251477514E1));
#6235=CARTESIAN_POINT('',(3.495880335074E0,6.382886530531E0,-1.031225740247E1));
#6236=CARTESIAN_POINT('',(5.705114143139E0,4.518195702753E0,-1.040200002981E1));
#6237=CARTESIAN_POINT('',(7.014046894439E0,1.940506619699E0,-1.049174265714E1));
#6238=CARTESIAN_POINT('',(7.216121179530E0,-9.434059525664E-1,
-1.058148528447E1));
#6239=CARTESIAN_POINT('',(6.279448506947E0,-3.678443569639E0,
-1.067122791181E1));
#6240=CARTESIAN_POINT('',(4.351841277476E0,-5.833000338349E0,
-1.076097053914E1));
#6241=CARTESIAN_POINT('',(1.737487926202E0,-7.067076712466E0,
-1.085071316647E1));
#6242=CARTESIAN_POINT('',(-1.151052891938E0,-7.185919230964E0,
-1.094045579381E1));
#6243=CARTESIAN_POINT('',(-3.857945084784E0,-6.170806843148E0,
-1.103019842114E1));
#6244=CARTESIAN_POINT('',(-5.956051455361E0,-4.181807154450E0,
-1.111994104848E1));
#6245=CARTESIAN_POINT('',(-6.728136637748E0,-2.416106336308E0,
-1.117976946670E1));
#6246=CARTESIAN_POINT('',(-6.927117838432E0,-1.492704239323E0,
-1.120968367581E1));
#6247=CARTESIAN_POINT('',(-6.163326796181E0,-2.923519542150E0,
-8.490669601128E0));
#6248=CARTESIAN_POINT('',(-6.553039247847E0,-2.101932697413E0,
-8.520583810239E0));
#6249=CARTESIAN_POINT('',(-6.999308201360E0,-3.012343380725E-1,
-8.580412228462E0));
#6250=CARTESIAN_POINT('',(-6.564332052917E0,2.447672384717E0,
-8.670154855796E0));
#6251=CARTESIAN_POINT('',(-5.093424128620E0,4.810235355523E0,
-8.759897483129E0));
#6252=CARTESIAN_POINT('',(-2.818754466998E0,6.413737642821E0,
-8.849640110463E0));
#6253=CARTESIAN_POINT('',(-9.926558478832E-2,7.005107647810E0,
-8.939382737797E0));
#6254=CARTESIAN_POINT('',(2.635887210285E0,6.491031523772E0,-9.029125365131E0));
#6255=CARTESIAN_POINT('',(4.955081484456E0,4.952631442431E0,-9.118867992465E0));
#6256=CARTESIAN_POINT('',(6.492334272747E0,2.632676682492E0,-9.208610619798E0));
#6257=CARTESIAN_POINT('',(7.005057982937E0,-1.027302012571E-1,
-9.298353247132E0));
#6258=CARTESIAN_POINT('',(6.412341734480E0,-2.821925637601E0,
-9.388095874466E0));
#6259=CARTESIAN_POINT('',(4.807719693756E0,-5.095804369905E0,
-9.477838501800E0));
#6260=CARTESIAN_POINT('',(2.444410793494E0,-6.565534761216E0,
-9.567581129134E0));
#6261=CARTESIAN_POINT('',(-3.046407176895E-1,-6.999184585489E0,
-9.657323756467E0));
#6262=CARTESIAN_POINT('',(-3.005618105603E0,-6.328321312304E0,
-9.747066383801E0));
#6263=CARTESIAN_POINT('',(-5.232291019481E0,-4.658811169813E0,
-9.836809011135E0));
#6264=CARTESIAN_POINT('',(-6.633277185153E0,-2.254112821809E0,
-9.926551638469E0));
#6265=CARTESIAN_POINT('',(-6.987492624851E0,5.062979815997E-1,
-1.001629426580E1));
#6266=CARTESIAN_POINT('',(-6.239040028298E0,3.186811942017E0,
-1.010603689314E1));
#6267=CARTESIAN_POINT('',(-4.506029681860E0,5.364427959700E0,
-1.019577952047E1));
#6268=CARTESIAN_POINT('',(-2.061940960473E0,6.695505231392E0,
-1.028552214780E1));
#6269=CARTESIAN_POINT('',(7.075343497167E-1,6.969991820228E0,
-1.037526477514E1));
#6270=CARTESIAN_POINT('',(3.365356517232E0,6.144572103558E0,-1.046500740247E1));
#6271=CARTESIAN_POINT('',(5.492105341974E0,4.349502241777E0,-1.055475002981E1));
#6272=CARTESIAN_POINT('',(6.752167169896E0,1.868054959953E0,-1.064449265714E1));
#6273=CARTESIAN_POINT('',(6.946696715278E0,-9.081825081399E-1,
-1.073423528447E1));
#6274=CARTESIAN_POINT('',(6.044996090242E0,-3.541103485767E0,
-1.082397791181E1));
#6275=CARTESIAN_POINT('',(4.189358902871E0,-5.615216718584E0,
-1.091372053914E1));
#6276=CARTESIAN_POINT('',(1.672616267036E0,-6.803217041916E0,
-1.100346316647E1));
#6277=CARTESIAN_POINT('',(-1.108076644586E0,-6.917622400743E0,
-1.109320579381E1));
#6278=CARTESIAN_POINT('',(-3.713903048665E0,-5.940410722247E0,
-1.118294842114E1));
#6279=CARTESIAN_POINT('',(-5.733673541730E0,-4.025673253125E0,
-1.127269104848E1));
#6280=CARTESIAN_POINT('',(-6.476931791829E0,-2.325897463835E0,
-1.133251946670E1));
#6281=CARTESIAN_POINT('',(-6.668483737647E0,-1.436971937999E0,
-1.136243367581E1));
#6282=B_SPLINE_SURFACE_WITH_KNOTS('',3,3,((#6142,#6143,#6144,#6145,#6146,#6147,
#6148,#6149,#6150,#6151,#6152,#6153,#6154,#6155,#6156,#6157,#6158,#6159,#6160,
#6161,#6162,#6163,#6164,#6165,#6166,#6167,#6168,#6169,#6170,#6171,#6172,#6173,
#6174,#6175,#6176),(#6177,#6178,#6179,#6180,#6181,#6182,#6183,#6184,#6185,#6186,
#6187,#6188,#6189,#6190,#6191,#6192,#6193,#6194,#6195,#6196,#6197,#6198,#6199,
#6200,#6201,#6202,#6203,#6204,#6205,#6206,#6207,#6208,#6209,#6210,#6211),(#6212,
#6213,#6214,#6215,#6216,#6217,#6218,#6219,#6220,#6221,#6222,#6223,#6224,#6225,
#6226,#6227,#6228,#6229,#6230,#6231,#6232,#6233,#6234,#6235,#6236,#6237,#6238,
#6239,#6240,#6241,#6242,#6243,#6244,#6245,#6246),(#6247,#6248,#6249,#6250,#6251,
#6252,#6253,#6254,#6255,#6256,#6257,#6258,#6259,#6260,#6261,#6262,#6263,#6264,
#6265,#6266,#6267,#6268,#6269,#6270,#6271,#6272,#6273,#6274,#6275,#6276,#6277,
#6278,#6279,#6280,#6281)),.UNSPECIFIED.,.F.,.F.,.F.,(4,4),(4,1,1,1,1,1,1,1,1,1,
1,1,1,1,1,1,1,1,1,1,1,1,1,1,1,1,1,1,1,1,1,1,4),(-2.E-2,1.02E0),(
-1.440684318402E-2,9.004276990014E-3,3.241539716405E-2,5.582651733809E-2,
7.923763751212E-2,1.026487576862E-1,1.260598778602E-1,1.494709980342E-1,
1.728821182083E-1,1.962932383823E-1,2.197043585563E-1,2.431154787304E-1,
2.665265989044E-1,2.899377190784E-1,3.133488392525E-1,3.367599594265E-1,
3.601710796006E-1,3.835821997746E-1,4.069933199486E-1,4.304044401227E-1,
4.538155602967E-1,4.772266804707E-1,5.006378006448E-1,5.240489208188E-1,
5.474600409928E-1,5.708711611669E-1,5.942822813409E-1,6.176934015149E-1,
6.411045216890E-1,6.645156418630E-1,6.879267620371E-1,7.113378822111E-1,
7.347490023851E-1),.UNSPECIFIED.);
#6283=ORIENTED_EDGE('',*,*,#5871,.F.);
#6285=ORIENTED_EDGE('',*,*,#6284,.T.);
#6287=ORIENTED_EDGE('',*,*,#6286,.F.);
#6289=ORIENTED_EDGE('',*,*,#6288,.F.);
#6291=ORIENTED_EDGE('',*,*,#6290,.T.);
#6292=EDGE_LOOP('',(#6283,#6285,#6287,#6289,#6291));
#6293=FACE_OUTER_BOUND('',#6292,.F.);
#6295=CARTESIAN_POINT('',(-6.880452253702E0,-3.263681658904E0,
-8.032419601128E0));
#6296=CARTESIAN_POINT('',(-6.641410434528E0,-3.150294286653E0,
-8.185169601128E0));
#6297=CARTESIAN_POINT('',(-6.402368615355E0,-3.036906914401E0,
-8.337919601128E0));
#6298=CARTESIAN_POINT('',(-6.163326796181E0,-2.923519542150E0,
-8.490669601128E0));
#6299=CARTESIAN_POINT('',(-7.315509164529E0,-2.346500200834E0,
-8.062333810239E0));
#6300=CARTESIAN_POINT('',(-7.061352525635E0,-2.264977699694E0,
-8.215083810239E0));
#6301=CARTESIAN_POINT('',(-6.807195886741E0,-2.183455198553E0,
-8.367833810239E0));
#6302=CARTESIAN_POINT('',(-6.553039247847E0,-2.101932697413E0,
-8.520583810239E0));
#6303=CARTESIAN_POINT('',(-7.813703131602E0,-3.362840473700E-1,
-8.122162228462E0));
#6304=CARTESIAN_POINT('',(-7.542238154855E0,-3.246008109375E-1,
-8.274912228462E0));
#6305=CARTESIAN_POINT('',(-7.270773178107E0,-3.129175745050E-1,
-8.427662228462E0));
#6306=CARTESIAN_POINT('',(-6.999308201360E0,-3.012343380725E-1,
-8.580412228462E0));
#6307=CARTESIAN_POINT('',(-7.328115928484E0,2.732467956460E0,
-8.211904855796E0));
#6308=CARTESIAN_POINT('',(-7.073521303295E0,2.637536099212E0,
-8.364654855796E0));
#6309=CARTESIAN_POINT('',(-6.818926678106E0,2.542604241965E0,
-8.517404855796E0));
#6310=CARTESIAN_POINT('',(-6.564332052917E0,2.447672384717E0,
-8.670154855796E0));
#6311=CARTESIAN_POINT('',(-5.686062524956E0,5.369923709588E0,
-8.301647483129E0));
#6312=CARTESIAN_POINT('',(-5.488516392844E0,5.183360924900E0,
-8.454397483129E0));
#6313=CARTESIAN_POINT('',(-5.290970260732E0,4.996798140211E0,
-8.607147483129E0));
#6314=CARTESIAN_POINT('',(-5.093424128620E0,4.810235355523E0,
-8.759897483129E0));
#6315=CARTESIAN_POINT('',(-3.146726786759E0,7.159999311825E0,
-8.391390110463E0));
#6316=CARTESIAN_POINT('',(-3.037402680172E0,6.911245422157E0,
-8.544140110463E0));
#6317=CARTESIAN_POINT('',(-2.928078573585E0,6.662491532489E0,
-8.696890110463E0));
#6318=CARTESIAN_POINT('',(-2.818754466998E0,6.413737642821E0,
-8.849640110463E0));
#6319=CARTESIAN_POINT('',(-1.108154961043E-1,7.820177364709E0,
-8.481132737797E0));
#6320=CARTESIAN_POINT('',(-1.069655256657E-1,7.548487459076E0,
-8.633882737797E0));
#6321=CARTESIAN_POINT('',(-1.031155552270E-1,7.276797553443E0,
-8.786632737797E0));
#6322=CARTESIAN_POINT('',(-9.926558478832E-2,7.005107647810E0,
-8.939382737797E0));
#6323=CARTESIAN_POINT('',(2.942582260565E0,7.246286616550E0,-8.570875365131E0));
#6324=CARTESIAN_POINT('',(2.840350577139E0,6.994534918957E0,-8.723625365131E0));
#6325=CARTESIAN_POINT('',(2.738118893712E0,6.742783221365E0,-8.876375365131E0));
#6326=CARTESIAN_POINT('',(2.635887210285E0,6.491031523772E0,-9.029125365131E0));
#6327=CARTESIAN_POINT('',(5.531623211693E0,5.528888098380E0,-8.660617992465E0));
#6328=CARTESIAN_POINT('',(5.339442635947E0,5.336802546397E0,-8.813367992465E0));
#6329=CARTESIAN_POINT('',(5.147262060202E0,5.144716994414E0,-8.966117992465E0));
#6330=CARTESIAN_POINT('',(4.955081484456E0,4.952631442431E0,-9.118867992465E0));
#6331=CARTESIAN_POINT('',(7.247740945099E0,2.938998176204E0,-8.750360619798E0));
#6332=CARTESIAN_POINT('',(6.995938720982E0,2.836891011633E0,-8.903110619798E0));
#6333=CARTESIAN_POINT('',(6.744136496864E0,2.734783847063E0,-9.055860619798E0));
#6334=CARTESIAN_POINT('',(6.492334272747E0,2.632676682492E0,-9.208610619798E0));
#6335=CARTESIAN_POINT('',(7.820121921149E0,-1.146832332826E-1,
-8.840103247132E0));
#6336=CARTESIAN_POINT('',(7.548433941745E0,-1.106988892741E-1,
-8.992853247132E0));
#6337=CARTESIAN_POINT('',(7.276745962341E0,-1.067145452656E-1,
-9.145603247132E0));
#6338=CARTESIAN_POINT('',(7.005057982937E0,-1.027302012571E-1,
-9.298353247132E0));
#6339=CARTESIAN_POINT('',(7.158440984478E0,-3.150266934579E0,
-8.929845874466E0));
#6340=CARTESIAN_POINT('',(6.909741234478E0,-3.040819835587E0,
-9.082595874466E0));
#6341=CARTESIAN_POINT('',(6.661041484479E0,-2.931372736594E0,
-9.235345874466E0));
#6342=CARTESIAN_POINT('',(6.412341734480E0,-2.821925637601E0,
-9.388095874466E0));
#6343=CARTESIAN_POINT('',(5.367115341437E0,-5.688719715960E0,
-9.019588501800E0));
#6344=CARTESIAN_POINT('',(5.180650125543E0,-5.491081267275E0,
-9.172338501800E0));
#6345=CARTESIAN_POINT('',(4.994184909649E0,-5.293442818590E0,
-9.325088501800E0));
#6346=CARTESIAN_POINT('',(4.807719693756E0,-5.095804369905E0,
-9.477838501800E0));
#6347=CARTESIAN_POINT('',(2.728826867251E0,-7.329458576261E0,
-9.109331129134E0));
#6348=CARTESIAN_POINT('',(2.634021509332E0,-7.074817304579E0,
-9.262081129134E0));
#6349=CARTESIAN_POINT('',(2.539216151413E0,-6.820176032897E0,
-9.414831129134E0));
#6350=CARTESIAN_POINT('',(2.444410793494E0,-6.565534761216E0,
-9.567581129134E0));
#6351=CARTESIAN_POINT('',(-3.400867716272E-1,-7.813565132575E0,
-9.199073756467E0));
#6352=CARTESIAN_POINT('',(-3.282714203146E-1,-7.542104950213E0,
-9.351823756467E0));
#6353=CARTESIAN_POINT('',(-3.164560690021E-1,-7.270644767851E0,
-9.504573756467E0));
#6354=CARTESIAN_POINT('',(-3.046407176895E-1,-6.999184585489E0,
-9.657323756467E0));
#6355=CARTESIAN_POINT('',(-3.355332688392E0,-7.064644481025E0,
-9.288816383801E0));
#6356=CARTESIAN_POINT('',(-3.238761160796E0,-6.819203424785E0,
-9.441566383801E0));
#6357=CARTESIAN_POINT('',(-3.122189633200E0,-6.573762368545E0,
-9.594316383801E0));
#6358=CARTESIAN_POINT('',(-3.005618105603E0,-6.328321312304E0,
-9.747066383801E0));
#6359=CARTESIAN_POINT('',(-5.841087082925E0,-5.200880769907E0,
-9.378559011135E0));
#6360=CARTESIAN_POINT('',(-5.638155061777E0,-5.020190903209E0,
-9.531309011135E0));
#6361=CARTESIAN_POINT('',(-5.435223040629E0,-4.839501036511E0,
-9.684059011135E0));
#6362=CARTESIAN_POINT('',(-5.232291019481E0,-4.658811169813E0,
-9.836809011135E0));
#6363=CARTESIAN_POINT('',(-7.405083077259E0,-2.516387035412E0,
-9.468301638469E0));
#6364=CARTESIAN_POINT('',(-7.147814446557E0,-2.428962297544E0,
-9.621051638469E0));
#6365=CARTESIAN_POINT('',(-6.890545815855E0,-2.341537559677E0,
-9.773801638469E0));
#6366=CARTESIAN_POINT('',(-6.633277185153E0,-2.254112821809E0,
-9.926551638469E0));
#6367=CARTESIAN_POINT('',(-7.800512769852E0,5.652075905989E-1,
-9.558044265803E0));
#6368=CARTESIAN_POINT('',(-7.529506054852E0,5.455710542658E-1,
-9.710794265803E0));
#6369=CARTESIAN_POINT('',(-7.258499339851E0,5.259345179327E-1,
-9.863544265803E0));
#6370=CARTESIAN_POINT('',(-6.987492624851E0,5.062979815997E-1,
-1.001629426580E1));
#6371=CARTESIAN_POINT('',(-6.964974995362E0,3.557609085756E0,
-9.647786893136E0));
#6372=CARTESIAN_POINT('',(-6.722996673008E0,3.434010037843E0,
-9.800536893136E0));
#6373=CARTESIAN_POINT('',(-6.481018350653E0,3.310410989930E0,
-9.953286893136E0));
#6374=CARTESIAN_POINT('',(-6.239040028298E0,3.186811942017E0,
-1.010603689314E1));
#6375=CARTESIAN_POINT('',(-5.030322600940E0,5.988598636050E0,
-9.737529520470E0));
#6376=CARTESIAN_POINT('',(-4.855558294580E0,5.780541743934E0,
-9.890279520470E0));
#6377=CARTESIAN_POINT('',(-4.680793988220E0,5.572484851817E0,
-1.004302952047E1));
#6378=CARTESIAN_POINT('',(-4.506029681860E0,5.364427959700E0,
-1.019577952047E1));
#6379=CARTESIAN_POINT('',(-2.301855280054E0,7.474551582687E0,
-9.827272147804E0));
#6380=CARTESIAN_POINT('',(-2.221883840193E0,7.214869465589E0,
-9.980022147804E0));
#6381=CARTESIAN_POINT('',(-2.141912400333E0,6.955187348490E0,
-1.013277214780E1));
#6382=CARTESIAN_POINT('',(-2.061940960473E0,6.695505231392E0,
-1.028552214780E1));
#6383=CARTESIAN_POINT('',(7.898585410231E-1,7.780975683050E0,
-9.917014775138E0));
#6384=CARTESIAN_POINT('',(7.624171439210E-1,7.510647728776E0,
-1.006976477514E1));
#6385=CARTESIAN_POINT('',(7.349757468188E-1,7.240319774502E0,
-1.022251477514E1));
#6386=CARTESIAN_POINT('',(7.075343497167E-1,6.969991820228E0,
-1.037526477514E1));
#6387=CARTESIAN_POINT('',(3.756927970759E0,6.859515384477E0,-1.000675740247E1));
#6388=CARTESIAN_POINT('',(3.626404152916E0,6.621200957504E0,-1.015950740247E1));
#6389=CARTESIAN_POINT('',(3.495880335074E0,6.382886530531E0,-1.031225740247E1));
#6390=CARTESIAN_POINT('',(3.365356517232E0,6.144572103558E0,-1.046500740247E1));
#6391=CARTESIAN_POINT('',(6.131131745468E0,4.855582624705E0,-1.009650002981E1));
#6392=CARTESIAN_POINT('',(5.918122944304E0,4.686889163729E0,-1.024925002981E1));
#6393=CARTESIAN_POINT('',(5.705114143139E0,4.518195702753E0,-1.040200002981E1));
#6394=CARTESIAN_POINT('',(5.492105341974E0,4.349502241777E0,-1.055475002981E1));
#6395=CARTESIAN_POINT('',(7.537806343527E0,2.085409939193E0,-1.018624265714E1));
#6396=CARTESIAN_POINT('',(7.275926618983E0,2.012958279446E0,-1.033899265714E1));
#6397=CARTESIAN_POINT('',(7.014046894439E0,1.940506619699E0,-1.049174265714E1));
#6398=CARTESIAN_POINT('',(6.752167169896E0,1.868054959953E0,-1.064449265714E1));
#6399=CARTESIAN_POINT('',(7.754970108033E0,-1.013852841419E0,
-1.027598528447E1));
#6400=CARTESIAN_POINT('',(7.485545643782E0,-9.786293969929E-1,
-1.042873528447E1));
#6401=CARTESIAN_POINT('',(7.216121179530E0,-9.434059525664E-1,
-1.058148528447E1));
#6402=CARTESIAN_POINT('',(6.946696715278E0,-9.081825081399E-1,
-1.073423528447E1));
#6403=CARTESIAN_POINT('',(6.748353340358E0,-3.953123737384E0,
-1.036572791181E1));
#6404=CARTESIAN_POINT('',(6.513900923653E0,-3.815783653511E0,
-1.051847791181E1));
#6405=CARTESIAN_POINT('',(6.279448506947E0,-3.678443569639E0,
-1.067122791181E1));
#6406=CARTESIAN_POINT('',(6.044996090242E0,-3.541103485767E0,
-1.082397791181E1));
#6407=CARTESIAN_POINT('',(4.676806026688E0,-6.268567577878E0,
-1.045547053914E1));
#6408=CARTESIAN_POINT('',(4.514323652082E0,-6.050783958114E0,
-1.060822053914E1));
#6409=CARTESIAN_POINT('',(4.351841277476E0,-5.833000338349E0,
-1.076097053914E1));
#6410=CARTESIAN_POINT('',(4.189358902871E0,-5.615216718584E0,
-1.091372053914E1));
#6411=CARTESIAN_POINT('',(1.867231244535E0,-7.594796053567E0,
-1.054521316647E1));
#6412=CARTESIAN_POINT('',(1.802359585369E0,-7.330936383016E0,
-1.069796316647E1));
#6413=CARTESIAN_POINT('',(1.737487926202E0,-7.067076712466E0,
-1.085071316647E1));
#6414=CARTESIAN_POINT('',(1.672616267036E0,-6.803217041916E0,
-1.100346316647E1));
#6415=CARTESIAN_POINT('',(-1.237005386642E0,-7.722512891405E0,
-1.063495579381E1));
#6416=CARTESIAN_POINT('',(-1.194029139290E0,-7.454216061184E0,
-1.078770579381E1));
#6417=CARTESIAN_POINT('',(-1.151052891938E0,-7.185919230964E0,
-1.094045579381E1));
#6418=CARTESIAN_POINT('',(-1.108076644586E0,-6.917622400743E0,
-1.109320579381E1));
#6419=CARTESIAN_POINT('',(-4.146029157021E0,-6.631599084950E0,
-1.072469842114E1));
#6420=CARTESIAN_POINT('',(-4.001987120902E0,-6.401202964049E0,
-1.087744842114E1));
#6421=CARTESIAN_POINT('',(-3.857945084784E0,-6.170806843148E0,
-1.103019842114E1));
#6422=CARTESIAN_POINT('',(-3.713903048665E0,-5.940410722247E0,
-1.118294842114E1));
#6423=CARTESIAN_POINT('',(-6.400807282624E0,-4.494074957099E0,
-1.081444104848E1));
#6424=CARTESIAN_POINT('',(-6.178429368993E0,-4.337941055775E0,
-1.096719104848E1));
#6425=CARTESIAN_POINT('',(-5.956051455361E0,-4.181807154450E0,
-1.111994104848E1));
#6426=CARTESIAN_POINT('',(-5.733673541730E0,-4.025673253125E0,
-1.127269104848E1));
#6427=CARTESIAN_POINT('',(-7.230546329586E0,-2.596524081254E0,
-1.087426946670E1));
#6428=CARTESIAN_POINT('',(-6.979341483667E0,-2.506315208781E0,
-1.102701946670E1));
#6429=CARTESIAN_POINT('',(-6.728136637748E0,-2.416106336308E0,
-1.117976946670E1));
#6430=CARTESIAN_POINT('',(-6.476931791829E0,-2.325897463835E0,
-1.133251946670E1));
#6431=CARTESIAN_POINT('',(-7.444386040003E0,-1.604168841970E0,
-1.090418367581E1));
#6432=CARTESIAN_POINT('',(-7.185751939218E0,-1.548436540646E0,
-1.105693367581E1));
#6433=CARTESIAN_POINT('',(-6.927117838432E0,-1.492704239323E0,
-1.120968367581E1));
#6434=CARTESIAN_POINT('',(-6.668483737647E0,-1.436971937999E0,
-1.136243367581E1));
#6435=B_SPLINE_SURFACE_WITH_KNOTS('',3,3,((#6295,#6296,#6297,#6298),(#6299,
#6300,#6301,#6302),(#6303,#6304,#6305,#6306),(#6307,#6308,#6309,#6310),(#6311,
#6312,#6313,#6314),(#6315,#6316,#6317,#6318),(#6319,#6320,#6321,#6322),(#6323,
#6324,#6325,#6326),(#6327,#6328,#6329,#6330),(#6331,#6332,#6333,#6334),(#6335,
#6336,#6337,#6338),(#6339,#6340,#6341,#6342),(#6343,#6344,#6345,#6346),(#6347,
#6348,#6349,#6350),(#6351,#6352,#6353,#6354),(#6355,#6356,#6357,#6358),(#6359,
#6360,#6361,#6362),(#6363,#6364,#6365,#6366),(#6367,#6368,#6369,#6370),(#6371,
#6372,#6373,#6374),(#6375,#6376,#6377,#6378),(#6379,#6380,#6381,#6382),(#6383,
#6384,#6385,#6386),(#6387,#6388,#6389,#6390),(#6391,#6392,#6393,#6394),(#6395,
#6396,#6397,#6398),(#6399,#6400,#6401,#6402),(#6403,#6404,#6405,#6406),(#6407,
#6408,#6409,#6410),(#6411,#6412,#6413,#6414),(#6415,#6416,#6417,#6418),(#6419,
#6420,#6421,#6422),(#6423,#6424,#6425,#6426),(#6427,#6428,#6429,#6430),(#6431,
#6432,#6433,#6434)),.UNSPECIFIED.,.F.,.F.,.F.,(4,1,1,1,1,1,1,1,1,1,1,1,1,1,1,1,
1,1,1,1,1,1,1,1,1,1,1,1,1,1,1,1,4),(4,4),(-1.440684318402E-2,9.004276990014E-3,
3.241539716405E-2,5.582651733809E-2,7.923763751212E-2,1.026487576862E-1,
1.260598778602E-1,1.494709980342E-1,1.728821182083E-1,1.962932383823E-1,
2.197043585563E-1,2.431154787304E-1,2.665265989044E-1,2.899377190784E-1,
3.133488392525E-1,3.367599594265E-1,3.601710796006E-1,3.835821997746E-1,
4.069933199486E-1,4.304044401227E-1,4.538155602967E-1,4.772266804707E-1,
5.006378006448E-1,5.240489208188E-1,5.474600409928E-1,5.708711611669E-1,
5.942822813409E-1,6.176934015149E-1,6.411045216890E-1,6.645156418630E-1,
6.879267620371E-1,7.113378822111E-1,7.347490023851E-1),(-2.E-2,1.02E0),
.UNSPECIFIED.);
#6436=ORIENTED_EDGE('',*,*,#5863,.F.);
#6438=ORIENTED_EDGE('',*,*,#6437,.T.);
#6440=ORIENTED_EDGE('',*,*,#6439,.F.);
#6441=ORIENTED_EDGE('',*,*,#5972,.T.);
#6442=EDGE_LOOP('',(#6436,#6438,#6440,#6441));
#6443=FACE_OUTER_BOUND('',#6442,.F.);
#6445=CARTESIAN_POINT('',(-6.880452253702E0,-3.263681658904E0,
-8.032419601128E0));
#6446=CARTESIAN_POINT('',(-7.315509164529E0,-2.346500200834E0,
-8.062333810239E0));
#6447=CARTESIAN_POINT('',(-7.813703131602E0,-3.362840473700E-1,
-8.122162228462E0));
#6448=CARTESIAN_POINT('',(-7.328115928484E0,2.732467956460E0,
-8.211904855796E0));
#6449=CARTESIAN_POINT('',(-5.686062524956E0,5.369923709588E0,
-8.301647483129E0));
#6450=CARTESIAN_POINT('',(-3.146726786759E0,7.159999311825E0,
-8.391390110463E0));
#6451=CARTESIAN_POINT('',(-1.108154961043E-1,7.820177364709E0,
-8.481132737797E0));
#6452=CARTESIAN_POINT('',(2.942582260565E0,7.246286616550E0,-8.570875365131E0));
#6453=CARTESIAN_POINT('',(5.531623211693E0,5.528888098380E0,-8.660617992465E0));
#6454=CARTESIAN_POINT('',(7.247740945099E0,2.938998176204E0,-8.750360619798E0));
#6455=CARTESIAN_POINT('',(7.820121921149E0,-1.146832332826E-1,
-8.840103247132E0));
#6456=CARTESIAN_POINT('',(7.158440984478E0,-3.150266934579E0,
-8.929845874466E0));
#6457=CARTESIAN_POINT('',(5.367115341437E0,-5.688719715960E0,
-9.019588501800E0));
#6458=CARTESIAN_POINT('',(2.728826867251E0,-7.329458576261E0,
-9.109331129134E0));
#6459=CARTESIAN_POINT('',(-3.400867716272E-1,-7.813565132575E0,
-9.199073756467E0));
#6460=CARTESIAN_POINT('',(-3.355332688392E0,-7.064644481025E0,
-9.288816383801E0));
#6461=CARTESIAN_POINT('',(-5.841087082925E0,-5.200880769907E0,
-9.378559011135E0));
#6462=CARTESIAN_POINT('',(-7.405083077259E0,-2.516387035412E0,
-9.468301638469E0));
#6463=CARTESIAN_POINT('',(-7.800512769852E0,5.652075905989E-1,
-9.558044265803E0));
#6464=CARTESIAN_POINT('',(-6.964974995362E0,3.557609085756E0,
-9.647786893136E0));
#6465=CARTESIAN_POINT('',(-5.030322600940E0,5.988598636050E0,
-9.737529520470E0));
#6466=CARTESIAN_POINT('',(-2.301855280054E0,7.474551582687E0,
-9.827272147804E0));
#6467=CARTESIAN_POINT('',(7.898585410231E-1,7.780975683050E0,
-9.917014775138E0));
#6468=CARTESIAN_POINT('',(3.756927970759E0,6.859515384477E0,-1.000675740247E1));
#6469=CARTESIAN_POINT('',(6.131131745468E0,4.855582624705E0,-1.009650002981E1));
#6470=CARTESIAN_POINT('',(7.537806343527E0,2.085409939193E0,-1.018624265714E1));
#6471=CARTESIAN_POINT('',(7.754970108033E0,-1.013852841419E0,
-1.027598528447E1));
#6472=CARTESIAN_POINT('',(6.748353340358E0,-3.953123737384E0,
-1.036572791181E1));
#6473=CARTESIAN_POINT('',(4.676806026688E0,-6.268567577878E0,
-1.045547053914E1));
#6474=CARTESIAN_POINT('',(1.867231244535E0,-7.594796053567E0,
-1.054521316647E1));
#6475=CARTESIAN_POINT('',(-1.237005386642E0,-7.722512891405E0,
-1.063495579381E1));
#6476=CARTESIAN_POINT('',(-4.146029157021E0,-6.631599084950E0,
-1.072469842114E1));
#6477=CARTESIAN_POINT('',(-6.400807282624E0,-4.494074957099E0,
-1.081444104848E1));
#6478=CARTESIAN_POINT('',(-7.230546329586E0,-2.596524081254E0,
-1.087426946670E1));
#6479=CARTESIAN_POINT('',(-7.444386040003E0,-1.604168841970E0,
-1.090418367581E1));
#6480=CARTESIAN_POINT('',(-6.641410434528E0,-3.150294286653E0,
-8.185169601128E0));
#6481=CARTESIAN_POINT('',(-7.061352525635E0,-2.264977699694E0,
-8.215083810239E0));
#6482=CARTESIAN_POINT('',(-7.542238154855E0,-3.246008109375E-1,
-8.274912228462E0));
#6483=CARTESIAN_POINT('',(-7.073521303295E0,2.637536099212E0,
-8.364654855796E0));
#6484=CARTESIAN_POINT('',(-5.488516392844E0,5.183360924900E0,
-8.454397483129E0));
#6485=CARTESIAN_POINT('',(-3.037402680172E0,6.911245422157E0,
-8.544140110463E0));
#6486=CARTESIAN_POINT('',(-1.069655256657E-1,7.548487459076E0,
-8.633882737797E0));
#6487=CARTESIAN_POINT('',(2.840350577139E0,6.994534918957E0,-8.723625365131E0));
#6488=CARTESIAN_POINT('',(5.339442635947E0,5.336802546397E0,-8.813367992465E0));
#6489=CARTESIAN_POINT('',(6.995938720982E0,2.836891011633E0,-8.903110619798E0));
#6490=CARTESIAN_POINT('',(7.548433941745E0,-1.106988892741E-1,
-8.992853247132E0));
#6491=CARTESIAN_POINT('',(6.909741234478E0,-3.040819835587E0,
-9.082595874466E0));
#6492=CARTESIAN_POINT('',(5.180650125543E0,-5.491081267275E0,
-9.172338501800E0));
#6493=CARTESIAN_POINT('',(2.634021509332E0,-7.074817304579E0,
-9.262081129134E0));
#6494=CARTESIAN_POINT('',(-3.282714203146E-1,-7.542104950213E0,
-9.351823756467E0));
#6495=CARTESIAN_POINT('',(-3.238761160796E0,-6.819203424785E0,
-9.441566383801E0));
#6496=CARTESIAN_POINT('',(-5.638155061777E0,-5.020190903209E0,
-9.531309011135E0));
#6497=CARTESIAN_POINT('',(-7.147814446557E0,-2.428962297544E0,
-9.621051638469E0));
#6498=CARTESIAN_POINT('',(-7.529506054852E0,5.455710542658E-1,
-9.710794265803E0));
#6499=CARTESIAN_POINT('',(-6.722996673008E0,3.434010037843E0,
-9.800536893136E0));
#6500=CARTESIAN_POINT('',(-4.855558294580E0,5.780541743934E0,
-9.890279520470E0));
#6501=CARTESIAN_POINT('',(-2.221883840193E0,7.214869465589E0,
-9.980022147804E0));
#6502=CARTESIAN_POINT('',(7.624171439210E-1,7.510647728776E0,
-1.006976477514E1));
#6503=CARTESIAN_POINT('',(3.626404152916E0,6.621200957504E0,-1.015950740247E1));
#6504=CARTESIAN_POINT('',(5.918122944304E0,4.686889163729E0,-1.024925002981E1));
#6505=CARTESIAN_POINT('',(7.275926618983E0,2.012958279446E0,-1.033899265714E1));
#6506=CARTESIAN_POINT('',(7.485545643782E0,-9.786293969929E-1,
-1.042873528447E1));
#6507=CARTESIAN_POINT('',(6.513900923653E0,-3.815783653511E0,
-1.051847791181E1));
#6508=CARTESIAN_POINT('',(4.514323652082E0,-6.050783958114E0,
-1.060822053914E1));
#6509=CARTESIAN_POINT('',(1.802359585369E0,-7.330936383016E0,
-1.069796316647E1));
#6510=CARTESIAN_POINT('',(-1.194029139290E0,-7.454216061184E0,
-1.078770579381E1));
#6511=CARTESIAN_POINT('',(-4.001987120902E0,-6.401202964049E0,
-1.087744842114E1));
#6512=CARTESIAN_POINT('',(-6.178429368993E0,-4.337941055775E0,
-1.096719104848E1));
#6513=CARTESIAN_POINT('',(-6.979341483667E0,-2.506315208781E0,
-1.102701946670E1));
#6514=CARTESIAN_POINT('',(-7.185751939218E0,-1.548436540646E0,
-1.105693367581E1));
#6515=CARTESIAN_POINT('',(-6.402368615355E0,-3.036906914401E0,
-8.337919601128E0));
#6516=CARTESIAN_POINT('',(-6.807195886741E0,-2.183455198553E0,
-8.367833810239E0));
#6517=CARTESIAN_POINT('',(-7.270773178107E0,-3.129175745050E-1,
-8.427662228462E0));
#6518=CARTESIAN_POINT('',(-6.818926678106E0,2.542604241965E0,
-8.517404855796E0));
#6519=CARTESIAN_POINT('',(-5.290970260732E0,4.996798140211E0,
-8.607147483129E0));
#6520=CARTESIAN_POINT('',(-2.928078573585E0,6.662491532489E0,
-8.696890110463E0));
#6521=CARTESIAN_POINT('',(-1.031155552270E-1,7.276797553443E0,
-8.786632737797E0));
#6522=CARTESIAN_POINT('',(2.738118893712E0,6.742783221365E0,-8.876375365131E0));
#6523=CARTESIAN_POINT('',(5.147262060202E0,5.144716994414E0,-8.966117992465E0));
#6524=CARTESIAN_POINT('',(6.744136496864E0,2.734783847063E0,-9.055860619798E0));
#6525=CARTESIAN_POINT('',(7.276745962341E0,-1.067145452656E-1,
-9.145603247132E0));
#6526=CARTESIAN_POINT('',(6.661041484479E0,-2.931372736594E0,
-9.235345874466E0));
#6527=CARTESIAN_POINT('',(4.994184909649E0,-5.293442818590E0,
-9.325088501800E0));
#6528=CARTESIAN_POINT('',(2.539216151413E0,-6.820176032897E0,
-9.414831129134E0));
#6529=CARTESIAN_POINT('',(-3.164560690021E-1,-7.270644767851E0,
-9.504573756467E0));
#6530=CARTESIAN_POINT('',(-3.122189633200E0,-6.573762368545E0,
-9.594316383801E0));
#6531=CARTESIAN_POINT('',(-5.435223040629E0,-4.839501036511E0,
-9.684059011135E0));
#6532=CARTESIAN_POINT('',(-6.890545815855E0,-2.341537559677E0,
-9.773801638469E0));
#6533=CARTESIAN_POINT('',(-7.258499339851E0,5.259345179327E-1,
-9.863544265803E0));
#6534=CARTESIAN_POINT('',(-6.481018350653E0,3.310410989930E0,
-9.953286893136E0));
#6535=CARTESIAN_POINT('',(-4.680793988220E0,5.572484851817E0,
-1.004302952047E1));
#6536=CARTESIAN_POINT('',(-2.141912400333E0,6.955187348490E0,
-1.013277214780E1));
#6537=CARTESIAN_POINT('',(7.349757468188E-1,7.240319774502E0,
-1.022251477514E1));
#6538=CARTESIAN_POINT('',(3.495880335074E0,6.382886530531E0,-1.031225740247E1));
#6539=CARTESIAN_POINT('',(5.705114143139E0,4.518195702753E0,-1.040200002981E1));
#6540=CARTESIAN_POINT('',(7.014046894439E0,1.940506619699E0,-1.049174265714E1));
#6541=CARTESIAN_POINT('',(7.216121179530E0,-9.434059525664E-1,
-1.058148528447E1));
#6542=CARTESIAN_POINT('',(6.279448506947E0,-3.678443569639E0,
-1.067122791181E1));
#6543=CARTESIAN_POINT('',(4.351841277476E0,-5.833000338349E0,
-1.076097053914E1));
#6544=CARTESIAN_POINT('',(1.737487926202E0,-7.067076712466E0,
-1.085071316647E1));
#6545=CARTESIAN_POINT('',(-1.151052891938E0,-7.185919230964E0,
-1.094045579381E1));
#6546=CARTESIAN_POINT('',(-3.857945084784E0,-6.170806843148E0,
-1.103019842114E1));
#6547=CARTESIAN_POINT('',(-5.956051455361E0,-4.181807154450E0,
-1.111994104848E1));
#6548=CARTESIAN_POINT('',(-6.728136637748E0,-2.416106336308E0,
-1.117976946670E1));
#6549=CARTESIAN_POINT('',(-6.927117838432E0,-1.492704239323E0,
-1.120968367581E1));
#6550=CARTESIAN_POINT('',(-6.163326796181E0,-2.923519542150E0,
-8.490669601128E0));
#6551=CARTESIAN_POINT('',(-6.553039247847E0,-2.101932697413E0,
-8.520583810239E0));
#6552=CARTESIAN_POINT('',(-6.999308201360E0,-3.012343380725E-1,
-8.580412228462E0));
#6553=CARTESIAN_POINT('',(-6.564332052917E0,2.447672384717E0,
-8.670154855796E0));
#6554=CARTESIAN_POINT('',(-5.093424128620E0,4.810235355523E0,
-8.759897483129E0));
#6555=CARTESIAN_POINT('',(-2.818754466998E0,6.413737642821E0,
-8.849640110463E0));
#6556=CARTESIAN_POINT('',(-9.926558478832E-2,7.005107647810E0,
-8.939382737797E0));
#6557=CARTESIAN_POINT('',(2.635887210285E0,6.491031523772E0,-9.029125365131E0));
#6558=CARTESIAN_POINT('',(4.955081484456E0,4.952631442431E0,-9.118867992465E0));
#6559=CARTESIAN_POINT('',(6.492334272747E0,2.632676682492E0,-9.208610619798E0));
#6560=CARTESIAN_POINT('',(7.005057982937E0,-1.027302012571E-1,
-9.298353247132E0));
#6561=CARTESIAN_POINT('',(6.412341734480E0,-2.821925637601E0,
-9.388095874466E0));
#6562=CARTESIAN_POINT('',(4.807719693756E0,-5.095804369905E0,
-9.477838501800E0));
#6563=CARTESIAN_POINT('',(2.444410793494E0,-6.565534761216E0,
-9.567581129134E0));
#6564=CARTESIAN_POINT('',(-3.046407176895E-1,-6.999184585489E0,
-9.657323756467E0));
#6565=CARTESIAN_POINT('',(-3.005618105603E0,-6.328321312304E0,
-9.747066383801E0));
#6566=CARTESIAN_POINT('',(-5.232291019481E0,-4.658811169813E0,
-9.836809011135E0));
#6567=CARTESIAN_POINT('',(-6.633277185153E0,-2.254112821809E0,
-9.926551638469E0));
#6568=CARTESIAN_POINT('',(-6.987492624851E0,5.062979815997E-1,
-1.001629426580E1));
#6569=CARTESIAN_POINT('',(-6.239040028298E0,3.186811942017E0,
-1.010603689314E1));
#6570=CARTESIAN_POINT('',(-4.506029681860E0,5.364427959700E0,
-1.019577952047E1));
#6571=CARTESIAN_POINT('',(-2.061940960473E0,6.695505231392E0,
-1.028552214780E1));
#6572=CARTESIAN_POINT('',(7.075343497167E-1,6.969991820228E0,
-1.037526477514E1));
#6573=CARTESIAN_POINT('',(3.365356517232E0,6.144572103558E0,-1.046500740247E1));
#6574=CARTESIAN_POINT('',(5.492105341974E0,4.349502241777E0,-1.055475002981E1));
#6575=CARTESIAN_POINT('',(6.752167169896E0,1.868054959953E0,-1.064449265714E1));
#6576=CARTESIAN_POINT('',(6.946696715278E0,-9.081825081399E-1,
-1.073423528447E1));
#6577=CARTESIAN_POINT('',(6.044996090242E0,-3.541103485767E0,
-1.082397791181E1));
#6578=CARTESIAN_POINT('',(4.189358902871E0,-5.615216718584E0,
-1.091372053914E1));
#6579=CARTESIAN_POINT('',(1.672616267036E0,-6.803217041916E0,
-1.100346316647E1));
#6580=CARTESIAN_POINT('',(-1.108076644586E0,-6.917622400743E0,
-1.109320579381E1));
#6581=CARTESIAN_POINT('',(-3.713903048665E0,-5.940410722247E0,
-1.118294842114E1));
#6582=CARTESIAN_POINT('',(-5.733673541730E0,-4.025673253125E0,
-1.127269104848E1));
#6583=CARTESIAN_POINT('',(-6.476931791829E0,-2.325897463835E0,
-1.133251946670E1));
#6584=CARTESIAN_POINT('',(-6.668483737647E0,-1.436971937999E0,
-1.136243367581E1));
#6585=B_SPLINE_SURFACE_WITH_KNOTS('',3,3,((#6445,#6446,#6447,#6448,#6449,#6450,
#6451,#6452,#6453,#6454,#6455,#6456,#6457,#6458,#6459,#6460,#6461,#6462,#6463,
#6464,#6465,#6466,#6467,#6468,#6469,#6470,#6471,#6472,#6473,#6474,#6475,#6476,
#6477,#6478,#6479),(#6480,#6481,#6482,#6483,#6484,#6485,#6486,#6487,#6488,#6489,
#6490,#6491,#6492,#6493,#6494,#6495,#6496,#6497,#6498,#6499,#6500,#6501,#6502,
#6503,#6504,#6505,#6506,#6507,#6508,#6509,#6510,#6511,#6512,#6513,#6514),(#6515,
#6516,#6517,#6518,#6519,#6520,#6521,#6522,#6523,#6524,#6525,#6526,#6527,#6528,
#6529,#6530,#6531,#6532,#6533,#6534,#6535,#6536,#6537,#6538,#6539,#6540,#6541,
#6542,#6543,#6544,#6545,#6546,#6547,#6548,#6549),(#6550,#6551,#6552,#6553,#6554,
#6555,#6556,#6557,#6558,#6559,#6560,#6561,#6562,#6563,#6564,#6565,#6566,#6567,
#6568,#6569,#6570,#6571,#6572,#6573,#6574,#6575,#6576,#6577,#6578,#6579,#6580,
#6581,#6582,#6583,#6584)),.UNSPECIFIED.,.F.,.F.,.F.,(4,4),(4,1,1,1,1,1,1,1,1,1,
1,1,1,1,1,1,1,1,1,1,1,1,1,1,1,1,1,1,1,1,1,1,4),(-2.E-2,1.02E0),(
-1.440684318402E-2,9.004276990014E-3,3.241539716405E-2,5.582651733809E-2,
7.923763751212E-2,1.026487576862E-1,1.260598778602E-1,1.494709980342E-1,
1.728821182083E-1,1.962932383823E-1,2.197043585563E-1,2.431154787304E-1,
2.665265989044E-1,2.899377190784E-1,3.133488392525E-1,3.367599594265E-1,
3.601710796006E-1,3.835821997746E-1,4.069933199486E-1,4.304044401227E-1,
4.538155602967E-1,4.772266804707E-1,5.006378006448E-1,5.240489208188E-1,
5.474600409928E-1,5.708711611669E-1,5.942822813409E-1,6.176934015149E-1,
6.411045216890E-1,6.645156418630E-1,6.879267620371E-1,7.113378822111E-1,
7.347490023851E-1),.UNSPECIFIED.);
#6586=ORIENTED_EDGE('',*,*,#5888,.F.);
#6588=ORIENTED_EDGE('',*,*,#6587,.F.);
#6590=ORIENTED_EDGE('',*,*,#6589,.F.);
#6592=ORIENTED_EDGE('',*,*,#6591,.T.);
#6593=EDGE_LOOP('',(#6586,#6588,#6590,#6592));
#6594=FACE_OUTER_BOUND('',#6593,.F.);
#6596=CARTESIAN_POINT('',(-6.880452253702E0,-3.263681658904E0,
-8.032419601128E0));
#6597=CARTESIAN_POINT('',(-6.641410434528E0,-3.150294286653E0,
-8.185169601128E0));
#6598=CARTESIAN_POINT('',(-6.402368615355E0,-3.036906914401E0,
-8.337919601128E0));
#6599=CARTESIAN_POINT('',(-6.163326796181E0,-2.923519542150E0,
-8.490669601128E0));
#6600=CARTESIAN_POINT('',(-7.315509164529E0,-2.346500200834E0,
-8.062333810239E0));
#6601=CARTESIAN_POINT('',(-7.061352525635E0,-2.264977699694E0,
-8.215083810239E0));
#6602=CARTESIAN_POINT('',(-6.807195886741E0,-2.183455198553E0,
-8.367833810239E0));
#6603=CARTESIAN_POINT('',(-6.553039247847E0,-2.101932697413E0,
-8.520583810239E0));
#6604=CARTESIAN_POINT('',(-7.813703131602E0,-3.362840473700E-1,
-8.122162228462E0));
#6605=CARTESIAN_POINT('',(-7.542238154855E0,-3.246008109375E-1,
-8.274912228462E0));
#6606=CARTESIAN_POINT('',(-7.270773178107E0,-3.129175745050E-1,
-8.427662228462E0));
#6607=CARTESIAN_POINT('',(-6.999308201360E0,-3.012343380725E-1,
-8.580412228462E0));
#6608=CARTESIAN_POINT('',(-7.328115928484E0,2.732467956460E0,
-8.211904855796E0));
#6609=CARTESIAN_POINT('',(-7.073521303295E0,2.637536099212E0,
-8.364654855796E0));
#6610=CARTESIAN_POINT('',(-6.818926678106E0,2.542604241965E0,
-8.517404855796E0));
#6611=CARTESIAN_POINT('',(-6.564332052917E0,2.447672384717E0,
-8.670154855796E0));
#6612=CARTESIAN_POINT('',(-5.686062524956E0,5.369923709588E0,
-8.301647483129E0));
#6613=CARTESIAN_POINT('',(-5.488516392844E0,5.183360924900E0,
-8.454397483129E0));
#6614=CARTESIAN_POINT('',(-5.290970260732E0,4.996798140211E0,
-8.607147483129E0));
#6615=CARTESIAN_POINT('',(-5.093424128620E0,4.810235355523E0,
-8.759897483129E0));
#6616=CARTESIAN_POINT('',(-3.146726786759E0,7.159999311825E0,
-8.391390110463E0));
#6617=CARTESIAN_POINT('',(-3.037402680172E0,6.911245422157E0,
-8.544140110463E0));
#6618=CARTESIAN_POINT('',(-2.928078573585E0,6.662491532489E0,
-8.696890110463E0));
#6619=CARTESIAN_POINT('',(-2.818754466998E0,6.413737642821E0,
-8.849640110463E0));
#6620=CARTESIAN_POINT('',(-1.108154961043E-1,7.820177364709E0,
-8.481132737797E0));
#6621=CARTESIAN_POINT('',(-1.069655256657E-1,7.548487459076E0,
-8.633882737797E0));
#6622=CARTESIAN_POINT('',(-1.031155552270E-1,7.276797553443E0,
-8.786632737797E0));
#6623=CARTESIAN_POINT('',(-9.926558478832E-2,7.005107647810E0,
-8.939382737797E0));
#6624=CARTESIAN_POINT('',(2.942582260565E0,7.246286616550E0,-8.570875365131E0));
#6625=CARTESIAN_POINT('',(2.840350577139E0,6.994534918957E0,-8.723625365131E0));
#6626=CARTESIAN_POINT('',(2.738118893712E0,6.742783221365E0,-8.876375365131E0));
#6627=CARTESIAN_POINT('',(2.635887210285E0,6.491031523772E0,-9.029125365131E0));
#6628=CARTESIAN_POINT('',(5.531623211693E0,5.528888098380E0,-8.660617992465E0));
#6629=CARTESIAN_POINT('',(5.339442635947E0,5.336802546397E0,-8.813367992465E0));
#6630=CARTESIAN_POINT('',(5.147262060202E0,5.144716994414E0,-8.966117992465E0));
#6631=CARTESIAN_POINT('',(4.955081484456E0,4.952631442431E0,-9.118867992465E0));
#6632=CARTESIAN_POINT('',(7.247740945099E0,2.938998176204E0,-8.750360619798E0));
#6633=CARTESIAN_POINT('',(6.995938720982E0,2.836891011633E0,-8.903110619798E0));
#6634=CARTESIAN_POINT('',(6.744136496864E0,2.734783847063E0,-9.055860619798E0));
#6635=CARTESIAN_POINT('',(6.492334272747E0,2.632676682492E0,-9.208610619798E0));
#6636=CARTESIAN_POINT('',(7.820121921149E0,-1.146832332826E-1,
-8.840103247132E0));
#6637=CARTESIAN_POINT('',(7.548433941745E0,-1.106988892741E-1,
-8.992853247132E0));
#6638=CARTESIAN_POINT('',(7.276745962341E0,-1.067145452656E-1,
-9.145603247132E0));
#6639=CARTESIAN_POINT('',(7.005057982937E0,-1.027302012571E-1,
-9.298353247132E0));
#6640=CARTESIAN_POINT('',(7.158440984478E0,-3.150266934579E0,
-8.929845874466E0));
#6641=CARTESIAN_POINT('',(6.909741234478E0,-3.040819835587E0,
-9.082595874466E0));
#6642=CARTESIAN_POINT('',(6.661041484479E0,-2.931372736594E0,
-9.235345874466E0));
#6643=CARTESIAN_POINT('',(6.412341734480E0,-2.821925637601E0,
-9.388095874466E0));
#6644=CARTESIAN_POINT('',(5.367115341437E0,-5.688719715960E0,
-9.019588501800E0));
#6645=CARTESIAN_POINT('',(5.180650125543E0,-5.491081267275E0,
-9.172338501800E0));
#6646=CARTESIAN_POINT('',(4.994184909649E0,-5.293442818590E0,
-9.325088501800E0));
#6647=CARTESIAN_POINT('',(4.807719693756E0,-5.095804369905E0,
-9.477838501800E0));
#6648=CARTESIAN_POINT('',(2.728826867251E0,-7.329458576261E0,
-9.109331129134E0));
#6649=CARTESIAN_POINT('',(2.634021509332E0,-7.074817304579E0,
-9.262081129134E0));
#6650=CARTESIAN_POINT('',(2.539216151413E0,-6.820176032897E0,
-9.414831129134E0));
#6651=CARTESIAN_POINT('',(2.444410793494E0,-6.565534761216E0,
-9.567581129134E0));
#6652=CARTESIAN_POINT('',(-3.400867716272E-1,-7.813565132575E0,
-9.199073756467E0));
#6653=CARTESIAN_POINT('',(-3.282714203146E-1,-7.542104950213E0,
-9.351823756467E0));
#6654=CARTESIAN_POINT('',(-3.164560690021E-1,-7.270644767851E0,
-9.504573756467E0));
#6655=CARTESIAN_POINT('',(-3.046407176895E-1,-6.999184585489E0,
-9.657323756467E0));
#6656=CARTESIAN_POINT('',(-3.355332688392E0,-7.064644481025E0,
-9.288816383801E0));
#6657=CARTESIAN_POINT('',(-3.238761160796E0,-6.819203424785E0,
-9.441566383801E0));
#6658=CARTESIAN_POINT('',(-3.122189633200E0,-6.573762368545E0,
-9.594316383801E0));
#6659=CARTESIAN_POINT('',(-3.005618105603E0,-6.328321312304E0,
-9.747066383801E0));
#6660=CARTESIAN_POINT('',(-5.841087082925E0,-5.200880769907E0,
-9.378559011135E0));
#6661=CARTESIAN_POINT('',(-5.638155061777E0,-5.020190903209E0,
-9.531309011135E0));
#6662=CARTESIAN_POINT('',(-5.435223040629E0,-4.839501036511E0,
-9.684059011135E0));
#6663=CARTESIAN_POINT('',(-5.232291019481E0,-4.658811169813E0,
-9.836809011135E0));
#6664=CARTESIAN_POINT('',(-7.405083077259E0,-2.516387035412E0,
-9.468301638469E0));
#6665=CARTESIAN_POINT('',(-7.147814446557E0,-2.428962297544E0,
-9.621051638469E0));
#6666=CARTESIAN_POINT('',(-6.890545815855E0,-2.341537559677E0,
-9.773801638469E0));
#6667=CARTESIAN_POINT('',(-6.633277185153E0,-2.254112821809E0,
-9.926551638469E0));
#6668=CARTESIAN_POINT('',(-7.800512769852E0,5.652075905989E-1,
-9.558044265803E0));
#6669=CARTESIAN_POINT('',(-7.529506054852E0,5.455710542658E-1,
-9.710794265803E0));
#6670=CARTESIAN_POINT('',(-7.258499339851E0,5.259345179327E-1,
-9.863544265803E0));
#6671=CARTESIAN_POINT('',(-6.987492624851E0,5.062979815997E-1,
-1.001629426580E1));
#6672=CARTESIAN_POINT('',(-6.964974995362E0,3.557609085756E0,
-9.647786893136E0));
#6673=CARTESIAN_POINT('',(-6.722996673008E0,3.434010037843E0,
-9.800536893136E0));
#6674=CARTESIAN_POINT('',(-6.481018350653E0,3.310410989930E0,
-9.953286893136E0));
#6675=CARTESIAN_POINT('',(-6.239040028298E0,3.186811942017E0,
-1.010603689314E1));
#6676=CARTESIAN_POINT('',(-5.030322600940E0,5.988598636050E0,
-9.737529520470E0));
#6677=CARTESIAN_POINT('',(-4.855558294580E0,5.780541743934E0,
-9.890279520470E0));
#6678=CARTESIAN_POINT('',(-4.680793988220E0,5.572484851817E0,
-1.004302952047E1));
#6679=CARTESIAN_POINT('',(-4.506029681860E0,5.364427959700E0,
-1.019577952047E1));
#6680=CARTESIAN_POINT('',(-2.301855280054E0,7.474551582687E0,
-9.827272147804E0));
#6681=CARTESIAN_POINT('',(-2.221883840193E0,7.214869465589E0,
-9.980022147804E0));
#6682=CARTESIAN_POINT('',(-2.141912400333E0,6.955187348490E0,
-1.013277214780E1));
#6683=CARTESIAN_POINT('',(-2.061940960473E0,6.695505231392E0,
-1.028552214780E1));
#6684=CARTESIAN_POINT('',(7.898585410231E-1,7.780975683050E0,
-9.917014775138E0));
#6685=CARTESIAN_POINT('',(7.624171439210E-1,7.510647728776E0,
-1.006976477514E1));
#6686=CARTESIAN_POINT('',(7.349757468188E-1,7.240319774502E0,
-1.022251477514E1));
#6687=CARTESIAN_POINT('',(7.075343497167E-1,6.969991820228E0,
-1.037526477514E1));
#6688=CARTESIAN_POINT('',(3.756927970759E0,6.859515384477E0,-1.000675740247E1));
#6689=CARTESIAN_POINT('',(3.626404152916E0,6.621200957504E0,-1.015950740247E1));
#6690=CARTESIAN_POINT('',(3.495880335074E0,6.382886530531E0,-1.031225740247E1));
#6691=CARTESIAN_POINT('',(3.365356517232E0,6.144572103558E0,-1.046500740247E1));
#6692=CARTESIAN_POINT('',(6.131131745468E0,4.855582624705E0,-1.009650002981E1));
#6693=CARTESIAN_POINT('',(5.918122944304E0,4.686889163729E0,-1.024925002981E1));
#6694=CARTESIAN_POINT('',(5.705114143139E0,4.518195702753E0,-1.040200002981E1));
#6695=CARTESIAN_POINT('',(5.492105341974E0,4.349502241777E0,-1.055475002981E1));
#6696=CARTESIAN_POINT('',(7.537806343527E0,2.085409939193E0,-1.018624265714E1));
#6697=CARTESIAN_POINT('',(7.275926618983E0,2.012958279446E0,-1.033899265714E1));
#6698=CARTESIAN_POINT('',(7.014046894439E0,1.940506619699E0,-1.049174265714E1));
#6699=CARTESIAN_POINT('',(6.752167169896E0,1.868054959953E0,-1.064449265714E1));
#6700=CARTESIAN_POINT('',(7.754970108033E0,-1.013852841419E0,
-1.027598528447E1));
#6701=CARTESIAN_POINT('',(7.485545643782E0,-9.786293969929E-1,
-1.042873528447E1));
#6702=CARTESIAN_POINT('',(7.216121179530E0,-9.434059525664E-1,
-1.058148528447E1));
#6703=CARTESIAN_POINT('',(6.946696715278E0,-9.081825081399E-1,
-1.073423528447E1));
#6704=CARTESIAN_POINT('',(6.748353340358E0,-3.953123737384E0,
-1.036572791181E1));
#6705=CARTESIAN_POINT('',(6.513900923653E0,-3.815783653511E0,
-1.051847791181E1));
#6706=CARTESIAN_POINT('',(6.279448506947E0,-3.678443569639E0,
-1.067122791181E1));
#6707=CARTESIAN_POINT('',(6.044996090242E0,-3.541103485767E0,
-1.082397791181E1));
#6708=CARTESIAN_POINT('',(4.676806026688E0,-6.268567577878E0,
-1.045547053914E1));
#6709=CARTESIAN_POINT('',(4.514323652082E0,-6.050783958114E0,
-1.060822053914E1));
#6710=CARTESIAN_POINT('',(4.351841277476E0,-5.833000338349E0,
-1.076097053914E1));
#6711=CARTESIAN_POINT('',(4.189358902871E0,-5.615216718584E0,
-1.091372053914E1));
#6712=CARTESIAN_POINT('',(1.867231244535E0,-7.594796053567E0,
-1.054521316647E1));
#6713=CARTESIAN_POINT('',(1.802359585369E0,-7.330936383016E0,
-1.069796316647E1));
#6714=CARTESIAN_POINT('',(1.737487926202E0,-7.067076712466E0,
-1.085071316647E1));
#6715=CARTESIAN_POINT('',(1.672616267036E0,-6.803217041916E0,
-1.100346316647E1));
#6716=CARTESIAN_POINT('',(-1.237005386642E0,-7.722512891405E0,
-1.063495579381E1));
#6717=CARTESIAN_POINT('',(-1.194029139290E0,-7.454216061184E0,
-1.078770579381E1));
#6718=CARTESIAN_POINT('',(-1.151052891938E0,-7.185919230964E0,
-1.094045579381E1));
#6719=CARTESIAN_POINT('',(-1.108076644586E0,-6.917622400743E0,
-1.109320579381E1));
#6720=CARTESIAN_POINT('',(-4.146029157021E0,-6.631599084950E0,
-1.072469842114E1));
#6721=CARTESIAN_POINT('',(-4.001987120902E0,-6.401202964049E0,
-1.087744842114E1));
#6722=CARTESIAN_POINT('',(-3.857945084784E0,-6.170806843148E0,
-1.103019842114E1));
#6723=CARTESIAN_POINT('',(-3.713903048665E0,-5.940410722247E0,
-1.118294842114E1));
#6724=CARTESIAN_POINT('',(-6.400807282624E0,-4.494074957099E0,
-1.081444104848E1));
#6725=CARTESIAN_POINT('',(-6.178429368993E0,-4.337941055775E0,
-1.096719104848E1));
#6726=CARTESIAN_POINT('',(-5.956051455361E0,-4.181807154450E0,
-1.111994104848E1));
#6727=CARTESIAN_POINT('',(-5.733673541730E0,-4.025673253125E0,
-1.127269104848E1));
#6728=CARTESIAN_POINT('',(-7.230546329586E0,-2.596524081254E0,
-1.087426946670E1));
#6729=CARTESIAN_POINT('',(-6.979341483667E0,-2.506315208781E0,
-1.102701946670E1));
#6730=CARTESIAN_POINT('',(-6.728136637748E0,-2.416106336308E0,
-1.117976946670E1));
#6731=CARTESIAN_POINT('',(-6.476931791829E0,-2.325897463835E0,
-1.133251946670E1));
#6732=CARTESIAN_POINT('',(-7.444386040003E0,-1.604168841970E0,
-1.090418367581E1));
#6733=CARTESIAN_POINT('',(-7.185751939218E0,-1.548436540646E0,
-1.105693367581E1));
#6734=CARTESIAN_POINT('',(-6.927117838432E0,-1.492704239323E0,
-1.120968367581E1));
#6735=CARTESIAN_POINT('',(-6.668483737647E0,-1.436971937999E0,
-1.136243367581E1));
#6736=B_SPLINE_SURFACE_WITH_KNOTS('',3,3,((#6596,#6597,#6598,#6599),(#6600,
#6601,#6602,#6603),(#6604,#6605,#6606,#6607),(#6608,#6609,#6610,#6611),(#6612,
#6613,#6614,#6615),(#6616,#6617,#6618,#6619),(#6620,#6621,#6622,#6623),(#6624,
#6625,#6626,#6627),(#6628,#6629,#6630,#6631),(#6632,#6633,#6634,#6635),(#6636,
#6637,#6638,#6639),(#6640,#6641,#6642,#6643),(#6644,#6645,#6646,#6647),(#6648,
#6649,#6650,#6651),(#6652,#6653,#6654,#6655),(#6656,#6657,#6658,#6659),(#6660,
#6661,#6662,#6663),(#6664,#6665,#6666,#6667),(#6668,#6669,#6670,#6671),(#6672,
#6673,#6674,#6675),(#6676,#6677,#6678,#6679),(#6680,#6681,#6682,#6683),(#6684,
#6685,#6686,#6687),(#6688,#6689,#6690,#6691),(#6692,#6693,#6694,#6695),(#6696,
#6697,#6698,#6699),(#6700,#6701,#6702,#6703),(#6704,#6705,#6706,#6707),(#6708,
#6709,#6710,#6711),(#6712,#6713,#6714,#6715),(#6716,#6717,#6718,#6719),(#6720,
#6721,#6722,#6723),(#6724,#6725,#6726,#6727),(#6728,#6729,#6730,#6731),(#6732,
#6733,#6734,#6735)),.UNSPECIFIED.,.F.,.F.,.F.,(4,1,1,1,1,1,1,1,1,1,1,1,1,1,1,1,
1,1,1,1,1,1,1,1,1,1,1,1,1,1,1,1,4),(4,4),(-1.440684318402E-2,9.004276990014E-3,
3.241539716405E-2,5.582651733809E-2,7.923763751212E-2,1.026487576862E-1,
1.260598778602E-1,1.494709980342E-1,1.728821182083E-1,1.962932383823E-1,
2.197043585563E-1,2.431154787304E-1,2.665265989044E-1,2.899377190784E-1,
3.133488392525E-1,3.367599594265E-1,3.601710796006E-1,3.835821997746E-1,
4.069933199486E-1,4.304044401227E-1,4.538155602967E-1,4.772266804707E-1,
5.006378006448E-1,5.240489208188E-1,5.474600409928E-1,5.708711611669E-1,
5.942822813409E-1,6.176934015149E-1,6.411045216890E-1,6.645156418630E-1,
6.879267620371E-1,7.113378822111E-1,7.347490023851E-1),(-2.E-2,1.02E0),
.UNSPECIFIED.);
#6737=ORIENTED_EDGE('',*,*,#5953,.T.);
#6738=ORIENTED_EDGE('',*,*,#5896,.F.);
#6740=ORIENTED_EDGE('',*,*,#6739,.T.);
#6742=ORIENTED_EDGE('',*,*,#6741,.F.);
#6744=ORIENTED_EDGE('',*,*,#6743,.T.);
#6745=EDGE_LOOP('',(#6737,#6738,#6740,#6742,#6744));
#6746=FACE_OUTER_BOUND('',#6745,.F.);
#6748=CARTESIAN_POINT('',(7.196612333620E0,-7.498958155069E-1,
-7.669324337343E0));
#6749=CARTESIAN_POINT('',(7.060961954292E0,-7.357608799129E-1,
-7.748066155576E0));
#6750=CARTESIAN_POINT('',(6.925311574963E0,-7.216259443189E-1,
-7.826807973810E0));
#6751=CARTESIAN_POINT('',(6.789661195634E0,-7.074910087249E-1,
-7.905549792044E0));
#6752=CARTESIAN_POINT('',(7.106104365834E0,-1.618484149773E0,
-7.696409105829E0));
#6753=CARTESIAN_POINT('',(6.972159989218E0,-1.587977019657E0,
-7.775150924063E0));
#6754=CARTESIAN_POINT('',(6.838215612601E0,-1.557469889541E0,
-7.853892742297E0));
#6755=CARTESIAN_POINT('',(6.704271235985E0,-1.526962759425E0,
-7.932634560531E0));
#6756=CARTESIAN_POINT('',(6.607167670277E0,-3.322238066845E0,
-7.750578642802E0));
#6757=CARTESIAN_POINT('',(6.482627850816E0,-3.259616539785E0,
-7.829320461036E0));
#6758=CARTESIAN_POINT('',(6.358088031355E0,-3.196995012726E0,
-7.908062279270E0));
#6759=CARTESIAN_POINT('',(6.233548211893E0,-3.134373485666E0,
-7.986804097504E0));
#6760=CARTESIAN_POINT('',(5.001938411633E0,-5.447279365709E0,
-7.831832948262E0));
#6761=CARTESIAN_POINT('',(4.907655878204E0,-5.344602511932E0,
-7.910574766496E0));
#6762=CARTESIAN_POINT('',(4.813373344776E0,-5.241925658155E0,
-7.989316584730E0));
#6763=CARTESIAN_POINT('',(4.719090811347E0,-5.139248804378E0,
-8.068058402963E0));
#6764=CARTESIAN_POINT('',(2.748077157964E0,-6.865869832970E0,
-7.913087253722E0));
#6765=CARTESIAN_POINT('',(2.696278104239E0,-6.736453684915E0,
-7.991829071955E0));
#6766=CARTESIAN_POINT('',(2.644479050515E0,-6.607037536859E0,
-8.070570890189E0));
#6767=CARTESIAN_POINT('',(2.592679996791E0,-6.477621388804E0,
-8.149312708423E0));
#6768=CARTESIAN_POINT('',(1.378508591003E-1,-7.394129822099E0,
-7.994341559181E0));
#6769=CARTESIAN_POINT('',(1.352524807994E-1,-7.254756396288E0,
-8.073083377415E0));
#6770=CARTESIAN_POINT('',(1.326541024985E-1,-7.115382970476E0,
-8.151825195649E0));
#6771=CARTESIAN_POINT('',(1.300557241976E-1,-6.976009544665E0,
-8.230567013883E0));
#6772=CARTESIAN_POINT('',(-2.490251744754E0,-6.963529484188E0,
-8.075595864641E0));
#6773=CARTESIAN_POINT('',(-2.443312493598E0,-6.832272529915E0,
-8.154337682875E0));
#6774=CARTESIAN_POINT('',(-2.396373242442E0,-6.701015575642E0,
-8.233079501109E0));
#6775=CARTESIAN_POINT('',(-2.349433991286E0,-6.569758621368E0,
-8.311821319342E0));
#6776=CARTESIAN_POINT('',(-4.795422775080E0,-5.629934348648E0,
-8.156850170101E0));
#6777=CARTESIAN_POINT('',(-4.705032896020E0,-5.523814594715E0,
-8.235591988334E0));
#6778=CARTESIAN_POINT('',(-4.614643016959E0,-5.417694840783E0,
-8.314333806568E0));
#6779=CARTESIAN_POINT('',(-4.524253137899E0,-5.311575086851E0,
-8.393075624802E0));
#6780=CARTESIAN_POINT('',(-6.478744520508E0,-3.566202438720E0,
-8.238104475560E0));
#6781=CARTESIAN_POINT('',(-6.356625374577E0,-3.498982378621E0,
-8.316846293794E0));
#6782=CARTESIAN_POINT('',(-6.234506228646E0,-3.431762318522E0,
-8.395588112028E0));
#6783=CARTESIAN_POINT('',(-6.112387082714E0,-3.364542258423E0,
-8.474329930262E0));
#6784=CARTESIAN_POINT('',(-7.040839565970E0,-1.882229637283E0,
-8.292274012533E0));
#6785=CARTESIAN_POINT('',(-6.908125378566E0,-1.846751115939E0,
-8.371015830767E0));
#6786=CARTESIAN_POINT('',(-6.775411191162E0,-1.811272594595E0,
-8.449757649001E0));
#6787=CARTESIAN_POINT('',(-6.642697003758E0,-1.775794073251E0,
-8.528499467235E0));
#6788=CARTESIAN_POINT('',(-7.163660064010E0,-1.017618446101E0,
-8.319358781020E0));
#6789=CARTESIAN_POINT('',(-7.028630808574E0,-9.984371533170E-1,
-8.398100599254E0));
#6790=CARTESIAN_POINT('',(-6.893601553139E0,-9.792558605328E-1,
-8.476842417488E0));
#6791=CARTESIAN_POINT('',(-6.758572297704E0,-9.600745677485E-1,
-8.555584235721E0));
#6792=B_SPLINE_SURFACE_WITH_KNOTS('',3,3,((#6748,#6749,#6750,#6751),(#6752,
#6753,#6754,#6755),(#6756,#6757,#6758,#6759),(#6760,#6761,#6762,#6763),(#6764,
#6765,#6766,#6767),(#6768,#6769,#6770,#6771),(#6772,#6773,#6774,#6775),(#6776,
#6777,#6778,#6779),(#6780,#6781,#6782,#6783),(#6784,#6785,#6786,#6787),(#6788,
#6789,#6790,#6791)),.UNSPECIFIED.,.F.,.F.,.F.,(4,1,1,1,1,1,1,1,4),(4,4),(
8.336868396611E-1,8.548836149985E-1,8.760803903358E-1,8.972771656731E-1,
9.184739410104E-1,9.396707163477E-1,9.608674916850E-1,9.820642670223E-1,
1.003261042360E0),(4.775030588553E-1,1.013617565979E0),.UNSPECIFIED.);
#6793=ORIENTED_EDGE('',*,*,#5876,.F.);
#6794=ORIENTED_EDGE('',*,*,#5845,.T.);
#6796=ORIENTED_EDGE('',*,*,#6795,.F.);
#6798=ORIENTED_EDGE('',*,*,#6797,.T.);
#6799=ORIENTED_EDGE('',*,*,#6135,.F.);
#6800=EDGE_LOOP('',(#6793,#6794,#6796,#6798,#6799));
#6801=FACE_OUTER_BOUND('',#6800,.F.);
#6803=CARTESIAN_POINT('',(6.75E0,3.492491947020E0,-1.72E1));
#6804=DIRECTION('',(-1.E0,0.E0,0.E0));
#6805=DIRECTION('',(0.E0,-1.E0,0.E0));
#6806=AXIS2_PLACEMENT_3D('',#6803,#6804,#6805);
#6807=PLANE('',#6806);
#6808=ORIENTED_EDGE('',*,*,#5957,.T.);
#6810=ORIENTED_EDGE('',*,*,#6809,.T.);
#6811=ORIENTED_EDGE('',*,*,#6741,.T.);
#6813=ORIENTED_EDGE('',*,*,#6812,.F.);
#6815=ORIENTED_EDGE('',*,*,#6814,.T.);
#6817=ORIENTED_EDGE('',*,*,#6816,.T.);
#6818=ORIENTED_EDGE('',*,*,#6589,.T.);
#6820=ORIENTED_EDGE('',*,*,#6819,.F.);
#6822=ORIENTED_EDGE('',*,*,#6821,.T.);
#6824=ORIENTED_EDGE('',*,*,#6823,.T.);
#6825=ORIENTED_EDGE('',*,*,#6795,.T.);
#6826=ORIENTED_EDGE('',*,*,#5843,.F.);
#6828=ORIENTED_EDGE('',*,*,#6827,.F.);
#6830=ORIENTED_EDGE('',*,*,#6829,.T.);
#6832=ORIENTED_EDGE('',*,*,#6831,.T.);
#6834=ORIENTED_EDGE('',*,*,#6833,.F.);
#6836=ORIENTED_EDGE('',*,*,#6835,.T.);
#6837=ORIENTED_EDGE('',*,*,#6286,.T.);
#6839=ORIENTED_EDGE('',*,*,#6838,.T.);
#6841=ORIENTED_EDGE('',*,*,#6840,.T.);
#6842=ORIENTED_EDGE('',*,*,#5974,.T.);
#6843=ORIENTED_EDGE('',*,*,#6439,.T.);
#6845=ORIENTED_EDGE('',*,*,#6844,.T.);
#6846=EDGE_LOOP('',(#6808,#6810,#6811,#6813,#6815,#6817,#6818,#6820,#6822,#6824,
#6825,#6826,#6828,#6830,#6832,#6834,#6836,#6837,#6839,#6841,#6842,#6843,#6845));
#6847=FACE_OUTER_BOUND('',#6846,.F.);
#6849=CARTESIAN_POINT('',(6.75E0,3.492491947020E0,-1.72E1));
#6850=DIRECTION('',(-1.E0,0.E0,0.E0));
#6851=DIRECTION('',(0.E0,-1.E0,0.E0));
#6852=AXIS2_PLACEMENT_3D('',#6849,#6850,#6851);
#6853=PLANE('',#6852);
#6855=ORIENTED_EDGE('',*,*,#6854,.F.);
#6857=ORIENTED_EDGE('',*,*,#6856,.T.);
#6859=ORIENTED_EDGE('',*,*,#6858,.T.);
#6861=ORIENTED_EDGE('',*,*,#6860,.T.);
#6863=ORIENTED_EDGE('',*,*,#6862,.T.);
#6865=ORIENTED_EDGE('',*,*,#6864,.T.);
#6867=ORIENTED_EDGE('',*,*,#6866,.T.);
#6868=EDGE_LOOP('',(#6855,#6857,#6859,#6861,#6863,#6865,#6867));
#6869=FACE_OUTER_BOUND('',#6868,.F.);
#6871=CARTESIAN_POINT('',(-6.277237924459E0,-2.708934278995E0,
-8.477824519981E0));
#6872=CARTESIAN_POINT('',(-6.277237924459E0,-2.708934278995E0,
-8.603324839994E0));
#6873=CARTESIAN_POINT('',(-6.277237924459E0,-2.708934278995E0,
-8.728825160006E0));
#6874=CARTESIAN_POINT('',(-6.277237924459E0,-2.708934278995E0,
-8.854325480019E0));
#6875=CARTESIAN_POINT('',(-6.586245933852E0,-1.992890035853E0,
-8.503422783870E0));
#6876=CARTESIAN_POINT('',(-6.586245933852E0,-1.992890035853E0,
-8.628923103882E0));
#6877=CARTESIAN_POINT('',(-6.586245933852E0,-1.992890035853E0,
-8.754423423895E0));
#6878=CARTESIAN_POINT('',(-6.586245933852E0,-1.992890035853E0,
-8.879923743908E0));
#6879=CARTESIAN_POINT('',(-6.956741316047E0,-4.542116519313E-1,
-8.554619311647E0));
#6880=CARTESIAN_POINT('',(-6.956741316047E0,-4.542116519313E-1,
-8.680119631660E0));
#6881=CARTESIAN_POINT('',(-6.956741316047E0,-4.542116519313E-1,
-8.805619951673E0));
#6882=CARTESIAN_POINT('',(-6.956741316047E0,-4.542116519313E-1,
-8.931120271686E0));
#6883=CARTESIAN_POINT('',(-6.705781905998E0,1.906631553046E0,
-8.631414103314E0));
#6884=CARTESIAN_POINT('',(-6.705781905998E0,1.906631553046E0,
-8.756914423327E0));
#6885=CARTESIAN_POINT('',(-6.705781905998E0,1.906631553046E0,
-8.882414743340E0));
#6886=CARTESIAN_POINT('',(-6.705781905998E0,1.906631553046E0,
-9.007915063353E0));
#6887=CARTESIAN_POINT('',(-5.677140909978E0,4.046323755975E0,
-8.708208894981E0));
#6888=CARTESIAN_POINT('',(-5.677140909978E0,4.046323755975E0,
-8.833709214994E0));
#6889=CARTESIAN_POINT('',(-5.677140909978E0,4.046323755975E0,
-8.959209535006E0));
#6890=CARTESIAN_POINT('',(-5.677140909978E0,4.046323755975E0,
-9.084709855019E0));
#6891=CARTESIAN_POINT('',(-3.990131143828E0,5.716777903963E0,
-8.785003686647E0));
#6892=CARTESIAN_POINT('',(-3.990131143828E0,5.716777903963E0,
-8.910504006660E0));
#6893=CARTESIAN_POINT('',(-3.990131143828E0,5.716777903963E0,
-9.036004326673E0));
#6894=CARTESIAN_POINT('',(-3.990131143828E0,5.716777903963E0,
-9.161504646686E0));
#6895=CARTESIAN_POINT('',(-1.840387834073E0,6.724259024603E0,
-8.861798478314E0));
#6896=CARTESIAN_POINT('',(-1.840387834073E0,6.724259024603E0,
-8.987298798327E0));
#6897=CARTESIAN_POINT('',(-1.840387834073E0,6.724259024603E0,
-9.112799118340E0));
#6898=CARTESIAN_POINT('',(-1.840387834073E0,6.724259024603E0,
-9.238299438353E0));
#6899=CARTESIAN_POINT('',(5.227834318644E-1,6.951934030202E0,
-8.938593269981E0));
#6900=CARTESIAN_POINT('',(5.227834318644E-1,6.951934030202E0,
-9.064093589994E0));
#6901=CARTESIAN_POINT('',(5.227834318644E-1,6.951934030202E0,
-9.189593910006E0));
#6902=CARTESIAN_POINT('',(5.227834318644E-1,6.951934030202E0,
-9.315094230019E0));
#6903=CARTESIAN_POINT('',(2.825328015052E0,6.373398646661E0,-9.015388061647E0));
#6904=CARTESIAN_POINT('',(2.825328015052E0,6.373398646661E0,-9.140888381660E0));
#6905=CARTESIAN_POINT('',(2.825328015052E0,6.373398646661E0,-9.266388701673E0));
#6906=CARTESIAN_POINT('',(2.825328015052E0,6.373398646661E0,-9.391889021686E0));
#6907=CARTESIAN_POINT('',(4.800221563754E0,5.055745420204E0,-9.092182853314E0));
#6908=CARTESIAN_POINT('',(4.800221563754E0,5.055745420204E0,-9.217683173327E0));
#6909=CARTESIAN_POINT('',(4.800221563754E0,5.055745420204E0,-9.343183493340E0));
#6910=CARTESIAN_POINT('',(4.800221563754E0,5.055745420204E0,-9.468683813353E0));
#6911=CARTESIAN_POINT('',(6.218437297119E0,3.151781461493E0,-9.168977644981E0));
#6912=CARTESIAN_POINT('',(6.218437297119E0,3.151781461493E0,-9.294477964994E0));
#6913=CARTESIAN_POINT('',(6.218437297119E0,3.151781461493E0,-9.419978285006E0));
#6914=CARTESIAN_POINT('',(6.218437297119E0,3.151781461493E0,-9.545478605019E0));
#6915=CARTESIAN_POINT('',(6.915505872603E0,8.823079536474E-1,
-9.245772436647E0));
#6916=CARTESIAN_POINT('',(6.915505872603E0,8.823079536474E-1,
-9.371272756660E0));
#6917=CARTESIAN_POINT('',(6.915505872603E0,8.823079536474E-1,
-9.496773076673E0));
#6918=CARTESIAN_POINT('',(6.915505872603E0,8.823079536474E-1,
-9.622273396686E0));
#6919=CARTESIAN_POINT('',(6.810588812119E0,-1.489486096789E0,
-9.322567228314E0));
#6920=CARTESIAN_POINT('',(6.810588812119E0,-1.489486096789E0,
-9.448067548327E0));
#6921=CARTESIAN_POINT('',(6.810588812119E0,-1.489486096789E0,
-9.573567868340E0));
#6922=CARTESIAN_POINT('',(6.810588812119E0,-1.489486096789E0,
-9.699068188353E0));
#6923=CARTESIAN_POINT('',(5.915853261931E0,-3.688545646049E0,
-9.399362019981E0));
#6924=CARTESIAN_POINT('',(5.915853261931E0,-3.688545646049E0,
-9.524862339994E0));
#6925=CARTESIAN_POINT('',(5.915853261931E0,-3.688545646049E0,
-9.650362660006E0));
#6926=CARTESIAN_POINT('',(5.915853261931E0,-3.688545646049E0,
-9.775862980019E0));
#6927=CARTESIAN_POINT('',(4.335060982056E0,-5.459847532830E0,
-9.476156811647E0));
#6928=CARTESIAN_POINT('',(4.335060982056E0,-5.459847532830E0,
-9.601657131660E0));
#6929=CARTESIAN_POINT('',(4.335060982056E0,-5.459847532830E0,
-9.727157451673E0));
#6930=CARTESIAN_POINT('',(4.335060982056E0,-5.459847532830E0,
-9.852657771686E0));
#6931=CARTESIAN_POINT('',(2.251535177726E0,-6.597975306357E0,
-9.552951603314E0));
#6932=CARTESIAN_POINT('',(2.251535177726E0,-6.597975306357E0,
-9.678451923327E0));
#6933=CARTESIAN_POINT('',(2.251535177726E0,-6.597975306357E0,
-9.803952243340E0));
#6934=CARTESIAN_POINT('',(2.251535177726E0,-6.597975306357E0,
-9.929452563353E0));
#6935=CARTESIAN_POINT('',(-9.309934456589E-2,-6.970941207032E0,
-9.629746394981E0));
#6936=CARTESIAN_POINT('',(-9.309934456589E-2,-6.970941207032E0,
-9.755246714994E0));
#6937=CARTESIAN_POINT('',(-9.309934456589E-2,-6.970941207032E0,
-9.880747035006E0));
#6938=CARTESIAN_POINT('',(-9.309934456589E-2,-6.970941207032E0,
-1.000624735502E1));
#6939=CARTESIAN_POINT('',(-2.426937210984E0,-6.535492680264E0,
-9.706541186647E0));
#6940=CARTESIAN_POINT('',(-2.426937210984E0,-6.535492680264E0,
-9.832041506660E0));
#6941=CARTESIAN_POINT('',(-2.426937210984E0,-6.535492680264E0,
-9.957541826673E0));
#6942=CARTESIAN_POINT('',(-2.426937210984E0,-6.535492680264E0,
-1.008304214669E1));
#6943=CARTESIAN_POINT('',(-4.479325127160E0,-5.342128340375E0,
-9.783335978314E0));
#6944=CARTESIAN_POINT('',(-4.479325127160E0,-5.342128340375E0,
-9.908836298327E0));
#6945=CARTESIAN_POINT('',(-4.479325127160E0,-5.342128340375E0,
-1.003433661834E1));
#6946=CARTESIAN_POINT('',(-4.479325127160E0,-5.342128340375E0,
-1.015983693835E1));
#6947=CARTESIAN_POINT('',(-6.012249322377E0,-3.529241687022E0,
-9.860130769981E0));
#6948=CARTESIAN_POINT('',(-6.012249322377E0,-3.529241687022E0,
-9.985631089994E0));
#6949=CARTESIAN_POINT('',(-6.012249322377E0,-3.529241687022E0,
-1.011113141001E1));
#6950=CARTESIAN_POINT('',(-6.012249322377E0,-3.529241687022E0,
-1.023663173002E1));
#6951=CARTESIAN_POINT('',(-6.847937814524E0,-1.307071722713E0,
-9.936925561647E0));
#6952=CARTESIAN_POINT('',(-6.847937814524E0,-1.307071722713E0,
-1.006242588166E1));
#6953=CARTESIAN_POINT('',(-6.847937814524E0,-1.307071722713E0,
-1.018792620167E1));
#6954=CARTESIAN_POINT('',(-6.847937814524E0,-1.307071722713E0,
-1.031342652169E1));
#6955=CARTESIAN_POINT('',(-6.889476483397E0,1.066678294710E0,
-1.001372035331E1));
#6956=CARTESIAN_POINT('',(-6.889476483397E0,1.066678294710E0,
-1.013922067333E1));
#6957=CARTESIAN_POINT('',(-6.889476483397E0,1.066678294710E0,
-1.026472099334E1));
#6958=CARTESIAN_POINT('',(-6.889476483397E0,1.066678294710E0,
-1.039022131335E1));
#6959=CARTESIAN_POINT('',(-6.132048123177E0,3.316726490882E0,
-1.009051514498E1));
#6960=CARTESIAN_POINT('',(-6.132048123177E0,3.316726490882E0,
-1.021601546499E1));
#6961=CARTESIAN_POINT('',(-6.132048123177E0,3.316726490882E0,
-1.034151578501E1));
#6962=CARTESIAN_POINT('',(-6.132048123177E0,3.316726490882E0,
-1.046701610502E1));
#6963=CARTESIAN_POINT('',(-4.663491089329E0,5.182136592066E0,
-1.016730993665E1));
#6964=CARTESIAN_POINT('',(-4.663491089329E0,5.182136592066E0,
-1.029281025666E1));
#6965=CARTESIAN_POINT('',(-4.663491089329E0,5.182136592066E0,
-1.041831057667E1));
#6966=CARTESIAN_POINT('',(-4.663491089329E0,5.182136592066E0,
-1.054381089669E1));
#6967=CARTESIAN_POINT('',(-2.654112757532E0,6.446578493241E0,
-1.024410472831E1));
#6968=CARTESIAN_POINT('',(-2.654112757532E0,6.446578493241E0,
-1.036960504833E1));
#6969=CARTESIAN_POINT('',(-2.654112757532E0,6.446578493241E0,
-1.049510536834E1));
#6970=CARTESIAN_POINT('',(-2.654112757532E0,6.446578493241E0,
-1.062060568835E1));
#6971=CARTESIAN_POINT('',(-3.369391067197E-1,6.963415889735E0,
-1.032089951998E1));
#6972=CARTESIAN_POINT('',(-3.369391067197E-1,6.963415889735E0,
-1.044639983999E1));
#6973=CARTESIAN_POINT('',(-3.369391067197E-1,6.963415889735E0,
-1.057190016001E1));
#6974=CARTESIAN_POINT('',(-3.369391067197E-1,6.963415889735E0,
-1.069740048002E1));
#6975=CARTESIAN_POINT('',(2.019309085771E0,6.672711556633E0,-1.039769431165E1));
#6976=CARTESIAN_POINT('',(2.019309085771E0,6.672711556633E0,-1.052319463166E1));
#6977=CARTESIAN_POINT('',(2.019309085771E0,6.672711556633E0,-1.064869495167E1));
#6978=CARTESIAN_POINT('',(2.019309085771E0,6.672711556633E0,-1.077419527169E1));
#6979=CARTESIAN_POINT('',(4.141379687589E0,5.608178274639E0,-1.047448910331E1));
#6980=CARTESIAN_POINT('',(4.141379687589E0,5.608178274639E0,-1.059998942333E1));
#6981=CARTESIAN_POINT('',(4.141379687589E0,5.608178274639E0,-1.072548974334E1));
#6982=CARTESIAN_POINT('',(4.141379687589E0,5.608178274639E0,-1.085099006335E1));
#6983=CARTESIAN_POINT('',(5.783177623999E0,3.893268983647E0,-1.055128389498E1));
#6984=CARTESIAN_POINT('',(5.783177623999E0,3.893268983647E0,-1.067678421499E1));
#6985=CARTESIAN_POINT('',(5.783177623999E0,3.893268983647E0,-1.080228453501E1));
#6986=CARTESIAN_POINT('',(5.783177623999E0,3.893268983647E0,-1.092778485502E1));
#6987=CARTESIAN_POINT('',(6.754305880254E0,1.726860800459E0,-1.062807868665E1));
#6988=CARTESIAN_POINT('',(6.754305880254E0,1.726860800459E0,-1.075357900666E1));
#6989=CARTESIAN_POINT('',(6.754305880254E0,1.726860800459E0,-1.087907932667E1));
#6990=CARTESIAN_POINT('',(6.754305880254E0,1.726860800459E0,-1.100457964669E1));
#6991=CARTESIAN_POINT('',(6.942139886021E0,-6.398114197467E-1,
-1.070487347831E1));
#6992=CARTESIAN_POINT('',(6.942139886021E0,-6.398114197467E-1,
-1.083037379833E1));
#6993=CARTESIAN_POINT('',(6.942139886021E0,-6.398114197467E-1,
-1.095587411834E1));
#6994=CARTESIAN_POINT('',(6.942139886021E0,-6.398114197467E-1,
-1.108137443835E1));
#6995=CARTESIAN_POINT('',(6.324910155854E0,-2.932280063407E0,
-1.078166826998E1));
#6996=CARTESIAN_POINT('',(6.324910155854E0,-2.932280063407E0,
-1.090716858999E1));
#6997=CARTESIAN_POINT('',(6.324910155854E0,-2.932280063407E0,
-1.103266891001E1));
#6998=CARTESIAN_POINT('',(6.324910155854E0,-2.932280063407E0,
-1.115816923002E1));
#6999=CARTESIAN_POINT('',(4.974146042937E0,-4.884713820346E0,
-1.085846306165E1));
#7000=CARTESIAN_POINT('',(4.974146042937E0,-4.884713820346E0,
-1.098396338166E1));
#7001=CARTESIAN_POINT('',(4.974146042937E0,-4.884713820346E0,
-1.110946370167E1));
#7002=CARTESIAN_POINT('',(4.974146042937E0,-4.884713820346E0,
-1.123496402169E1));
#7003=CARTESIAN_POINT('',(3.689170161955E0,-5.808637509117E0,
-1.090965958943E1));
#7004=CARTESIAN_POINT('',(3.689170161955E0,-5.808637509117E0,
-1.103515990944E1));
#7005=CARTESIAN_POINT('',(3.689170161955E0,-5.808637509117E0,
-1.116066022945E1));
#7006=CARTESIAN_POINT('',(3.689170161955E0,-5.808637509117E0,
-1.128616054946E1));
#7007=CARTESIAN_POINT('',(2.987703287617E0,-6.149444686583E0,
-1.093525785331E1));
#7008=CARTESIAN_POINT('',(2.987703287617E0,-6.149444686583E0,
-1.106075817333E1));
#7009=CARTESIAN_POINT('',(2.987703287617E0,-6.149444686583E0,
-1.118625849334E1));
#7010=CARTESIAN_POINT('',(2.987703287617E0,-6.149444686583E0,
-1.131175881335E1));
#7011=B_SPLINE_SURFACE_WITH_KNOTS('',3,3,((#6871,#6872,#6873,#6874),(#6875,
#6876,#6877,#6878),(#6879,#6880,#6881,#6882),(#6883,#6884,#6885,#6886),(#6887,
#6888,#6889,#6890),(#6891,#6892,#6893,#6894),(#6895,#6896,#6897,#6898),(#6899,
#6900,#6901,#6902),(#6903,#6904,#6905,#6906),(#6907,#6908,#6909,#6910),(#6911,
#6912,#6913,#6914),(#6915,#6916,#6917,#6918),(#6919,#6920,#6921,#6922),(#6923,
#6924,#6925,#6926),(#6927,#6928,#6929,#6930),(#6931,#6932,#6933,#6934),(#6935,
#6936,#6937,#6938),(#6939,#6940,#6941,#6942),(#6943,#6944,#6945,#6946),(#6947,
#6948,#6949,#6950),(#6951,#6952,#6953,#6954),(#6955,#6956,#6957,#6958),(#6959,
#6960,#6961,#6962),(#6963,#6964,#6965,#6966),(#6967,#6968,#6969,#6970),(#6971,
#6972,#6973,#6974),(#6975,#6976,#6977,#6978),(#6979,#6980,#6981,#6982),(#6983,
#6984,#6985,#6986),(#6987,#6988,#6989,#6990),(#6991,#6992,#6993,#6994),(#6995,
#6996,#6997,#6998),(#6999,#7000,#7001,#7002),(#7003,#7004,#7005,#7006),(#7007,
#7008,#7009,#7010)),.UNSPECIFIED.,.F.,.F.,.F.,(4,1,1,1,1,1,1,1,1,1,1,1,1,1,1,1,
1,1,1,1,1,1,1,1,1,1,1,1,1,1,1,1,4),(4,4),(-1.232826086957E-2,7.705163043478E-3,
2.773858695652E-2,4.777201086957E-2,6.780543478261E-2,8.783885869565E-2,
1.078722826087E-1,1.279057065217E-1,1.479391304348E-1,1.679725543478E-1,
1.880059782609E-1,2.080394021739E-1,2.280728260870E-1,2.4810625E-1,
2.681396739130E-1,2.881730978261E-1,3.082065217391E-1,3.282399456522E-1,
3.482733695652E-1,3.683067934783E-1,3.883402173913E-1,4.083736413043E-1,
4.284070652174E-1,4.484404891304E-1,4.684739130435E-1,4.885073369565E-1,
5.085407608696E-1,5.285741847826E-1,5.486076086957E-1,5.686410326087E-1,
5.886744565217E-1,6.087078804348E-1,6.287413043478E-1),(-3.404391494810E-2,
1.034043914948E0),.UNSPECIFIED.);
#7012=ORIENTED_EDGE('',*,*,#5869,.F.);
#7014=ORIENTED_EDGE('',*,*,#7013,.T.);
#7015=ORIENTED_EDGE('',*,*,#6838,.F.);
#7016=ORIENTED_EDGE('',*,*,#6284,.F.);
#7017=EDGE_LOOP('',(#7012,#7014,#7015,#7016));
#7018=FACE_OUTER_BOUND('',#7017,.F.);
#7020=CARTESIAN_POINT('',(-6.277237924459E0,-2.708934278995E0,
-8.477824519981E0));
#7021=CARTESIAN_POINT('',(-6.586245933852E0,-1.992890035853E0,
-8.503422783870E0));
#7022=CARTESIAN_POINT('',(-6.956741316047E0,-4.542116519313E-1,
-8.554619311647E0));
#7023=CARTESIAN_POINT('',(-6.705781905998E0,1.906631553046E0,
-8.631414103314E0));
#7024=CARTESIAN_POINT('',(-5.677140909978E0,4.046323755975E0,
-8.708208894981E0));
#7025=CARTESIAN_POINT('',(-3.990131143828E0,5.716777903963E0,
-8.785003686647E0));
#7026=CARTESIAN_POINT('',(-1.840387834073E0,6.724259024603E0,
-8.861798478314E0));
#7027=CARTESIAN_POINT('',(5.227834318644E-1,6.951934030202E0,
-8.938593269981E0));
#7028=CARTESIAN_POINT('',(2.825328015052E0,6.373398646661E0,-9.015388061647E0));
#7029=CARTESIAN_POINT('',(4.800221563754E0,5.055745420204E0,-9.092182853314E0));
#7030=CARTESIAN_POINT('',(6.218437297119E0,3.151781461493E0,-9.168977644981E0));
#7031=CARTESIAN_POINT('',(6.915505872603E0,8.823079536474E-1,
-9.245772436647E0));
#7032=CARTESIAN_POINT('',(6.810588812119E0,-1.489486096789E0,
-9.322567228314E0));
#7033=CARTESIAN_POINT('',(5.915853261931E0,-3.688545646049E0,
-9.399362019981E0));
#7034=CARTESIAN_POINT('',(4.335060982056E0,-5.459847532830E0,
-9.476156811647E0));
#7035=CARTESIAN_POINT('',(2.251535177726E0,-6.597975306357E0,
-9.552951603314E0));
#7036=CARTESIAN_POINT('',(-9.309934456589E-2,-6.970941207032E0,
-9.629746394981E0));
#7037=CARTESIAN_POINT('',(-2.426937210984E0,-6.535492680264E0,
-9.706541186647E0));
#7038=CARTESIAN_POINT('',(-4.479325127160E0,-5.342128340375E0,
-9.783335978314E0));
#7039=CARTESIAN_POINT('',(-6.012249322377E0,-3.529241687022E0,
-9.860130769981E0));
#7040=CARTESIAN_POINT('',(-6.847937814524E0,-1.307071722713E0,
-9.936925561647E0));
#7041=CARTESIAN_POINT('',(-6.889476483397E0,1.066678294710E0,
-1.001372035331E1));
#7042=CARTESIAN_POINT('',(-6.132048123177E0,3.316726490882E0,
-1.009051514498E1));
#7043=CARTESIAN_POINT('',(-4.663491089329E0,5.182136592066E0,
-1.016730993665E1));
#7044=CARTESIAN_POINT('',(-2.654112757532E0,6.446578493241E0,
-1.024410472831E1));
#7045=CARTESIAN_POINT('',(-3.369391067197E-1,6.963415889735E0,
-1.032089951998E1));
#7046=CARTESIAN_POINT('',(2.019309085771E0,6.672711556633E0,-1.039769431165E1));
#7047=CARTESIAN_POINT('',(4.141379687589E0,5.608178274639E0,-1.047448910331E1));
#7048=CARTESIAN_POINT('',(5.783177623999E0,3.893268983647E0,-1.055128389498E1));
#7049=CARTESIAN_POINT('',(6.754305880254E0,1.726860800459E0,-1.062807868665E1));
#7050=CARTESIAN_POINT('',(6.942139886021E0,-6.398114197467E-1,
-1.070487347831E1));
#7051=CARTESIAN_POINT('',(6.324910155854E0,-2.932280063407E0,
-1.078166826998E1));
#7052=CARTESIAN_POINT('',(4.974146042937E0,-4.884713820346E0,
-1.085846306165E1));
#7053=CARTESIAN_POINT('',(3.689170161955E0,-5.808637509117E0,
-1.090965958943E1));
#7054=CARTESIAN_POINT('',(2.987703287617E0,-6.149444686583E0,
-1.093525785331E1));
#7055=CARTESIAN_POINT('',(-6.277237924459E0,-2.708934278995E0,
-8.603324839994E0));
#7056=CARTESIAN_POINT('',(-6.586245933852E0,-1.992890035853E0,
-8.628923103882E0));
#7057=CARTESIAN_POINT('',(-6.956741316047E0,-4.542116519313E-1,
-8.680119631660E0));
#7058=CARTESIAN_POINT('',(-6.705781905998E0,1.906631553046E0,
-8.756914423327E0));
#7059=CARTESIAN_POINT('',(-5.677140909978E0,4.046323755975E0,
-8.833709214994E0));
#7060=CARTESIAN_POINT('',(-3.990131143828E0,5.716777903963E0,
-8.910504006660E0));
#7061=CARTESIAN_POINT('',(-1.840387834073E0,6.724259024603E0,
-8.987298798327E0));
#7062=CARTESIAN_POINT('',(5.227834318644E-1,6.951934030202E0,
-9.064093589994E0));
#7063=CARTESIAN_POINT('',(2.825328015052E0,6.373398646661E0,-9.140888381660E0));
#7064=CARTESIAN_POINT('',(4.800221563754E0,5.055745420204E0,-9.217683173327E0));
#7065=CARTESIAN_POINT('',(6.218437297119E0,3.151781461493E0,-9.294477964994E0));
#7066=CARTESIAN_POINT('',(6.915505872603E0,8.823079536474E-1,
-9.371272756660E0));
#7067=CARTESIAN_POINT('',(6.810588812119E0,-1.489486096789E0,
-9.448067548327E0));
#7068=CARTESIAN_POINT('',(5.915853261931E0,-3.688545646049E0,
-9.524862339994E0));
#7069=CARTESIAN_POINT('',(4.335060982056E0,-5.459847532830E0,
-9.601657131660E0));
#7070=CARTESIAN_POINT('',(2.251535177726E0,-6.597975306357E0,
-9.678451923327E0));
#7071=CARTESIAN_POINT('',(-9.309934456589E-2,-6.970941207032E0,
-9.755246714994E0));
#7072=CARTESIAN_POINT('',(-2.426937210984E0,-6.535492680264E0,
-9.832041506660E0));
#7073=CARTESIAN_POINT('',(-4.479325127160E0,-5.342128340375E0,
-9.908836298327E0));
#7074=CARTESIAN_POINT('',(-6.012249322377E0,-3.529241687022E0,
-9.985631089994E0));
#7075=CARTESIAN_POINT('',(-6.847937814524E0,-1.307071722713E0,
-1.006242588166E1));
#7076=CARTESIAN_POINT('',(-6.889476483397E0,1.066678294710E0,
-1.013922067333E1));
#7077=CARTESIAN_POINT('',(-6.132048123177E0,3.316726490882E0,
-1.021601546499E1));
#7078=CARTESIAN_POINT('',(-4.663491089329E0,5.182136592066E0,
-1.029281025666E1));
#7079=CARTESIAN_POINT('',(-2.654112757532E0,6.446578493241E0,
-1.036960504833E1));
#7080=CARTESIAN_POINT('',(-3.369391067197E-1,6.963415889735E0,
-1.044639983999E1));
#7081=CARTESIAN_POINT('',(2.019309085771E0,6.672711556633E0,-1.052319463166E1));
#7082=CARTESIAN_POINT('',(4.141379687589E0,5.608178274639E0,-1.059998942333E1));
#7083=CARTESIAN_POINT('',(5.783177623999E0,3.893268983647E0,-1.067678421499E1));
#7084=CARTESIAN_POINT('',(6.754305880254E0,1.726860800459E0,-1.075357900666E1));
#7085=CARTESIAN_POINT('',(6.942139886021E0,-6.398114197467E-1,
-1.083037379833E1));
#7086=CARTESIAN_POINT('',(6.324910155854E0,-2.932280063407E0,
-1.090716858999E1));
#7087=CARTESIAN_POINT('',(4.974146042937E0,-4.884713820346E0,
-1.098396338166E1));
#7088=CARTESIAN_POINT('',(3.689170161955E0,-5.808637509117E0,
-1.103515990944E1));
#7089=CARTESIAN_POINT('',(2.987703287617E0,-6.149444686583E0,
-1.106075817333E1));
#7090=CARTESIAN_POINT('',(-6.277237924459E0,-2.708934278995E0,
-8.728825160006E0));
#7091=CARTESIAN_POINT('',(-6.586245933852E0,-1.992890035853E0,
-8.754423423895E0));
#7092=CARTESIAN_POINT('',(-6.956741316047E0,-4.542116519313E-1,
-8.805619951673E0));
#7093=CARTESIAN_POINT('',(-6.705781905998E0,1.906631553046E0,
-8.882414743340E0));
#7094=CARTESIAN_POINT('',(-5.677140909978E0,4.046323755975E0,
-8.959209535006E0));
#7095=CARTESIAN_POINT('',(-3.990131143828E0,5.716777903963E0,
-9.036004326673E0));
#7096=CARTESIAN_POINT('',(-1.840387834073E0,6.724259024603E0,
-9.112799118340E0));
#7097=CARTESIAN_POINT('',(5.227834318644E-1,6.951934030202E0,
-9.189593910006E0));
#7098=CARTESIAN_POINT('',(2.825328015052E0,6.373398646661E0,-9.266388701673E0));
#7099=CARTESIAN_POINT('',(4.800221563754E0,5.055745420204E0,-9.343183493340E0));
#7100=CARTESIAN_POINT('',(6.218437297119E0,3.151781461493E0,-9.419978285006E0));
#7101=CARTESIAN_POINT('',(6.915505872603E0,8.823079536474E-1,
-9.496773076673E0));
#7102=CARTESIAN_POINT('',(6.810588812119E0,-1.489486096789E0,
-9.573567868340E0));
#7103=CARTESIAN_POINT('',(5.915853261931E0,-3.688545646049E0,
-9.650362660006E0));
#7104=CARTESIAN_POINT('',(4.335060982056E0,-5.459847532830E0,
-9.727157451673E0));
#7105=CARTESIAN_POINT('',(2.251535177726E0,-6.597975306357E0,
-9.803952243340E0));
#7106=CARTESIAN_POINT('',(-9.309934456589E-2,-6.970941207032E0,
-9.880747035006E0));
#7107=CARTESIAN_POINT('',(-2.426937210984E0,-6.535492680264E0,
-9.957541826673E0));
#7108=CARTESIAN_POINT('',(-4.479325127160E0,-5.342128340375E0,
-1.003433661834E1));
#7109=CARTESIAN_POINT('',(-6.012249322377E0,-3.529241687022E0,
-1.011113141001E1));
#7110=CARTESIAN_POINT('',(-6.847937814524E0,-1.307071722713E0,
-1.018792620167E1));
#7111=CARTESIAN_POINT('',(-6.889476483397E0,1.066678294710E0,
-1.026472099334E1));
#7112=CARTESIAN_POINT('',(-6.132048123177E0,3.316726490882E0,
-1.034151578501E1));
#7113=CARTESIAN_POINT('',(-4.663491089329E0,5.182136592066E0,
-1.041831057667E1));
#7114=CARTESIAN_POINT('',(-2.654112757532E0,6.446578493241E0,
-1.049510536834E1));
#7115=CARTESIAN_POINT('',(-3.369391067197E-1,6.963415889735E0,
-1.057190016001E1));
#7116=CARTESIAN_POINT('',(2.019309085771E0,6.672711556633E0,-1.064869495167E1));
#7117=CARTESIAN_POINT('',(4.141379687589E0,5.608178274639E0,-1.072548974334E1));
#7118=CARTESIAN_POINT('',(5.783177623999E0,3.893268983647E0,-1.080228453501E1));
#7119=CARTESIAN_POINT('',(6.754305880254E0,1.726860800459E0,-1.087907932667E1));
#7120=CARTESIAN_POINT('',(6.942139886021E0,-6.398114197467E-1,
-1.095587411834E1));
#7121=CARTESIAN_POINT('',(6.324910155854E0,-2.932280063407E0,
-1.103266891001E1));
#7122=CARTESIAN_POINT('',(4.974146042937E0,-4.884713820346E0,
-1.110946370167E1));
#7123=CARTESIAN_POINT('',(3.689170161955E0,-5.808637509117E0,
-1.116066022945E1));
#7124=CARTESIAN_POINT('',(2.987703287617E0,-6.149444686583E0,
-1.118625849334E1));
#7125=CARTESIAN_POINT('',(-6.277237924459E0,-2.708934278995E0,
-8.854325480019E0));
#7126=CARTESIAN_POINT('',(-6.586245933852E0,-1.992890035853E0,
-8.879923743908E0));
#7127=CARTESIAN_POINT('',(-6.956741316047E0,-4.542116519313E-1,
-8.931120271686E0));
#7128=CARTESIAN_POINT('',(-6.705781905998E0,1.906631553046E0,
-9.007915063353E0));
#7129=CARTESIAN_POINT('',(-5.677140909978E0,4.046323755975E0,
-9.084709855019E0));
#7130=CARTESIAN_POINT('',(-3.990131143828E0,5.716777903963E0,
-9.161504646686E0));
#7131=CARTESIAN_POINT('',(-1.840387834073E0,6.724259024603E0,
-9.238299438353E0));
#7132=CARTESIAN_POINT('',(5.227834318644E-1,6.951934030202E0,
-9.315094230019E0));
#7133=CARTESIAN_POINT('',(2.825328015052E0,6.373398646661E0,-9.391889021686E0));
#7134=CARTESIAN_POINT('',(4.800221563754E0,5.055745420204E0,-9.468683813353E0));
#7135=CARTESIAN_POINT('',(6.218437297119E0,3.151781461493E0,-9.545478605019E0));
#7136=CARTESIAN_POINT('',(6.915505872603E0,8.823079536474E-1,
-9.622273396686E0));
#7137=CARTESIAN_POINT('',(6.810588812119E0,-1.489486096789E0,
-9.699068188353E0));
#7138=CARTESIAN_POINT('',(5.915853261931E0,-3.688545646049E0,
-9.775862980019E0));
#7139=CARTESIAN_POINT('',(4.335060982056E0,-5.459847532830E0,
-9.852657771686E0));
#7140=CARTESIAN_POINT('',(2.251535177726E0,-6.597975306357E0,
-9.929452563353E0));
#7141=CARTESIAN_POINT('',(-9.309934456589E-2,-6.970941207032E0,
-1.000624735502E1));
#7142=CARTESIAN_POINT('',(-2.426937210984E0,-6.535492680264E0,
-1.008304214669E1));
#7143=CARTESIAN_POINT('',(-4.479325127160E0,-5.342128340375E0,
-1.015983693835E1));
#7144=CARTESIAN_POINT('',(-6.012249322377E0,-3.529241687022E0,
-1.023663173002E1));
#7145=CARTESIAN_POINT('',(-6.847937814524E0,-1.307071722713E0,
-1.031342652169E1));
#7146=CARTESIAN_POINT('',(-6.889476483397E0,1.066678294710E0,
-1.039022131335E1));
#7147=CARTESIAN_POINT('',(-6.132048123177E0,3.316726490882E0,
-1.046701610502E1));
#7148=CARTESIAN_POINT('',(-4.663491089329E0,5.182136592066E0,
-1.054381089669E1));
#7149=CARTESIAN_POINT('',(-2.654112757532E0,6.446578493241E0,
-1.062060568835E1));
#7150=CARTESIAN_POINT('',(-3.369391067197E-1,6.963415889735E0,
-1.069740048002E1));
#7151=CARTESIAN_POINT('',(2.019309085771E0,6.672711556633E0,-1.077419527169E1));
#7152=CARTESIAN_POINT('',(4.141379687589E0,5.608178274639E0,-1.085099006335E1));
#7153=CARTESIAN_POINT('',(5.783177623999E0,3.893268983647E0,-1.092778485502E1));
#7154=CARTESIAN_POINT('',(6.754305880254E0,1.726860800459E0,-1.100457964669E1));
#7155=CARTESIAN_POINT('',(6.942139886021E0,-6.398114197467E-1,
-1.108137443835E1));
#7156=CARTESIAN_POINT('',(6.324910155854E0,-2.932280063407E0,
-1.115816923002E1));
#7157=CARTESIAN_POINT('',(4.974146042937E0,-4.884713820346E0,
-1.123496402169E1));
#7158=CARTESIAN_POINT('',(3.689170161955E0,-5.808637509117E0,
-1.128616054946E1));
#7159=CARTESIAN_POINT('',(2.987703287617E0,-6.149444686583E0,
-1.131175881335E1));
#7160=B_SPLINE_SURFACE_WITH_KNOTS('',3,3,((#7020,#7021,#7022,#7023,#7024,#7025,
#7026,#7027,#7028,#7029,#7030,#7031,#7032,#7033,#7034,#7035,#7036,#7037,#7038,
#7039,#7040,#7041,#7042,#7043,#7044,#7045,#7046,#7047,#7048,#7049,#7050,#7051,
#7052,#7053,#7054),(#7055,#7056,#7057,#7058,#7059,#7060,#7061,#7062,#7063,#7064,
#7065,#7066,#7067,#7068,#7069,#7070,#7071,#7072,#7073,#7074,#7075,#7076,#7077,
#7078,#7079,#7080,#7081,#7082,#7083,#7084,#7085,#7086,#7087,#7088,#7089),(#7090,
#7091,#7092,#7093,#7094,#7095,#7096,#7097,#7098,#7099,#7100,#7101,#7102,#7103,
#7104,#7105,#7106,#7107,#7108,#7109,#7110,#7111,#7112,#7113,#7114,#7115,#7116,
#7117,#7118,#7119,#7120,#7121,#7122,#7123,#7124),(#7125,#7126,#7127,#7128,#7129,
#7130,#7131,#7132,#7133,#7134,#7135,#7136,#7137,#7138,#7139,#7140,#7141,#7142,
#7143,#7144,#7145,#7146,#7147,#7148,#7149,#7150,#7151,#7152,#7153,#7154,#7155,
#7156,#7157,#7158,#7159)),.UNSPECIFIED.,.F.,.F.,.F.,(4,4),(4,1,1,1,1,1,1,1,1,1,
1,1,1,1,1,1,1,1,1,1,1,1,1,1,1,1,1,1,1,1,1,1,4),(-3.404391494810E-2,
1.034043914948E0),(-1.232826086957E-2,7.705163043478E-3,2.773858695652E-2,
4.777201086957E-2,6.780543478261E-2,8.783885869565E-2,1.078722826087E-1,
1.279057065217E-1,1.479391304348E-1,1.679725543478E-1,1.880059782609E-1,
2.080394021739E-1,2.280728260870E-1,2.4810625E-1,2.681396739130E-1,
2.881730978261E-1,3.082065217391E-1,3.282399456522E-1,3.482733695652E-1,
3.683067934783E-1,3.883402173913E-1,4.083736413043E-1,4.284070652174E-1,
4.484404891304E-1,4.684739130435E-1,4.885073369565E-1,5.085407608696E-1,
5.285741847826E-1,5.486076086957E-1,5.686410326087E-1,5.886744565217E-1,
6.087078804348E-1,6.287413043478E-1),.UNSPECIFIED.);
#7161=ORIENTED_EDGE('',*,*,#5880,.F.);
#7162=ORIENTED_EDGE('',*,*,#6137,.F.);
#7164=ORIENTED_EDGE('',*,*,#7163,.T.);
#7166=ORIENTED_EDGE('',*,*,#7165,.T.);
#7167=EDGE_LOOP('',(#7161,#7162,#7164,#7166));
#7168=FACE_OUTER_BOUND('',#7167,.F.);
#7170=CARTESIAN_POINT('',(-6.277237924459E0,-2.708934278995E0,
-8.477824519981E0));
#7171=CARTESIAN_POINT('',(-6.277237924459E0,-2.708934278995E0,
-8.603324839994E0));
#7172=CARTESIAN_POINT('',(-6.277237924459E0,-2.708934278995E0,
-8.728825160006E0));
#7173=CARTESIAN_POINT('',(-6.277237924459E0,-2.708934278995E0,
-8.854325480019E0));
#7174=CARTESIAN_POINT('',(-6.586245933852E0,-1.992890035853E0,
-8.503422783870E0));
#7175=CARTESIAN_POINT('',(-6.586245933852E0,-1.992890035853E0,
-8.628923103882E0));
#7176=CARTESIAN_POINT('',(-6.586245933852E0,-1.992890035853E0,
-8.754423423895E0));
#7177=CARTESIAN_POINT('',(-6.586245933852E0,-1.992890035853E0,
-8.879923743908E0));
#7178=CARTESIAN_POINT('',(-6.956741316047E0,-4.542116519313E-1,
-8.554619311647E0));
#7179=CARTESIAN_POINT('',(-6.956741316047E0,-4.542116519313E-1,
-8.680119631660E0));
#7180=CARTESIAN_POINT('',(-6.956741316047E0,-4.542116519313E-1,
-8.805619951673E0));
#7181=CARTESIAN_POINT('',(-6.956741316047E0,-4.542116519313E-1,
-8.931120271686E0));
#7182=CARTESIAN_POINT('',(-6.705781905998E0,1.906631553046E0,
-8.631414103314E0));
#7183=CARTESIAN_POINT('',(-6.705781905998E0,1.906631553046E0,
-8.756914423327E0));
#7184=CARTESIAN_POINT('',(-6.705781905998E0,1.906631553046E0,
-8.882414743340E0));
#7185=CARTESIAN_POINT('',(-6.705781905998E0,1.906631553046E0,
-9.007915063353E0));
#7186=CARTESIAN_POINT('',(-5.677140909978E0,4.046323755975E0,
-8.708208894981E0));
#7187=CARTESIAN_POINT('',(-5.677140909978E0,4.046323755975E0,
-8.833709214994E0));
#7188=CARTESIAN_POINT('',(-5.677140909978E0,4.046323755975E0,
-8.959209535006E0));
#7189=CARTESIAN_POINT('',(-5.677140909978E0,4.046323755975E0,
-9.084709855019E0));
#7190=CARTESIAN_POINT('',(-3.990131143828E0,5.716777903963E0,
-8.785003686647E0));
#7191=CARTESIAN_POINT('',(-3.990131143828E0,5.716777903963E0,
-8.910504006660E0));
#7192=CARTESIAN_POINT('',(-3.990131143828E0,5.716777903963E0,
-9.036004326673E0));
#7193=CARTESIAN_POINT('',(-3.990131143828E0,5.716777903963E0,
-9.161504646686E0));
#7194=CARTESIAN_POINT('',(-1.840387834073E0,6.724259024603E0,
-8.861798478314E0));
#7195=CARTESIAN_POINT('',(-1.840387834073E0,6.724259024603E0,
-8.987298798327E0));
#7196=CARTESIAN_POINT('',(-1.840387834073E0,6.724259024603E0,
-9.112799118340E0));
#7197=CARTESIAN_POINT('',(-1.840387834073E0,6.724259024603E0,
-9.238299438353E0));
#7198=CARTESIAN_POINT('',(5.227834318644E-1,6.951934030202E0,
-8.938593269981E0));
#7199=CARTESIAN_POINT('',(5.227834318644E-1,6.951934030202E0,
-9.064093589994E0));
#7200=CARTESIAN_POINT('',(5.227834318644E-1,6.951934030202E0,
-9.189593910006E0));
#7201=CARTESIAN_POINT('',(5.227834318644E-1,6.951934030202E0,
-9.315094230019E0));
#7202=CARTESIAN_POINT('',(2.825328015052E0,6.373398646661E0,-9.015388061647E0));
#7203=CARTESIAN_POINT('',(2.825328015052E0,6.373398646661E0,-9.140888381660E0));
#7204=CARTESIAN_POINT('',(2.825328015052E0,6.373398646661E0,-9.266388701673E0));
#7205=CARTESIAN_POINT('',(2.825328015052E0,6.373398646661E0,-9.391889021686E0));
#7206=CARTESIAN_POINT('',(4.800221563754E0,5.055745420204E0,-9.092182853314E0));
#7207=CARTESIAN_POINT('',(4.800221563754E0,5.055745420204E0,-9.217683173327E0));
#7208=CARTESIAN_POINT('',(4.800221563754E0,5.055745420204E0,-9.343183493340E0));
#7209=CARTESIAN_POINT('',(4.800221563754E0,5.055745420204E0,-9.468683813353E0));
#7210=CARTESIAN_POINT('',(6.218437297119E0,3.151781461493E0,-9.168977644981E0));
#7211=CARTESIAN_POINT('',(6.218437297119E0,3.151781461493E0,-9.294477964994E0));
#7212=CARTESIAN_POINT('',(6.218437297119E0,3.151781461493E0,-9.419978285006E0));
#7213=CARTESIAN_POINT('',(6.218437297119E0,3.151781461493E0,-9.545478605019E0));
#7214=CARTESIAN_POINT('',(6.915505872603E0,8.823079536474E-1,
-9.245772436647E0));
#7215=CARTESIAN_POINT('',(6.915505872603E0,8.823079536474E-1,
-9.371272756660E0));
#7216=CARTESIAN_POINT('',(6.915505872603E0,8.823079536474E-1,
-9.496773076673E0));
#7217=CARTESIAN_POINT('',(6.915505872603E0,8.823079536474E-1,
-9.622273396686E0));
#7218=CARTESIAN_POINT('',(6.810588812119E0,-1.489486096789E0,
-9.322567228314E0));
#7219=CARTESIAN_POINT('',(6.810588812119E0,-1.489486096789E0,
-9.448067548327E0));
#7220=CARTESIAN_POINT('',(6.810588812119E0,-1.489486096789E0,
-9.573567868340E0));
#7221=CARTESIAN_POINT('',(6.810588812119E0,-1.489486096789E0,
-9.699068188353E0));
#7222=CARTESIAN_POINT('',(5.915853261931E0,-3.688545646049E0,
-9.399362019981E0));
#7223=CARTESIAN_POINT('',(5.915853261931E0,-3.688545646049E0,
-9.524862339994E0));
#7224=CARTESIAN_POINT('',(5.915853261931E0,-3.688545646049E0,
-9.650362660006E0));
#7225=CARTESIAN_POINT('',(5.915853261931E0,-3.688545646049E0,
-9.775862980019E0));
#7226=CARTESIAN_POINT('',(4.335060982056E0,-5.459847532830E0,
-9.476156811647E0));
#7227=CARTESIAN_POINT('',(4.335060982056E0,-5.459847532830E0,
-9.601657131660E0));
#7228=CARTESIAN_POINT('',(4.335060982056E0,-5.459847532830E0,
-9.727157451673E0));
#7229=CARTESIAN_POINT('',(4.335060982056E0,-5.459847532830E0,
-9.852657771686E0));
#7230=CARTESIAN_POINT('',(2.251535177726E0,-6.597975306357E0,
-9.552951603314E0));
#7231=CARTESIAN_POINT('',(2.251535177726E0,-6.597975306357E0,
-9.678451923327E0));
#7232=CARTESIAN_POINT('',(2.251535177726E0,-6.597975306357E0,
-9.803952243340E0));
#7233=CARTESIAN_POINT('',(2.251535177726E0,-6.597975306357E0,
-9.929452563353E0));
#7234=CARTESIAN_POINT('',(-9.309934456589E-2,-6.970941207032E0,
-9.629746394981E0));
#7235=CARTESIAN_POINT('',(-9.309934456589E-2,-6.970941207032E0,
-9.755246714994E0));
#7236=CARTESIAN_POINT('',(-9.309934456589E-2,-6.970941207032E0,
-9.880747035006E0));
#7237=CARTESIAN_POINT('',(-9.309934456589E-2,-6.970941207032E0,
-1.000624735502E1));
#7238=CARTESIAN_POINT('',(-2.426937210984E0,-6.535492680264E0,
-9.706541186647E0));
#7239=CARTESIAN_POINT('',(-2.426937210984E0,-6.535492680264E0,
-9.832041506660E0));
#7240=CARTESIAN_POINT('',(-2.426937210984E0,-6.535492680264E0,
-9.957541826673E0));
#7241=CARTESIAN_POINT('',(-2.426937210984E0,-6.535492680264E0,
-1.008304214669E1));
#7242=CARTESIAN_POINT('',(-4.479325127160E0,-5.342128340375E0,
-9.783335978314E0));
#7243=CARTESIAN_POINT('',(-4.479325127160E0,-5.342128340375E0,
-9.908836298327E0));
#7244=CARTESIAN_POINT('',(-4.479325127160E0,-5.342128340375E0,
-1.003433661834E1));
#7245=CARTESIAN_POINT('',(-4.479325127160E0,-5.342128340375E0,
-1.015983693835E1));
#7246=CARTESIAN_POINT('',(-6.012249322377E0,-3.529241687022E0,
-9.860130769981E0));
#7247=CARTESIAN_POINT('',(-6.012249322377E0,-3.529241687022E0,
-9.985631089994E0));
#7248=CARTESIAN_POINT('',(-6.012249322377E0,-3.529241687022E0,
-1.011113141001E1));
#7249=CARTESIAN_POINT('',(-6.012249322377E0,-3.529241687022E0,
-1.023663173002E1));
#7250=CARTESIAN_POINT('',(-6.847937814524E0,-1.307071722713E0,
-9.936925561647E0));
#7251=CARTESIAN_POINT('',(-6.847937814524E0,-1.307071722713E0,
-1.006242588166E1));
#7252=CARTESIAN_POINT('',(-6.847937814524E0,-1.307071722713E0,
-1.018792620167E1));
#7253=CARTESIAN_POINT('',(-6.847937814524E0,-1.307071722713E0,
-1.031342652169E1));
#7254=CARTESIAN_POINT('',(-6.889476483397E0,1.066678294710E0,
-1.001372035331E1));
#7255=CARTESIAN_POINT('',(-6.889476483397E0,1.066678294710E0,
-1.013922067333E1));
#7256=CARTESIAN_POINT('',(-6.889476483397E0,1.066678294710E0,
-1.026472099334E1));
#7257=CARTESIAN_POINT('',(-6.889476483397E0,1.066678294710E0,
-1.039022131335E1));
#7258=CARTESIAN_POINT('',(-6.132048123177E0,3.316726490882E0,
-1.009051514498E1));
#7259=CARTESIAN_POINT('',(-6.132048123177E0,3.316726490882E0,
-1.021601546499E1));
#7260=CARTESIAN_POINT('',(-6.132048123177E0,3.316726490882E0,
-1.034151578501E1));
#7261=CARTESIAN_POINT('',(-6.132048123177E0,3.316726490882E0,
-1.046701610502E1));
#7262=CARTESIAN_POINT('',(-4.663491089329E0,5.182136592066E0,
-1.016730993665E1));
#7263=CARTESIAN_POINT('',(-4.663491089329E0,5.182136592066E0,
-1.029281025666E1));
#7264=CARTESIAN_POINT('',(-4.663491089329E0,5.182136592066E0,
-1.041831057667E1));
#7265=CARTESIAN_POINT('',(-4.663491089329E0,5.182136592066E0,
-1.054381089669E1));
#7266=CARTESIAN_POINT('',(-2.654112757532E0,6.446578493241E0,
-1.024410472831E1));
#7267=CARTESIAN_POINT('',(-2.654112757532E0,6.446578493241E0,
-1.036960504833E1));
#7268=CARTESIAN_POINT('',(-2.654112757532E0,6.446578493241E0,
-1.049510536834E1));
#7269=CARTESIAN_POINT('',(-2.654112757532E0,6.446578493241E0,
-1.062060568835E1));
#7270=CARTESIAN_POINT('',(-3.369391067197E-1,6.963415889735E0,
-1.032089951998E1));
#7271=CARTESIAN_POINT('',(-3.369391067197E-1,6.963415889735E0,
-1.044639983999E1));
#7272=CARTESIAN_POINT('',(-3.369391067197E-1,6.963415889735E0,
-1.057190016001E1));
#7273=CARTESIAN_POINT('',(-3.369391067197E-1,6.963415889735E0,
-1.069740048002E1));
#7274=CARTESIAN_POINT('',(2.019309085771E0,6.672711556633E0,-1.039769431165E1));
#7275=CARTESIAN_POINT('',(2.019309085771E0,6.672711556633E0,-1.052319463166E1));
#7276=CARTESIAN_POINT('',(2.019309085771E0,6.672711556633E0,-1.064869495167E1));
#7277=CARTESIAN_POINT('',(2.019309085771E0,6.672711556633E0,-1.077419527169E1));
#7278=CARTESIAN_POINT('',(4.141379687589E0,5.608178274639E0,-1.047448910331E1));
#7279=CARTESIAN_POINT('',(4.141379687589E0,5.608178274639E0,-1.059998942333E1));
#7280=CARTESIAN_POINT('',(4.141379687589E0,5.608178274639E0,-1.072548974334E1));
#7281=CARTESIAN_POINT('',(4.141379687589E0,5.608178274639E0,-1.085099006335E1));
#7282=CARTESIAN_POINT('',(5.783177623999E0,3.893268983647E0,-1.055128389498E1));
#7283=CARTESIAN_POINT('',(5.783177623999E0,3.893268983647E0,-1.067678421499E1));
#7284=CARTESIAN_POINT('',(5.783177623999E0,3.893268983647E0,-1.080228453501E1));
#7285=CARTESIAN_POINT('',(5.783177623999E0,3.893268983647E0,-1.092778485502E1));
#7286=CARTESIAN_POINT('',(6.754305880254E0,1.726860800459E0,-1.062807868665E1));
#7287=CARTESIAN_POINT('',(6.754305880254E0,1.726860800459E0,-1.075357900666E1));
#7288=CARTESIAN_POINT('',(6.754305880254E0,1.726860800459E0,-1.087907932667E1));
#7289=CARTESIAN_POINT('',(6.754305880254E0,1.726860800459E0,-1.100457964669E1));
#7290=CARTESIAN_POINT('',(6.942139886021E0,-6.398114197467E-1,
-1.070487347831E1));
#7291=CARTESIAN_POINT('',(6.942139886021E0,-6.398114197467E-1,
-1.083037379833E1));
#7292=CARTESIAN_POINT('',(6.942139886021E0,-6.398114197467E-1,
-1.095587411834E1));
#7293=CARTESIAN_POINT('',(6.942139886021E0,-6.398114197467E-1,
-1.108137443835E1));
#7294=CARTESIAN_POINT('',(6.324910155854E0,-2.932280063407E0,
-1.078166826998E1));
#7295=CARTESIAN_POINT('',(6.324910155854E0,-2.932280063407E0,
-1.090716858999E1));
#7296=CARTESIAN_POINT('',(6.324910155854E0,-2.932280063407E0,
-1.103266891001E1));
#7297=CARTESIAN_POINT('',(6.324910155854E0,-2.932280063407E0,
-1.115816923002E1));
#7298=CARTESIAN_POINT('',(4.974146042937E0,-4.884713820346E0,
-1.085846306165E1));
#7299=CARTESIAN_POINT('',(4.974146042937E0,-4.884713820346E0,
-1.098396338166E1));
#7300=CARTESIAN_POINT('',(4.974146042937E0,-4.884713820346E0,
-1.110946370167E1));
#7301=CARTESIAN_POINT('',(4.974146042937E0,-4.884713820346E0,
-1.123496402169E1));
#7302=CARTESIAN_POINT('',(3.689170161955E0,-5.808637509117E0,
-1.090965958943E1));
#7303=CARTESIAN_POINT('',(3.689170161955E0,-5.808637509117E0,
-1.103515990944E1));
#7304=CARTESIAN_POINT('',(3.689170161955E0,-5.808637509117E0,
-1.116066022945E1));
#7305=CARTESIAN_POINT('',(3.689170161955E0,-5.808637509117E0,
-1.128616054946E1));
#7306=CARTESIAN_POINT('',(2.987703287617E0,-6.149444686583E0,
-1.093525785331E1));
#7307=CARTESIAN_POINT('',(2.987703287617E0,-6.149444686583E0,
-1.106075817333E1));
#7308=CARTESIAN_POINT('',(2.987703287617E0,-6.149444686583E0,
-1.118625849334E1));
#7309=CARTESIAN_POINT('',(2.987703287617E0,-6.149444686583E0,
-1.131175881335E1));
#7310=B_SPLINE_SURFACE_WITH_KNOTS('',3,3,((#7170,#7171,#7172,#7173),(#7174,
#7175,#7176,#7177),(#7178,#7179,#7180,#7181),(#7182,#7183,#7184,#7185),(#7186,
#7187,#7188,#7189),(#7190,#7191,#7192,#7193),(#7194,#7195,#7196,#7197),(#7198,
#7199,#7200,#7201),(#7202,#7203,#7204,#7205),(#7206,#7207,#7208,#7209),(#7210,
#7211,#7212,#7213),(#7214,#7215,#7216,#7217),(#7218,#7219,#7220,#7221),(#7222,
#7223,#7224,#7225),(#7226,#7227,#7228,#7229),(#7230,#7231,#7232,#7233),(#7234,
#7235,#7236,#7237),(#7238,#7239,#7240,#7241),(#7242,#7243,#7244,#7245),(#7246,
#7247,#7248,#7249),(#7250,#7251,#7252,#7253),(#7254,#7255,#7256,#7257),(#7258,
#7259,#7260,#7261),(#7262,#7263,#7264,#7265),(#7266,#7267,#7268,#7269),(#7270,
#7271,#7272,#7273),(#7274,#7275,#7276,#7277),(#7278,#7279,#7280,#7281),(#7282,
#7283,#7284,#7285),(#7286,#7287,#7288,#7289),(#7290,#7291,#7292,#7293),(#7294,
#7295,#7296,#7297),(#7298,#7299,#7300,#7301),(#7302,#7303,#7304,#7305),(#7306,
#7307,#7308,#7309)),.UNSPECIFIED.,.F.,.F.,.F.,(4,1,1,1,1,1,1,1,1,1,1,1,1,1,1,1,
1,1,1,1,1,1,1,1,1,1,1,1,1,1,1,1,4),(4,4),(-1.232826086957E-2,7.705163043478E-3,
2.773858695652E-2,4.777201086957E-2,6.780543478261E-2,8.783885869565E-2,
1.078722826087E-1,1.279057065217E-1,1.479391304348E-1,1.679725543478E-1,
1.880059782609E-1,2.080394021739E-1,2.280728260870E-1,2.4810625E-1,
2.681396739130E-1,2.881730978261E-1,3.082065217391E-1,3.282399456522E-1,
3.482733695652E-1,3.683067934783E-1,3.883402173913E-1,4.083736413043E-1,
4.284070652174E-1,4.484404891304E-1,4.684739130435E-1,4.885073369565E-1,
5.085407608696E-1,5.285741847826E-1,5.486076086957E-1,5.686410326087E-1,
5.886744565217E-1,6.087078804348E-1,6.287413043478E-1),(-3.404391494810E-2,
1.034043914948E0),.UNSPECIFIED.);
#7311=ORIENTED_EDGE('',*,*,#5890,.F.);
#7312=ORIENTED_EDGE('',*,*,#6591,.F.);
#7313=ORIENTED_EDGE('',*,*,#6816,.F.);
#7315=ORIENTED_EDGE('',*,*,#7314,.T.);
#7316=EDGE_LOOP('',(#7311,#7312,#7313,#7315));
#7317=FACE_OUTER_BOUND('',#7316,.F.);
#7319=CARTESIAN_POINT('',(-6.277237924459E0,-2.708934278995E0,
-8.477824519981E0));
#7320=CARTESIAN_POINT('',(-6.586245933852E0,-1.992890035853E0,
-8.503422783870E0));
#7321=CARTESIAN_POINT('',(-6.956741316047E0,-4.542116519313E-1,
-8.554619311647E0));
#7322=CARTESIAN_POINT('',(-6.705781905998E0,1.906631553046E0,
-8.631414103314E0));
#7323=CARTESIAN_POINT('',(-5.677140909978E0,4.046323755975E0,
-8.708208894981E0));
#7324=CARTESIAN_POINT('',(-3.990131143828E0,5.716777903963E0,
-8.785003686647E0));
#7325=CARTESIAN_POINT('',(-1.840387834073E0,6.724259024603E0,
-8.861798478314E0));
#7326=CARTESIAN_POINT('',(5.227834318644E-1,6.951934030202E0,
-8.938593269981E0));
#7327=CARTESIAN_POINT('',(2.825328015052E0,6.373398646661E0,-9.015388061647E0));
#7328=CARTESIAN_POINT('',(4.800221563754E0,5.055745420204E0,-9.092182853314E0));
#7329=CARTESIAN_POINT('',(6.218437297119E0,3.151781461493E0,-9.168977644981E0));
#7330=CARTESIAN_POINT('',(6.915505872603E0,8.823079536474E-1,
-9.245772436647E0));
#7331=CARTESIAN_POINT('',(6.810588812119E0,-1.489486096789E0,
-9.322567228314E0));
#7332=CARTESIAN_POINT('',(5.915853261931E0,-3.688545646049E0,
-9.399362019981E0));
#7333=CARTESIAN_POINT('',(4.335060982056E0,-5.459847532830E0,
-9.476156811647E0));
#7334=CARTESIAN_POINT('',(2.251535177726E0,-6.597975306357E0,
-9.552951603314E0));
#7335=CARTESIAN_POINT('',(-9.309934456589E-2,-6.970941207032E0,
-9.629746394981E0));
#7336=CARTESIAN_POINT('',(-2.426937210984E0,-6.535492680264E0,
-9.706541186647E0));
#7337=CARTESIAN_POINT('',(-4.479325127160E0,-5.342128340375E0,
-9.783335978314E0));
#7338=CARTESIAN_POINT('',(-6.012249322377E0,-3.529241687022E0,
-9.860130769981E0));
#7339=CARTESIAN_POINT('',(-6.847937814524E0,-1.307071722713E0,
-9.936925561647E0));
#7340=CARTESIAN_POINT('',(-6.889476483397E0,1.066678294710E0,
-1.001372035331E1));
#7341=CARTESIAN_POINT('',(-6.132048123177E0,3.316726490882E0,
-1.009051514498E1));
#7342=CARTESIAN_POINT('',(-4.663491089329E0,5.182136592066E0,
-1.016730993665E1));
#7343=CARTESIAN_POINT('',(-2.654112757532E0,6.446578493241E0,
-1.024410472831E1));
#7344=CARTESIAN_POINT('',(-3.369391067197E-1,6.963415889735E0,
-1.032089951998E1));
#7345=CARTESIAN_POINT('',(2.019309085771E0,6.672711556633E0,-1.039769431165E1));
#7346=CARTESIAN_POINT('',(4.141379687589E0,5.608178274639E0,-1.047448910331E1));
#7347=CARTESIAN_POINT('',(5.783177623999E0,3.893268983647E0,-1.055128389498E1));
#7348=CARTESIAN_POINT('',(6.754305880254E0,1.726860800459E0,-1.062807868665E1));
#7349=CARTESIAN_POINT('',(6.942139886021E0,-6.398114197467E-1,
-1.070487347831E1));
#7350=CARTESIAN_POINT('',(6.324910155854E0,-2.932280063407E0,
-1.078166826998E1));
#7351=CARTESIAN_POINT('',(4.974146042937E0,-4.884713820346E0,
-1.085846306165E1));
#7352=CARTESIAN_POINT('',(3.689170161955E0,-5.808637509117E0,
-1.090965958943E1));
#7353=CARTESIAN_POINT('',(2.987703287617E0,-6.149444686583E0,
-1.093525785331E1));
#7354=CARTESIAN_POINT('',(-6.277237924459E0,-2.708934278995E0,
-8.603324839994E0));
#7355=CARTESIAN_POINT('',(-6.586245933852E0,-1.992890035853E0,
-8.628923103882E0));
#7356=CARTESIAN_POINT('',(-6.956741316047E0,-4.542116519313E-1,
-8.680119631660E0));
#7357=CARTESIAN_POINT('',(-6.705781905998E0,1.906631553046E0,
-8.756914423327E0));
#7358=CARTESIAN_POINT('',(-5.677140909978E0,4.046323755975E0,
-8.833709214994E0));
#7359=CARTESIAN_POINT('',(-3.990131143828E0,5.716777903963E0,
-8.910504006660E0));
#7360=CARTESIAN_POINT('',(-1.840387834073E0,6.724259024603E0,
-8.987298798327E0));
#7361=CARTESIAN_POINT('',(5.227834318644E-1,6.951934030202E0,
-9.064093589994E0));
#7362=CARTESIAN_POINT('',(2.825328015052E0,6.373398646661E0,-9.140888381660E0));
#7363=CARTESIAN_POINT('',(4.800221563754E0,5.055745420204E0,-9.217683173327E0));
#7364=CARTESIAN_POINT('',(6.218437297119E0,3.151781461493E0,-9.294477964994E0));
#7365=CARTESIAN_POINT('',(6.915505872603E0,8.823079536474E-1,
-9.371272756660E0));
#7366=CARTESIAN_POINT('',(6.810588812119E0,-1.489486096789E0,
-9.448067548327E0));
#7367=CARTESIAN_POINT('',(5.915853261931E0,-3.688545646049E0,
-9.524862339994E0));
#7368=CARTESIAN_POINT('',(4.335060982056E0,-5.459847532830E0,
-9.601657131660E0));
#7369=CARTESIAN_POINT('',(2.251535177726E0,-6.597975306357E0,
-9.678451923327E0));
#7370=CARTESIAN_POINT('',(-9.309934456589E-2,-6.970941207032E0,
-9.755246714994E0));
#7371=CARTESIAN_POINT('',(-2.426937210984E0,-6.535492680264E0,
-9.832041506660E0));
#7372=CARTESIAN_POINT('',(-4.479325127160E0,-5.342128340375E0,
-9.908836298327E0));
#7373=CARTESIAN_POINT('',(-6.012249322377E0,-3.529241687022E0,
-9.985631089994E0));
#7374=CARTESIAN_POINT('',(-6.847937814524E0,-1.307071722713E0,
-1.006242588166E1));
#7375=CARTESIAN_POINT('',(-6.889476483397E0,1.066678294710E0,
-1.013922067333E1));
#7376=CARTESIAN_POINT('',(-6.132048123177E0,3.316726490882E0,
-1.021601546499E1));
#7377=CARTESIAN_POINT('',(-4.663491089329E0,5.182136592066E0,
-1.029281025666E1));
#7378=CARTESIAN_POINT('',(-2.654112757532E0,6.446578493241E0,
-1.036960504833E1));
#7379=CARTESIAN_POINT('',(-3.369391067197E-1,6.963415889735E0,
-1.044639983999E1));
#7380=CARTESIAN_POINT('',(2.019309085771E0,6.672711556633E0,-1.052319463166E1));
#7381=CARTESIAN_POINT('',(4.141379687589E0,5.608178274639E0,-1.059998942333E1));
#7382=CARTESIAN_POINT('',(5.783177623999E0,3.893268983647E0,-1.067678421499E1));
#7383=CARTESIAN_POINT('',(6.754305880254E0,1.726860800459E0,-1.075357900666E1));
#7384=CARTESIAN_POINT('',(6.942139886021E0,-6.398114197467E-1,
-1.083037379833E1));
#7385=CARTESIAN_POINT('',(6.324910155854E0,-2.932280063407E0,
-1.090716858999E1));
#7386=CARTESIAN_POINT('',(4.974146042937E0,-4.884713820346E0,
-1.098396338166E1));
#7387=CARTESIAN_POINT('',(3.689170161955E0,-5.808637509117E0,
-1.103515990944E1));
#7388=CARTESIAN_POINT('',(2.987703287617E0,-6.149444686583E0,
-1.106075817333E1));
#7389=CARTESIAN_POINT('',(-6.277237924459E0,-2.708934278995E0,
-8.728825160006E0));
#7390=CARTESIAN_POINT('',(-6.586245933852E0,-1.992890035853E0,
-8.754423423895E0));
#7391=CARTESIAN_POINT('',(-6.956741316047E0,-4.542116519313E-1,
-8.805619951673E0));
#7392=CARTESIAN_POINT('',(-6.705781905998E0,1.906631553046E0,
-8.882414743340E0));
#7393=CARTESIAN_POINT('',(-5.677140909978E0,4.046323755975E0,
-8.959209535006E0));
#7394=CARTESIAN_POINT('',(-3.990131143828E0,5.716777903963E0,
-9.036004326673E0));
#7395=CARTESIAN_POINT('',(-1.840387834073E0,6.724259024603E0,
-9.112799118340E0));
#7396=CARTESIAN_POINT('',(5.227834318644E-1,6.951934030202E0,
-9.189593910006E0));
#7397=CARTESIAN_POINT('',(2.825328015052E0,6.373398646661E0,-9.266388701673E0));
#7398=CARTESIAN_POINT('',(4.800221563754E0,5.055745420204E0,-9.343183493340E0));
#7399=CARTESIAN_POINT('',(6.218437297119E0,3.151781461493E0,-9.419978285006E0));
#7400=CARTESIAN_POINT('',(6.915505872603E0,8.823079536474E-1,
-9.496773076673E0));
#7401=CARTESIAN_POINT('',(6.810588812119E0,-1.489486096789E0,
-9.573567868340E0));
#7402=CARTESIAN_POINT('',(5.915853261931E0,-3.688545646049E0,
-9.650362660006E0));
#7403=CARTESIAN_POINT('',(4.335060982056E0,-5.459847532830E0,
-9.727157451673E0));
#7404=CARTESIAN_POINT('',(2.251535177726E0,-6.597975306357E0,
-9.803952243340E0));
#7405=CARTESIAN_POINT('',(-9.309934456589E-2,-6.970941207032E0,
-9.880747035006E0));
#7406=CARTESIAN_POINT('',(-2.426937210984E0,-6.535492680264E0,
-9.957541826673E0));
#7407=CARTESIAN_POINT('',(-4.479325127160E0,-5.342128340375E0,
-1.003433661834E1));
#7408=CARTESIAN_POINT('',(-6.012249322377E0,-3.529241687022E0,
-1.011113141001E1));
#7409=CARTESIAN_POINT('',(-6.847937814524E0,-1.307071722713E0,
-1.018792620167E1));
#7410=CARTESIAN_POINT('',(-6.889476483397E0,1.066678294710E0,
-1.026472099334E1));
#7411=CARTESIAN_POINT('',(-6.132048123177E0,3.316726490882E0,
-1.034151578501E1));
#7412=CARTESIAN_POINT('',(-4.663491089329E0,5.182136592066E0,
-1.041831057667E1));
#7413=CARTESIAN_POINT('',(-2.654112757532E0,6.446578493241E0,
-1.049510536834E1));
#7414=CARTESIAN_POINT('',(-3.369391067197E-1,6.963415889735E0,
-1.057190016001E1));
#7415=CARTESIAN_POINT('',(2.019309085771E0,6.672711556633E0,-1.064869495167E1));
#7416=CARTESIAN_POINT('',(4.141379687589E0,5.608178274639E0,-1.072548974334E1));
#7417=CARTESIAN_POINT('',(5.783177623999E0,3.893268983647E0,-1.080228453501E1));
#7418=CARTESIAN_POINT('',(6.754305880254E0,1.726860800459E0,-1.087907932667E1));
#7419=CARTESIAN_POINT('',(6.942139886021E0,-6.398114197467E-1,
-1.095587411834E1));
#7420=CARTESIAN_POINT('',(6.324910155854E0,-2.932280063407E0,
-1.103266891001E1));
#7421=CARTESIAN_POINT('',(4.974146042937E0,-4.884713820346E0,
-1.110946370167E1));
#7422=CARTESIAN_POINT('',(3.689170161955E0,-5.808637509117E0,
-1.116066022945E1));
#7423=CARTESIAN_POINT('',(2.987703287617E0,-6.149444686583E0,
-1.118625849334E1));
#7424=CARTESIAN_POINT('',(-6.277237924459E0,-2.708934278995E0,
-8.854325480019E0));
#7425=CARTESIAN_POINT('',(-6.586245933852E0,-1.992890035853E0,
-8.879923743908E0));
#7426=CARTESIAN_POINT('',(-6.956741316047E0,-4.542116519313E-1,
-8.931120271686E0));
#7427=CARTESIAN_POINT('',(-6.705781905998E0,1.906631553046E0,
-9.007915063353E0));
#7428=CARTESIAN_POINT('',(-5.677140909978E0,4.046323755975E0,
-9.084709855019E0));
#7429=CARTESIAN_POINT('',(-3.990131143828E0,5.716777903963E0,
-9.161504646686E0));
#7430=CARTESIAN_POINT('',(-1.840387834073E0,6.724259024603E0,
-9.238299438353E0));
#7431=CARTESIAN_POINT('',(5.227834318644E-1,6.951934030202E0,
-9.315094230019E0));
#7432=CARTESIAN_POINT('',(2.825328015052E0,6.373398646661E0,-9.391889021686E0));
#7433=CARTESIAN_POINT('',(4.800221563754E0,5.055745420204E0,-9.468683813353E0));
#7434=CARTESIAN_POINT('',(6.218437297119E0,3.151781461493E0,-9.545478605019E0));
#7435=CARTESIAN_POINT('',(6.915505872603E0,8.823079536474E-1,
-9.622273396686E0));
#7436=CARTESIAN_POINT('',(6.810588812119E0,-1.489486096789E0,
-9.699068188353E0));
#7437=CARTESIAN_POINT('',(5.915853261931E0,-3.688545646049E0,
-9.775862980019E0));
#7438=CARTESIAN_POINT('',(4.335060982056E0,-5.459847532830E0,
-9.852657771686E0));
#7439=CARTESIAN_POINT('',(2.251535177726E0,-6.597975306357E0,
-9.929452563353E0));
#7440=CARTESIAN_POINT('',(-9.309934456589E-2,-6.970941207032E0,
-1.000624735502E1));
#7441=CARTESIAN_POINT('',(-2.426937210984E0,-6.535492680264E0,
-1.008304214669E1));
#7442=CARTESIAN_POINT('',(-4.479325127160E0,-5.342128340375E0,
-1.015983693835E1));
#7443=CARTESIAN_POINT('',(-6.012249322377E0,-3.529241687022E0,
-1.023663173002E1));
#7444=CARTESIAN_POINT('',(-6.847937814524E0,-1.307071722713E0,
-1.031342652169E1));
#7445=CARTESIAN_POINT('',(-6.889476483397E0,1.066678294710E0,
-1.039022131335E1));
#7446=CARTESIAN_POINT('',(-6.132048123177E0,3.316726490882E0,
-1.046701610502E1));
#7447=CARTESIAN_POINT('',(-4.663491089329E0,5.182136592066E0,
-1.054381089669E1));
#7448=CARTESIAN_POINT('',(-2.654112757532E0,6.446578493241E0,
-1.062060568835E1));
#7449=CARTESIAN_POINT('',(-3.369391067197E-1,6.963415889735E0,
-1.069740048002E1));
#7450=CARTESIAN_POINT('',(2.019309085771E0,6.672711556633E0,-1.077419527169E1));
#7451=CARTESIAN_POINT('',(4.141379687589E0,5.608178274639E0,-1.085099006335E1));
#7452=CARTESIAN_POINT('',(5.783177623999E0,3.893268983647E0,-1.092778485502E1));
#7453=CARTESIAN_POINT('',(6.754305880254E0,1.726860800459E0,-1.100457964669E1));
#7454=CARTESIAN_POINT('',(6.942139886021E0,-6.398114197467E-1,
-1.108137443835E1));
#7455=CARTESIAN_POINT('',(6.324910155854E0,-2.932280063407E0,
-1.115816923002E1));
#7456=CARTESIAN_POINT('',(4.974146042937E0,-4.884713820346E0,
-1.123496402169E1));
#7457=CARTESIAN_POINT('',(3.689170161955E0,-5.808637509117E0,
-1.128616054946E1));
#7458=CARTESIAN_POINT('',(2.987703287617E0,-6.149444686583E0,
-1.131175881335E1));
#7459=B_SPLINE_SURFACE_WITH_KNOTS('',3,3,((#7319,#7320,#7321,#7322,#7323,#7324,
#7325,#7326,#7327,#7328,#7329,#7330,#7331,#7332,#7333,#7334,#7335,#7336,#7337,
#7338,#7339,#7340,#7341,#7342,#7343,#7344,#7345,#7346,#7347,#7348,#7349,#7350,
#7351,#7352,#7353),(#7354,#7355,#7356,#7357,#7358,#7359,#7360,#7361,#7362,#7363,
#7364,#7365,#7366,#7367,#7368,#7369,#7370,#7371,#7372,#7373,#7374,#7375,#7376,
#7377,#7378,#7379,#7380,#7381,#7382,#7383,#7384,#7385,#7386,#7387,#7388),(#7389,
#7390,#7391,#7392,#7393,#7394,#7395,#7396,#7397,#7398,#7399,#7400,#7401,#7402,
#7403,#7404,#7405,#7406,#7407,#7408,#7409,#7410,#7411,#7412,#7413,#7414,#7415,
#7416,#7417,#7418,#7419,#7420,#7421,#7422,#7423),(#7424,#7425,#7426,#7427,#7428,
#7429,#7430,#7431,#7432,#7433,#7434,#7435,#7436,#7437,#7438,#7439,#7440,#7441,
#7442,#7443,#7444,#7445,#7446,#7447,#7448,#7449,#7450,#7451,#7452,#7453,#7454,
#7455,#7456,#7457,#7458)),.UNSPECIFIED.,.F.,.F.,.F.,(4,4),(4,1,1,1,1,1,1,1,1,1,
1,1,1,1,1,1,1,1,1,1,1,1,1,1,1,1,1,1,1,1,1,1,4),(-3.404391494810E-2,
1.034043914948E0),(-1.232826086957E-2,7.705163043478E-3,2.773858695652E-2,
4.777201086957E-2,6.780543478261E-2,8.783885869565E-2,1.078722826087E-1,
1.279057065217E-1,1.479391304348E-1,1.679725543478E-1,1.880059782609E-1,
2.080394021739E-1,2.280728260870E-1,2.4810625E-1,2.681396739130E-1,
2.881730978261E-1,3.082065217391E-1,3.282399456522E-1,3.482733695652E-1,
3.683067934783E-1,3.883402173913E-1,4.083736413043E-1,4.284070652174E-1,
4.484404891304E-1,4.684739130435E-1,4.885073369565E-1,5.085407608696E-1,
5.285741847826E-1,5.486076086957E-1,5.686410326087E-1,5.886744565217E-1,
6.087078804348E-1,6.287413043478E-1),.UNSPECIFIED.);
#7460=ORIENTED_EDGE('',*,*,#5959,.T.);
#7461=ORIENTED_EDGE('',*,*,#6844,.F.);
#7462=ORIENTED_EDGE('',*,*,#6437,.F.);
#7463=ORIENTED_EDGE('',*,*,#5861,.F.);
#7465=ORIENTED_EDGE('',*,*,#7464,.T.);
#7466=EDGE_LOOP('',(#7460,#7461,#7462,#7463,#7465));
#7467=FACE_OUTER_BOUND('',#7466,.F.);
#7469=CARTESIAN_POINT('',(-6.277237924459E0,-2.708934278995E0,
-8.477824519981E0));
#7470=CARTESIAN_POINT('',(-6.277237924459E0,-2.708934278995E0,
-8.603324839994E0));
#7471=CARTESIAN_POINT('',(-6.277237924459E0,-2.708934278995E0,
-8.728825160006E0));
#7472=CARTESIAN_POINT('',(-6.277237924459E0,-2.708934278995E0,
-8.854325480019E0));
#7473=CARTESIAN_POINT('',(-6.586245933852E0,-1.992890035853E0,
-8.503422783870E0));
#7474=CARTESIAN_POINT('',(-6.586245933852E0,-1.992890035853E0,
-8.628923103882E0));
#7475=CARTESIAN_POINT('',(-6.586245933852E0,-1.992890035853E0,
-8.754423423895E0));
#7476=CARTESIAN_POINT('',(-6.586245933852E0,-1.992890035853E0,
-8.879923743908E0));
#7477=CARTESIAN_POINT('',(-6.956741316047E0,-4.542116519313E-1,
-8.554619311647E0));
#7478=CARTESIAN_POINT('',(-6.956741316047E0,-4.542116519313E-1,
-8.680119631660E0));
#7479=CARTESIAN_POINT('',(-6.956741316047E0,-4.542116519313E-1,
-8.805619951673E0));
#7480=CARTESIAN_POINT('',(-6.956741316047E0,-4.542116519313E-1,
-8.931120271686E0));
#7481=CARTESIAN_POINT('',(-6.705781905998E0,1.906631553046E0,
-8.631414103314E0));
#7482=CARTESIAN_POINT('',(-6.705781905998E0,1.906631553046E0,
-8.756914423327E0));
#7483=CARTESIAN_POINT('',(-6.705781905998E0,1.906631553046E0,
-8.882414743340E0));
#7484=CARTESIAN_POINT('',(-6.705781905998E0,1.906631553046E0,
-9.007915063353E0));
#7485=CARTESIAN_POINT('',(-5.677140909978E0,4.046323755975E0,
-8.708208894981E0));
#7486=CARTESIAN_POINT('',(-5.677140909978E0,4.046323755975E0,
-8.833709214994E0));
#7487=CARTESIAN_POINT('',(-5.677140909978E0,4.046323755975E0,
-8.959209535006E0));
#7488=CARTESIAN_POINT('',(-5.677140909978E0,4.046323755975E0,
-9.084709855019E0));
#7489=CARTESIAN_POINT('',(-3.990131143828E0,5.716777903963E0,
-8.785003686647E0));
#7490=CARTESIAN_POINT('',(-3.990131143828E0,5.716777903963E0,
-8.910504006660E0));
#7491=CARTESIAN_POINT('',(-3.990131143828E0,5.716777903963E0,
-9.036004326673E0));
#7492=CARTESIAN_POINT('',(-3.990131143828E0,5.716777903963E0,
-9.161504646686E0));
#7493=CARTESIAN_POINT('',(-1.840387834073E0,6.724259024603E0,
-8.861798478314E0));
#7494=CARTESIAN_POINT('',(-1.840387834073E0,6.724259024603E0,
-8.987298798327E0));
#7495=CARTESIAN_POINT('',(-1.840387834073E0,6.724259024603E0,
-9.112799118340E0));
#7496=CARTESIAN_POINT('',(-1.840387834073E0,6.724259024603E0,
-9.238299438353E0));
#7497=CARTESIAN_POINT('',(5.227834318644E-1,6.951934030202E0,
-8.938593269981E0));
#7498=CARTESIAN_POINT('',(5.227834318644E-1,6.951934030202E0,
-9.064093589994E0));
#7499=CARTESIAN_POINT('',(5.227834318644E-1,6.951934030202E0,
-9.189593910006E0));
#7500=CARTESIAN_POINT('',(5.227834318644E-1,6.951934030202E0,
-9.315094230019E0));
#7501=CARTESIAN_POINT('',(2.825328015052E0,6.373398646661E0,-9.015388061647E0));
#7502=CARTESIAN_POINT('',(2.825328015052E0,6.373398646661E0,-9.140888381660E0));
#7503=CARTESIAN_POINT('',(2.825328015052E0,6.373398646661E0,-9.266388701673E0));
#7504=CARTESIAN_POINT('',(2.825328015052E0,6.373398646661E0,-9.391889021686E0));
#7505=CARTESIAN_POINT('',(4.800221563754E0,5.055745420204E0,-9.092182853314E0));
#7506=CARTESIAN_POINT('',(4.800221563754E0,5.055745420204E0,-9.217683173327E0));
#7507=CARTESIAN_POINT('',(4.800221563754E0,5.055745420204E0,-9.343183493340E0));
#7508=CARTESIAN_POINT('',(4.800221563754E0,5.055745420204E0,-9.468683813353E0));
#7509=CARTESIAN_POINT('',(6.218437297119E0,3.151781461493E0,-9.168977644981E0));
#7510=CARTESIAN_POINT('',(6.218437297119E0,3.151781461493E0,-9.294477964994E0));
#7511=CARTESIAN_POINT('',(6.218437297119E0,3.151781461493E0,-9.419978285006E0));
#7512=CARTESIAN_POINT('',(6.218437297119E0,3.151781461493E0,-9.545478605019E0));
#7513=CARTESIAN_POINT('',(6.915505872603E0,8.823079536474E-1,
-9.245772436647E0));
#7514=CARTESIAN_POINT('',(6.915505872603E0,8.823079536474E-1,
-9.371272756660E0));
#7515=CARTESIAN_POINT('',(6.915505872603E0,8.823079536474E-1,
-9.496773076673E0));
#7516=CARTESIAN_POINT('',(6.915505872603E0,8.823079536474E-1,
-9.622273396686E0));
#7517=CARTESIAN_POINT('',(6.810588812119E0,-1.489486096789E0,
-9.322567228314E0));
#7518=CARTESIAN_POINT('',(6.810588812119E0,-1.489486096789E0,
-9.448067548327E0));
#7519=CARTESIAN_POINT('',(6.810588812119E0,-1.489486096789E0,
-9.573567868340E0));
#7520=CARTESIAN_POINT('',(6.810588812119E0,-1.489486096789E0,
-9.699068188353E0));
#7521=CARTESIAN_POINT('',(5.915853261931E0,-3.688545646049E0,
-9.399362019981E0));
#7522=CARTESIAN_POINT('',(5.915853261931E0,-3.688545646049E0,
-9.524862339994E0));
#7523=CARTESIAN_POINT('',(5.915853261931E0,-3.688545646049E0,
-9.650362660006E0));
#7524=CARTESIAN_POINT('',(5.915853261931E0,-3.688545646049E0,
-9.775862980019E0));
#7525=CARTESIAN_POINT('',(4.335060982056E0,-5.459847532830E0,
-9.476156811647E0));
#7526=CARTESIAN_POINT('',(4.335060982056E0,-5.459847532830E0,
-9.601657131660E0));
#7527=CARTESIAN_POINT('',(4.335060982056E0,-5.459847532830E0,
-9.727157451673E0));
#7528=CARTESIAN_POINT('',(4.335060982056E0,-5.459847532830E0,
-9.852657771686E0));
#7529=CARTESIAN_POINT('',(2.251535177726E0,-6.597975306357E0,
-9.552951603314E0));
#7530=CARTESIAN_POINT('',(2.251535177726E0,-6.597975306357E0,
-9.678451923327E0));
#7531=CARTESIAN_POINT('',(2.251535177726E0,-6.597975306357E0,
-9.803952243340E0));
#7532=CARTESIAN_POINT('',(2.251535177726E0,-6.597975306357E0,
-9.929452563353E0));
#7533=CARTESIAN_POINT('',(-9.309934456589E-2,-6.970941207032E0,
-9.629746394981E0));
#7534=CARTESIAN_POINT('',(-9.309934456589E-2,-6.970941207032E0,
-9.755246714994E0));
#7535=CARTESIAN_POINT('',(-9.309934456589E-2,-6.970941207032E0,
-9.880747035006E0));
#7536=CARTESIAN_POINT('',(-9.309934456589E-2,-6.970941207032E0,
-1.000624735502E1));
#7537=CARTESIAN_POINT('',(-2.426937210984E0,-6.535492680264E0,
-9.706541186647E0));
#7538=CARTESIAN_POINT('',(-2.426937210984E0,-6.535492680264E0,
-9.832041506660E0));
#7539=CARTESIAN_POINT('',(-2.426937210984E0,-6.535492680264E0,
-9.957541826673E0));
#7540=CARTESIAN_POINT('',(-2.426937210984E0,-6.535492680264E0,
-1.008304214669E1));
#7541=CARTESIAN_POINT('',(-4.479325127160E0,-5.342128340375E0,
-9.783335978314E0));
#7542=CARTESIAN_POINT('',(-4.479325127160E0,-5.342128340375E0,
-9.908836298327E0));
#7543=CARTESIAN_POINT('',(-4.479325127160E0,-5.342128340375E0,
-1.003433661834E1));
#7544=CARTESIAN_POINT('',(-4.479325127160E0,-5.342128340375E0,
-1.015983693835E1));
#7545=CARTESIAN_POINT('',(-6.012249322377E0,-3.529241687022E0,
-9.860130769981E0));
#7546=CARTESIAN_POINT('',(-6.012249322377E0,-3.529241687022E0,
-9.985631089994E0));
#7547=CARTESIAN_POINT('',(-6.012249322377E0,-3.529241687022E0,
-1.011113141001E1));
#7548=CARTESIAN_POINT('',(-6.012249322377E0,-3.529241687022E0,
-1.023663173002E1));
#7549=CARTESIAN_POINT('',(-6.847937814524E0,-1.307071722713E0,
-9.936925561647E0));
#7550=CARTESIAN_POINT('',(-6.847937814524E0,-1.307071722713E0,
-1.006242588166E1));
#7551=CARTESIAN_POINT('',(-6.847937814524E0,-1.307071722713E0,
-1.018792620167E1));
#7552=CARTESIAN_POINT('',(-6.847937814524E0,-1.307071722713E0,
-1.031342652169E1));
#7553=CARTESIAN_POINT('',(-6.889476483397E0,1.066678294710E0,
-1.001372035331E1));
#7554=CARTESIAN_POINT('',(-6.889476483397E0,1.066678294710E0,
-1.013922067333E1));
#7555=CARTESIAN_POINT('',(-6.889476483397E0,1.066678294710E0,
-1.026472099334E1));
#7556=CARTESIAN_POINT('',(-6.889476483397E0,1.066678294710E0,
-1.039022131335E1));
#7557=CARTESIAN_POINT('',(-6.132048123177E0,3.316726490882E0,
-1.009051514498E1));
#7558=CARTESIAN_POINT('',(-6.132048123177E0,3.316726490882E0,
-1.021601546499E1));
#7559=CARTESIAN_POINT('',(-6.132048123177E0,3.316726490882E0,
-1.034151578501E1));
#7560=CARTESIAN_POINT('',(-6.132048123177E0,3.316726490882E0,
-1.046701610502E1));
#7561=CARTESIAN_POINT('',(-4.663491089329E0,5.182136592066E0,
-1.016730993665E1));
#7562=CARTESIAN_POINT('',(-4.663491089329E0,5.182136592066E0,
-1.029281025666E1));
#7563=CARTESIAN_POINT('',(-4.663491089329E0,5.182136592066E0,
-1.041831057667E1));
#7564=CARTESIAN_POINT('',(-4.663491089329E0,5.182136592066E0,
-1.054381089669E1));
#7565=CARTESIAN_POINT('',(-2.654112757532E0,6.446578493241E0,
-1.024410472831E1));
#7566=CARTESIAN_POINT('',(-2.654112757532E0,6.446578493241E0,
-1.036960504833E1));
#7567=CARTESIAN_POINT('',(-2.654112757532E0,6.446578493241E0,
-1.049510536834E1));
#7568=CARTESIAN_POINT('',(-2.654112757532E0,6.446578493241E0,
-1.062060568835E1));
#7569=CARTESIAN_POINT('',(-3.369391067197E-1,6.963415889735E0,
-1.032089951998E1));
#7570=CARTESIAN_POINT('',(-3.369391067197E-1,6.963415889735E0,
-1.044639983999E1));
#7571=CARTESIAN_POINT('',(-3.369391067197E-1,6.963415889735E0,
-1.057190016001E1));
#7572=CARTESIAN_POINT('',(-3.369391067197E-1,6.963415889735E0,
-1.069740048002E1));
#7573=CARTESIAN_POINT('',(2.019309085771E0,6.672711556633E0,-1.039769431165E1));
#7574=CARTESIAN_POINT('',(2.019309085771E0,6.672711556633E0,-1.052319463166E1));
#7575=CARTESIAN_POINT('',(2.019309085771E0,6.672711556633E0,-1.064869495167E1));
#7576=CARTESIAN_POINT('',(2.019309085771E0,6.672711556633E0,-1.077419527169E1));
#7577=CARTESIAN_POINT('',(4.141379687589E0,5.608178274639E0,-1.047448910331E1));
#7578=CARTESIAN_POINT('',(4.141379687589E0,5.608178274639E0,-1.059998942333E1));
#7579=CARTESIAN_POINT('',(4.141379687589E0,5.608178274639E0,-1.072548974334E1));
#7580=CARTESIAN_POINT('',(4.141379687589E0,5.608178274639E0,-1.085099006335E1));
#7581=CARTESIAN_POINT('',(5.783177623999E0,3.893268983647E0,-1.055128389498E1));
#7582=CARTESIAN_POINT('',(5.783177623999E0,3.893268983647E0,-1.067678421499E1));
#7583=CARTESIAN_POINT('',(5.783177623999E0,3.893268983647E0,-1.080228453501E1));
#7584=CARTESIAN_POINT('',(5.783177623999E0,3.893268983647E0,-1.092778485502E1));
#7585=CARTESIAN_POINT('',(6.754305880254E0,1.726860800459E0,-1.062807868665E1));
#7586=CARTESIAN_POINT('',(6.754305880254E0,1.726860800459E0,-1.075357900666E1));
#7587=CARTESIAN_POINT('',(6.754305880254E0,1.726860800459E0,-1.087907932667E1));
#7588=CARTESIAN_POINT('',(6.754305880254E0,1.726860800459E0,-1.100457964669E1));
#7589=CARTESIAN_POINT('',(6.942139886021E0,-6.398114197467E-1,
-1.070487347831E1));
#7590=CARTESIAN_POINT('',(6.942139886021E0,-6.398114197467E-1,
-1.083037379833E1));
#7591=CARTESIAN_POINT('',(6.942139886021E0,-6.398114197467E-1,
-1.095587411834E1));
#7592=CARTESIAN_POINT('',(6.942139886021E0,-6.398114197467E-1,
-1.108137443835E1));
#7593=CARTESIAN_POINT('',(6.324910155854E0,-2.932280063407E0,
-1.078166826998E1));
#7594=CARTESIAN_POINT('',(6.324910155854E0,-2.932280063407E0,
-1.090716858999E1));
#7595=CARTESIAN_POINT('',(6.324910155854E0,-2.932280063407E0,
-1.103266891001E1));
#7596=CARTESIAN_POINT('',(6.324910155854E0,-2.932280063407E0,
-1.115816923002E1));
#7597=CARTESIAN_POINT('',(4.974146042937E0,-4.884713820346E0,
-1.085846306165E1));
#7598=CARTESIAN_POINT('',(4.974146042937E0,-4.884713820346E0,
-1.098396338166E1));
#7599=CARTESIAN_POINT('',(4.974146042937E0,-4.884713820346E0,
-1.110946370167E1));
#7600=CARTESIAN_POINT('',(4.974146042937E0,-4.884713820346E0,
-1.123496402169E1));
#7601=CARTESIAN_POINT('',(3.689170161955E0,-5.808637509117E0,
-1.090965958943E1));
#7602=CARTESIAN_POINT('',(3.689170161955E0,-5.808637509117E0,
-1.103515990944E1));
#7603=CARTESIAN_POINT('',(3.689170161955E0,-5.808637509117E0,
-1.116066022945E1));
#7604=CARTESIAN_POINT('',(3.689170161955E0,-5.808637509117E0,
-1.128616054946E1));
#7605=CARTESIAN_POINT('',(2.987703287617E0,-6.149444686583E0,
-1.093525785331E1));
#7606=CARTESIAN_POINT('',(2.987703287617E0,-6.149444686583E0,
-1.106075817333E1));
#7607=CARTESIAN_POINT('',(2.987703287617E0,-6.149444686583E0,
-1.118625849334E1));
#7608=CARTESIAN_POINT('',(2.987703287617E0,-6.149444686583E0,
-1.131175881335E1));
#7609=B_SPLINE_SURFACE_WITH_KNOTS('',3,3,((#7469,#7470,#7471,#7472),(#7473,
#7474,#7475,#7476),(#7477,#7478,#7479,#7480),(#7481,#7482,#7483,#7484),(#7485,
#7486,#7487,#7488),(#7489,#7490,#7491,#7492),(#7493,#7494,#7495,#7496),(#7497,
#7498,#7499,#7500),(#7501,#7502,#7503,#7504),(#7505,#7506,#7507,#7508),(#7509,
#7510,#7511,#7512),(#7513,#7514,#7515,#7516),(#7517,#7518,#7519,#7520),(#7521,
#7522,#7523,#7524),(#7525,#7526,#7527,#7528),(#7529,#7530,#7531,#7532),(#7533,
#7534,#7535,#7536),(#7537,#7538,#7539,#7540),(#7541,#7542,#7543,#7544),(#7545,
#7546,#7547,#7548),(#7549,#7550,#7551,#7552),(#7553,#7554,#7555,#7556),(#7557,
#7558,#7559,#7560),(#7561,#7562,#7563,#7564),(#7565,#7566,#7567,#7568),(#7569,
#7570,#7571,#7572),(#7573,#7574,#7575,#7576),(#7577,#7578,#7579,#7580),(#7581,
#7582,#7583,#7584),(#7585,#7586,#7587,#7588),(#7589,#7590,#7591,#7592),(#7593,
#7594,#7595,#7596),(#7597,#7598,#7599,#7600),(#7601,#7602,#7603,#7604),(#7605,
#7606,#7607,#7608)),.UNSPECIFIED.,.F.,.F.,.F.,(4,1,1,1,1,1,1,1,1,1,1,1,1,1,1,1,
1,1,1,1,1,1,1,1,1,1,1,1,1,1,1,1,4),(4,4),(-1.232826086957E-2,7.705163043478E-3,
2.773858695652E-2,4.777201086957E-2,6.780543478261E-2,8.783885869565E-2,
1.078722826087E-1,1.279057065217E-1,1.479391304348E-1,1.679725543478E-1,
1.880059782609E-1,2.080394021739E-1,2.280728260870E-1,2.4810625E-1,
2.681396739130E-1,2.881730978261E-1,3.082065217391E-1,3.282399456522E-1,
3.482733695652E-1,3.683067934783E-1,3.883402173913E-1,4.083736413043E-1,
4.284070652174E-1,4.484404891304E-1,4.684739130435E-1,4.885073369565E-1,
5.085407608696E-1,5.285741847826E-1,5.486076086957E-1,5.686410326087E-1,
5.886744565217E-1,6.087078804348E-1,6.287413043478E-1),(-3.404391494810E-2,
1.034043914948E0),.UNSPECIFIED.);
#7610=ORIENTED_EDGE('',*,*,#5955,.T.);
#7611=ORIENTED_EDGE('',*,*,#6743,.F.);
#7612=ORIENTED_EDGE('',*,*,#6809,.F.);
#7613=EDGE_LOOP('',(#7610,#7611,#7612));
#7614=FACE_OUTER_BOUND('',#7613,.F.);
#7616=CARTESIAN_POINT('',(-6.345032714603E0,-2.504820065489E0,-8.8405625E0));
#7617=CARTESIAN_POINT('',(-6.591121914960E0,-2.601968369474E0,-8.9933125E0));
#7618=CARTESIAN_POINT('',(-6.837211115318E0,-2.699116673460E0,-9.1460625E0));
#7619=CARTESIAN_POINT('',(-7.083300315676E0,-2.796264977445E0,-9.2988125E0));
#7620=CARTESIAN_POINT('',(-6.588133001610E0,-1.889015642950E0,
-8.862342013889E0));
#7621=CARTESIAN_POINT('',(-6.843650735740E0,-1.962280253228E0,
-9.015092013889E0));
#7622=CARTESIAN_POINT('',(-7.099168469870E0,-2.035544863506E0,
-9.167842013889E0));
#7623=CARTESIAN_POINT('',(-7.354686204001E0,-2.108809473784E0,
-9.320592013889E0));
#7624=CARTESIAN_POINT('',(-6.893732438698E0,-5.862105693251E-1,
-8.905901041667E0));
#7625=CARTESIAN_POINT('',(-7.161102707635E0,-6.089464789311E-1,
-9.058651041667E0));
#7626=CARTESIAN_POINT('',(-7.428472976573E0,-6.316823885372E-1,
-9.211401041667E0));
#7627=CARTESIAN_POINT('',(-7.695843245510E0,-6.544182981432E-1,
-9.364151041667E0));
#7628=CARTESIAN_POINT('',(-6.771869187613E0,1.417410301875E0,
-8.971239583333E0));
#7629=CARTESIAN_POINT('',(-7.034513045930E0,1.472383914062E0,
-9.123989583333E0));
#7630=CARTESIAN_POINT('',(-7.297156904246E0,1.527357526250E0,
-9.276739583333E0));
#7631=CARTESIAN_POINT('',(-7.559800762563E0,1.582331138437E0,
-9.429489583333E0));
#7632=CARTESIAN_POINT('',(-6.079967404296E0,3.301700458195E0,-9.036578125E0));
#7633=CARTESIAN_POINT('',(-6.315776167469E0,3.429755404816E0,-9.189328125E0));
#7634=CARTESIAN_POINT('',(-6.551584930643E0,3.557810351437E0,-9.342078125E0));
#7635=CARTESIAN_POINT('',(-6.787393693816E0,3.685865298058E0,-9.494828125E0));
#7636=CARTESIAN_POINT('',(-4.876278009799E0,4.908070373532E0,
-9.101916666667E0));
#7637=CARTESIAN_POINT('',(-5.065402228717E0,5.098427644779E0,
-9.254666666667E0));
#7638=CARTESIAN_POINT('',(-5.254526447634E0,5.288784916025E0,
-9.407416666667E0));
#7639=CARTESIAN_POINT('',(-5.443650666551E0,5.479142187272E0,
-9.560166666667E0));
#7640=CARTESIAN_POINT('',(-3.262120749165E0,6.101295463251E0,
-9.167255208333E0));
#7641=CARTESIAN_POINT('',(-3.388640614820E0,6.337931425465E0,
-9.320005208333E0));
#7642=CARTESIAN_POINT('',(-3.515160480476E0,6.574567387679E0,
-9.472755208333E0));
#7643=CARTESIAN_POINT('',(-3.641680346132E0,6.811203349893E0,
-9.625505208333E0));
#7644=CARTESIAN_POINT('',(-1.373370166655E0,6.780936042213E0,-9.23259375E0));
#7645=CARTESIAN_POINT('',(-1.426635702281E0,7.043931554350E0,-9.38534375E0));
#7646=CARTESIAN_POINT('',(-1.479901237907E0,7.306927066488E0,-9.53809375E0));
#7647=CARTESIAN_POINT('',(-1.533166773533E0,7.569922578625E0,-9.69084375E0));
#7648=CARTESIAN_POINT('',(6.309857588431E-1,6.889781992600E0,
-9.297932291667E0));
#7649=CARTESIAN_POINT('',(6.554582537561E-1,7.156999045286E0,
-9.450682291667E0));
#7650=CARTESIAN_POINT('',(6.799307486691E-1,7.424216097973E0,
-9.603432291667E0));
#7651=CARTESIAN_POINT('',(7.044032435821E-1,7.691433150660E0,
-9.756182291667E0));
#7652=CARTESIAN_POINT('',(2.582227588036E0,6.418671177588E0,-9.363270833333E0));
#7653=CARTESIAN_POINT('',(2.682378107484E0,6.667616412152E0,-9.516020833333E0));
#7654=CARTESIAN_POINT('',(2.782528626932E0,6.916561646715E0,-9.668770833333E0));
#7655=CARTESIAN_POINT('',(2.882679146380E0,7.165506881279E0,-9.821520833333E0));
#7656=CARTESIAN_POINT('',(4.316106892862E0,5.407259960201E0,-9.428609375E0));
#7657=CARTESIAN_POINT('',(4.483505130460E0,5.616978071924E0,-9.581359375E0));
#7658=CARTESIAN_POINT('',(4.650903368057E0,5.826696183648E0,-9.734109375E0));
#7659=CARTESIAN_POINT('',(4.818301605655E0,6.036414295372E0,-9.886859375E0));
#7660=CARTESIAN_POINT('',(5.686672016015E0,3.940685266882E0,-9.493947916667E0));
#7661=CARTESIAN_POINT('',(5.907226996905E0,4.093522947917E0,-9.646697916667E0));
#7662=CARTESIAN_POINT('',(6.127781977795E0,4.246360628951E0,-9.799447916667E0));
#7663=CARTESIAN_POINT('',(6.348336958686E0,4.399198309986E0,-9.952197916667E0));
#7664=CARTESIAN_POINT('',(6.578553770953E0,2.142398019222E0,-9.559286458333E0));
#7665=CARTESIAN_POINT('',(6.833699978991E0,2.225489949415E0,-9.712036458333E0));
#7666=CARTESIAN_POINT('',(7.088846187028E0,2.308581879609E0,-9.864786458333E0));
#7667=CARTESIAN_POINT('',(7.343992395066E0,2.391673809803E0,-1.001753645833E1));
#7668=CARTESIAN_POINT('',(6.916676794996E0,1.637714981372E-1,-9.624625E0));
#7669=CARTESIAN_POINT('',(7.184936950329E0,1.701233010090E-1,-9.777375E0));
#7670=CARTESIAN_POINT('',(7.453197105662E0,1.764751038807E-1,-9.930125E0));
#7671=CARTESIAN_POINT('',(7.721457260996E0,1.828269067525E-1,-1.0082875E1));
#7672=CARTESIAN_POINT('',(6.672579121766E0,-1.828640712073E0,
-9.689963541667E0));
#7673=CARTESIAN_POINT('',(6.931372060157E0,-1.899563708190E0,
-9.842713541667E0));
#7674=CARTESIAN_POINT('',(7.190164998548E0,-1.970486704306E0,
-9.995463541667E0));
#7675=CARTESIAN_POINT('',(7.448957936939E0,-2.041409700422E0,
-1.014821354167E1));
#7676=CARTESIAN_POINT('',(5.866808005618E0,-3.667124597730E0,
-9.755302083333E0));
#7677=CARTESIAN_POINT('',(6.094349478719E0,-3.809352352961E0,
-9.908052083333E0));
#7678=CARTESIAN_POINT('',(6.321890951820E0,-3.951580108193E0,
-1.006080208333E1));
#7679=CARTESIAN_POINT('',(6.549432424922E0,-4.093807863424E0,
-1.021355208333E1));
#7680=CARTESIAN_POINT('',(4.567190328599E0,-5.196923271747E0,-9.820640625E0));
#7681=CARTESIAN_POINT('',(4.744326722752E0,-5.398483570927E0,-9.973390625E0));
#7682=CARTESIAN_POINT('',(4.921463116905E0,-5.600043870108E0,
-1.012614062500E1));
#7683=CARTESIAN_POINT('',(5.098599511058E0,-5.801604169288E0,
-1.027889062500E1));
#7684=CARTESIAN_POINT('',(2.883123180168E0,-6.289263845478E0,
-9.885979166667E0));
#7685=CARTESIAN_POINT('',(2.994943797942E0,-6.533190075679E0,
-1.003872916667E1));
#7686=CARTESIAN_POINT('',(3.106764415716E0,-6.777116305880E0,
-1.019147916667E1));
#7687=CARTESIAN_POINT('',(3.218585033489E0,-7.021042536080E0,
-1.034422916667E1));
#7688=CARTESIAN_POINT('',(9.563652080850E-1,-6.852197062172E0,
-9.951317708333E0));
#7689=CARTESIAN_POINT('',(9.934573965565E-1,-7.117956400472E0,
-1.010406770833E1));
#7690=CARTESIAN_POINT('',(1.030549585028E0,-7.383715738771E0,
-1.025681770833E1));
#7691=CARTESIAN_POINT('',(1.067641773499E0,-7.649475077071E0,
-1.040956770833E1));
#7692=CARTESIAN_POINT('',(-1.050896109003E0,-6.838337250980E0,-1.001665625E1));
#7693=CARTESIAN_POINT('',(-1.091654635358E0,-7.103559042823E0,-1.016940625E1));
#7694=CARTESIAN_POINT('',(-1.132413161714E0,-7.368780834667E0,-1.032215625E1));
#7695=CARTESIAN_POINT('',(-1.173171688069E0,-7.634002626510E0,-1.047490625E1));
#7696=CARTESIAN_POINT('',(-2.969696813647E0,-6.248851080407E0,
-1.008199479167E1));
#7697=CARTESIAN_POINT('',(-3.084875150315E0,-6.491209919943E0,
-1.023474479167E1));
#7698=CARTESIAN_POINT('',(-3.200053486984E0,-6.733568759480E0,
-1.038749479167E1));
#7699=CARTESIAN_POINT('',(-3.315231823652E0,-6.975927599016E0,
-1.054024479167E1));
#7700=CARTESIAN_POINT('',(-4.638519241036E0,-5.133359352371E0,
-1.014733333333E1));
#7701=CARTESIAN_POINT('',(-4.818422094530E0,-5.332454353926E0,
-1.030008333333E1));
#7702=CARTESIAN_POINT('',(-4.998324948024E0,-5.531549355480E0,
-1.045283333333E1));
#7703=CARTESIAN_POINT('',(-5.178227801518E0,-5.730644357034E0,
-1.060558333333E1));
#7704=CARTESIAN_POINT('',(-5.916887988564E0,-3.585760103642E0,
-1.021267187500E1));
#7705=CARTESIAN_POINT('',(-6.146371790966E0,-3.724832174074E0,
-1.036542187500E1));
#7706=CARTESIAN_POINT('',(-6.375855593368E0,-3.863904244507E0,
-1.051817187500E1));
#7707=CARTESIAN_POINT('',(-6.605339395770E0,-4.002976314939E0,
-1.067092187500E1));
#7708=CARTESIAN_POINT('',(-6.697194624457E0,-1.736324610344E0,
-1.027801041667E1));
#7709=CARTESIAN_POINT('',(-6.956942263895E0,-1.803667168553E0,
-1.043076041667E1));
#7710=CARTESIAN_POINT('',(-7.216689903333E0,-1.871009726762E0,
-1.058351041667E1));
#7711=CARTESIAN_POINT('',(-7.476437542771E0,-1.938352284970E0,
-1.073626041667E1));
#7712=CARTESIAN_POINT('',(-6.913755773701E0,2.592683733389E-1,
-1.034334895833E1));
#7713=CARTESIAN_POINT('',(-7.181902638555E0,2.693239789666E-1,
-1.049609895833E1));
#7714=CARTESIAN_POINT('',(-7.450049503410E0,2.793795845944E-1,
-1.064884895833E1));
#7715=CARTESIAN_POINT('',(-7.718196368264E0,2.894351902221E-1,
-1.080159895833E1));
#7716=CARTESIAN_POINT('',(-6.548342107514E0,2.233037090013E0,-1.04086875E1));
#7717=CARTESIAN_POINT('',(-6.802316569962E0,2.319644415234E0,-1.05614375E1));
#7718=CARTESIAN_POINT('',(-7.056291032410E0,2.406251740455E0,-1.07141875E1));
#7719=CARTESIAN_POINT('',(-7.310265494858E0,2.492859065676E0,-1.08669375E1));
#7720=CARTESIAN_POINT('',(-5.631712815052E0,4.018836859365E0,
-1.047402604167E1));
#7721=CARTESIAN_POINT('',(-5.850136228396E0,4.174705614275E0,
-1.062677604167E1));
#7722=CARTESIAN_POINT('',(-6.068559641739E0,4.330574369185E0,
-1.077952604167E1));
#7723=CARTESIAN_POINT('',(-6.286983055083E0,4.486443124096E0,
-1.093227604167E1));
#7724=CARTESIAN_POINT('',(-4.241026432457E0,5.466345582054E0,
-1.053936458333E1));
#7725=CARTESIAN_POINT('',(-4.405512708637E0,5.678355302677E0,
-1.069211458333E1));
#7726=CARTESIAN_POINT('',(-4.569998984816E0,5.890365023300E0,
-1.084486458333E1));
#7727=CARTESIAN_POINT('',(-4.734485260995E0,6.102374743923E0,
-1.099761458333E1));
#7728=CARTESIAN_POINT('',(-2.493345821914E0,6.453717124601E0,
-1.060470312500E1));
#7729=CARTESIAN_POINT('',(-2.590049102595E0,6.704021600238E0,
-1.075745312500E1));
#7730=CARTESIAN_POINT('',(-2.686752383276E0,6.954326075875E0,
-1.091020312500E1));
#7731=CARTESIAN_POINT('',(-2.783455663957E0,7.204630551512E0,
-1.106295312500E1));
#7732=CARTESIAN_POINT('',(-5.357846038825E-1,6.897838565713E0,
-1.067004166667E1));
#7733=CARTESIAN_POINT('',(-5.565647654142E-1,7.165368088914E0,
-1.082279166667E1));
#7734=CARTESIAN_POINT('',(-5.773449269460E-1,7.432897612116E0,
-1.097554166667E1));
#7735=CARTESIAN_POINT('',(-5.981250884777E-1,7.700427135317E0,
-1.112829166667E1));
#7736=CARTESIAN_POINT('',(1.466877669345E0,6.761323794652E0,-1.073538020833E1));
#7737=CARTESIAN_POINT('',(1.523769850821E0,7.023558654711E0,-1.088813020833E1));
#7738=CARTESIAN_POINT('',(1.580662032297E0,7.285793514770E0,-1.104088020833E1));
#7739=CARTESIAN_POINT('',(1.637554213773E0,7.548028374830E0,-1.119363020833E1));
#7740=CARTESIAN_POINT('',(3.346061067636E0,6.055670036392E0,-1.080071875E1));
#7741=CARTESIAN_POINT('',(3.475836520265E0,6.290536437232E0,-1.095346875E1));
#7742=CARTESIAN_POINT('',(3.605611972894E0,6.525402838071E0,-1.110621875E1));
#7743=CARTESIAN_POINT('',(3.735387425523E0,6.760269238910E0,-1.125896875E1));
#7744=CARTESIAN_POINT('',(4.943594349247E0,4.840254608803E0,-1.086605729167E1));
#7745=CARTESIAN_POINT('',(5.135329401692E0,5.027981676541E0,-1.101880729167E1));
#7746=CARTESIAN_POINT('',(5.327064454137E0,5.215708744278E0,-1.117155729167E1));
#7747=CARTESIAN_POINT('',(5.518799506582E0,5.403435812015E0,-1.132430729167E1));
#7748=CARTESIAN_POINT('',(5.731171280987E0,3.758397570003E0,-1.090961631944E1));
#7749=CARTESIAN_POINT('',(5.953452145577E0,3.904165305842E0,-1.106236631944E1));
#7750=CARTESIAN_POINT('',(6.175733010166E0,4.049933041680E0,-1.121511631944E1));
#7751=CARTESIAN_POINT('',(6.398013874756E0,4.195700777519E0,-1.136786631944E1));
#7752=CARTESIAN_POINT('',(6.039051479200E0,3.172289542495E0,-1.093139583333E1));
#7753=CARTESIAN_POINT('',(6.273273336877E0,3.295325345765E0,-1.108414583333E1));
#7754=CARTESIAN_POINT('',(6.507495194554E0,3.418361149035E0,-1.123689583333E1));
#7755=CARTESIAN_POINT('',(6.741717052231E0,3.541396952305E0,-1.138964583333E1));
#7756=B_SPLINE_SURFACE_WITH_KNOTS('',3,3,((#7616,#7617,#7618,#7619),(#7620,
#7621,#7622,#7623),(#7624,#7625,#7626,#7627),(#7628,#7629,#7630,#7631),(#7632,
#7633,#7634,#7635),(#7636,#7637,#7638,#7639),(#7640,#7641,#7642,#7643),(#7644,
#7645,#7646,#7647),(#7648,#7649,#7650,#7651),(#7652,#7653,#7654,#7655),(#7656,
#7657,#7658,#7659),(#7660,#7661,#7662,#7663),(#7664,#7665,#7666,#7667),(#7668,
#7669,#7670,#7671),(#7672,#7673,#7674,#7675),(#7676,#7677,#7678,#7679),(#7680,
#7681,#7682,#7683),(#7684,#7685,#7686,#7687),(#7688,#7689,#7690,#7691),(#7692,
#7693,#7694,#7695),(#7696,#7697,#7698,#7699),(#7700,#7701,#7702,#7703),(#7704,
#7705,#7706,#7707),(#7708,#7709,#7710,#7711),(#7712,#7713,#7714,#7715),(#7716,
#7717,#7718,#7719),(#7720,#7721,#7722,#7723),(#7724,#7725,#7726,#7727),(#7728,
#7729,#7730,#7731),(#7732,#7733,#7734,#7735),(#7736,#7737,#7738,#7739),(#7740,
#7741,#7742,#7743),(#7744,#7745,#7746,#7747),(#7748,#7749,#7750,#7751),(#7752,
#7753,#7754,#7755)),.UNSPECIFIED.,.F.,.F.,.F.,(4,1,1,1,1,1,1,1,1,1,1,1,1,1,1,1,
1,1,1,1,1,1,1,1,1,1,1,1,1,1,1,1,4),(4,4),(-1.048913043478E-2,6.555706521739E-3,
2.360054347826E-2,4.064538043478E-2,5.769021739130E-2,7.473505434783E-2,
9.177989130435E-2,1.088247282609E-1,1.258695652174E-1,1.429144021739E-1,
1.599592391304E-1,1.770040760870E-1,1.940489130435E-1,2.1109375E-1,
2.281385869565E-1,2.451834239130E-1,2.622282608696E-1,2.792730978261E-1,
2.963179347826E-1,3.133627717391E-1,3.304076086957E-1,3.474524456522E-1,
3.644972826087E-1,3.815421195652E-1,3.985869565217E-1,4.156317934783E-1,
4.326766304348E-1,4.497214673913E-1,4.667663043478E-1,4.838111413043E-1,
5.008559782609E-1,5.179008152174E-1,5.349456521739E-1),(-2.E-2,1.02E0),
.UNSPECIFIED.);
#7757=ORIENTED_EDGE('',*,*,#5882,.F.);
#7758=ORIENTED_EDGE('',*,*,#7165,.F.);
#7760=ORIENTED_EDGE('',*,*,#7759,.T.);
#7761=EDGE_LOOP('',(#7757,#7758,#7760));
#7762=FACE_OUTER_BOUND('',#7761,.F.);
#7764=CARTESIAN_POINT('',(-6.345032714603E0,-2.504820065489E0,-8.8405625E0));
#7765=CARTESIAN_POINT('',(-6.588133001610E0,-1.889015642950E0,
-8.862342013889E0));
#7766=CARTESIAN_POINT('',(-6.893732438698E0,-5.862105693251E-1,
-8.905901041667E0));
#7767=CARTESIAN_POINT('',(-6.771869187613E0,1.417410301875E0,
-8.971239583333E0));
#7768=CARTESIAN_POINT('',(-6.079967404296E0,3.301700458195E0,-9.036578125E0));
#7769=CARTESIAN_POINT('',(-4.876278009799E0,4.908070373532E0,
-9.101916666667E0));
#7770=CARTESIAN_POINT('',(-3.262120749165E0,6.101295463251E0,
-9.167255208333E0));
#7771=CARTESIAN_POINT('',(-1.373370166655E0,6.780936042213E0,-9.23259375E0));
#7772=CARTESIAN_POINT('',(6.309857588431E-1,6.889781992600E0,
-9.297932291667E0));
#7773=CARTESIAN_POINT('',(2.582227588036E0,6.418671177588E0,-9.363270833333E0));
#7774=CARTESIAN_POINT('',(4.316106892862E0,5.407259960201E0,-9.428609375E0));
#7775=CARTESIAN_POINT('',(5.686672016015E0,3.940685266882E0,-9.493947916667E0));
#7776=CARTESIAN_POINT('',(6.578553770953E0,2.142398019222E0,-9.559286458333E0));
#7777=CARTESIAN_POINT('',(6.916676794996E0,1.637714981372E-1,-9.624625E0));
#7778=CARTESIAN_POINT('',(6.672579121766E0,-1.828640712073E0,
-9.689963541667E0));
#7779=CARTESIAN_POINT('',(5.866808005618E0,-3.667124597730E0,
-9.755302083333E0));
#7780=CARTESIAN_POINT('',(4.567190328599E0,-5.196923271747E0,-9.820640625E0));
#7781=CARTESIAN_POINT('',(2.883123180168E0,-6.289263845478E0,
-9.885979166667E0));
#7782=CARTESIAN_POINT('',(9.563652080850E-1,-6.852197062172E0,
-9.951317708333E0));
#7783=CARTESIAN_POINT('',(-1.050896109003E0,-6.838337250980E0,-1.001665625E1));
#7784=CARTESIAN_POINT('',(-2.969696813647E0,-6.248851080407E0,
-1.008199479167E1));
#7785=CARTESIAN_POINT('',(-4.638519241036E0,-5.133359352371E0,
-1.014733333333E1));
#7786=CARTESIAN_POINT('',(-5.916887988564E0,-3.585760103642E0,
-1.021267187500E1));
#7787=CARTESIAN_POINT('',(-6.697194624457E0,-1.736324610344E0,
-1.027801041667E1));
#7788=CARTESIAN_POINT('',(-6.913755773701E0,2.592683733389E-1,
-1.034334895833E1));
#7789=CARTESIAN_POINT('',(-6.548342107514E0,2.233037090013E0,-1.04086875E1));
#7790=CARTESIAN_POINT('',(-5.631712815052E0,4.018836859365E0,
-1.047402604167E1));
#7791=CARTESIAN_POINT('',(-4.241026432457E0,5.466345582054E0,
-1.053936458333E1));
#7792=CARTESIAN_POINT('',(-2.493345821914E0,6.453717124601E0,
-1.060470312500E1));
#7793=CARTESIAN_POINT('',(-5.357846038825E-1,6.897838565713E0,
-1.067004166667E1));
#7794=CARTESIAN_POINT('',(1.466877669345E0,6.761323794652E0,-1.073538020833E1));
#7795=CARTESIAN_POINT('',(3.346061067636E0,6.055670036392E0,-1.080071875E1));
#7796=CARTESIAN_POINT('',(4.943594349247E0,4.840254608803E0,-1.086605729167E1));
#7797=CARTESIAN_POINT('',(5.731171280987E0,3.758397570003E0,-1.090961631944E1));
#7798=CARTESIAN_POINT('',(6.039051479200E0,3.172289542495E0,-1.093139583333E1));
#7799=CARTESIAN_POINT('',(-6.591121914960E0,-2.601968369474E0,-8.9933125E0));
#7800=CARTESIAN_POINT('',(-6.843650735740E0,-1.962280253228E0,
-9.015092013889E0));
#7801=CARTESIAN_POINT('',(-7.161102707635E0,-6.089464789311E-1,
-9.058651041667E0));
#7802=CARTESIAN_POINT('',(-7.034513045930E0,1.472383914062E0,
-9.123989583333E0));
#7803=CARTESIAN_POINT('',(-6.315776167469E0,3.429755404816E0,-9.189328125E0));
#7804=CARTESIAN_POINT('',(-5.065402228717E0,5.098427644779E0,
-9.254666666667E0));
#7805=CARTESIAN_POINT('',(-3.388640614820E0,6.337931425465E0,
-9.320005208333E0));
#7806=CARTESIAN_POINT('',(-1.426635702281E0,7.043931554350E0,-9.38534375E0));
#7807=CARTESIAN_POINT('',(6.554582537561E-1,7.156999045286E0,
-9.450682291667E0));
#7808=CARTESIAN_POINT('',(2.682378107484E0,6.667616412152E0,-9.516020833333E0));
#7809=CARTESIAN_POINT('',(4.483505130460E0,5.616978071924E0,-9.581359375E0));
#7810=CARTESIAN_POINT('',(5.907226996905E0,4.093522947917E0,-9.646697916667E0));
#7811=CARTESIAN_POINT('',(6.833699978991E0,2.225489949415E0,-9.712036458333E0));
#7812=CARTESIAN_POINT('',(7.184936950329E0,1.701233010090E-1,-9.777375E0));
#7813=CARTESIAN_POINT('',(6.931372060157E0,-1.899563708190E0,
-9.842713541667E0));
#7814=CARTESIAN_POINT('',(6.094349478719E0,-3.809352352961E0,
-9.908052083333E0));
#7815=CARTESIAN_POINT('',(4.744326722752E0,-5.398483570927E0,-9.973390625E0));
#7816=CARTESIAN_POINT('',(2.994943797942E0,-6.533190075679E0,
-1.003872916667E1));
#7817=CARTESIAN_POINT('',(9.934573965565E-1,-7.117956400472E0,
-1.010406770833E1));
#7818=CARTESIAN_POINT('',(-1.091654635358E0,-7.103559042823E0,-1.016940625E1));
#7819=CARTESIAN_POINT('',(-3.084875150315E0,-6.491209919943E0,
-1.023474479167E1));
#7820=CARTESIAN_POINT('',(-4.818422094530E0,-5.332454353926E0,
-1.030008333333E1));
#7821=CARTESIAN_POINT('',(-6.146371790966E0,-3.724832174074E0,
-1.036542187500E1));
#7822=CARTESIAN_POINT('',(-6.956942263895E0,-1.803667168553E0,
-1.043076041667E1));
#7823=CARTESIAN_POINT('',(-7.181902638555E0,2.693239789666E-1,
-1.049609895833E1));
#7824=CARTESIAN_POINT('',(-6.802316569962E0,2.319644415234E0,-1.05614375E1));
#7825=CARTESIAN_POINT('',(-5.850136228396E0,4.174705614275E0,
-1.062677604167E1));
#7826=CARTESIAN_POINT('',(-4.405512708637E0,5.678355302677E0,
-1.069211458333E1));
#7827=CARTESIAN_POINT('',(-2.590049102595E0,6.704021600238E0,
-1.075745312500E1));
#7828=CARTESIAN_POINT('',(-5.565647654142E-1,7.165368088914E0,
-1.082279166667E1));
#7829=CARTESIAN_POINT('',(1.523769850821E0,7.023558654711E0,-1.088813020833E1));
#7830=CARTESIAN_POINT('',(3.475836520265E0,6.290536437232E0,-1.095346875E1));
#7831=CARTESIAN_POINT('',(5.135329401692E0,5.027981676541E0,-1.101880729167E1));
#7832=CARTESIAN_POINT('',(5.953452145577E0,3.904165305842E0,-1.106236631944E1));
#7833=CARTESIAN_POINT('',(6.273273336877E0,3.295325345765E0,-1.108414583333E1));
#7834=CARTESIAN_POINT('',(-6.837211115318E0,-2.699116673460E0,-9.1460625E0));
#7835=CARTESIAN_POINT('',(-7.099168469870E0,-2.035544863506E0,
-9.167842013889E0));
#7836=CARTESIAN_POINT('',(-7.428472976573E0,-6.316823885372E-1,
-9.211401041667E0));
#7837=CARTESIAN_POINT('',(-7.297156904246E0,1.527357526250E0,
-9.276739583333E0));
#7838=CARTESIAN_POINT('',(-6.551584930643E0,3.557810351437E0,-9.342078125E0));
#7839=CARTESIAN_POINT('',(-5.254526447634E0,5.288784916025E0,
-9.407416666667E0));
#7840=CARTESIAN_POINT('',(-3.515160480476E0,6.574567387679E0,
-9.472755208333E0));
#7841=CARTESIAN_POINT('',(-1.479901237907E0,7.306927066488E0,-9.53809375E0));
#7842=CARTESIAN_POINT('',(6.799307486691E-1,7.424216097973E0,
-9.603432291667E0));
#7843=CARTESIAN_POINT('',(2.782528626932E0,6.916561646715E0,-9.668770833333E0));
#7844=CARTESIAN_POINT('',(4.650903368057E0,5.826696183648E0,-9.734109375E0));
#7845=CARTESIAN_POINT('',(6.127781977795E0,4.246360628951E0,-9.799447916667E0));
#7846=CARTESIAN_POINT('',(7.088846187028E0,2.308581879609E0,-9.864786458333E0));
#7847=CARTESIAN_POINT('',(7.453197105662E0,1.764751038807E-1,-9.930125E0));
#7848=CARTESIAN_POINT('',(7.190164998548E0,-1.970486704306E0,
-9.995463541667E0));
#7849=CARTESIAN_POINT('',(6.321890951820E0,-3.951580108193E0,
-1.006080208333E1));
#7850=CARTESIAN_POINT('',(4.921463116905E0,-5.600043870108E0,
-1.012614062500E1));
#7851=CARTESIAN_POINT('',(3.106764415716E0,-6.777116305880E0,
-1.019147916667E1));
#7852=CARTESIAN_POINT('',(1.030549585028E0,-7.383715738771E0,
-1.025681770833E1));
#7853=CARTESIAN_POINT('',(-1.132413161714E0,-7.368780834667E0,-1.032215625E1));
#7854=CARTESIAN_POINT('',(-3.200053486984E0,-6.733568759480E0,
-1.038749479167E1));
#7855=CARTESIAN_POINT('',(-4.998324948024E0,-5.531549355480E0,
-1.045283333333E1));
#7856=CARTESIAN_POINT('',(-6.375855593368E0,-3.863904244507E0,
-1.051817187500E1));
#7857=CARTESIAN_POINT('',(-7.216689903333E0,-1.871009726762E0,
-1.058351041667E1));
#7858=CARTESIAN_POINT('',(-7.450049503410E0,2.793795845944E-1,
-1.064884895833E1));
#7859=CARTESIAN_POINT('',(-7.056291032410E0,2.406251740455E0,-1.07141875E1));
#7860=CARTESIAN_POINT('',(-6.068559641739E0,4.330574369185E0,
-1.077952604167E1));
#7861=CARTESIAN_POINT('',(-4.569998984816E0,5.890365023300E0,
-1.084486458333E1));
#7862=CARTESIAN_POINT('',(-2.686752383276E0,6.954326075875E0,
-1.091020312500E1));
#7863=CARTESIAN_POINT('',(-5.773449269460E-1,7.432897612116E0,
-1.097554166667E1));
#7864=CARTESIAN_POINT('',(1.580662032297E0,7.285793514770E0,-1.104088020833E1));
#7865=CARTESIAN_POINT('',(3.605611972894E0,6.525402838071E0,-1.110621875E1));
#7866=CARTESIAN_POINT('',(5.327064454137E0,5.215708744278E0,-1.117155729167E1));
#7867=CARTESIAN_POINT('',(6.175733010166E0,4.049933041680E0,-1.121511631944E1));
#7868=CARTESIAN_POINT('',(6.507495194554E0,3.418361149035E0,-1.123689583333E1));
#7869=CARTESIAN_POINT('',(-7.083300315676E0,-2.796264977445E0,-9.2988125E0));
#7870=CARTESIAN_POINT('',(-7.354686204001E0,-2.108809473784E0,
-9.320592013889E0));
#7871=CARTESIAN_POINT('',(-7.695843245510E0,-6.544182981432E-1,
-9.364151041667E0));
#7872=CARTESIAN_POINT('',(-7.559800762563E0,1.582331138437E0,
-9.429489583333E0));
#7873=CARTESIAN_POINT('',(-6.787393693816E0,3.685865298058E0,-9.494828125E0));
#7874=CARTESIAN_POINT('',(-5.443650666551E0,5.479142187272E0,
-9.560166666667E0));
#7875=CARTESIAN_POINT('',(-3.641680346132E0,6.811203349893E0,
-9.625505208333E0));
#7876=CARTESIAN_POINT('',(-1.533166773533E0,7.569922578625E0,-9.69084375E0));
#7877=CARTESIAN_POINT('',(7.044032435821E-1,7.691433150660E0,
-9.756182291667E0));
#7878=CARTESIAN_POINT('',(2.882679146380E0,7.165506881279E0,-9.821520833333E0));
#7879=CARTESIAN_POINT('',(4.818301605655E0,6.036414295372E0,-9.886859375E0));
#7880=CARTESIAN_POINT('',(6.348336958686E0,4.399198309986E0,-9.952197916667E0));
#7881=CARTESIAN_POINT('',(7.343992395066E0,2.391673809803E0,-1.001753645833E1));
#7882=CARTESIAN_POINT('',(7.721457260996E0,1.828269067525E-1,-1.0082875E1));
#7883=CARTESIAN_POINT('',(7.448957936939E0,-2.041409700422E0,
-1.014821354167E1));
#7884=CARTESIAN_POINT('',(6.549432424922E0,-4.093807863424E0,
-1.021355208333E1));
#7885=CARTESIAN_POINT('',(5.098599511058E0,-5.801604169288E0,
-1.027889062500E1));
#7886=CARTESIAN_POINT('',(3.218585033489E0,-7.021042536080E0,
-1.034422916667E1));
#7887=CARTESIAN_POINT('',(1.067641773499E0,-7.649475077071E0,
-1.040956770833E1));
#7888=CARTESIAN_POINT('',(-1.173171688069E0,-7.634002626510E0,-1.047490625E1));
#7889=CARTESIAN_POINT('',(-3.315231823652E0,-6.975927599016E0,
-1.054024479167E1));
#7890=CARTESIAN_POINT('',(-5.178227801518E0,-5.730644357034E0,
-1.060558333333E1));
#7891=CARTESIAN_POINT('',(-6.605339395770E0,-4.002976314939E0,
-1.067092187500E1));
#7892=CARTESIAN_POINT('',(-7.476437542771E0,-1.938352284970E0,
-1.073626041667E1));
#7893=CARTESIAN_POINT('',(-7.718196368264E0,2.894351902221E-1,
-1.080159895833E1));
#7894=CARTESIAN_POINT('',(-7.310265494858E0,2.492859065676E0,-1.08669375E1));
#7895=CARTESIAN_POINT('',(-6.286983055083E0,4.486443124096E0,
-1.093227604167E1));
#7896=CARTESIAN_POINT('',(-4.734485260995E0,6.102374743923E0,
-1.099761458333E1));
#7897=CARTESIAN_POINT('',(-2.783455663957E0,7.204630551512E0,
-1.106295312500E1));
#7898=CARTESIAN_POINT('',(-5.981250884777E-1,7.700427135317E0,
-1.112829166667E1));
#7899=CARTESIAN_POINT('',(1.637554213773E0,7.548028374830E0,-1.119363020833E1));
#7900=CARTESIAN_POINT('',(3.735387425523E0,6.760269238910E0,-1.125896875E1));
#7901=CARTESIAN_POINT('',(5.518799506582E0,5.403435812015E0,-1.132430729167E1));
#7902=CARTESIAN_POINT('',(6.398013874756E0,4.195700777519E0,-1.136786631944E1));
#7903=CARTESIAN_POINT('',(6.741717052231E0,3.541396952305E0,-1.138964583333E1));
#7904=B_SPLINE_SURFACE_WITH_KNOTS('',3,3,((#7764,#7765,#7766,#7767,#7768,#7769,
#7770,#7771,#7772,#7773,#7774,#7775,#7776,#7777,#7778,#7779,#7780,#7781,#7782,
#7783,#7784,#7785,#7786,#7787,#7788,#7789,#7790,#7791,#7792,#7793,#7794,#7795,
#7796,#7797,#7798),(#7799,#7800,#7801,#7802,#7803,#7804,#7805,#7806,#7807,#7808,
#7809,#7810,#7811,#7812,#7813,#7814,#7815,#7816,#7817,#7818,#7819,#7820,#7821,
#7822,#7823,#7824,#7825,#7826,#7827,#7828,#7829,#7830,#7831,#7832,#7833),(#7834,
#7835,#7836,#7837,#7838,#7839,#7840,#7841,#7842,#7843,#7844,#7845,#7846,#7847,
#7848,#7849,#7850,#7851,#7852,#7853,#7854,#7855,#7856,#7857,#7858,#7859,#7860,
#7861,#7862,#7863,#7864,#7865,#7866,#7867,#7868),(#7869,#7870,#7871,#7872,#7873,
#7874,#7875,#7876,#7877,#7878,#7879,#7880,#7881,#7882,#7883,#7884,#7885,#7886,
#7887,#7888,#7889,#7890,#7891,#7892,#7893,#7894,#7895,#7896,#7897,#7898,#7899,
#7900,#7901,#7902,#7903)),.UNSPECIFIED.,.F.,.F.,.F.,(4,4),(4,1,1,1,1,1,1,1,1,1,
1,1,1,1,1,1,1,1,1,1,1,1,1,1,1,1,1,1,1,1,1,1,4),(-2.E-2,1.02E0),(
-1.048913043478E-2,6.555706521739E-3,2.360054347826E-2,4.064538043478E-2,
5.769021739130E-2,7.473505434783E-2,9.177989130435E-2,1.088247282609E-1,
1.258695652174E-1,1.429144021739E-1,1.599592391304E-1,1.770040760870E-1,
1.940489130435E-1,2.1109375E-1,2.281385869565E-1,2.451834239130E-1,
2.622282608696E-1,2.792730978261E-1,2.963179347826E-1,3.133627717391E-1,
3.304076086957E-1,3.474524456522E-1,3.644972826087E-1,3.815421195652E-1,
3.985869565217E-1,4.156317934783E-1,4.326766304348E-1,4.497214673913E-1,
4.667663043478E-1,4.838111413043E-1,5.008559782609E-1,5.179008152174E-1,
5.349456521739E-1),.UNSPECIFIED.);
#7905=ORIENTED_EDGE('',*,*,#5892,.F.);
#7906=ORIENTED_EDGE('',*,*,#7314,.F.);
#7907=ORIENTED_EDGE('',*,*,#6814,.F.);
#7909=ORIENTED_EDGE('',*,*,#7908,.T.);
#7910=EDGE_LOOP('',(#7905,#7906,#7907,#7909));
#7911=FACE_OUTER_BOUND('',#7910,.F.);
#7913=CARTESIAN_POINT('',(-6.345032714603E0,-2.504820065489E0,-8.8405625E0));
#7914=CARTESIAN_POINT('',(-6.591121914960E0,-2.601968369474E0,-8.9933125E0));
#7915=CARTESIAN_POINT('',(-6.837211115318E0,-2.699116673460E0,-9.1460625E0));
#7916=CARTESIAN_POINT('',(-7.083300315676E0,-2.796264977445E0,-9.2988125E0));
#7917=CARTESIAN_POINT('',(-6.588133001610E0,-1.889015642950E0,
-8.862342013889E0));
#7918=CARTESIAN_POINT('',(-6.843650735740E0,-1.962280253228E0,
-9.015092013889E0));
#7919=CARTESIAN_POINT('',(-7.099168469870E0,-2.035544863506E0,
-9.167842013889E0));
#7920=CARTESIAN_POINT('',(-7.354686204001E0,-2.108809473784E0,
-9.320592013889E0));
#7921=CARTESIAN_POINT('',(-6.893732438698E0,-5.862105693251E-1,
-8.905901041667E0));
#7922=CARTESIAN_POINT('',(-7.161102707635E0,-6.089464789311E-1,
-9.058651041667E0));
#7923=CARTESIAN_POINT('',(-7.428472976573E0,-6.316823885372E-1,
-9.211401041667E0));
#7924=CARTESIAN_POINT('',(-7.695843245510E0,-6.544182981432E-1,
-9.364151041667E0));
#7925=CARTESIAN_POINT('',(-6.771869187613E0,1.417410301875E0,
-8.971239583333E0));
#7926=CARTESIAN_POINT('',(-7.034513045930E0,1.472383914062E0,
-9.123989583333E0));
#7927=CARTESIAN_POINT('',(-7.297156904246E0,1.527357526250E0,
-9.276739583333E0));
#7928=CARTESIAN_POINT('',(-7.559800762563E0,1.582331138437E0,
-9.429489583333E0));
#7929=CARTESIAN_POINT('',(-6.079967404296E0,3.301700458195E0,-9.036578125E0));
#7930=CARTESIAN_POINT('',(-6.315776167469E0,3.429755404816E0,-9.189328125E0));
#7931=CARTESIAN_POINT('',(-6.551584930643E0,3.557810351437E0,-9.342078125E0));
#7932=CARTESIAN_POINT('',(-6.787393693816E0,3.685865298058E0,-9.494828125E0));
#7933=CARTESIAN_POINT('',(-4.876278009799E0,4.908070373532E0,
-9.101916666667E0));
#7934=CARTESIAN_POINT('',(-5.065402228717E0,5.098427644779E0,
-9.254666666667E0));
#7935=CARTESIAN_POINT('',(-5.254526447634E0,5.288784916025E0,
-9.407416666667E0));
#7936=CARTESIAN_POINT('',(-5.443650666551E0,5.479142187272E0,
-9.560166666667E0));
#7937=CARTESIAN_POINT('',(-3.262120749165E0,6.101295463251E0,
-9.167255208333E0));
#7938=CARTESIAN_POINT('',(-3.388640614820E0,6.337931425465E0,
-9.320005208333E0));
#7939=CARTESIAN_POINT('',(-3.515160480476E0,6.574567387679E0,
-9.472755208333E0));
#7940=CARTESIAN_POINT('',(-3.641680346132E0,6.811203349893E0,
-9.625505208333E0));
#7941=CARTESIAN_POINT('',(-1.373370166655E0,6.780936042213E0,-9.23259375E0));
#7942=CARTESIAN_POINT('',(-1.426635702281E0,7.043931554350E0,-9.38534375E0));
#7943=CARTESIAN_POINT('',(-1.479901237907E0,7.306927066488E0,-9.53809375E0));
#7944=CARTESIAN_POINT('',(-1.533166773533E0,7.569922578625E0,-9.69084375E0));
#7945=CARTESIAN_POINT('',(6.309857588431E-1,6.889781992600E0,
-9.297932291667E0));
#7946=CARTESIAN_POINT('',(6.554582537561E-1,7.156999045286E0,
-9.450682291667E0));
#7947=CARTESIAN_POINT('',(6.799307486691E-1,7.424216097973E0,
-9.603432291667E0));
#7948=CARTESIAN_POINT('',(7.044032435821E-1,7.691433150660E0,
-9.756182291667E0));
#7949=CARTESIAN_POINT('',(2.582227588036E0,6.418671177588E0,-9.363270833333E0));
#7950=CARTESIAN_POINT('',(2.682378107484E0,6.667616412152E0,-9.516020833333E0));
#7951=CARTESIAN_POINT('',(2.782528626932E0,6.916561646715E0,-9.668770833333E0));
#7952=CARTESIAN_POINT('',(2.882679146380E0,7.165506881279E0,-9.821520833333E0));
#7953=CARTESIAN_POINT('',(4.316106892862E0,5.407259960201E0,-9.428609375E0));
#7954=CARTESIAN_POINT('',(4.483505130460E0,5.616978071924E0,-9.581359375E0));
#7955=CARTESIAN_POINT('',(4.650903368057E0,5.826696183648E0,-9.734109375E0));
#7956=CARTESIAN_POINT('',(4.818301605655E0,6.036414295372E0,-9.886859375E0));
#7957=CARTESIAN_POINT('',(5.686672016015E0,3.940685266882E0,-9.493947916667E0));
#7958=CARTESIAN_POINT('',(5.907226996905E0,4.093522947917E0,-9.646697916667E0));
#7959=CARTESIAN_POINT('',(6.127781977795E0,4.246360628951E0,-9.799447916667E0));
#7960=CARTESIAN_POINT('',(6.348336958686E0,4.399198309986E0,-9.952197916667E0));
#7961=CARTESIAN_POINT('',(6.578553770953E0,2.142398019222E0,-9.559286458333E0));
#7962=CARTESIAN_POINT('',(6.833699978991E0,2.225489949415E0,-9.712036458333E0));
#7963=CARTESIAN_POINT('',(7.088846187028E0,2.308581879609E0,-9.864786458333E0));
#7964=CARTESIAN_POINT('',(7.343992395066E0,2.391673809803E0,-1.001753645833E1));
#7965=CARTESIAN_POINT('',(6.916676794996E0,1.637714981372E-1,-9.624625E0));
#7966=CARTESIAN_POINT('',(7.184936950329E0,1.701233010090E-1,-9.777375E0));
#7967=CARTESIAN_POINT('',(7.453197105662E0,1.764751038807E-1,-9.930125E0));
#7968=CARTESIAN_POINT('',(7.721457260996E0,1.828269067525E-1,-1.0082875E1));
#7969=CARTESIAN_POINT('',(6.672579121766E0,-1.828640712073E0,
-9.689963541667E0));
#7970=CARTESIAN_POINT('',(6.931372060157E0,-1.899563708190E0,
-9.842713541667E0));
#7971=CARTESIAN_POINT('',(7.190164998548E0,-1.970486704306E0,
-9.995463541667E0));
#7972=CARTESIAN_POINT('',(7.448957936939E0,-2.041409700422E0,
-1.014821354167E1));
#7973=CARTESIAN_POINT('',(5.866808005618E0,-3.667124597730E0,
-9.755302083333E0));
#7974=CARTESIAN_POINT('',(6.094349478719E0,-3.809352352961E0,
-9.908052083333E0));
#7975=CARTESIAN_POINT('',(6.321890951820E0,-3.951580108193E0,
-1.006080208333E1));
#7976=CARTESIAN_POINT('',(6.549432424922E0,-4.093807863424E0,
-1.021355208333E1));
#7977=CARTESIAN_POINT('',(4.567190328599E0,-5.196923271747E0,-9.820640625E0));
#7978=CARTESIAN_POINT('',(4.744326722752E0,-5.398483570927E0,-9.973390625E0));
#7979=CARTESIAN_POINT('',(4.921463116905E0,-5.600043870108E0,
-1.012614062500E1));
#7980=CARTESIAN_POINT('',(5.098599511058E0,-5.801604169288E0,
-1.027889062500E1));
#7981=CARTESIAN_POINT('',(2.883123180168E0,-6.289263845478E0,
-9.885979166667E0));
#7982=CARTESIAN_POINT('',(2.994943797942E0,-6.533190075679E0,
-1.003872916667E1));
#7983=CARTESIAN_POINT('',(3.106764415716E0,-6.777116305880E0,
-1.019147916667E1));
#7984=CARTESIAN_POINT('',(3.218585033489E0,-7.021042536080E0,
-1.034422916667E1));
#7985=CARTESIAN_POINT('',(9.563652080850E-1,-6.852197062172E0,
-9.951317708333E0));
#7986=CARTESIAN_POINT('',(9.934573965565E-1,-7.117956400472E0,
-1.010406770833E1));
#7987=CARTESIAN_POINT('',(1.030549585028E0,-7.383715738771E0,
-1.025681770833E1));
#7988=CARTESIAN_POINT('',(1.067641773499E0,-7.649475077071E0,
-1.040956770833E1));
#7989=CARTESIAN_POINT('',(-1.050896109003E0,-6.838337250980E0,-1.001665625E1));
#7990=CARTESIAN_POINT('',(-1.091654635358E0,-7.103559042823E0,-1.016940625E1));
#7991=CARTESIAN_POINT('',(-1.132413161714E0,-7.368780834667E0,-1.032215625E1));
#7992=CARTESIAN_POINT('',(-1.173171688069E0,-7.634002626510E0,-1.047490625E1));
#7993=CARTESIAN_POINT('',(-2.969696813647E0,-6.248851080407E0,
-1.008199479167E1));
#7994=CARTESIAN_POINT('',(-3.084875150315E0,-6.491209919943E0,
-1.023474479167E1));
#7995=CARTESIAN_POINT('',(-3.200053486984E0,-6.733568759480E0,
-1.038749479167E1));
#7996=CARTESIAN_POINT('',(-3.315231823652E0,-6.975927599016E0,
-1.054024479167E1));
#7997=CARTESIAN_POINT('',(-4.638519241036E0,-5.133359352371E0,
-1.014733333333E1));
#7998=CARTESIAN_POINT('',(-4.818422094530E0,-5.332454353926E0,
-1.030008333333E1));
#7999=CARTESIAN_POINT('',(-4.998324948024E0,-5.531549355480E0,
-1.045283333333E1));
#8000=CARTESIAN_POINT('',(-5.178227801518E0,-5.730644357034E0,
-1.060558333333E1));
#8001=CARTESIAN_POINT('',(-5.916887988564E0,-3.585760103642E0,
-1.021267187500E1));
#8002=CARTESIAN_POINT('',(-6.146371790966E0,-3.724832174074E0,
-1.036542187500E1));
#8003=CARTESIAN_POINT('',(-6.375855593368E0,-3.863904244507E0,
-1.051817187500E1));
#8004=CARTESIAN_POINT('',(-6.605339395770E0,-4.002976314939E0,
-1.067092187500E1));
#8005=CARTESIAN_POINT('',(-6.697194624457E0,-1.736324610344E0,
-1.027801041667E1));
#8006=CARTESIAN_POINT('',(-6.956942263895E0,-1.803667168553E0,
-1.043076041667E1));
#8007=CARTESIAN_POINT('',(-7.216689903333E0,-1.871009726762E0,
-1.058351041667E1));
#8008=CARTESIAN_POINT('',(-7.476437542771E0,-1.938352284970E0,
-1.073626041667E1));
#8009=CARTESIAN_POINT('',(-6.913755773701E0,2.592683733389E-1,
-1.034334895833E1));
#8010=CARTESIAN_POINT('',(-7.181902638555E0,2.693239789666E-1,
-1.049609895833E1));
#8011=CARTESIAN_POINT('',(-7.450049503410E0,2.793795845944E-1,
-1.064884895833E1));
#8012=CARTESIAN_POINT('',(-7.718196368264E0,2.894351902221E-1,
-1.080159895833E1));
#8013=CARTESIAN_POINT('',(-6.548342107514E0,2.233037090013E0,-1.04086875E1));
#8014=CARTESIAN_POINT('',(-6.802316569962E0,2.319644415234E0,-1.05614375E1));
#8015=CARTESIAN_POINT('',(-7.056291032410E0,2.406251740455E0,-1.07141875E1));
#8016=CARTESIAN_POINT('',(-7.310265494858E0,2.492859065676E0,-1.08669375E1));
#8017=CARTESIAN_POINT('',(-5.631712815052E0,4.018836859365E0,
-1.047402604167E1));
#8018=CARTESIAN_POINT('',(-5.850136228396E0,4.174705614275E0,
-1.062677604167E1));
#8019=CARTESIAN_POINT('',(-6.068559641739E0,4.330574369185E0,
-1.077952604167E1));
#8020=CARTESIAN_POINT('',(-6.286983055083E0,4.486443124096E0,
-1.093227604167E1));
#8021=CARTESIAN_POINT('',(-4.241026432457E0,5.466345582054E0,
-1.053936458333E1));
#8022=CARTESIAN_POINT('',(-4.405512708637E0,5.678355302677E0,
-1.069211458333E1));
#8023=CARTESIAN_POINT('',(-4.569998984816E0,5.890365023300E0,
-1.084486458333E1));
#8024=CARTESIAN_POINT('',(-4.734485260995E0,6.102374743923E0,
-1.099761458333E1));
#8025=CARTESIAN_POINT('',(-2.493345821914E0,6.453717124601E0,
-1.060470312500E1));
#8026=CARTESIAN_POINT('',(-2.590049102595E0,6.704021600238E0,
-1.075745312500E1));
#8027=CARTESIAN_POINT('',(-2.686752383276E0,6.954326075875E0,
-1.091020312500E1));
#8028=CARTESIAN_POINT('',(-2.783455663957E0,7.204630551512E0,
-1.106295312500E1));
#8029=CARTESIAN_POINT('',(-5.357846038825E-1,6.897838565713E0,
-1.067004166667E1));
#8030=CARTESIAN_POINT('',(-5.565647654142E-1,7.165368088914E0,
-1.082279166667E1));
#8031=CARTESIAN_POINT('',(-5.773449269460E-1,7.432897612116E0,
-1.097554166667E1));
#8032=CARTESIAN_POINT('',(-5.981250884777E-1,7.700427135317E0,
-1.112829166667E1));
#8033=CARTESIAN_POINT('',(1.466877669345E0,6.761323794652E0,-1.073538020833E1));
#8034=CARTESIAN_POINT('',(1.523769850821E0,7.023558654711E0,-1.088813020833E1));
#8035=CARTESIAN_POINT('',(1.580662032297E0,7.285793514770E0,-1.104088020833E1));
#8036=CARTESIAN_POINT('',(1.637554213773E0,7.548028374830E0,-1.119363020833E1));
#8037=CARTESIAN_POINT('',(3.346061067636E0,6.055670036392E0,-1.080071875E1));
#8038=CARTESIAN_POINT('',(3.475836520265E0,6.290536437232E0,-1.095346875E1));
#8039=CARTESIAN_POINT('',(3.605611972894E0,6.525402838071E0,-1.110621875E1));
#8040=CARTESIAN_POINT('',(3.735387425523E0,6.760269238910E0,-1.125896875E1));
#8041=CARTESIAN_POINT('',(4.943594349247E0,4.840254608803E0,-1.086605729167E1));
#8042=CARTESIAN_POINT('',(5.135329401692E0,5.027981676541E0,-1.101880729167E1));
#8043=CARTESIAN_POINT('',(5.327064454137E0,5.215708744278E0,-1.117155729167E1));
#8044=CARTESIAN_POINT('',(5.518799506582E0,5.403435812015E0,-1.132430729167E1));
#8045=CARTESIAN_POINT('',(5.731171280987E0,3.758397570003E0,-1.090961631944E1));
#8046=CARTESIAN_POINT('',(5.953452145577E0,3.904165305842E0,-1.106236631944E1));
#8047=CARTESIAN_POINT('',(6.175733010166E0,4.049933041680E0,-1.121511631944E1));
#8048=CARTESIAN_POINT('',(6.398013874756E0,4.195700777519E0,-1.136786631944E1));
#8049=CARTESIAN_POINT('',(6.039051479200E0,3.172289542495E0,-1.093139583333E1));
#8050=CARTESIAN_POINT('',(6.273273336877E0,3.295325345765E0,-1.108414583333E1));
#8051=CARTESIAN_POINT('',(6.507495194554E0,3.418361149035E0,-1.123689583333E1));
#8052=CARTESIAN_POINT('',(6.741717052231E0,3.541396952305E0,-1.138964583333E1));
#8053=B_SPLINE_SURFACE_WITH_KNOTS('',3,3,((#7913,#7914,#7915,#7916),(#7917,
#7918,#7919,#7920),(#7921,#7922,#7923,#7924),(#7925,#7926,#7927,#7928),(#7929,
#7930,#7931,#7932),(#7933,#7934,#7935,#7936),(#7937,#7938,#7939,#7940),(#7941,
#7942,#7943,#7944),(#7945,#7946,#7947,#7948),(#7949,#7950,#7951,#7952),(#7953,
#7954,#7955,#7956),(#7957,#7958,#7959,#7960),(#7961,#7962,#7963,#7964),(#7965,
#7966,#7967,#7968),(#7969,#7970,#7971,#7972),(#7973,#7974,#7975,#7976),(#7977,
#7978,#7979,#7980),(#7981,#7982,#7983,#7984),(#7985,#7986,#7987,#7988),(#7989,
#7990,#7991,#7992),(#7993,#7994,#7995,#7996),(#7997,#7998,#7999,#8000),(#8001,
#8002,#8003,#8004),(#8005,#8006,#8007,#8008),(#8009,#8010,#8011,#8012),(#8013,
#8014,#8015,#8016),(#8017,#8018,#8019,#8020),(#8021,#8022,#8023,#8024),(#8025,
#8026,#8027,#8028),(#8029,#8030,#8031,#8032),(#8033,#8034,#8035,#8036),(#8037,
#8038,#8039,#8040),(#8041,#8042,#8043,#8044),(#8045,#8046,#8047,#8048),(#8049,
#8050,#8051,#8052)),.UNSPECIFIED.,.F.,.F.,.F.,(4,1,1,1,1,1,1,1,1,1,1,1,1,1,1,1,
1,1,1,1,1,1,1,1,1,1,1,1,1,1,1,1,4),(4,4),(-1.048913043478E-2,6.555706521739E-3,
2.360054347826E-2,4.064538043478E-2,5.769021739130E-2,7.473505434783E-2,
9.177989130435E-2,1.088247282609E-1,1.258695652174E-1,1.429144021739E-1,
1.599592391304E-1,1.770040760870E-1,1.940489130435E-1,2.1109375E-1,
2.281385869565E-1,2.451834239130E-1,2.622282608696E-1,2.792730978261E-1,
2.963179347826E-1,3.133627717391E-1,3.304076086957E-1,3.474524456522E-1,
3.644972826087E-1,3.815421195652E-1,3.985869565217E-1,4.156317934783E-1,
4.326766304348E-1,4.497214673913E-1,4.667663043478E-1,4.838111413043E-1,
5.008559782609E-1,5.179008152174E-1,5.349456521739E-1),(-2.E-2,1.02E0),
.UNSPECIFIED.);
#8054=ORIENTED_EDGE('',*,*,#5867,.F.);
#8055=ORIENTED_EDGE('',*,*,#5976,.T.);
#8056=ORIENTED_EDGE('',*,*,#6840,.F.);
#8057=ORIENTED_EDGE('',*,*,#7013,.F.);
#8058=EDGE_LOOP('',(#8054,#8055,#8056,#8057));
#8059=FACE_OUTER_BOUND('',#8058,.F.);
#8061=CARTESIAN_POINT('',(-6.345032714603E0,-2.504820065489E0,-8.8405625E0));
#8062=CARTESIAN_POINT('',(-6.588133001610E0,-1.889015642950E0,
-8.862342013889E0));
#8063=CARTESIAN_POINT('',(-6.893732438698E0,-5.862105693251E-1,
-8.905901041667E0));
#8064=CARTESIAN_POINT('',(-6.771869187613E0,1.417410301875E0,
-8.971239583333E0));
#8065=CARTESIAN_POINT('',(-6.079967404296E0,3.301700458195E0,-9.036578125E0));
#8066=CARTESIAN_POINT('',(-4.876278009799E0,4.908070373532E0,
-9.101916666667E0));
#8067=CARTESIAN_POINT('',(-3.262120749165E0,6.101295463251E0,
-9.167255208333E0));
#8068=CARTESIAN_POINT('',(-1.373370166655E0,6.780936042213E0,-9.23259375E0));
#8069=CARTESIAN_POINT('',(6.309857588431E-1,6.889781992600E0,
-9.297932291667E0));
#8070=CARTESIAN_POINT('',(2.582227588036E0,6.418671177588E0,-9.363270833333E0));
#8071=CARTESIAN_POINT('',(4.316106892862E0,5.407259960201E0,-9.428609375E0));
#8072=CARTESIAN_POINT('',(5.686672016015E0,3.940685266882E0,-9.493947916667E0));
#8073=CARTESIAN_POINT('',(6.578553770953E0,2.142398019222E0,-9.559286458333E0));
#8074=CARTESIAN_POINT('',(6.916676794996E0,1.637714981372E-1,-9.624625E0));
#8075=CARTESIAN_POINT('',(6.672579121766E0,-1.828640712073E0,
-9.689963541667E0));
#8076=CARTESIAN_POINT('',(5.866808005618E0,-3.667124597730E0,
-9.755302083333E0));
#8077=CARTESIAN_POINT('',(4.567190328599E0,-5.196923271747E0,-9.820640625E0));
#8078=CARTESIAN_POINT('',(2.883123180168E0,-6.289263845478E0,
-9.885979166667E0));
#8079=CARTESIAN_POINT('',(9.563652080850E-1,-6.852197062172E0,
-9.951317708333E0));
#8080=CARTESIAN_POINT('',(-1.050896109003E0,-6.838337250980E0,-1.001665625E1));
#8081=CARTESIAN_POINT('',(-2.969696813647E0,-6.248851080407E0,
-1.008199479167E1));
#8082=CARTESIAN_POINT('',(-4.638519241036E0,-5.133359352371E0,
-1.014733333333E1));
#8083=CARTESIAN_POINT('',(-5.916887988564E0,-3.585760103642E0,
-1.021267187500E1));
#8084=CARTESIAN_POINT('',(-6.697194624457E0,-1.736324610344E0,
-1.027801041667E1));
#8085=CARTESIAN_POINT('',(-6.913755773701E0,2.592683733389E-1,
-1.034334895833E1));
#8086=CARTESIAN_POINT('',(-6.548342107514E0,2.233037090013E0,-1.04086875E1));
#8087=CARTESIAN_POINT('',(-5.631712815052E0,4.018836859365E0,
-1.047402604167E1));
#8088=CARTESIAN_POINT('',(-4.241026432457E0,5.466345582054E0,
-1.053936458333E1));
#8089=CARTESIAN_POINT('',(-2.493345821914E0,6.453717124601E0,
-1.060470312500E1));
#8090=CARTESIAN_POINT('',(-5.357846038825E-1,6.897838565713E0,
-1.067004166667E1));
#8091=CARTESIAN_POINT('',(1.466877669345E0,6.761323794652E0,-1.073538020833E1));
#8092=CARTESIAN_POINT('',(3.346061067636E0,6.055670036392E0,-1.080071875E1));
#8093=CARTESIAN_POINT('',(4.943594349247E0,4.840254608803E0,-1.086605729167E1));
#8094=CARTESIAN_POINT('',(5.731171280987E0,3.758397570003E0,-1.090961631944E1));
#8095=CARTESIAN_POINT('',(6.039051479200E0,3.172289542495E0,-1.093139583333E1));
#8096=CARTESIAN_POINT('',(-6.591121914960E0,-2.601968369474E0,-8.9933125E0));
#8097=CARTESIAN_POINT('',(-6.843650735740E0,-1.962280253228E0,
-9.015092013889E0));
#8098=CARTESIAN_POINT('',(-7.161102707635E0,-6.089464789311E-1,
-9.058651041667E0));
#8099=CARTESIAN_POINT('',(-7.034513045930E0,1.472383914062E0,
-9.123989583333E0));
#8100=CARTESIAN_POINT('',(-6.315776167469E0,3.429755404816E0,-9.189328125E0));
#8101=CARTESIAN_POINT('',(-5.065402228717E0,5.098427644779E0,
-9.254666666667E0));
#8102=CARTESIAN_POINT('',(-3.388640614820E0,6.337931425465E0,
-9.320005208333E0));
#8103=CARTESIAN_POINT('',(-1.426635702281E0,7.043931554350E0,-9.38534375E0));
#8104=CARTESIAN_POINT('',(6.554582537561E-1,7.156999045286E0,
-9.450682291667E0));
#8105=CARTESIAN_POINT('',(2.682378107484E0,6.667616412152E0,-9.516020833333E0));
#8106=CARTESIAN_POINT('',(4.483505130460E0,5.616978071924E0,-9.581359375E0));
#8107=CARTESIAN_POINT('',(5.907226996905E0,4.093522947917E0,-9.646697916667E0));
#8108=CARTESIAN_POINT('',(6.833699978991E0,2.225489949415E0,-9.712036458333E0));
#8109=CARTESIAN_POINT('',(7.184936950329E0,1.701233010090E-1,-9.777375E0));
#8110=CARTESIAN_POINT('',(6.931372060157E0,-1.899563708190E0,
-9.842713541667E0));
#8111=CARTESIAN_POINT('',(6.094349478719E0,-3.809352352961E0,
-9.908052083333E0));
#8112=CARTESIAN_POINT('',(4.744326722752E0,-5.398483570927E0,-9.973390625E0));
#8113=CARTESIAN_POINT('',(2.994943797942E0,-6.533190075679E0,
-1.003872916667E1));
#8114=CARTESIAN_POINT('',(9.934573965565E-1,-7.117956400472E0,
-1.010406770833E1));
#8115=CARTESIAN_POINT('',(-1.091654635358E0,-7.103559042823E0,-1.016940625E1));
#8116=CARTESIAN_POINT('',(-3.084875150315E0,-6.491209919943E0,
-1.023474479167E1));
#8117=CARTESIAN_POINT('',(-4.818422094530E0,-5.332454353926E0,
-1.030008333333E1));
#8118=CARTESIAN_POINT('',(-6.146371790966E0,-3.724832174074E0,
-1.036542187500E1));
#8119=CARTESIAN_POINT('',(-6.956942263895E0,-1.803667168553E0,
-1.043076041667E1));
#8120=CARTESIAN_POINT('',(-7.181902638555E0,2.693239789666E-1,
-1.049609895833E1));
#8121=CARTESIAN_POINT('',(-6.802316569962E0,2.319644415234E0,-1.05614375E1));
#8122=CARTESIAN_POINT('',(-5.850136228396E0,4.174705614275E0,
-1.062677604167E1));
#8123=CARTESIAN_POINT('',(-4.405512708637E0,5.678355302677E0,
-1.069211458333E1));
#8124=CARTESIAN_POINT('',(-2.590049102595E0,6.704021600238E0,
-1.075745312500E1));
#8125=CARTESIAN_POINT('',(-5.565647654142E-1,7.165368088914E0,
-1.082279166667E1));
#8126=CARTESIAN_POINT('',(1.523769850821E0,7.023558654711E0,-1.088813020833E1));
#8127=CARTESIAN_POINT('',(3.475836520265E0,6.290536437232E0,-1.095346875E1));
#8128=CARTESIAN_POINT('',(5.135329401692E0,5.027981676541E0,-1.101880729167E1));
#8129=CARTESIAN_POINT('',(5.953452145577E0,3.904165305842E0,-1.106236631944E1));
#8130=CARTESIAN_POINT('',(6.273273336877E0,3.295325345765E0,-1.108414583333E1));
#8131=CARTESIAN_POINT('',(-6.837211115318E0,-2.699116673460E0,-9.1460625E0));
#8132=CARTESIAN_POINT('',(-7.099168469870E0,-2.035544863506E0,
-9.167842013889E0));
#8133=CARTESIAN_POINT('',(-7.428472976573E0,-6.316823885372E-1,
-9.211401041667E0));
#8134=CARTESIAN_POINT('',(-7.297156904246E0,1.527357526250E0,
-9.276739583333E0));
#8135=CARTESIAN_POINT('',(-6.551584930643E0,3.557810351437E0,-9.342078125E0));
#8136=CARTESIAN_POINT('',(-5.254526447634E0,5.288784916025E0,
-9.407416666667E0));
#8137=CARTESIAN_POINT('',(-3.515160480476E0,6.574567387679E0,
-9.472755208333E0));
#8138=CARTESIAN_POINT('',(-1.479901237907E0,7.306927066488E0,-9.53809375E0));
#8139=CARTESIAN_POINT('',(6.799307486691E-1,7.424216097973E0,
-9.603432291667E0));
#8140=CARTESIAN_POINT('',(2.782528626932E0,6.916561646715E0,-9.668770833333E0));
#8141=CARTESIAN_POINT('',(4.650903368057E0,5.826696183648E0,-9.734109375E0));
#8142=CARTESIAN_POINT('',(6.127781977795E0,4.246360628951E0,-9.799447916667E0));
#8143=CARTESIAN_POINT('',(7.088846187028E0,2.308581879609E0,-9.864786458333E0));
#8144=CARTESIAN_POINT('',(7.453197105662E0,1.764751038807E-1,-9.930125E0));
#8145=CARTESIAN_POINT('',(7.190164998548E0,-1.970486704306E0,
-9.995463541667E0));
#8146=CARTESIAN_POINT('',(6.321890951820E0,-3.951580108193E0,
-1.006080208333E1));
#8147=CARTESIAN_POINT('',(4.921463116905E0,-5.600043870108E0,
-1.012614062500E1));
#8148=CARTESIAN_POINT('',(3.106764415716E0,-6.777116305880E0,
-1.019147916667E1));
#8149=CARTESIAN_POINT('',(1.030549585028E0,-7.383715738771E0,
-1.025681770833E1));
#8150=CARTESIAN_POINT('',(-1.132413161714E0,-7.368780834667E0,-1.032215625E1));
#8151=CARTESIAN_POINT('',(-3.200053486984E0,-6.733568759480E0,
-1.038749479167E1));
#8152=CARTESIAN_POINT('',(-4.998324948024E0,-5.531549355480E0,
-1.045283333333E1));
#8153=CARTESIAN_POINT('',(-6.375855593368E0,-3.863904244507E0,
-1.051817187500E1));
#8154=CARTESIAN_POINT('',(-7.216689903333E0,-1.871009726762E0,
-1.058351041667E1));
#8155=CARTESIAN_POINT('',(-7.450049503410E0,2.793795845944E-1,
-1.064884895833E1));
#8156=CARTESIAN_POINT('',(-7.056291032410E0,2.406251740455E0,-1.07141875E1));
#8157=CARTESIAN_POINT('',(-6.068559641739E0,4.330574369185E0,
-1.077952604167E1));
#8158=CARTESIAN_POINT('',(-4.569998984816E0,5.890365023300E0,
-1.084486458333E1));
#8159=CARTESIAN_POINT('',(-2.686752383276E0,6.954326075875E0,
-1.091020312500E1));
#8160=CARTESIAN_POINT('',(-5.773449269460E-1,7.432897612116E0,
-1.097554166667E1));
#8161=CARTESIAN_POINT('',(1.580662032297E0,7.285793514770E0,-1.104088020833E1));
#8162=CARTESIAN_POINT('',(3.605611972894E0,6.525402838071E0,-1.110621875E1));
#8163=CARTESIAN_POINT('',(5.327064454137E0,5.215708744278E0,-1.117155729167E1));
#8164=CARTESIAN_POINT('',(6.175733010166E0,4.049933041680E0,-1.121511631944E1));
#8165=CARTESIAN_POINT('',(6.507495194554E0,3.418361149035E0,-1.123689583333E1));
#8166=CARTESIAN_POINT('',(-7.083300315676E0,-2.796264977445E0,-9.2988125E0));
#8167=CARTESIAN_POINT('',(-7.354686204001E0,-2.108809473784E0,
-9.320592013889E0));
#8168=CARTESIAN_POINT('',(-7.695843245510E0,-6.544182981432E-1,
-9.364151041667E0));
#8169=CARTESIAN_POINT('',(-7.559800762563E0,1.582331138437E0,
-9.429489583333E0));
#8170=CARTESIAN_POINT('',(-6.787393693816E0,3.685865298058E0,-9.494828125E0));
#8171=CARTESIAN_POINT('',(-5.443650666551E0,5.479142187272E0,
-9.560166666667E0));
#8172=CARTESIAN_POINT('',(-3.641680346132E0,6.811203349893E0,
-9.625505208333E0));
#8173=CARTESIAN_POINT('',(-1.533166773533E0,7.569922578625E0,-9.69084375E0));
#8174=CARTESIAN_POINT('',(7.044032435821E-1,7.691433150660E0,
-9.756182291667E0));
#8175=CARTESIAN_POINT('',(2.882679146380E0,7.165506881279E0,-9.821520833333E0));
#8176=CARTESIAN_POINT('',(4.818301605655E0,6.036414295372E0,-9.886859375E0));
#8177=CARTESIAN_POINT('',(6.348336958686E0,4.399198309986E0,-9.952197916667E0));
#8178=CARTESIAN_POINT('',(7.343992395066E0,2.391673809803E0,-1.001753645833E1));
#8179=CARTESIAN_POINT('',(7.721457260996E0,1.828269067525E-1,-1.0082875E1));
#8180=CARTESIAN_POINT('',(7.448957936939E0,-2.041409700422E0,
-1.014821354167E1));
#8181=CARTESIAN_POINT('',(6.549432424922E0,-4.093807863424E0,
-1.021355208333E1));
#8182=CARTESIAN_POINT('',(5.098599511058E0,-5.801604169288E0,
-1.027889062500E1));
#8183=CARTESIAN_POINT('',(3.218585033489E0,-7.021042536080E0,
-1.034422916667E1));
#8184=CARTESIAN_POINT('',(1.067641773499E0,-7.649475077071E0,
-1.040956770833E1));
#8185=CARTESIAN_POINT('',(-1.173171688069E0,-7.634002626510E0,-1.047490625E1));
#8186=CARTESIAN_POINT('',(-3.315231823652E0,-6.975927599016E0,
-1.054024479167E1));
#8187=CARTESIAN_POINT('',(-5.178227801518E0,-5.730644357034E0,
-1.060558333333E1));
#8188=CARTESIAN_POINT('',(-6.605339395770E0,-4.002976314939E0,
-1.067092187500E1));
#8189=CARTESIAN_POINT('',(-7.476437542771E0,-1.938352284970E0,
-1.073626041667E1));
#8190=CARTESIAN_POINT('',(-7.718196368264E0,2.894351902221E-1,
-1.080159895833E1));
#8191=CARTESIAN_POINT('',(-7.310265494858E0,2.492859065676E0,-1.08669375E1));
#8192=CARTESIAN_POINT('',(-6.286983055083E0,4.486443124096E0,
-1.093227604167E1));
#8193=CARTESIAN_POINT('',(-4.734485260995E0,6.102374743923E0,
-1.099761458333E1));
#8194=CARTESIAN_POINT('',(-2.783455663957E0,7.204630551512E0,
-1.106295312500E1));
#8195=CARTESIAN_POINT('',(-5.981250884777E-1,7.700427135317E0,
-1.112829166667E1));
#8196=CARTESIAN_POINT('',(1.637554213773E0,7.548028374830E0,-1.119363020833E1));
#8197=CARTESIAN_POINT('',(3.735387425523E0,6.760269238910E0,-1.125896875E1));
#8198=CARTESIAN_POINT('',(5.518799506582E0,5.403435812015E0,-1.132430729167E1));
#8199=CARTESIAN_POINT('',(6.398013874756E0,4.195700777519E0,-1.136786631944E1));
#8200=CARTESIAN_POINT('',(6.741717052231E0,3.541396952305E0,-1.138964583333E1));
#8201=B_SPLINE_SURFACE_WITH_KNOTS('',3,3,((#8061,#8062,#8063,#8064,#8065,#8066,
#8067,#8068,#8069,#8070,#8071,#8072,#8073,#8074,#8075,#8076,#8077,#8078,#8079,
#8080,#8081,#8082,#8083,#8084,#8085,#8086,#8087,#8088,#8089,#8090,#8091,#8092,
#8093,#8094,#8095),(#8096,#8097,#8098,#8099,#8100,#8101,#8102,#8103,#8104,#8105,
#8106,#8107,#8108,#8109,#8110,#8111,#8112,#8113,#8114,#8115,#8116,#8117,#8118,
#8119,#8120,#8121,#8122,#8123,#8124,#8125,#8126,#8127,#8128,#8129,#8130),(#8131,
#8132,#8133,#8134,#8135,#8136,#8137,#8138,#8139,#8140,#8141,#8142,#8143,#8144,
#8145,#8146,#8147,#8148,#8149,#8150,#8151,#8152,#8153,#8154,#8155,#8156,#8157,
#8158,#8159,#8160,#8161,#8162,#8163,#8164,#8165),(#8166,#8167,#8168,#8169,#8170,
#8171,#8172,#8173,#8174,#8175,#8176,#8177,#8178,#8179,#8180,#8181,#8182,#8183,
#8184,#8185,#8186,#8187,#8188,#8189,#8190,#8191,#8192,#8193,#8194,#8195,#8196,
#8197,#8198,#8199,#8200)),.UNSPECIFIED.,.F.,.F.,.F.,(4,4),(4,1,1,1,1,1,1,1,1,1,
1,1,1,1,1,1,1,1,1,1,1,1,1,1,1,1,1,1,1,1,1,1,4),(-2.E-2,1.02E0),(
-1.048913043478E-2,6.555706521739E-3,2.360054347826E-2,4.064538043478E-2,
5.769021739130E-2,7.473505434783E-2,9.177989130435E-2,1.088247282609E-1,
1.258695652174E-1,1.429144021739E-1,1.599592391304E-1,1.770040760870E-1,
1.940489130435E-1,2.1109375E-1,2.281385869565E-1,2.451834239130E-1,
2.622282608696E-1,2.792730978261E-1,2.963179347826E-1,3.133627717391E-1,
3.304076086957E-1,3.474524456522E-1,3.644972826087E-1,3.815421195652E-1,
3.985869565217E-1,4.156317934783E-1,4.326766304348E-1,4.497214673913E-1,
4.667663043478E-1,4.838111413043E-1,5.008559782609E-1,5.179008152174E-1,
5.349456521739E-1),.UNSPECIFIED.);
#8202=ORIENTED_EDGE('',*,*,#5961,.T.);
#8203=ORIENTED_EDGE('',*,*,#7464,.F.);
#8204=ORIENTED_EDGE('',*,*,#5859,.F.);
#8205=ORIENTED_EDGE('',*,*,#5987,.T.);
#8206=EDGE_LOOP('',(#8202,#8203,#8204,#8205));
#8207=FACE_OUTER_BOUND('',#8206,.F.);
#8209=CARTESIAN_POINT('',(-2.883979532628E-1,6.815452320309E0,
-7.857947248507E0));
#8210=CARTESIAN_POINT('',(-2.995833363641E-1,7.079786530552E0,
-8.010697248507E0));
#8211=CARTESIAN_POINT('',(-3.107687194654E-1,7.344120740795E0,
-8.163447248507E0));
#8212=CARTESIAN_POINT('',(-3.219541025667E-1,7.608454951039E0,
-8.316197248507E0));
#8213=CARTESIAN_POINT('',(3.714564261550E-1,6.843374260561E0,
-7.879673893282E0));
#8214=CARTESIAN_POINT('',(3.858631942509E-1,7.108791410523E0,
-8.032423893282E0));
#8215=CARTESIAN_POINT('',(4.002699623468E-1,7.374208560486E0,
-8.185173893282E0));
#8216=CARTESIAN_POINT('',(4.146767304427E-1,7.639625710449E0,
-8.337923893282E0));
#8217=CARTESIAN_POINT('',(1.699241057273E0,6.706206981663E0,-7.923127182834E0));
#8218=CARTESIAN_POINT('',(1.765145346787E0,6.966304161266E0,-8.075877182834E0));
#8219=CARTESIAN_POINT('',(1.831049636301E0,7.226401340868E0,-8.228627182834E0));
#8220=CARTESIAN_POINT('',(1.896953925815E0,7.486498520470E0,-8.381377182834E0));
#8221=CARTESIAN_POINT('',(3.548643135823E0,5.938673047037E0,-7.988307117161E0));
#8222=CARTESIAN_POINT('',(3.686275641584E0,6.169001772997E0,-8.141057117161E0));
#8223=CARTESIAN_POINT('',(3.823908147346E0,6.399330498958E0,-8.293807117161E0));
#8224=CARTESIAN_POINT('',(3.961540653107E0,6.629659224918E0,-8.446557117161E0));
#8225=CARTESIAN_POINT('',(5.100752223058E0,4.673649346319E0,-8.053487051488E0));
#8226=CARTESIAN_POINT('',(5.298582571971E0,4.854914704927E0,-8.206237051488E0));
#8227=CARTESIAN_POINT('',(5.496412920884E0,5.036180063534E0,-8.358987051488E0));
#8228=CARTESIAN_POINT('',(5.694243269797E0,5.217445422142E0,-8.511737051488E0));
#8229=CARTESIAN_POINT('',(6.225571076751E0,3.017109298127E0,-8.118666985815E0));
#8230=CARTESIAN_POINT('',(6.467027011962E0,3.134126506385E0,-8.271416985815E0));
#8231=CARTESIAN_POINT('',(6.708482947173E0,3.251143714643E0,-8.424166985815E0));
#8232=CARTESIAN_POINT('',(6.949938882384E0,3.368160922901E0,-8.576916985815E0));
#8233=CARTESIAN_POINT('',(6.828865840222E0,1.107822742193E0,-8.183846920143E0));
#8234=CARTESIAN_POINT('',(7.093720287718E0,1.150789142057E0,-8.336596920143E0));
#8235=CARTESIAN_POINT('',(7.358574735214E0,1.193755541920E0,-8.489346920143E0));
#8236=CARTESIAN_POINT('',(7.623429182710E0,1.236721941784E0,-8.642096920143E0));
#8237=CARTESIAN_POINT('',(6.860099635726E0,-8.942672852766E-1,
-8.249026854470E0));
#8238=CARTESIAN_POINT('',(7.126165471738E0,-9.289510341300E-1,
-8.401776854470E0));
#8239=CARTESIAN_POINT('',(7.392231307749E0,-9.636347829834E-1,
-8.554526854470E0));
#8240=CARTESIAN_POINT('',(7.658297143761E0,-9.983185318368E-1,
-8.707276854470E0));
#8241=CARTESIAN_POINT('',(6.316655502048E0,-2.821443596618E0,
-8.314206788797E0));
#8242=CARTESIAN_POINT('',(6.561644105158E0,-2.930871999871E0,
-8.466956788797E0));
#8243=CARTESIAN_POINT('',(6.806632708267E0,-3.040300403124E0,
-8.619706788797E0));
#8244=CARTESIAN_POINT('',(7.051621311377E0,-3.149728806377E0,
-8.772456788797E0));
#8245=CARTESIAN_POINT('',(5.244058458173E0,-4.512264583400E0,
-8.379386723124E0));
#8246=CARTESIAN_POINT('',(5.447446874064E0,-4.687270707573E0,
-8.532136723124E0));
#8247=CARTESIAN_POINT('',(5.650835289955E0,-4.862276831746E0,
-8.684886723124E0));
#8248=CARTESIAN_POINT('',(5.854223705847E0,-5.037282955918E0,
-8.837636723124E0));
#8249=CARTESIAN_POINT('',(3.732161062205E0,-5.825088368962E0,
-8.444566657451E0));
#8250=CARTESIAN_POINT('',(3.876911227053E0,-6.051011764981E0,
-8.597316657451E0));
#8251=CARTESIAN_POINT('',(4.021661391901E0,-6.276935160999E0,
-8.750066657451E0));
#8252=CARTESIAN_POINT('',(4.166411556749E0,-6.502858557018E0,
-8.902816657451E0));
#8253=CARTESIAN_POINT('',(1.907616576782E0,-6.649938344496E0,
-8.509746591779E0));
#8254=CARTESIAN_POINT('',(1.981602615796E0,-6.907853170665E0,
-8.662496591779E0));
#8255=CARTESIAN_POINT('',(2.055588654810E0,-7.165767996834E0,
-8.815246591779E0));
#8256=CARTESIAN_POINT('',(2.129574693825E0,-7.423682823004E0,
-8.967996591779E0));
#8257=CARTESIAN_POINT('',(-7.673098565138E-2,-6.917715825885E0,
-8.574926526106E0));
#8258=CARTESIAN_POINT('',(-7.970696193881E-2,-7.186016279558E0,
-8.727676526106E0));
#8259=CARTESIAN_POINT('',(-8.268293822622E-2,-7.454316733230E0,
-8.880426526106E0));
#8260=CARTESIAN_POINT('',(-8.565891451365E-2,-7.722617186903E0,
-9.033176526106E0));
#8261=CARTESIAN_POINT('',(-2.054650671786E0,-6.605989279847E0,
-8.640106460433E0));
#8262=CARTESIAN_POINT('',(-2.134339361124E0,-6.862199561586E0,
-8.792856460433E0));
#8263=CARTESIAN_POINT('',(-2.214028050462E0,-7.118409843324E0,
-8.945606460433E0));
#8264=CARTESIAN_POINT('',(-2.293716739800E0,-7.374620125063E0,
-9.098356460433E0));
#8265=CARTESIAN_POINT('',(-3.860450239371E0,-5.740870613654E0,
-8.705286394760E0));
#8266=CARTESIAN_POINT('',(-4.010176041453E0,-5.963527662438E0,
-8.858036394760E0));
#8267=CARTESIAN_POINT('',(-4.159901843535E0,-6.186184711222E0,
-9.010786394760E0));
#8268=CARTESIAN_POINT('',(-4.309627645616E0,-6.408841760006E0,
-9.163536394760E0));
#8269=CARTESIAN_POINT('',(-5.342855234519E0,-4.394838291450E0,
-8.770466329087E0));
#8270=CARTESIAN_POINT('',(-5.550075438327E0,-4.565290090439E0,
-8.923216329087E0));
#8271=CARTESIAN_POINT('',(-5.757295642136E0,-4.735741889427E0,
-9.075966329087E0));
#8272=CARTESIAN_POINT('',(-5.964515845944E0,-4.906193688416E0,
-9.228716329087E0));
#8273=CARTESIAN_POINT('',(-6.377685655723E0,-2.680626405977E0,
-8.835646263415E0));
#8274=CARTESIAN_POINT('',(-6.625041285512E0,-2.784593278706E0,
-8.988396263415E0));
#8275=CARTESIAN_POINT('',(-6.872396915300E0,-2.888560151436E0,
-9.141146263415E0));
#8276=CARTESIAN_POINT('',(-7.119752545089E0,-2.992527024166E0,
-9.293896263415E0));
#8277=CARTESIAN_POINT('',(-6.711390426868E0,-1.388160539988E0,
-8.879099552966E0));
#8278=CARTESIAN_POINT('',(-6.971688644029E0,-1.441999713498E0,
-9.031849552966E0));
#8279=CARTESIAN_POINT('',(-7.231986861189E0,-1.495838887009E0,
-9.184599552966E0));
#8280=CARTESIAN_POINT('',(-7.492285078350E0,-1.549678060520E0,
-9.337349552966E0));
#8281=CARTESIAN_POINT('',(-6.782214692901E0,-7.315241412666E-1,
-8.900826197742E0));
#8282=CARTESIAN_POINT('',(-7.045259796922E0,-7.598959714941E-1,
-9.053576197742E0));
#8283=CARTESIAN_POINT('',(-7.308304900943E0,-7.882678017217E-1,
-9.206326197742E0));
#8284=CARTESIAN_POINT('',(-7.571350004964E0,-8.166396319492E-1,
-9.359076197742E0));
#8285=B_SPLINE_SURFACE_WITH_KNOTS('',3,3,((#8209,#8210,#8211,#8212),(#8213,
#8214,#8215,#8216),(#8217,#8218,#8219,#8220),(#8221,#8222,#8223,#8224),(#8225,
#8226,#8227,#8228),(#8229,#8230,#8231,#8232),(#8233,#8234,#8235,#8236),(#8237,
#8238,#8239,#8240),(#8241,#8242,#8243,#8244),(#8245,#8246,#8247,#8248),(#8249,
#8250,#8251,#8252),(#8253,#8254,#8255,#8256),(#8257,#8258,#8259,#8260),(#8261,
#8262,#8263,#8264),(#8265,#8266,#8267,#8268),(#8269,#8270,#8271,#8272),(#8273,
#8274,#8275,#8276),(#8277,#8278,#8279,#8280),(#8281,#8282,#8283,#8284)),
.UNSPECIFIED.,.F.,.F.,.F.,(4,1,1,1,1,1,1,1,1,1,1,1,1,1,1,1,4),(4,4),(
7.331764561322E-1,7.501799172610E-1,7.671833783898E-1,7.841868395187E-1,
8.011903006475E-1,8.181937617763E-1,8.351972229052E-1,8.522006840340E-1,
8.692041451628E-1,8.862076062917E-1,9.032110674205E-1,9.202145285493E-1,
9.372179896782E-1,9.542214508070E-1,9.712249119358E-1,9.882283730647E-1,
1.005231834193E0),(-2.E-2,1.02E0),.UNSPECIFIED.);
#8286=ORIENTED_EDGE('',*,*,#5884,.F.);
#8287=ORIENTED_EDGE('',*,*,#7759,.F.);
#8289=ORIENTED_EDGE('',*,*,#8288,.F.);
#8290=ORIENTED_EDGE('',*,*,#6821,.F.);
#8292=ORIENTED_EDGE('',*,*,#8291,.F.);
#8293=EDGE_LOOP('',(#8286,#8287,#8289,#8290,#8292));
#8294=FACE_OUTER_BOUND('',#8293,.F.);
#8296=CARTESIAN_POINT('',(-2.883979532628E-1,6.815452320309E0,
-7.857947248507E0));
#8297=CARTESIAN_POINT('',(3.714564261550E-1,6.843374260561E0,
-7.879673893282E0));
#8298=CARTESIAN_POINT('',(1.699241057273E0,6.706206981663E0,-7.923127182834E0));
#8299=CARTESIAN_POINT('',(3.548643135823E0,5.938673047037E0,-7.988307117161E0));
#8300=CARTESIAN_POINT('',(5.100752223058E0,4.673649346319E0,-8.053487051488E0));
#8301=CARTESIAN_POINT('',(6.225571076751E0,3.017109298127E0,-8.118666985815E0));
#8302=CARTESIAN_POINT('',(6.828865840222E0,1.107822742193E0,-8.183846920143E0));
#8303=CARTESIAN_POINT('',(6.860099635726E0,-8.942672852766E-1,
-8.249026854470E0));
#8304=CARTESIAN_POINT('',(6.316655502048E0,-2.821443596618E0,
-8.314206788797E0));
#8305=CARTESIAN_POINT('',(5.244058458173E0,-4.512264583400E0,
-8.379386723124E0));
#8306=CARTESIAN_POINT('',(3.732161062205E0,-5.825088368962E0,
-8.444566657451E0));
#8307=CARTESIAN_POINT('',(1.907616576782E0,-6.649938344496E0,
-8.509746591779E0));
#8308=CARTESIAN_POINT('',(-7.673098565138E-2,-6.917715825885E0,
-8.574926526106E0));
#8309=CARTESIAN_POINT('',(-2.054650671786E0,-6.605989279847E0,
-8.640106460433E0));
#8310=CARTESIAN_POINT('',(-3.860450239371E0,-5.740870613654E0,
-8.705286394760E0));
#8311=CARTESIAN_POINT('',(-5.342855234519E0,-4.394838291450E0,
-8.770466329087E0));
#8312=CARTESIAN_POINT('',(-6.377685655723E0,-2.680626405977E0,
-8.835646263415E0));
#8313=CARTESIAN_POINT('',(-6.711390426868E0,-1.388160539988E0,
-8.879099552966E0));
#8314=CARTESIAN_POINT('',(-6.782214692901E0,-7.315241412666E-1,
-8.900826197742E0));
#8315=CARTESIAN_POINT('',(-2.995833363641E-1,7.079786530552E0,
-8.010697248507E0));
#8316=CARTESIAN_POINT('',(3.858631942509E-1,7.108791410523E0,
-8.032423893282E0));
#8317=CARTESIAN_POINT('',(1.765145346787E0,6.966304161266E0,-8.075877182834E0));
#8318=CARTESIAN_POINT('',(3.686275641584E0,6.169001772997E0,-8.141057117161E0));
#8319=CARTESIAN_POINT('',(5.298582571971E0,4.854914704927E0,-8.206237051488E0));
#8320=CARTESIAN_POINT('',(6.467027011962E0,3.134126506385E0,-8.271416985815E0));
#8321=CARTESIAN_POINT('',(7.093720287718E0,1.150789142057E0,-8.336596920143E0));
#8322=CARTESIAN_POINT('',(7.126165471738E0,-9.289510341300E-1,
-8.401776854470E0));
#8323=CARTESIAN_POINT('',(6.561644105158E0,-2.930871999871E0,
-8.466956788797E0));
#8324=CARTESIAN_POINT('',(5.447446874064E0,-4.687270707573E0,
-8.532136723124E0));
#8325=CARTESIAN_POINT('',(3.876911227053E0,-6.051011764981E0,
-8.597316657451E0));
#8326=CARTESIAN_POINT('',(1.981602615796E0,-6.907853170665E0,
-8.662496591779E0));
#8327=CARTESIAN_POINT('',(-7.970696193881E-2,-7.186016279558E0,
-8.727676526106E0));
#8328=CARTESIAN_POINT('',(-2.134339361124E0,-6.862199561586E0,
-8.792856460433E0));
#8329=CARTESIAN_POINT('',(-4.010176041453E0,-5.963527662438E0,
-8.858036394760E0));
#8330=CARTESIAN_POINT('',(-5.550075438327E0,-4.565290090439E0,
-8.923216329087E0));
#8331=CARTESIAN_POINT('',(-6.625041285512E0,-2.784593278706E0,
-8.988396263415E0));
#8332=CARTESIAN_POINT('',(-6.971688644029E0,-1.441999713498E0,
-9.031849552966E0));
#8333=CARTESIAN_POINT('',(-7.045259796922E0,-7.598959714941E-1,
-9.053576197742E0));
#8334=CARTESIAN_POINT('',(-3.107687194654E-1,7.344120740795E0,
-8.163447248507E0));
#8335=CARTESIAN_POINT('',(4.002699623468E-1,7.374208560486E0,
-8.185173893282E0));
#8336=CARTESIAN_POINT('',(1.831049636301E0,7.226401340868E0,-8.228627182834E0));
#8337=CARTESIAN_POINT('',(3.823908147346E0,6.399330498958E0,-8.293807117161E0));
#8338=CARTESIAN_POINT('',(5.496412920884E0,5.036180063534E0,-8.358987051488E0));
#8339=CARTESIAN_POINT('',(6.708482947173E0,3.251143714643E0,-8.424166985815E0));
#8340=CARTESIAN_POINT('',(7.358574735214E0,1.193755541920E0,-8.489346920143E0));
#8341=CARTESIAN_POINT('',(7.392231307749E0,-9.636347829834E-1,
-8.554526854470E0));
#8342=CARTESIAN_POINT('',(6.806632708267E0,-3.040300403124E0,
-8.619706788797E0));
#8343=CARTESIAN_POINT('',(5.650835289955E0,-4.862276831746E0,
-8.684886723124E0));
#8344=CARTESIAN_POINT('',(4.021661391901E0,-6.276935160999E0,
-8.750066657451E0));
#8345=CARTESIAN_POINT('',(2.055588654810E0,-7.165767996834E0,
-8.815246591779E0));
#8346=CARTESIAN_POINT('',(-8.268293822622E-2,-7.454316733230E0,
-8.880426526106E0));
#8347=CARTESIAN_POINT('',(-2.214028050462E0,-7.118409843324E0,
-8.945606460433E0));
#8348=CARTESIAN_POINT('',(-4.159901843535E0,-6.186184711222E0,
-9.010786394760E0));
#8349=CARTESIAN_POINT('',(-5.757295642136E0,-4.735741889427E0,
-9.075966329087E0));
#8350=CARTESIAN_POINT('',(-6.872396915300E0,-2.888560151436E0,
-9.141146263415E0));
#8351=CARTESIAN_POINT('',(-7.231986861189E0,-1.495838887009E0,
-9.184599552966E0));
#8352=CARTESIAN_POINT('',(-7.308304900943E0,-7.882678017217E-1,
-9.206326197742E0));
#8353=CARTESIAN_POINT('',(-3.219541025667E-1,7.608454951039E0,
-8.316197248507E0));
#8354=CARTESIAN_POINT('',(4.146767304427E-1,7.639625710449E0,
-8.337923893282E0));
#8355=CARTESIAN_POINT('',(1.896953925815E0,7.486498520470E0,-8.381377182834E0));
#8356=CARTESIAN_POINT('',(3.961540653107E0,6.629659224918E0,-8.446557117161E0));
#8357=CARTESIAN_POINT('',(5.694243269797E0,5.217445422142E0,-8.511737051488E0));
#8358=CARTESIAN_POINT('',(6.949938882384E0,3.368160922901E0,-8.576916985815E0));
#8359=CARTESIAN_POINT('',(7.623429182710E0,1.236721941784E0,-8.642096920143E0));
#8360=CARTESIAN_POINT('',(7.658297143761E0,-9.983185318368E-1,
-8.707276854470E0));
#8361=CARTESIAN_POINT('',(7.051621311377E0,-3.149728806377E0,
-8.772456788797E0));
#8362=CARTESIAN_POINT('',(5.854223705847E0,-5.037282955918E0,
-8.837636723124E0));
#8363=CARTESIAN_POINT('',(4.166411556749E0,-6.502858557018E0,
-8.902816657451E0));
#8364=CARTESIAN_POINT('',(2.129574693825E0,-7.423682823004E0,
-8.967996591779E0));
#8365=CARTESIAN_POINT('',(-8.565891451365E-2,-7.722617186903E0,
-9.033176526106E0));
#8366=CARTESIAN_POINT('',(-2.293716739800E0,-7.374620125063E0,
-9.098356460433E0));
#8367=CARTESIAN_POINT('',(-4.309627645616E0,-6.408841760006E0,
-9.163536394760E0));
#8368=CARTESIAN_POINT('',(-5.964515845944E0,-4.906193688416E0,
-9.228716329087E0));
#8369=CARTESIAN_POINT('',(-7.119752545089E0,-2.992527024166E0,
-9.293896263415E0));
#8370=CARTESIAN_POINT('',(-7.492285078350E0,-1.549678060520E0,
-9.337349552966E0));
#8371=CARTESIAN_POINT('',(-7.571350004964E0,-8.166396319492E-1,
-9.359076197742E0));
#8372=B_SPLINE_SURFACE_WITH_KNOTS('',3,3,((#8296,#8297,#8298,#8299,#8300,#8301,
#8302,#8303,#8304,#8305,#8306,#8307,#8308,#8309,#8310,#8311,#8312,#8313,#8314),(
#8315,#8316,#8317,#8318,#8319,#8320,#8321,#8322,#8323,#8324,#8325,#8326,#8327,
#8328,#8329,#8330,#8331,#8332,#8333),(#8334,#8335,#8336,#8337,#8338,#8339,#8340,
#8341,#8342,#8343,#8344,#8345,#8346,#8347,#8348,#8349,#8350,#8351,#8352),(#8353,
#8354,#8355,#8356,#8357,#8358,#8359,#8360,#8361,#8362,#8363,#8364,#8365,#8366,
#8367,#8368,#8369,#8370,#8371)),.UNSPECIFIED.,.F.,.F.,.F.,(4,4),(4,1,1,1,1,1,1,
1,1,1,1,1,1,1,1,1,4),(-2.E-2,1.02E0),(7.331764561322E-1,7.501799172610E-1,
7.671833783898E-1,7.841868395187E-1,8.011903006475E-1,8.181937617763E-1,
8.351972229052E-1,8.522006840340E-1,8.692041451628E-1,8.862076062917E-1,
9.032110674205E-1,9.202145285493E-1,9.372179896782E-1,9.542214508070E-1,
9.712249119358E-1,9.882283730647E-1,1.005231834193E0),.UNSPECIFIED.);
#8373=ORIENTED_EDGE('',*,*,#6831,.F.);
#8375=ORIENTED_EDGE('',*,*,#8374,.F.);
#8377=ORIENTED_EDGE('',*,*,#8376,.T.);
#8378=EDGE_LOOP('',(#8373,#8375,#8377));
#8379=FACE_OUTER_BOUND('',#8378,.F.);
#8381=CARTESIAN_POINT('',(-2.890432638262E-1,6.830702370900E0,
-7.502259268487E0));
#8382=CARTESIAN_POINT('',(-2.890432638262E-1,6.830702370900E0,
-7.627759588500E0));
#8383=CARTESIAN_POINT('',(-2.890432638262E-1,6.830702370900E0,
-7.753259908513E0));
#8384=CARTESIAN_POINT('',(-2.890432638262E-1,6.830702370900E0,
-7.878760228526E0));
#8385=CARTESIAN_POINT('',(3.722875858529E-1,6.858686788443E0,
-7.523985913263E0));
#8386=CARTESIAN_POINT('',(3.722875858529E-1,6.858686788443E0,
-7.649486233276E0));
#8387=CARTESIAN_POINT('',(3.722875858529E-1,6.858686788443E0,
-7.774986553289E0));
#8388=CARTESIAN_POINT('',(3.722875858529E-1,6.858686788443E0,
-7.900486873302E0));
#8389=CARTESIAN_POINT('',(1.703043227822E0,6.721212588179E0,-7.567439202815E0));
#8390=CARTESIAN_POINT('',(1.703043227822E0,6.721212588179E0,-7.692939522827E0));
#8391=CARTESIAN_POINT('',(1.703043227822E0,6.721212588179E0,-7.818439842840E0));
#8392=CARTESIAN_POINT('',(1.703043227822E0,6.721212588179E0,-7.943940162853E0));
#8393=CARTESIAN_POINT('',(3.556583472693E0,5.951961242765E0,-7.632619137142E0));
#8394=CARTESIAN_POINT('',(3.556583472693E0,5.951961242765E0,-7.758119457155E0));
#8395=CARTESIAN_POINT('',(3.556583472693E0,5.951961242765E0,-7.883619777167E0));
#8396=CARTESIAN_POINT('',(3.556583472693E0,5.951961242765E0,-8.009120097180E0));
#8397=CARTESIAN_POINT('',(5.112165512418E0,4.684106963162E0,-7.697799071469E0));
#8398=CARTESIAN_POINT('',(5.112165512418E0,4.684106963162E0,-7.823299391482E0));
#8399=CARTESIAN_POINT('',(5.112165512418E0,4.684106963162E0,-7.948799711495E0));
#8400=CARTESIAN_POINT('',(5.112165512418E0,4.684106963162E0,-8.074300031507E0));
#8401=CARTESIAN_POINT('',(6.239501226859E0,3.023860290911E0,-7.762979005796E0));
#8402=CARTESIAN_POINT('',(6.239501226859E0,3.023860290911E0,-7.888479325809E0));
#8403=CARTESIAN_POINT('',(6.239501226859E0,3.023860290911E0,-8.013979645822E0));
#8404=CARTESIAN_POINT('',(6.239501226859E0,3.023860290911E0,-8.139479965835E0));
#8405=CARTESIAN_POINT('',(6.844145904500E0,1.110301572954E0,-7.828158940123E0));
#8406=CARTESIAN_POINT('',(6.844145904500E0,1.110301572954E0,-7.953659260136E0));
#8407=CARTESIAN_POINT('',(6.844145904500E0,1.110301572954E0,-8.079159580149E0));
#8408=CARTESIAN_POINT('',(6.844145904500E0,1.110301572954E0,-8.204659900162E0));
#8409=CARTESIAN_POINT('',(6.875449587804E0,-8.962682707874E-1,
-7.893338874451E0));
#8410=CARTESIAN_POINT('',(6.875449587804E0,-8.962682707874E-1,
-8.018839194463E0));
#8411=CARTESIAN_POINT('',(6.875449587804E0,-8.962682707874E-1,
-8.144339514476E0));
#8412=CARTESIAN_POINT('',(6.875449587804E0,-8.962682707874E-1,
-8.269839834489E0));
#8413=CARTESIAN_POINT('',(6.330789459920E0,-2.827756773729E0,
-7.958518808778E0));
#8414=CARTESIAN_POINT('',(6.330789459920E0,-2.827756773729E0,
-8.084019128791E0));
#8415=CARTESIAN_POINT('',(6.330789459920E0,-2.827756773729E0,
-8.209519448803E0));
#8416=CARTESIAN_POINT('',(6.330789459920E0,-2.827756773729E0,
-8.335019768816E0));
#8417=CARTESIAN_POINT('',(5.255792405243E0,-4.522361090564E0,
-8.023698743105E0));
#8418=CARTESIAN_POINT('',(5.255792405243E0,-4.522361090564E0,
-8.149199063118E0));
#8419=CARTESIAN_POINT('',(5.255792405243E0,-4.522361090564E0,
-8.274699383131E0));
#8420=CARTESIAN_POINT('',(5.255792405243E0,-4.522361090564E0,
-8.400199703143E0));
#8421=CARTESIAN_POINT('',(3.740512033254E0,-5.838122411040E0,
-8.088878677432E0));
#8422=CARTESIAN_POINT('',(3.740512033254E0,-5.838122411040E0,
-8.214378997445E0));
#8423=CARTESIAN_POINT('',(3.740512033254E0,-5.838122411040E0,
-8.339879317458E0));
#8424=CARTESIAN_POINT('',(3.740512033254E0,-5.838122411040E0,
-8.465379637471E0));
#8425=CARTESIAN_POINT('',(1.911885002110E0,-6.664818046006E0,
-8.154058611759E0));
#8426=CARTESIAN_POINT('',(1.911885002110E0,-6.664818046006E0,
-8.279558931772E0));
#8427=CARTESIAN_POINT('',(1.911885002110E0,-6.664818046006E0,
-8.405059251785E0));
#8428=CARTESIAN_POINT('',(1.911885002110E0,-6.664818046006E0,
-8.530559571798E0));
#8429=CARTESIAN_POINT('',(-7.690267659109E-2,-6.933194698213E0,
-8.219238546087E0));
#8430=CARTESIAN_POINT('',(-7.690267659109E-2,-6.933194698213E0,
-8.344738866099E0));
#8431=CARTESIAN_POINT('',(-7.690267659109E-2,-6.933194698213E0,
-8.470239186112E0));
#8432=CARTESIAN_POINT('',(-7.690267659109E-2,-6.933194698213E0,
-8.595739506125E0));
#8433=CARTESIAN_POINT('',(-2.059248096171E0,-6.620770642255E0,
-8.284418480414E0));
#8434=CARTESIAN_POINT('',(-2.059248096171E0,-6.620770642255E0,
-8.409918800427E0));
#8435=CARTESIAN_POINT('',(-2.059248096171E0,-6.620770642255E0,
-8.535419120439E0));
#8436=CARTESIAN_POINT('',(-2.059248096171E0,-6.620770642255E0,
-8.660919440452E0));
#8437=CARTESIAN_POINT('',(-3.869088266415E0,-5.753716212622E0,
-8.349598414741E0));
#8438=CARTESIAN_POINT('',(-3.869088266415E0,-5.753716212622E0,
-8.475098734754E0));
#8439=CARTESIAN_POINT('',(-3.869088266415E0,-5.753716212622E0,
-8.600599054767E0));
#8440=CARTESIAN_POINT('',(-3.869088266415E0,-5.753716212622E0,
-8.726099374779E0));
#8441=CARTESIAN_POINT('',(-5.354810246277E0,-4.404672049084E0,
-8.414778349068E0));
#8442=CARTESIAN_POINT('',(-5.354810246277E0,-4.404672049084E0,
-8.540278669081E0));
#8443=CARTESIAN_POINT('',(-5.354810246277E0,-4.404672049084E0,
-8.665778989094E0));
#8444=CARTESIAN_POINT('',(-5.354810246277E0,-4.404672049084E0,
-8.791279309107E0));
#8445=CARTESIAN_POINT('',(-6.391956172826E0,-2.686624494788E0,
-8.479958283395E0));
#8446=CARTESIAN_POINT('',(-6.391956172826E0,-2.686624494788E0,
-8.605458603408E0));
#8447=CARTESIAN_POINT('',(-6.391956172826E0,-2.686624494788E0,
-8.730958923421E0));
#8448=CARTESIAN_POINT('',(-6.391956172826E0,-2.686624494788E0,
-8.856459243434E0));
#8449=CARTESIAN_POINT('',(-6.726407631704E0,-1.391266646152E0,
-8.523411572947E0));
#8450=CARTESIAN_POINT('',(-6.726407631704E0,-1.391266646152E0,
-8.648911892960E0));
#8451=CARTESIAN_POINT('',(-6.726407631704E0,-1.391266646152E0,
-8.774412212972E0));
#8452=CARTESIAN_POINT('',(-6.726407631704E0,-1.391266646152E0,
-8.899912532985E0));
#8453=CARTESIAN_POINT('',(-6.797390371979E0,-7.331609776259E-1,
-8.545138217723E0));
#8454=CARTESIAN_POINT('',(-6.797390371979E0,-7.331609776259E-1,
-8.670638537735E0));
#8455=CARTESIAN_POINT('',(-6.797390371979E0,-7.331609776259E-1,
-8.796138857748E0));
#8456=CARTESIAN_POINT('',(-6.797390371979E0,-7.331609776259E-1,
-8.921639177761E0));
#8457=B_SPLINE_SURFACE_WITH_KNOTS('',3,3,((#8381,#8382,#8383,#8384),(#8385,
#8386,#8387,#8388),(#8389,#8390,#8391,#8392),(#8393,#8394,#8395,#8396),(#8397,
#8398,#8399,#8400),(#8401,#8402,#8403,#8404),(#8405,#8406,#8407,#8408),(#8409,
#8410,#8411,#8412),(#8413,#8414,#8415,#8416),(#8417,#8418,#8419,#8420),(#8421,
#8422,#8423,#8424),(#8425,#8426,#8427,#8428),(#8429,#8430,#8431,#8432),(#8433,
#8434,#8435,#8436),(#8437,#8438,#8439,#8440),(#8441,#8442,#8443,#8444),(#8445,
#8446,#8447,#8448),(#8449,#8450,#8451,#8452),(#8453,#8454,#8455,#8456)),
.UNSPECIFIED.,.F.,.F.,.F.,(4,1,1,1,1,1,1,1,1,1,1,1,1,1,1,1,4),(4,4),(
7.331764561322E-1,7.501799172610E-1,7.671833783898E-1,7.841868395187E-1,
8.011903006475E-1,8.181937617763E-1,8.351972229052E-1,8.522006840340E-1,
8.692041451628E-1,8.862076062917E-1,9.032110674205E-1,9.202145285493E-1,
9.372179896782E-1,9.542214508070E-1,9.712249119358E-1,9.882283730647E-1,
1.005231834193E0),(-3.404391494809E-2,1.034043914948E0),.UNSPECIFIED.);
#8458=ORIENTED_EDGE('',*,*,#6829,.F.);
#8460=ORIENTED_EDGE('',*,*,#8459,.T.);
#8461=ORIENTED_EDGE('',*,*,#8374,.T.);
#8462=EDGE_LOOP('',(#8458,#8460,#8461));
#8463=FACE_OUTER_BOUND('',#8462,.F.);
#8465=CARTESIAN_POINT('',(-2.890432638262E-1,6.830702370900E0,
-7.502259268487E0));
#8466=CARTESIAN_POINT('',(3.722875858529E-1,6.858686788443E0,
-7.523985913263E0));
#8467=CARTESIAN_POINT('',(1.703043227822E0,6.721212588179E0,-7.567439202815E0));
#8468=CARTESIAN_POINT('',(3.556583472693E0,5.951961242765E0,-7.632619137142E0));
#8469=CARTESIAN_POINT('',(5.112165512418E0,4.684106963162E0,-7.697799071469E0));
#8470=CARTESIAN_POINT('',(6.239501226859E0,3.023860290911E0,-7.762979005796E0));
#8471=CARTESIAN_POINT('',(6.844145904500E0,1.110301572954E0,-7.828158940123E0));
#8472=CARTESIAN_POINT('',(6.875449587804E0,-8.962682707874E-1,
-7.893338874451E0));
#8473=CARTESIAN_POINT('',(6.330789459920E0,-2.827756773729E0,
-7.958518808778E0));
#8474=CARTESIAN_POINT('',(5.255792405243E0,-4.522361090564E0,
-8.023698743105E0));
#8475=CARTESIAN_POINT('',(3.740512033254E0,-5.838122411040E0,
-8.088878677432E0));
#8476=CARTESIAN_POINT('',(1.911885002110E0,-6.664818046006E0,
-8.154058611759E0));
#8477=CARTESIAN_POINT('',(-7.690267659109E-2,-6.933194698213E0,
-8.219238546087E0));
#8478=CARTESIAN_POINT('',(-2.059248096171E0,-6.620770642255E0,
-8.284418480414E0));
#8479=CARTESIAN_POINT('',(-3.869088266415E0,-5.753716212622E0,
-8.349598414741E0));
#8480=CARTESIAN_POINT('',(-5.354810246277E0,-4.404672049084E0,
-8.414778349068E0));
#8481=CARTESIAN_POINT('',(-6.391956172826E0,-2.686624494788E0,
-8.479958283395E0));
#8482=CARTESIAN_POINT('',(-6.726407631704E0,-1.391266646152E0,
-8.523411572947E0));
#8483=CARTESIAN_POINT('',(-6.797390371979E0,-7.331609776259E-1,
-8.545138217723E0));
#8484=CARTESIAN_POINT('',(-2.890432638262E-1,6.830702370900E0,
-7.627759588500E0));
#8485=CARTESIAN_POINT('',(3.722875858529E-1,6.858686788443E0,
-7.649486233276E0));
#8486=CARTESIAN_POINT('',(1.703043227822E0,6.721212588179E0,-7.692939522827E0));
#8487=CARTESIAN_POINT('',(3.556583472693E0,5.951961242765E0,-7.758119457155E0));
#8488=CARTESIAN_POINT('',(5.112165512418E0,4.684106963162E0,-7.823299391482E0));
#8489=CARTESIAN_POINT('',(6.239501226859E0,3.023860290911E0,-7.888479325809E0));
#8490=CARTESIAN_POINT('',(6.844145904500E0,1.110301572954E0,-7.953659260136E0));
#8491=CARTESIAN_POINT('',(6.875449587804E0,-8.962682707874E-1,
-8.018839194463E0));
#8492=CARTESIAN_POINT('',(6.330789459920E0,-2.827756773729E0,
-8.084019128791E0));
#8493=CARTESIAN_POINT('',(5.255792405243E0,-4.522361090564E0,
-8.149199063118E0));
#8494=CARTESIAN_POINT('',(3.740512033254E0,-5.838122411040E0,
-8.214378997445E0));
#8495=CARTESIAN_POINT('',(1.911885002110E0,-6.664818046006E0,
-8.279558931772E0));
#8496=CARTESIAN_POINT('',(-7.690267659109E-2,-6.933194698213E0,
-8.344738866099E0));
#8497=CARTESIAN_POINT('',(-2.059248096171E0,-6.620770642255E0,
-8.409918800427E0));
#8498=CARTESIAN_POINT('',(-3.869088266415E0,-5.753716212622E0,
-8.475098734754E0));
#8499=CARTESIAN_POINT('',(-5.354810246277E0,-4.404672049084E0,
-8.540278669081E0));
#8500=CARTESIAN_POINT('',(-6.391956172826E0,-2.686624494788E0,
-8.605458603408E0));
#8501=CARTESIAN_POINT('',(-6.726407631704E0,-1.391266646152E0,
-8.648911892960E0));
#8502=CARTESIAN_POINT('',(-6.797390371979E0,-7.331609776259E-1,
-8.670638537735E0));
#8503=CARTESIAN_POINT('',(-2.890432638262E-1,6.830702370900E0,
-7.753259908513E0));
#8504=CARTESIAN_POINT('',(3.722875858529E-1,6.858686788443E0,
-7.774986553289E0));
#8505=CARTESIAN_POINT('',(1.703043227822E0,6.721212588179E0,-7.818439842840E0));
#8506=CARTESIAN_POINT('',(3.556583472693E0,5.951961242765E0,-7.883619777167E0));
#8507=CARTESIAN_POINT('',(5.112165512418E0,4.684106963162E0,-7.948799711495E0));
#8508=CARTESIAN_POINT('',(6.239501226859E0,3.023860290911E0,-8.013979645822E0));
#8509=CARTESIAN_POINT('',(6.844145904500E0,1.110301572954E0,-8.079159580149E0));
#8510=CARTESIAN_POINT('',(6.875449587804E0,-8.962682707874E-1,
-8.144339514476E0));
#8511=CARTESIAN_POINT('',(6.330789459920E0,-2.827756773729E0,
-8.209519448803E0));
#8512=CARTESIAN_POINT('',(5.255792405243E0,-4.522361090564E0,
-8.274699383131E0));
#8513=CARTESIAN_POINT('',(3.740512033254E0,-5.838122411040E0,
-8.339879317458E0));
#8514=CARTESIAN_POINT('',(1.911885002110E0,-6.664818046006E0,
-8.405059251785E0));
#8515=CARTESIAN_POINT('',(-7.690267659109E-2,-6.933194698213E0,
-8.470239186112E0));
#8516=CARTESIAN_POINT('',(-2.059248096171E0,-6.620770642255E0,
-8.535419120439E0));
#8517=CARTESIAN_POINT('',(-3.869088266415E0,-5.753716212622E0,
-8.600599054767E0));
#8518=CARTESIAN_POINT('',(-5.354810246277E0,-4.404672049084E0,
-8.665778989094E0));
#8519=CARTESIAN_POINT('',(-6.391956172826E0,-2.686624494788E0,
-8.730958923421E0));
#8520=CARTESIAN_POINT('',(-6.726407631704E0,-1.391266646152E0,
-8.774412212972E0));
#8521=CARTESIAN_POINT('',(-6.797390371979E0,-7.331609776259E-1,
-8.796138857748E0));
#8522=CARTESIAN_POINT('',(-2.890432638262E-1,6.830702370900E0,
-7.878760228526E0));
#8523=CARTESIAN_POINT('',(3.722875858529E-1,6.858686788443E0,
-7.900486873302E0));
#8524=CARTESIAN_POINT('',(1.703043227822E0,6.721212588179E0,-7.943940162853E0));
#8525=CARTESIAN_POINT('',(3.556583472693E0,5.951961242765E0,-8.009120097180E0));
#8526=CARTESIAN_POINT('',(5.112165512418E0,4.684106963162E0,-8.074300031507E0));
#8527=CARTESIAN_POINT('',(6.239501226859E0,3.023860290911E0,-8.139479965835E0));
#8528=CARTESIAN_POINT('',(6.844145904500E0,1.110301572954E0,-8.204659900162E0));
#8529=CARTESIAN_POINT('',(6.875449587804E0,-8.962682707874E-1,
-8.269839834489E0));
#8530=CARTESIAN_POINT('',(6.330789459920E0,-2.827756773729E0,
-8.335019768816E0));
#8531=CARTESIAN_POINT('',(5.255792405243E0,-4.522361090564E0,
-8.400199703143E0));
#8532=CARTESIAN_POINT('',(3.740512033254E0,-5.838122411040E0,
-8.465379637471E0));
#8533=CARTESIAN_POINT('',(1.911885002110E0,-6.664818046006E0,
-8.530559571798E0));
#8534=CARTESIAN_POINT('',(-7.690267659109E-2,-6.933194698213E0,
-8.595739506125E0));
#8535=CARTESIAN_POINT('',(-2.059248096171E0,-6.620770642255E0,
-8.660919440452E0));
#8536=CARTESIAN_POINT('',(-3.869088266415E0,-5.753716212622E0,
-8.726099374779E0));
#8537=CARTESIAN_POINT('',(-5.354810246277E0,-4.404672049084E0,
-8.791279309107E0));
#8538=CARTESIAN_POINT('',(-6.391956172826E0,-2.686624494788E0,
-8.856459243434E0));
#8539=CARTESIAN_POINT('',(-6.726407631704E0,-1.391266646152E0,
-8.899912532985E0));
#8540=CARTESIAN_POINT('',(-6.797390371979E0,-7.331609776259E-1,
-8.921639177761E0));
#8541=B_SPLINE_SURFACE_WITH_KNOTS('',3,3,((#8465,#8466,#8467,#8468,#8469,#8470,
#8471,#8472,#8473,#8474,#8475,#8476,#8477,#8478,#8479,#8480,#8481,#8482,#8483),(
#8484,#8485,#8486,#8487,#8488,#8489,#8490,#8491,#8492,#8493,#8494,#8495,#8496,
#8497,#8498,#8499,#8500,#8501,#8502),(#8503,#8504,#8505,#8506,#8507,#8508,#8509,
#8510,#8511,#8512,#8513,#8514,#8515,#8516,#8517,#8518,#8519,#8520,#8521),(#8522,
#8523,#8524,#8525,#8526,#8527,#8528,#8529,#8530,#8531,#8532,#8533,#8534,#8535,
#8536,#8537,#8538,#8539,#8540)),.UNSPECIFIED.,.F.,.F.,.F.,(4,4),(4,1,1,1,1,1,1,
1,1,1,1,1,1,1,1,1,4),(-3.404391494809E-2,1.034043914948E0),(7.331764561322E-1,
7.501799172610E-1,7.671833783898E-1,7.841868395187E-1,8.011903006475E-1,
8.181937617763E-1,8.351972229052E-1,8.522006840340E-1,8.692041451628E-1,
8.862076062917E-1,9.032110674205E-1,9.202145285493E-1,9.372179896782E-1,
9.542214508070E-1,9.712249119358E-1,9.882283730647E-1,1.005231834193E0),
.UNSPECIFIED.);
#8542=ORIENTED_EDGE('',*,*,#6823,.F.);
#8543=ORIENTED_EDGE('',*,*,#8288,.T.);
#8544=ORIENTED_EDGE('',*,*,#7163,.F.);
#8545=ORIENTED_EDGE('',*,*,#6797,.F.);
#8546=EDGE_LOOP('',(#8542,#8543,#8544,#8545));
#8547=FACE_OUTER_BOUND('',#8546,.F.);
#8549=CARTESIAN_POINT('',(0.E0,0.E0,-8.175E0));
#8550=DIRECTION('',(0.E0,0.E0,-1.E0));
#8551=DIRECTION('',(-1.E0,0.E0,0.E0));
#8552=AXIS2_PLACEMENT_3D('',#8549,#8550,#8551);
#8553=CONICAL_SURFACE('',#8552,7.125E0,4.5E1);
#8554=ORIENTED_EDGE('',*,*,#5873,.T.);
#8555=ORIENTED_EDGE('',*,*,#6290,.F.);
#8557=ORIENTED_EDGE('',*,*,#8556,.F.);
#8558=ORIENTED_EDGE('',*,*,#6833,.T.);
#8559=ORIENTED_EDGE('',*,*,#8376,.F.);
#8560=ORIENTED_EDGE('',*,*,#8459,.F.);
#8561=ORIENTED_EDGE('',*,*,#6827,.T.);
#8562=ORIENTED_EDGE('',*,*,#5841,.T.);
#8563=ORIENTED_EDGE('',*,*,#5813,.T.);
#8564=ORIENTED_EDGE('',*,*,#5838,.F.);
#8565=EDGE_LOOP('',(#8554,#8555,#8557,#8558,#8559,#8560,#8561,#8562,#8563,
#8564));
#8566=FACE_OUTER_BOUND('',#8565,.F.);
#8568=CARTESIAN_POINT('',(0.E0,0.E0,-2.6E-1));
#8569=DIRECTION('',(0.E0,0.E0,-1.E0));
#8570=DIRECTION('',(-1.E0,0.E0,0.E0));
#8571=AXIS2_PLACEMENT_3D('',#8568,#8569,#8570);
#8572=CYLINDRICAL_SURFACE('',#8571,7.6E0);
#8573=ORIENTED_EDGE('',*,*,#5886,.F.);
#8574=ORIENTED_EDGE('',*,*,#8291,.T.);
#8575=ORIENTED_EDGE('',*,*,#6819,.T.);
#8576=ORIENTED_EDGE('',*,*,#6587,.T.);
#8577=EDGE_LOOP('',(#8573,#8574,#8575,#8576));
#8578=FACE_OUTER_BOUND('',#8577,.F.);
#8580=CARTESIAN_POINT('',(0.E0,0.E0,-2.6E-1));
#8581=DIRECTION('',(0.E0,0.E0,-1.E0));
#8582=DIRECTION('',(-1.E0,0.E0,0.E0));
#8583=AXIS2_PLACEMENT_3D('',#8580,#8581,#8582);
#8584=CYLINDRICAL_SURFACE('',#8583,7.6E0);
#8585=ORIENTED_EDGE('',*,*,#5894,.F.);
#8586=ORIENTED_EDGE('',*,*,#7908,.F.);
#8587=ORIENTED_EDGE('',*,*,#6812,.T.);
#8588=ORIENTED_EDGE('',*,*,#6739,.F.);
#8589=EDGE_LOOP('',(#8585,#8586,#8587,#8588));
#8590=FACE_OUTER_BOUND('',#8589,.F.);
#8592=CARTESIAN_POINT('',(0.E0,0.E0,-2.6E-1));
#8593=DIRECTION('',(0.E0,0.E0,-1.E0));
#8594=DIRECTION('',(-1.E0,0.E0,0.E0));
#8595=AXIS2_PLACEMENT_3D('',#8592,#8593,#8594);
#8596=CYLINDRICAL_SURFACE('',#8595,7.6E0);
#8597=ORIENTED_EDGE('',*,*,#5924,.T.);
#8599=ORIENTED_EDGE('',*,*,#8598,.T.);
#8601=ORIENTED_EDGE('',*,*,#8600,.F.);
#8603=ORIENTED_EDGE('',*,*,#8602,.T.);
#8604=EDGE_LOOP('',(#8597,#8599,#8601,#8603));
#8605=FACE_OUTER_BOUND('',#8604,.F.);
#8607=CARTESIAN_POINT('',(0.E0,0.E0,-2.6E-1));
#8608=DIRECTION('',(0.E0,0.E0,-1.E0));
#8609=DIRECTION('',(-1.E0,0.E0,0.E0));
#8610=AXIS2_PLACEMENT_3D('',#8607,#8608,#8609);
#8611=CYLINDRICAL_SURFACE('',#8610,7.6E0);
#8612=ORIENTED_EDGE('',*,*,#6835,.F.);
#8613=ORIENTED_EDGE('',*,*,#8556,.T.);
#8614=ORIENTED_EDGE('',*,*,#6288,.T.);
#8615=EDGE_LOOP('',(#8612,#8613,#8614));
#8616=FACE_OUTER_BOUND('',#8615,.F.);
#8618=CARTESIAN_POINT('',(5.727162970748E0,-5.019147885114E0,
-1.322829880226E1));
#8619=CARTESIAN_POINT('',(5.528188920096E0,-4.844771812594E0,
-1.338104880226E1));
#8620=CARTESIAN_POINT('',(5.329214869445E0,-4.670395740074E0,
-1.353379880226E1));
#8621=CARTESIAN_POINT('',(5.130240818793E0,-4.496019667555E0,
-1.368654880226E1));
#8622=CARTESIAN_POINT('',(5.187714270270E0,-5.634692733106E0,
-1.325241780815E1));
#8623=CARTESIAN_POINT('',(5.007481836297E0,-5.438931298866E0,
-1.340516780815E1));
#8624=CARTESIAN_POINT('',(4.827249402324E0,-5.243169864625E0,
-1.355791780815E1));
#8625=CARTESIAN_POINT('',(4.647016968351E0,-5.047408430385E0,
-1.371066780815E1));
#8626=CARTESIAN_POINT('',(3.908732226259E0,-6.690203863281E0,
-1.330065581992E1));
#8627=CARTESIAN_POINT('',(3.772934399666E0,-6.457771685402E0,
-1.345340581992E1));
#8628=CARTESIAN_POINT('',(3.637136573073E0,-6.225339507523E0,
-1.360615581992E1));
#8629=CARTESIAN_POINT('',(3.501338746480E0,-5.992907329644E0,
-1.375890581992E1));
#8630=CARTESIAN_POINT('',(1.587310562843E0,-7.584037945949E0,
-1.337301283758E1));
#8631=CARTESIAN_POINT('',(1.532163954663E0,-7.320552035367E0,
-1.352576283758E1));
#8632=CARTESIAN_POINT('',(1.477017346483E0,-7.057066124785E0,
-1.367851283758E1));
#8633=CARTESIAN_POINT('',(1.421870738303E0,-6.793580214203E0,
-1.383126283758E1));
#8634=CARTESIAN_POINT('',(-8.976853890242E-1,-7.696185323656E0,
-1.344536985524E1));
#8635=CARTESIAN_POINT('',(-8.664978535940E-1,-7.428803170182E0,
-1.359811985524E1));
#8636=CARTESIAN_POINT('',(-8.353103181638E-1,-7.161421016709E0,
-1.375086985524E1));
#8637=CARTESIAN_POINT('',(-8.041227827336E-1,-6.894038863236E0,
-1.390361985524E1));
#8638=CARTESIAN_POINT('',(-3.290166610338E0,-7.015122168545E0,
-1.351772687290E1));
#8639=CARTESIAN_POINT('',(-3.175859093489E0,-6.771401624740E0,
-1.367047687290E1));
#8640=CARTESIAN_POINT('',(-3.061551576640E0,-6.527681080935E0,
-1.382322687290E1));
#8641=CARTESIAN_POINT('',(-2.947244059791E0,-6.283960537130E0,
-1.397597687290E1));
#8642=CARTESIAN_POINT('',(-5.343540574960E0,-5.611033864614E0,
-1.359008389056E1));
#8643=CARTESIAN_POINT('',(-5.157894397534E0,-5.416094390726E0,
-1.374283389056E1));
#8644=CARTESIAN_POINT('',(-4.972248220107E0,-5.221154916839E0,
-1.389558389056E1));
#8645=CARTESIAN_POINT('',(-4.786602042680E0,-5.026215442952E0,
-1.404833389056E1));
#8646=CARTESIAN_POINT('',(-6.846175671119E0,-3.628637194718E0,
-1.366244090822E1));
#8647=CARTESIAN_POINT('',(-6.608324694691E0,-3.502570476403E0,
-1.381519090822E1));
#8648=CARTESIAN_POINT('',(-6.370473718264E0,-3.376503758088E0,
-1.396794090822E1));
#8649=CARTESIAN_POINT('',(-6.132622741836E0,-3.250437039773E0,
-1.412069090822E1));
#8650=CARTESIAN_POINT('',(-7.643200166556E0,-1.272249919719E0,
-1.373479792588E1));
#8651=CARTESIAN_POINT('',(-7.377658832243E0,-1.228049200923E0,
-1.388754792588E1));
#8652=CARTESIAN_POINT('',(-7.112117497930E0,-1.183848482128E0,
-1.404029792588E1));
#8653=CARTESIAN_POINT('',(-6.846576163618E0,-1.139647763332E0,
-1.419304792588E1));
#8654=CARTESIAN_POINT('',(-7.652467798536E0,1.215263501952E0,
-1.380715494354E1));
#8655=CARTESIAN_POINT('',(-7.386604486609E0,1.173042614782E0,
-1.395990494354E1));
#8656=CARTESIAN_POINT('',(-7.120741174681E0,1.130821727612E0,
-1.411265494354E1));
#8657=CARTESIAN_POINT('',(-6.854877862753E0,1.088600840442E0,
-1.426540494354E1));
#8658=CARTESIAN_POINT('',(-6.873023337013E0,3.577524123347E0,
-1.387951196120E1));
#8659=CARTESIAN_POINT('',(-6.634239614502E0,3.453233183878E0,
-1.403226196120E1));
#8660=CARTESIAN_POINT('',(-6.395455891990E0,3.328942244409E0,
-1.418501196120E1));
#8661=CARTESIAN_POINT('',(-6.156672169478E0,3.204651304941E0,
-1.433776196120E1));
#8662=CARTESIAN_POINT('',(-5.385201329874E0,5.571062362552E0,
-1.395186897886E1));
#8663=CARTESIAN_POINT('',(-5.198107767555E0,5.377511585253E0,
-1.410461897886E1));
#8664=CARTESIAN_POINT('',(-5.011014205236E0,5.183960807953E0,
-1.425736897886E1));
#8665=CARTESIAN_POINT('',(-4.823920642917E0,4.990410030654E0,
-1.441011897886E1));
#8666=CARTESIAN_POINT('',(-3.342346094026E0,6.990411253556E0,
-1.402422599652E1));
#8667=CARTESIAN_POINT('',(-3.226225748857E0,6.747549220479E0,
-1.417697599652E1));
#8668=CARTESIAN_POINT('',(-3.110105403687E0,6.504687187402E0,
-1.432972599652E1));
#8669=CARTESIAN_POINT('',(-2.993985058517E0,6.261825154325E0,
-1.448247599652E1));
#8670=CARTESIAN_POINT('',(-9.550076547410E-1,7.689284475345E0,
-1.409658301418E1));
#8671=CARTESIAN_POINT('',(-9.218286195997E-1,7.422142072294E0,
-1.424933301418E1));
#8672=CARTESIAN_POINT('',(-8.886495844583E-1,7.154999669243E0,
-1.440208301418E1));
#8673=CARTESIAN_POINT('',(-8.554705493169E-1,6.887857266192E0,
-1.455483301418E1));
#8674=CARTESIAN_POINT('',(1.530760988456E0,7.595648648400E0,-1.416894003185E1));
#8675=CARTESIAN_POINT('',(1.477579035017E0,7.331759356858E0,-1.432169003185E1));
#8676=CARTESIAN_POINT('',(1.424397081577E0,7.067870065316E0,-1.447444003185E1));
#8677=CARTESIAN_POINT('',(1.371215128137E0,6.803980773774E0,-1.462719003185E1));
#8678=CARTESIAN_POINT('',(3.858755803818E0,6.719165873455E0,-1.424129704951E1));
#8679=CARTESIAN_POINT('',(3.724694266425E0,6.485727492591E0,-1.439404704951E1));
#8680=CARTESIAN_POINT('',(3.590632729031E0,6.252289111726E0,-1.454679704951E1));
#8681=CARTESIAN_POINT('',(3.456571191638E0,6.018850730861E0,-1.469954704951E1));
#8682=CARTESIAN_POINT('',(5.789057029756E0,5.150129518283E0,-1.431365406717E1));
#8683=CARTESIAN_POINT('',(5.587932645389E0,4.971202860029E0,-1.446640406717E1));
#8684=CARTESIAN_POINT('',(5.386808261022E0,4.792276201775E0,-1.461915406717E1));
#8685=CARTESIAN_POINT('',(5.185683876655E0,4.613349543521E0,-1.477190406717E1));
#8686=CARTESIAN_POINT('',(6.678117376691E0,3.750318633079E0,-1.436189207894E1));
#8687=CARTESIAN_POINT('',(6.446105109543E0,3.620024437948E0,-1.451464207894E1));
#8688=CARTESIAN_POINT('',(6.214092842396E0,3.489730242817E0,-1.466739207894E1));
#8689=CARTESIAN_POINT('',(5.982080575249E0,3.359436047686E0,-1.482014207894E1));
#8690=CARTESIAN_POINT('',(7.000329991399E0,2.997936156369E0,-1.438601108483E1));
#8691=CARTESIAN_POINT('',(6.757123359878E0,2.893781358667E0,-1.453876108483E1));
#8692=CARTESIAN_POINT('',(6.513916728358E0,2.789626560964E0,-1.469151108483E1));
#8693=CARTESIAN_POINT('',(6.270710096837E0,2.685471763262E0,-1.484426108483E1));
#8694=B_SPLINE_SURFACE_WITH_KNOTS('',3,3,((#8618,#8619,#8620,#8621),(#8622,
#8623,#8624,#8625),(#8626,#8627,#8628,#8629),(#8630,#8631,#8632,#8633),(#8634,
#8635,#8636,#8637),(#8638,#8639,#8640,#8641),(#8642,#8643,#8644,#8645),(#8646,
#8647,#8648,#8649),(#8650,#8651,#8652,#8653),(#8654,#8655,#8656,#8657),(#8658,
#8659,#8660,#8661),(#8662,#8663,#8664,#8665),(#8666,#8667,#8668,#8669),(#8670,
#8671,#8672,#8673),(#8674,#8675,#8676,#8677),(#8678,#8679,#8680,#8681),(#8682,
#8683,#8684,#8685),(#8686,#8687,#8688,#8689),(#8690,#8691,#8692,#8693)),
.UNSPECIFIED.,.F.,.F.,.F.,(4,1,1,1,1,1,1,1,1,1,1,1,1,1,1,1,4),(4,4),(
3.410399049369E-1,3.599156486745E-1,3.787913924120E-1,3.976671361495E-1,
4.165428798871E-1,4.354186236246E-1,4.542943673621E-1,4.731701110996E-1,
4.920458548372E-1,5.109215985747E-1,5.297973423122E-1,5.486730860498E-1,
5.675488297873E-1,5.864245735248E-1,6.053003172624E-1,6.241760609999E-1,
6.430518047374E-1),(-2.E-2,1.02E0),.UNSPECIFIED.);
#8695=ORIENTED_EDGE('',*,*,#5922,.F.);
#8697=ORIENTED_EDGE('',*,*,#8696,.T.);
#8699=ORIENTED_EDGE('',*,*,#8698,.T.);
#8700=ORIENTED_EDGE('',*,*,#8598,.F.);
#8701=EDGE_LOOP('',(#8695,#8697,#8699,#8700));
#8702=FACE_OUTER_BOUND('',#8701,.F.);
#8704=CARTESIAN_POINT('',(5.727162970748E0,-5.019147885114E0,
-1.322829880226E1));
#8705=CARTESIAN_POINT('',(5.187714270270E0,-5.634692733106E0,
-1.325241780815E1));
#8706=CARTESIAN_POINT('',(3.908732226259E0,-6.690203863281E0,
-1.330065581992E1));
#8707=CARTESIAN_POINT('',(1.587310562843E0,-7.584037945949E0,
-1.337301283758E1));
#8708=CARTESIAN_POINT('',(-8.976853890242E-1,-7.696185323656E0,
-1.344536985524E1));
#8709=CARTESIAN_POINT('',(-3.290166610338E0,-7.015122168545E0,
-1.351772687290E1));
#8710=CARTESIAN_POINT('',(-5.343540574960E0,-5.611033864614E0,
-1.359008389056E1));
#8711=CARTESIAN_POINT('',(-6.846175671119E0,-3.628637194718E0,
-1.366244090822E1));
#8712=CARTESIAN_POINT('',(-7.643200166556E0,-1.272249919719E0,
-1.373479792588E1));
#8713=CARTESIAN_POINT('',(-7.652467798536E0,1.215263501952E0,
-1.380715494354E1));
#8714=CARTESIAN_POINT('',(-6.873023337013E0,3.577524123347E0,
-1.387951196120E1));
#8715=CARTESIAN_POINT('',(-5.385201329874E0,5.571062362552E0,
-1.395186897886E1));
#8716=CARTESIAN_POINT('',(-3.342346094026E0,6.990411253556E0,
-1.402422599652E1));
#8717=CARTESIAN_POINT('',(-9.550076547410E-1,7.689284475345E0,
-1.409658301418E1));
#8718=CARTESIAN_POINT('',(1.530760988456E0,7.595648648400E0,-1.416894003185E1));
#8719=CARTESIAN_POINT('',(3.858755803818E0,6.719165873455E0,-1.424129704951E1));
#8720=CARTESIAN_POINT('',(5.789057029756E0,5.150129518283E0,-1.431365406717E1));
#8721=CARTESIAN_POINT('',(6.678117376691E0,3.750318633079E0,-1.436189207894E1));
#8722=CARTESIAN_POINT('',(7.000329991399E0,2.997936156369E0,-1.438601108483E1));
#8723=CARTESIAN_POINT('',(5.528188920096E0,-4.844771812594E0,
-1.338104880226E1));
#8724=CARTESIAN_POINT('',(5.007481836297E0,-5.438931298866E0,
-1.340516780815E1));
#8725=CARTESIAN_POINT('',(3.772934399666E0,-6.457771685402E0,
-1.345340581992E1));
#8726=CARTESIAN_POINT('',(1.532163954663E0,-7.320552035367E0,
-1.352576283758E1));
#8727=CARTESIAN_POINT('',(-8.664978535940E-1,-7.428803170182E0,
-1.359811985524E1));
#8728=CARTESIAN_POINT('',(-3.175859093489E0,-6.771401624740E0,
-1.367047687290E1));
#8729=CARTESIAN_POINT('',(-5.157894397534E0,-5.416094390726E0,
-1.374283389056E1));
#8730=CARTESIAN_POINT('',(-6.608324694691E0,-3.502570476403E0,
-1.381519090822E1));
#8731=CARTESIAN_POINT('',(-7.377658832243E0,-1.228049200923E0,
-1.388754792588E1));
#8732=CARTESIAN_POINT('',(-7.386604486609E0,1.173042614782E0,
-1.395990494354E1));
#8733=CARTESIAN_POINT('',(-6.634239614502E0,3.453233183878E0,
-1.403226196120E1));
#8734=CARTESIAN_POINT('',(-5.198107767555E0,5.377511585253E0,
-1.410461897886E1));
#8735=CARTESIAN_POINT('',(-3.226225748857E0,6.747549220479E0,
-1.417697599652E1));
#8736=CARTESIAN_POINT('',(-9.218286195997E-1,7.422142072294E0,
-1.424933301418E1));
#8737=CARTESIAN_POINT('',(1.477579035017E0,7.331759356858E0,-1.432169003185E1));
#8738=CARTESIAN_POINT('',(3.724694266425E0,6.485727492591E0,-1.439404704951E1));
#8739=CARTESIAN_POINT('',(5.587932645389E0,4.971202860029E0,-1.446640406717E1));
#8740=CARTESIAN_POINT('',(6.446105109543E0,3.620024437948E0,-1.451464207894E1));
#8741=CARTESIAN_POINT('',(6.757123359878E0,2.893781358667E0,-1.453876108483E1));
#8742=CARTESIAN_POINT('',(5.329214869445E0,-4.670395740074E0,
-1.353379880226E1));
#8743=CARTESIAN_POINT('',(4.827249402324E0,-5.243169864625E0,
-1.355791780815E1));
#8744=CARTESIAN_POINT('',(3.637136573073E0,-6.225339507523E0,
-1.360615581992E1));
#8745=CARTESIAN_POINT('',(1.477017346483E0,-7.057066124785E0,
-1.367851283758E1));
#8746=CARTESIAN_POINT('',(-8.353103181638E-1,-7.161421016709E0,
-1.375086985524E1));
#8747=CARTESIAN_POINT('',(-3.061551576640E0,-6.527681080935E0,
-1.382322687290E1));
#8748=CARTESIAN_POINT('',(-4.972248220107E0,-5.221154916839E0,
-1.389558389056E1));
#8749=CARTESIAN_POINT('',(-6.370473718264E0,-3.376503758088E0,
-1.396794090822E1));
#8750=CARTESIAN_POINT('',(-7.112117497930E0,-1.183848482128E0,
-1.404029792588E1));
#8751=CARTESIAN_POINT('',(-7.120741174681E0,1.130821727612E0,
-1.411265494354E1));
#8752=CARTESIAN_POINT('',(-6.395455891990E0,3.328942244409E0,
-1.418501196120E1));
#8753=CARTESIAN_POINT('',(-5.011014205236E0,5.183960807953E0,
-1.425736897886E1));
#8754=CARTESIAN_POINT('',(-3.110105403687E0,6.504687187402E0,
-1.432972599652E1));
#8755=CARTESIAN_POINT('',(-8.886495844583E-1,7.154999669243E0,
-1.440208301418E1));
#8756=CARTESIAN_POINT('',(1.424397081577E0,7.067870065316E0,-1.447444003185E1));
#8757=CARTESIAN_POINT('',(3.590632729031E0,6.252289111726E0,-1.454679704951E1));
#8758=CARTESIAN_POINT('',(5.386808261022E0,4.792276201775E0,-1.461915406717E1));
#8759=CARTESIAN_POINT('',(6.214092842396E0,3.489730242817E0,-1.466739207894E1));
#8760=CARTESIAN_POINT('',(6.513916728358E0,2.789626560964E0,-1.469151108483E1));
#8761=CARTESIAN_POINT('',(5.130240818793E0,-4.496019667555E0,
-1.368654880226E1));
#8762=CARTESIAN_POINT('',(4.647016968351E0,-5.047408430385E0,
-1.371066780815E1));
#8763=CARTESIAN_POINT('',(3.501338746480E0,-5.992907329644E0,
-1.375890581992E1));
#8764=CARTESIAN_POINT('',(1.421870738303E0,-6.793580214203E0,
-1.383126283758E1));
#8765=CARTESIAN_POINT('',(-8.041227827336E-1,-6.894038863236E0,
-1.390361985524E1));
#8766=CARTESIAN_POINT('',(-2.947244059791E0,-6.283960537130E0,
-1.397597687290E1));
#8767=CARTESIAN_POINT('',(-4.786602042680E0,-5.026215442952E0,
-1.404833389056E1));
#8768=CARTESIAN_POINT('',(-6.132622741836E0,-3.250437039773E0,
-1.412069090822E1));
#8769=CARTESIAN_POINT('',(-6.846576163618E0,-1.139647763332E0,
-1.419304792588E1));
#8770=CARTESIAN_POINT('',(-6.854877862753E0,1.088600840442E0,
-1.426540494354E1));
#8771=CARTESIAN_POINT('',(-6.156672169478E0,3.204651304941E0,
-1.433776196120E1));
#8772=CARTESIAN_POINT('',(-4.823920642917E0,4.990410030654E0,
-1.441011897886E1));
#8773=CARTESIAN_POINT('',(-2.993985058517E0,6.261825154325E0,
-1.448247599652E1));
#8774=CARTESIAN_POINT('',(-8.554705493169E-1,6.887857266192E0,
-1.455483301418E1));
#8775=CARTESIAN_POINT('',(1.371215128137E0,6.803980773774E0,-1.462719003185E1));
#8776=CARTESIAN_POINT('',(3.456571191638E0,6.018850730861E0,-1.469954704951E1));
#8777=CARTESIAN_POINT('',(5.185683876655E0,4.613349543521E0,-1.477190406717E1));
#8778=CARTESIAN_POINT('',(5.982080575249E0,3.359436047686E0,-1.482014207894E1));
#8779=CARTESIAN_POINT('',(6.270710096837E0,2.685471763262E0,-1.484426108483E1));
#8780=B_SPLINE_SURFACE_WITH_KNOTS('',3,3,((#8704,#8705,#8706,#8707,#8708,#8709,
#8710,#8711,#8712,#8713,#8714,#8715,#8716,#8717,#8718,#8719,#8720,#8721,#8722),(
#8723,#8724,#8725,#8726,#8727,#8728,#8729,#8730,#8731,#8732,#8733,#8734,#8735,
#8736,#8737,#8738,#8739,#8740,#8741),(#8742,#8743,#8744,#8745,#8746,#8747,#8748,
#8749,#8750,#8751,#8752,#8753,#8754,#8755,#8756,#8757,#8758,#8759,#8760),(#8761,
#8762,#8763,#8764,#8765,#8766,#8767,#8768,#8769,#8770,#8771,#8772,#8773,#8774,
#8775,#8776,#8777,#8778,#8779)),.UNSPECIFIED.,.F.,.F.,.F.,(4,4),(4,1,1,1,1,1,1,
1,1,1,1,1,1,1,1,1,4),(-2.E-2,1.02E0),(3.410399049369E-1,3.599156486745E-1,
3.787913924120E-1,3.976671361495E-1,4.165428798871E-1,4.354186236246E-1,
4.542943673621E-1,4.731701110996E-1,4.920458548372E-1,5.109215985747E-1,
5.297973423122E-1,5.486730860498E-1,5.675488297873E-1,5.864245735248E-1,
6.053003172624E-1,6.241760609999E-1,6.430518047374E-1),.UNSPECIFIED.);
#8782=ORIENTED_EDGE('',*,*,#8781,.T.);
#8784=ORIENTED_EDGE('',*,*,#8783,.T.);
#8785=ORIENTED_EDGE('',*,*,#5908,.F.);
#8786=EDGE_LOOP('',(#8782,#8784,#8785));
#8787=FACE_OUTER_BOUND('',#8786,.F.);
#8789=CARTESIAN_POINT('',(4.342351016180E0,5.280722350253E0,-1.330618582224E1));
#8790=CARTESIAN_POINT('',(4.342351016180E0,5.280722350253E0,-1.343168614225E1));
#8791=CARTESIAN_POINT('',(4.342351016180E0,5.280722350253E0,-1.355718646226E1));
#8792=CARTESIAN_POINT('',(4.342351016180E0,5.280722350253E0,-1.368268678228E1));
#8793=CARTESIAN_POINT('',(5.089636938954E0,4.666227292399E0,-1.333794232813E1));
#8794=CARTESIAN_POINT('',(5.089636938954E0,4.666227292399E0,-1.346344264814E1));
#8795=CARTESIAN_POINT('',(5.089636938954E0,4.666227292399E0,-1.358894296815E1));
#8796=CARTESIAN_POINT('',(5.089636938954E0,4.666227292399E0,-1.371444328816E1));
#8797=CARTESIAN_POINT('',(6.318914857913E0,3.115586788577E0,-1.340145533990E1));
#8798=CARTESIAN_POINT('',(6.318914857913E0,3.115586788577E0,-1.352695565991E1));
#8799=CARTESIAN_POINT('',(6.318914857913E0,3.115586788577E0,-1.365245597993E1));
#8800=CARTESIAN_POINT('',(6.318914857913E0,3.115586788577E0,-1.377795629994E1));
#8801=CARTESIAN_POINT('',(7.041342285273E0,2.361778016409E-1,
-1.349672485756E1));
#8802=CARTESIAN_POINT('',(7.041342285273E0,2.361778016409E-1,
-1.362222517757E1));
#8803=CARTESIAN_POINT('',(7.041342285273E0,2.361778016409E-1,
-1.374772549759E1));
#8804=CARTESIAN_POINT('',(7.041342285273E0,2.361778016409E-1,
-1.387322581760E1));
#8805=CARTESIAN_POINT('',(6.513548236893E0,-2.685080219081E0,
-1.359199437522E1));
#8806=CARTESIAN_POINT('',(6.513548236893E0,-2.685080219081E0,
-1.371749469523E1));
#8807=CARTESIAN_POINT('',(6.513548236893E0,-2.685080219081E0,
-1.384299501525E1));
#8808=CARTESIAN_POINT('',(6.513548236893E0,-2.685080219081E0,
-1.396849533526E1));
#8809=CARTESIAN_POINT('',(4.829363895263E0,-5.129650390034E0,
-1.368726389288E1));
#8810=CARTESIAN_POINT('',(4.829363895263E0,-5.129650390034E0,
-1.381276421289E1));
#8811=CARTESIAN_POINT('',(4.829363895263E0,-5.129650390034E0,
-1.393826453291E1));
#8812=CARTESIAN_POINT('',(4.829363895263E0,-5.129650390034E0,
-1.406376485292E1));
#8813=CARTESIAN_POINT('',(2.287765886960E0,-6.663495225937E0,
-1.378253341054E1));
#8814=CARTESIAN_POINT('',(2.287765886960E0,-6.663495225937E0,
-1.390803373055E1));
#8815=CARTESIAN_POINT('',(2.287765886960E0,-6.663495225937E0,
-1.403353405057E1));
#8816=CARTESIAN_POINT('',(2.287765886960E0,-6.663495225937E0,
-1.415903437058E1));
#8817=CARTESIAN_POINT('',(-6.600007446582E-1,-7.014302988160E0,
-1.387780292820E1));
#8818=CARTESIAN_POINT('',(-6.600007446582E-1,-7.014302988160E0,
-1.400330324822E1));
#8819=CARTESIAN_POINT('',(-6.600007446582E-1,-7.014302988160E0,
-1.412880356823E1));
#8820=CARTESIAN_POINT('',(-6.600007446582E-1,-7.014302988160E0,
-1.425430388824E1));
#8821=CARTESIAN_POINT('',(-3.490591187835E0,-6.119789179679E0,
-1.397307244586E1));
#8822=CARTESIAN_POINT('',(-3.490591187835E0,-6.119789179679E0,
-1.409857276588E1));
#8823=CARTESIAN_POINT('',(-3.490591187835E0,-6.119789179679E0,
-1.422407308589E1));
#8824=CARTESIAN_POINT('',(-3.490591187835E0,-6.119789179679E0,
-1.434957340590E1));
#8825=CARTESIAN_POINT('',(-5.701461043390E0,-4.138766532462E0,
-1.406834196352E1));
#8826=CARTESIAN_POINT('',(-5.701461043390E0,-4.138766532462E0,
-1.419384228354E1));
#8827=CARTESIAN_POINT('',(-5.701461043390E0,-4.138766532462E0,
-1.431934260355E1));
#8828=CARTESIAN_POINT('',(-5.701461043390E0,-4.138766532462E0,
-1.444484292356E1));
#8829=CARTESIAN_POINT('',(-6.900092062900E0,-1.422946228012E0,
-1.416361148118E1));
#8830=CARTESIAN_POINT('',(-6.900092062900E0,-1.422946228012E0,
-1.428911180120E1));
#8831=CARTESIAN_POINT('',(-6.900092062900E0,-1.422946228012E0,
-1.441461212121E1));
#8832=CARTESIAN_POINT('',(-6.900092062900E0,-1.422946228012E0,
-1.454011244122E1));
#8833=CARTESIAN_POINT('',(-6.873679023482E0,1.545504472592E0,
-1.425888099884E1));
#8834=CARTESIAN_POINT('',(-6.873679023482E0,1.545504472592E0,
-1.438438131886E1));
#8835=CARTESIAN_POINT('',(-6.873679023482E0,1.545504472592E0,
-1.450988163887E1));
#8836=CARTESIAN_POINT('',(-6.873679023482E0,1.545504472592E0,
-1.463538195888E1));
#8837=CARTESIAN_POINT('',(-5.626911007680E0,4.239565295084E0,
-1.435415051650E1));
#8838=CARTESIAN_POINT('',(-5.626911007680E0,4.239565295084E0,
-1.447965083652E1));
#8839=CARTESIAN_POINT('',(-5.626911007680E0,4.239565295084E0,
-1.460515115653E1));
#8840=CARTESIAN_POINT('',(-5.626911007680E0,4.239565295084E0,
-1.473065147654E1));
#8841=CARTESIAN_POINT('',(-3.381140674030E0,6.180934921131E0,
-1.444942003417E1));
#8842=CARTESIAN_POINT('',(-3.381140674030E0,6.180934921131E0,
-1.457492035418E1));
#8843=CARTESIAN_POINT('',(-3.381140674030E0,6.180934921131E0,
-1.470042067419E1));
#8844=CARTESIAN_POINT('',(-3.381140674030E0,6.180934921131E0,
-1.482592099420E1));
#8845=CARTESIAN_POINT('',(-5.350783773188E-1,7.024931141823E0,
-1.454468955183E1));
#8846=CARTESIAN_POINT('',(-5.350783773188E-1,7.024931141823E0,
-1.467018987184E1));
#8847=CARTESIAN_POINT('',(-5.350783773188E-1,7.024931141823E0,
-1.479569019185E1));
#8848=CARTESIAN_POINT('',(-5.350783773188E-1,7.024931141823E0,
-1.492119051186E1));
#8849=CARTESIAN_POINT('',(2.405969253548E0,6.621751511749E0,-1.463995906949E1));
#8850=CARTESIAN_POINT('',(2.405969253548E0,6.621751511749E0,-1.476545938950E1));
#8851=CARTESIAN_POINT('',(2.405969253548E0,6.621751511749E0,-1.489095970951E1));
#8852=CARTESIAN_POINT('',(2.405969253548E0,6.621751511749E0,-1.501646002952E1));
#8853=CARTESIAN_POINT('',(4.919907577991E0,5.042824153462E0,-1.473522858715E1));
#8854=CARTESIAN_POINT('',(4.919907577991E0,5.042824153462E0,-1.486072890716E1));
#8855=CARTESIAN_POINT('',(4.919907577991E0,5.042824153462E0,-1.498622922717E1));
#8856=CARTESIAN_POINT('',(4.919907577991E0,5.042824153462E0,-1.511172954719E1));
#8857=CARTESIAN_POINT('',(6.013428193103E0,3.393635614070E0,-1.479874159892E1));
#8858=CARTESIAN_POINT('',(6.013428193103E0,3.393635614070E0,-1.492424191893E1));
#8859=CARTESIAN_POINT('',(6.013428193103E0,3.393635614070E0,-1.504974223895E1));
#8860=CARTESIAN_POINT('',(6.013428193103E0,3.393635614070E0,-1.517524255896E1));
#8861=CARTESIAN_POINT('',(6.366181559872E0,2.492744117420E0,-1.483049810481E1));
#8862=CARTESIAN_POINT('',(6.366181559872E0,2.492744117420E0,-1.495599842482E1));
#8863=CARTESIAN_POINT('',(6.366181559872E0,2.492744117420E0,-1.508149874483E1));
#8864=CARTESIAN_POINT('',(6.366181559872E0,2.492744117420E0,-1.520699906485E1));
#8865=B_SPLINE_SURFACE_WITH_KNOTS('',3,3,((#8789,#8790,#8791,#8792),(#8793,
#8794,#8795,#8796),(#8797,#8798,#8799,#8800),(#8801,#8802,#8803,#8804),(#8805,
#8806,#8807,#8808),(#8809,#8810,#8811,#8812),(#8813,#8814,#8815,#8816),(#8817,
#8818,#8819,#8820),(#8821,#8822,#8823,#8824),(#8825,#8826,#8827,#8828),(#8829,
#8830,#8831,#8832),(#8833,#8834,#8835,#8836),(#8837,#8838,#8839,#8840),(#8841,
#8842,#8843,#8844),(#8845,#8846,#8847,#8848),(#8849,#8850,#8851,#8852),(#8853,
#8854,#8855,#8856),(#8857,#8858,#8859,#8860),(#8861,#8862,#8863,#8864)),
.UNSPECIFIED.,.F.,.F.,.F.,(4,1,1,1,1,1,1,1,1,1,1,1,1,1,1,1,4),(4,4),(
2.472442527630E-1,2.720971704136E-1,2.969500880642E-1,3.218030057148E-1,
3.466559233653E-1,3.715088410159E-1,3.963617586665E-1,4.212146763170E-1,
4.460675939676E-1,4.709205116182E-1,4.957734292688E-1,5.206263469193E-1,
5.454792645699E-1,5.703321822205E-1,5.951850998710E-1,6.200380175216E-1,
6.448909351722E-1),(-3.404391494809E-2,1.034043914948E0),.UNSPECIFIED.);
#8866=ORIENTED_EDGE('',*,*,#5920,.F.);
#8868=ORIENTED_EDGE('',*,*,#8867,.T.);
#8870=ORIENTED_EDGE('',*,*,#8869,.T.);
#8871=ORIENTED_EDGE('',*,*,#8696,.F.);
#8872=EDGE_LOOP('',(#8866,#8868,#8870,#8871));
#8873=FACE_OUTER_BOUND('',#8872,.F.);
#8875=CARTESIAN_POINT('',(4.342351016180E0,5.280722350253E0,-1.330618582224E1));
#8876=CARTESIAN_POINT('',(5.089636938954E0,4.666227292399E0,-1.333794232813E1));
#8877=CARTESIAN_POINT('',(6.318914857913E0,3.115586788577E0,-1.340145533990E1));
#8878=CARTESIAN_POINT('',(7.041342285273E0,2.361778016409E-1,
-1.349672485756E1));
#8879=CARTESIAN_POINT('',(6.513548236893E0,-2.685080219081E0,
-1.359199437522E1));
#8880=CARTESIAN_POINT('',(4.829363895263E0,-5.129650390034E0,
-1.368726389288E1));
#8881=CARTESIAN_POINT('',(2.287765886960E0,-6.663495225937E0,
-1.378253341054E1));
#8882=CARTESIAN_POINT('',(-6.600007446582E-1,-7.014302988160E0,
-1.387780292820E1));
#8883=CARTESIAN_POINT('',(-3.490591187835E0,-6.119789179679E0,
-1.397307244586E1));
#8884=CARTESIAN_POINT('',(-5.701461043390E0,-4.138766532462E0,
-1.406834196352E1));
#8885=CARTESIAN_POINT('',(-6.900092062900E0,-1.422946228012E0,
-1.416361148118E1));
#8886=CARTESIAN_POINT('',(-6.873679023482E0,1.545504472592E0,
-1.425888099884E1));
#8887=CARTESIAN_POINT('',(-5.626911007680E0,4.239565295084E0,
-1.435415051650E1));
#8888=CARTESIAN_POINT('',(-3.381140674030E0,6.180934921131E0,
-1.444942003417E1));
#8889=CARTESIAN_POINT('',(-5.350783773188E-1,7.024931141823E0,
-1.454468955183E1));
#8890=CARTESIAN_POINT('',(2.405969253548E0,6.621751511749E0,-1.463995906949E1));
#8891=CARTESIAN_POINT('',(4.919907577991E0,5.042824153462E0,-1.473522858715E1));
#8892=CARTESIAN_POINT('',(6.013428193103E0,3.393635614070E0,-1.479874159892E1));
#8893=CARTESIAN_POINT('',(6.366181559872E0,2.492744117420E0,-1.483049810481E1));
#8894=CARTESIAN_POINT('',(4.342351016180E0,5.280722350253E0,-1.343168614225E1));
#8895=CARTESIAN_POINT('',(5.089636938954E0,4.666227292399E0,-1.346344264814E1));
#8896=CARTESIAN_POINT('',(6.318914857913E0,3.115586788577E0,-1.352695565991E1));
#8897=CARTESIAN_POINT('',(7.041342285273E0,2.361778016409E-1,
-1.362222517757E1));
#8898=CARTESIAN_POINT('',(6.513548236893E0,-2.685080219081E0,
-1.371749469523E1));
#8899=CARTESIAN_POINT('',(4.829363895263E0,-5.129650390034E0,
-1.381276421289E1));
#8900=CARTESIAN_POINT('',(2.287765886960E0,-6.663495225937E0,
-1.390803373055E1));
#8901=CARTESIAN_POINT('',(-6.600007446582E-1,-7.014302988160E0,
-1.400330324822E1));
#8902=CARTESIAN_POINT('',(-3.490591187835E0,-6.119789179679E0,
-1.409857276588E1));
#8903=CARTESIAN_POINT('',(-5.701461043390E0,-4.138766532462E0,
-1.419384228354E1));
#8904=CARTESIAN_POINT('',(-6.900092062900E0,-1.422946228012E0,
-1.428911180120E1));
#8905=CARTESIAN_POINT('',(-6.873679023482E0,1.545504472592E0,
-1.438438131886E1));
#8906=CARTESIAN_POINT('',(-5.626911007680E0,4.239565295084E0,
-1.447965083652E1));
#8907=CARTESIAN_POINT('',(-3.381140674030E0,6.180934921131E0,
-1.457492035418E1));
#8908=CARTESIAN_POINT('',(-5.350783773188E-1,7.024931141823E0,
-1.467018987184E1));
#8909=CARTESIAN_POINT('',(2.405969253548E0,6.621751511749E0,-1.476545938950E1));
#8910=CARTESIAN_POINT('',(4.919907577991E0,5.042824153462E0,-1.486072890716E1));
#8911=CARTESIAN_POINT('',(6.013428193103E0,3.393635614070E0,-1.492424191893E1));
#8912=CARTESIAN_POINT('',(6.366181559872E0,2.492744117420E0,-1.495599842482E1));
#8913=CARTESIAN_POINT('',(4.342351016180E0,5.280722350253E0,-1.355718646226E1));
#8914=CARTESIAN_POINT('',(5.089636938954E0,4.666227292399E0,-1.358894296815E1));
#8915=CARTESIAN_POINT('',(6.318914857913E0,3.115586788577E0,-1.365245597993E1));
#8916=CARTESIAN_POINT('',(7.041342285273E0,2.361778016409E-1,
-1.374772549759E1));
#8917=CARTESIAN_POINT('',(6.513548236893E0,-2.685080219081E0,
-1.384299501525E1));
#8918=CARTESIAN_POINT('',(4.829363895263E0,-5.129650390034E0,
-1.393826453291E1));
#8919=CARTESIAN_POINT('',(2.287765886960E0,-6.663495225937E0,
-1.403353405057E1));
#8920=CARTESIAN_POINT('',(-6.600007446582E-1,-7.014302988160E0,
-1.412880356823E1));
#8921=CARTESIAN_POINT('',(-3.490591187835E0,-6.119789179679E0,
-1.422407308589E1));
#8922=CARTESIAN_POINT('',(-5.701461043390E0,-4.138766532462E0,
-1.431934260355E1));
#8923=CARTESIAN_POINT('',(-6.900092062900E0,-1.422946228012E0,
-1.441461212121E1));
#8924=CARTESIAN_POINT('',(-6.873679023482E0,1.545504472592E0,
-1.450988163887E1));
#8925=CARTESIAN_POINT('',(-5.626911007680E0,4.239565295084E0,
-1.460515115653E1));
#8926=CARTESIAN_POINT('',(-3.381140674030E0,6.180934921131E0,
-1.470042067419E1));
#8927=CARTESIAN_POINT('',(-5.350783773188E-1,7.024931141823E0,
-1.479569019185E1));
#8928=CARTESIAN_POINT('',(2.405969253548E0,6.621751511749E0,-1.489095970951E1));
#8929=CARTESIAN_POINT('',(4.919907577991E0,5.042824153462E0,-1.498622922717E1));
#8930=CARTESIAN_POINT('',(6.013428193103E0,3.393635614070E0,-1.504974223895E1));
#8931=CARTESIAN_POINT('',(6.366181559872E0,2.492744117420E0,-1.508149874483E1));
#8932=CARTESIAN_POINT('',(4.342351016180E0,5.280722350253E0,-1.368268678228E1));
#8933=CARTESIAN_POINT('',(5.089636938954E0,4.666227292399E0,-1.371444328816E1));
#8934=CARTESIAN_POINT('',(6.318914857913E0,3.115586788577E0,-1.377795629994E1));
#8935=CARTESIAN_POINT('',(7.041342285273E0,2.361778016409E-1,
-1.387322581760E1));
#8936=CARTESIAN_POINT('',(6.513548236893E0,-2.685080219081E0,
-1.396849533526E1));
#8937=CARTESIAN_POINT('',(4.829363895263E0,-5.129650390034E0,
-1.406376485292E1));
#8938=CARTESIAN_POINT('',(2.287765886960E0,-6.663495225937E0,
-1.415903437058E1));
#8939=CARTESIAN_POINT('',(-6.600007446582E-1,-7.014302988160E0,
-1.425430388824E1));
#8940=CARTESIAN_POINT('',(-3.490591187835E0,-6.119789179679E0,
-1.434957340590E1));
#8941=CARTESIAN_POINT('',(-5.701461043390E0,-4.138766532462E0,
-1.444484292356E1));
#8942=CARTESIAN_POINT('',(-6.900092062900E0,-1.422946228012E0,
-1.454011244122E1));
#8943=CARTESIAN_POINT('',(-6.873679023482E0,1.545504472592E0,
-1.463538195888E1));
#8944=CARTESIAN_POINT('',(-5.626911007680E0,4.239565295084E0,
-1.473065147654E1));
#8945=CARTESIAN_POINT('',(-3.381140674030E0,6.180934921131E0,
-1.482592099420E1));
#8946=CARTESIAN_POINT('',(-5.350783773188E-1,7.024931141823E0,
-1.492119051186E1));
#8947=CARTESIAN_POINT('',(2.405969253548E0,6.621751511749E0,-1.501646002952E1));
#8948=CARTESIAN_POINT('',(4.919907577991E0,5.042824153462E0,-1.511172954719E1));
#8949=CARTESIAN_POINT('',(6.013428193103E0,3.393635614070E0,-1.517524255896E1));
#8950=CARTESIAN_POINT('',(6.366181559872E0,2.492744117420E0,-1.520699906485E1));
#8951=B_SPLINE_SURFACE_WITH_KNOTS('',3,3,((#8875,#8876,#8877,#8878,#8879,#8880,
#8881,#8882,#8883,#8884,#8885,#8886,#8887,#8888,#8889,#8890,#8891,#8892,#8893),(
#8894,#8895,#8896,#8897,#8898,#8899,#8900,#8901,#8902,#8903,#8904,#8905,#8906,
#8907,#8908,#8909,#8910,#8911,#8912),(#8913,#8914,#8915,#8916,#8917,#8918,#8919,
#8920,#8921,#8922,#8923,#8924,#8925,#8926,#8927,#8928,#8929,#8930,#8931),(#8932,
#8933,#8934,#8935,#8936,#8937,#8938,#8939,#8940,#8941,#8942,#8943,#8944,#8945,
#8946,#8947,#8948,#8949,#8950)),.UNSPECIFIED.,.F.,.F.,.F.,(4,4),(4,1,1,1,1,1,1,
1,1,1,1,1,1,1,1,1,4),(-3.404391494809E-2,1.034043914948E0),(2.472442527630E-1,
2.720971704136E-1,2.969500880642E-1,3.218030057148E-1,3.466559233653E-1,
3.715088410159E-1,3.963617586665E-1,4.212146763170E-1,4.460675939676E-1,
4.709205116182E-1,4.957734292688E-1,5.206263469193E-1,5.454792645699E-1,
5.703321822205E-1,5.951850998710E-1,6.200380175216E-1,6.448909351722E-1),
.UNSPECIFIED.);
#8953=ORIENTED_EDGE('',*,*,#8952,.T.);
#8954=ORIENTED_EDGE('',*,*,#6866,.F.);
#8956=ORIENTED_EDGE('',*,*,#8955,.T.);
#8957=ORIENTED_EDGE('',*,*,#5910,.F.);
#8958=ORIENTED_EDGE('',*,*,#8783,.F.);
#8959=EDGE_LOOP('',(#8953,#8954,#8956,#8957,#8958));
#8960=FACE_OUTER_BOUND('',#8959,.F.);
#8962=CARTESIAN_POINT('',(4.342351016180E0,5.280722350253E0,-1.330618582224E1));
#8963=CARTESIAN_POINT('',(4.342351016180E0,5.280722350253E0,-1.343168614225E1));
#8964=CARTESIAN_POINT('',(4.342351016180E0,5.280722350253E0,-1.355718646226E1));
#8965=CARTESIAN_POINT('',(4.342351016180E0,5.280722350253E0,-1.368268678228E1));
#8966=CARTESIAN_POINT('',(5.089636938954E0,4.666227292399E0,-1.333794232813E1));
#8967=CARTESIAN_POINT('',(5.089636938954E0,4.666227292399E0,-1.346344264814E1));
#8968=CARTESIAN_POINT('',(5.089636938954E0,4.666227292399E0,-1.358894296815E1));
#8969=CARTESIAN_POINT('',(5.089636938954E0,4.666227292399E0,-1.371444328816E1));
#8970=CARTESIAN_POINT('',(6.318914857913E0,3.115586788577E0,-1.340145533990E1));
#8971=CARTESIAN_POINT('',(6.318914857913E0,3.115586788577E0,-1.352695565991E1));
#8972=CARTESIAN_POINT('',(6.318914857913E0,3.115586788577E0,-1.365245597993E1));
#8973=CARTESIAN_POINT('',(6.318914857913E0,3.115586788577E0,-1.377795629994E1));
#8974=CARTESIAN_POINT('',(7.041342285273E0,2.361778016409E-1,
-1.349672485756E1));
#8975=CARTESIAN_POINT('',(7.041342285273E0,2.361778016409E-1,
-1.362222517757E1));
#8976=CARTESIAN_POINT('',(7.041342285273E0,2.361778016409E-1,
-1.374772549759E1));
#8977=CARTESIAN_POINT('',(7.041342285273E0,2.361778016409E-1,
-1.387322581760E1));
#8978=CARTESIAN_POINT('',(6.513548236893E0,-2.685080219081E0,
-1.359199437522E1));
#8979=CARTESIAN_POINT('',(6.513548236893E0,-2.685080219081E0,
-1.371749469523E1));
#8980=CARTESIAN_POINT('',(6.513548236893E0,-2.685080219081E0,
-1.384299501525E1));
#8981=CARTESIAN_POINT('',(6.513548236893E0,-2.685080219081E0,
-1.396849533526E1));
#8982=CARTESIAN_POINT('',(4.829363895263E0,-5.129650390034E0,
-1.368726389288E1));
#8983=CARTESIAN_POINT('',(4.829363895263E0,-5.129650390034E0,
-1.381276421289E1));
#8984=CARTESIAN_POINT('',(4.829363895263E0,-5.129650390034E0,
-1.393826453291E1));
#8985=CARTESIAN_POINT('',(4.829363895263E0,-5.129650390034E0,
-1.406376485292E1));
#8986=CARTESIAN_POINT('',(2.287765886960E0,-6.663495225937E0,
-1.378253341054E1));
#8987=CARTESIAN_POINT('',(2.287765886960E0,-6.663495225937E0,
-1.390803373055E1));
#8988=CARTESIAN_POINT('',(2.287765886960E0,-6.663495225937E0,
-1.403353405057E1));
#8989=CARTESIAN_POINT('',(2.287765886960E0,-6.663495225937E0,
-1.415903437058E1));
#8990=CARTESIAN_POINT('',(-6.600007446582E-1,-7.014302988160E0,
-1.387780292820E1));
#8991=CARTESIAN_POINT('',(-6.600007446582E-1,-7.014302988160E0,
-1.400330324822E1));
#8992=CARTESIAN_POINT('',(-6.600007446582E-1,-7.014302988160E0,
-1.412880356823E1));
#8993=CARTESIAN_POINT('',(-6.600007446582E-1,-7.014302988160E0,
-1.425430388824E1));
#8994=CARTESIAN_POINT('',(-3.490591187835E0,-6.119789179679E0,
-1.397307244586E1));
#8995=CARTESIAN_POINT('',(-3.490591187835E0,-6.119789179679E0,
-1.409857276588E1));
#8996=CARTESIAN_POINT('',(-3.490591187835E0,-6.119789179679E0,
-1.422407308589E1));
#8997=CARTESIAN_POINT('',(-3.490591187835E0,-6.119789179679E0,
-1.434957340590E1));
#8998=CARTESIAN_POINT('',(-5.701461043390E0,-4.138766532462E0,
-1.406834196352E1));
#8999=CARTESIAN_POINT('',(-5.701461043390E0,-4.138766532462E0,
-1.419384228354E1));
#9000=CARTESIAN_POINT('',(-5.701461043390E0,-4.138766532462E0,
-1.431934260355E1));
#9001=CARTESIAN_POINT('',(-5.701461043390E0,-4.138766532462E0,
-1.444484292356E1));
#9002=CARTESIAN_POINT('',(-6.900092062900E0,-1.422946228012E0,
-1.416361148118E1));
#9003=CARTESIAN_POINT('',(-6.900092062900E0,-1.422946228012E0,
-1.428911180120E1));
#9004=CARTESIAN_POINT('',(-6.900092062900E0,-1.422946228012E0,
-1.441461212121E1));
#9005=CARTESIAN_POINT('',(-6.900092062900E0,-1.422946228012E0,
-1.454011244122E1));
#9006=CARTESIAN_POINT('',(-6.873679023482E0,1.545504472592E0,
-1.425888099884E1));
#9007=CARTESIAN_POINT('',(-6.873679023482E0,1.545504472592E0,
-1.438438131886E1));
#9008=CARTESIAN_POINT('',(-6.873679023482E0,1.545504472592E0,
-1.450988163887E1));
#9009=CARTESIAN_POINT('',(-6.873679023482E0,1.545504472592E0,
-1.463538195888E1));
#9010=CARTESIAN_POINT('',(-5.626911007680E0,4.239565295084E0,
-1.435415051650E1));
#9011=CARTESIAN_POINT('',(-5.626911007680E0,4.239565295084E0,
-1.447965083652E1));
#9012=CARTESIAN_POINT('',(-5.626911007680E0,4.239565295084E0,
-1.460515115653E1));
#9013=CARTESIAN_POINT('',(-5.626911007680E0,4.239565295084E0,
-1.473065147654E1));
#9014=CARTESIAN_POINT('',(-3.381140674030E0,6.180934921131E0,
-1.444942003417E1));
#9015=CARTESIAN_POINT('',(-3.381140674030E0,6.180934921131E0,
-1.457492035418E1));
#9016=CARTESIAN_POINT('',(-3.381140674030E0,6.180934921131E0,
-1.470042067419E1));
#9017=CARTESIAN_POINT('',(-3.381140674030E0,6.180934921131E0,
-1.482592099420E1));
#9018=CARTESIAN_POINT('',(-5.350783773188E-1,7.024931141823E0,
-1.454468955183E1));
#9019=CARTESIAN_POINT('',(-5.350783773188E-1,7.024931141823E0,
-1.467018987184E1));
#9020=CARTESIAN_POINT('',(-5.350783773188E-1,7.024931141823E0,
-1.479569019185E1));
#9021=CARTESIAN_POINT('',(-5.350783773188E-1,7.024931141823E0,
-1.492119051186E1));
#9022=CARTESIAN_POINT('',(2.405969253548E0,6.621751511749E0,-1.463995906949E1));
#9023=CARTESIAN_POINT('',(2.405969253548E0,6.621751511749E0,-1.476545938950E1));
#9024=CARTESIAN_POINT('',(2.405969253548E0,6.621751511749E0,-1.489095970951E1));
#9025=CARTESIAN_POINT('',(2.405969253548E0,6.621751511749E0,-1.501646002952E1));
#9026=CARTESIAN_POINT('',(4.919907577991E0,5.042824153462E0,-1.473522858715E1));
#9027=CARTESIAN_POINT('',(4.919907577991E0,5.042824153462E0,-1.486072890716E1));
#9028=CARTESIAN_POINT('',(4.919907577991E0,5.042824153462E0,-1.498622922717E1));
#9029=CARTESIAN_POINT('',(4.919907577991E0,5.042824153462E0,-1.511172954719E1));
#9030=CARTESIAN_POINT('',(6.013428193103E0,3.393635614070E0,-1.479874159892E1));
#9031=CARTESIAN_POINT('',(6.013428193103E0,3.393635614070E0,-1.492424191893E1));
#9032=CARTESIAN_POINT('',(6.013428193103E0,3.393635614070E0,-1.504974223895E1));
#9033=CARTESIAN_POINT('',(6.013428193103E0,3.393635614070E0,-1.517524255896E1));
#9034=CARTESIAN_POINT('',(6.366181559872E0,2.492744117420E0,-1.483049810481E1));
#9035=CARTESIAN_POINT('',(6.366181559872E0,2.492744117420E0,-1.495599842482E1));
#9036=CARTESIAN_POINT('',(6.366181559872E0,2.492744117420E0,-1.508149874483E1));
#9037=CARTESIAN_POINT('',(6.366181559872E0,2.492744117420E0,-1.520699906485E1));
#9038=B_SPLINE_SURFACE_WITH_KNOTS('',3,3,((#8962,#8963,#8964,#8965),(#8966,
#8967,#8968,#8969),(#8970,#8971,#8972,#8973),(#8974,#8975,#8976,#8977),(#8978,
#8979,#8980,#8981),(#8982,#8983,#8984,#8985),(#8986,#8987,#8988,#8989),(#8990,
#8991,#8992,#8993),(#8994,#8995,#8996,#8997),(#8998,#8999,#9000,#9001),(#9002,
#9003,#9004,#9005),(#9006,#9007,#9008,#9009),(#9010,#9011,#9012,#9013),(#9014,
#9015,#9016,#9017),(#9018,#9019,#9020,#9021),(#9022,#9023,#9024,#9025),(#9026,
#9027,#9028,#9029),(#9030,#9031,#9032,#9033),(#9034,#9035,#9036,#9037)),
.UNSPECIFIED.,.F.,.F.,.F.,(4,1,1,1,1,1,1,1,1,1,1,1,1,1,1,1,4),(4,4),(
2.472442527630E-1,2.720971704136E-1,2.969500880642E-1,3.218030057148E-1,
3.466559233653E-1,3.715088410159E-1,3.963617586665E-1,4.212146763170E-1,
4.460675939676E-1,4.709205116182E-1,4.957734292688E-1,5.206263469193E-1,
5.454792645699E-1,5.703321822205E-1,5.951850998710E-1,6.200380175216E-1,
6.448909351722E-1),(-3.404391494809E-2,1.034043914948E0),.UNSPECIFIED.);
#9040=ORIENTED_EDGE('',*,*,#9039,.T.);
#9042=ORIENTED_EDGE('',*,*,#9041,.T.);
#9043=ORIENTED_EDGE('',*,*,#6856,.F.);
#9044=EDGE_LOOP('',(#9040,#9042,#9043));
#9045=FACE_OUTER_BOUND('',#9044,.F.);
#9047=CARTESIAN_POINT('',(-6.441714399725E0,2.244522065435E0,
-1.323017725887E1));
#9048=CARTESIAN_POINT('',(-6.691553355151E0,2.331574830190E0,
-1.338292725887E1));
#9049=CARTESIAN_POINT('',(-6.941392310578E0,2.418627594945E0,
-1.353567725887E1));
#9050=CARTESIAN_POINT('',(-7.191231266004E0,2.505680359701E0,
-1.368842725887E1));
#9051=CARTESIAN_POINT('',(-6.107261374137E0,3.204392723043E0,
-1.326361604428E1));
#9052=CARTESIAN_POINT('',(-6.344128721484E0,3.328673633531E0,
-1.341636604428E1));
#9053=CARTESIAN_POINT('',(-6.580996068831E0,3.452954544019E0,
-1.356911604428E1));
#9054=CARTESIAN_POINT('',(-6.817863416177E0,3.577235454507E0,
-1.372186604428E1));
#9055=CARTESIAN_POINT('',(-5.002339637290E0,4.971363554431E0,
-1.333049361508E1));
#9056=CARTESIAN_POINT('',(-5.196353098943E0,5.164175622835E0,
-1.348324361508E1));
#9057=CARTESIAN_POINT('',(-5.390366560595E0,5.356987691240E0,
-1.363599361508E1));
#9058=CARTESIAN_POINT('',(-5.584380022248E0,5.549799759645E0,
-1.378874361508E1));
#9059=CARTESIAN_POINT('',(-2.361660875999E0,6.645403269769E0,
-1.343080997129E1));
#9060=CARTESIAN_POINT('',(-2.453256816104E0,6.903142205133E0,
-1.358355997129E1));
#9061=CARTESIAN_POINT('',(-2.544852756208E0,7.160881140497E0,
-1.373630997129E1));
#9062=CARTESIAN_POINT('',(-2.636448696313E0,7.418620075861E0,
-1.388905997129E1));
#9063=CARTESIAN_POINT('',(7.430916169503E-1,7.013288820617E0,
-1.353112632750E1));
#9064=CARTESIAN_POINT('',(7.719120864472E-1,7.285296029307E0,
-1.368387632750E1));
#9065=CARTESIAN_POINT('',(8.007325559441E-1,7.557303237997E0,
-1.383662632750E1));
#9066=CARTESIAN_POINT('',(8.295530254410E-1,7.829310446686E0,
-1.398937632750E1));
#9067=CARTESIAN_POINT('',(3.701821727470E0,6.002920556945E0,-1.363144268371E1));
#9068=CARTESIAN_POINT('',(3.845395195056E0,6.235741093279E0,-1.378419268371E1));
#9069=CARTESIAN_POINT('',(3.988968662642E0,6.468561629613E0,-1.393694268371E1));
#9070=CARTESIAN_POINT('',(4.132542130227E0,6.701382165947E0,-1.408969268371E1));
#9071=CARTESIAN_POINT('',(5.933042425053E0,3.812808986485E0,-1.373175903992E1));
#9072=CARTESIAN_POINT('',(6.163152769907E0,3.960687044299E0,-1.388450903992E1));
#9073=CARTESIAN_POINT('',(6.393263114762E0,4.108565102113E0,-1.403725903992E1));
#9074=CARTESIAN_POINT('',(6.623373459616E0,4.256443159926E0,-1.419000903992E1));
#9075=CARTESIAN_POINT('',(6.998265062531E0,8.733830473440E-1,
-1.383207539613E1));
#9076=CARTESIAN_POINT('',(7.269689581615E0,9.072568105529E-1,
-1.398482539613E1));
#9077=CARTESIAN_POINT('',(7.541114100698E0,9.411305737617E-1,
-1.413757539613E1));
#9078=CARTESIAN_POINT('',(7.812538619782E0,9.750043369706E-1,
-1.429032539613E1));
#9079=CARTESIAN_POINT('',(6.688144001102E0,-2.237686475346E0,
-1.393239175234E1));
#9080=CARTESIAN_POINT('',(6.947540616240E0,-2.324474124857E0,
-1.408514175234E1));
#9081=CARTESIAN_POINT('',(7.206937231378E0,-2.411261774368E0,
-1.423789175234E1));
#9082=CARTESIAN_POINT('',(7.466333846516E0,-2.498049423878E0,
-1.439064175234E1));
#9083=CARTESIAN_POINT('',(5.063626536831E0,-4.908991453102E0,
-1.403270810855E1));
#9084=CARTESIAN_POINT('',(5.260016982934E0,-5.099384447999E0,
-1.418545810855E1));
#9085=CARTESIAN_POINT('',(5.456407429037E0,-5.289777442897E0,
-1.433820810855E1));
#9086=CARTESIAN_POINT('',(5.652797875140E0,-5.480170437795E0,
-1.449095810855E1));
#9087=CARTESIAN_POINT('',(2.443973118517E0,-6.615550342745E0,
-1.413302446476E1));
#9088=CARTESIAN_POINT('',(2.538761501412E0,-6.872131445948E0,
-1.428577446476E1));
#9089=CARTESIAN_POINT('',(2.633549884307E0,-7.128712549151E0,
-1.443852446476E1));
#9090=CARTESIAN_POINT('',(2.728338267201E0,-7.385293652354E0,
-1.459127446476E1));
#9091=CARTESIAN_POINT('',(-6.559856017709E-1,-7.021979402070E0,
-1.423334082097E1));
#9092=CARTESIAN_POINT('',(-6.814277041913E-1,-7.294323670999E0,
-1.438609082097E1));
#9093=CARTESIAN_POINT('',(-7.068698066118E-1,-7.566667939927E0,
-1.453884082097E1));
#9094=CARTESIAN_POINT('',(-7.323119090322E-1,-7.839012208855E0,
-1.469159082097E1));
#9095=CARTESIAN_POINT('',(-3.627025071878E0,-6.048404245159E0,
-1.433365717718E1));
#9096=CARTESIAN_POINT('',(-3.767697585286E0,-6.282988845599E0,
-1.448640717718E1));
#9097=CARTESIAN_POINT('',(-3.908370098693E0,-6.517573446039E0,
-1.463915717718E1));
#9098=CARTESIAN_POINT('',(-4.049042612101E0,-6.752158046478E0,
-1.479190717718E1));
#9099=CARTESIAN_POINT('',(-5.885261571978E0,-3.886159485194E0,
-1.443397353339E1));
#9100=CARTESIAN_POINT('',(-6.113518758235E0,-4.036882408650E0,
-1.458672353339E1));
#9101=CARTESIAN_POINT('',(-6.341775944493E0,-4.187605332107E0,
-1.473947353339E1));
#9102=CARTESIAN_POINT('',(-6.570033130750E0,-4.338328255564E0,
-1.489222353339E1));
#9103=CARTESIAN_POINT('',(-6.986877982487E0,-9.601777389703E-1,
-1.453428988960E1));
#9104=CARTESIAN_POINT('',(-7.257860858864E0,-9.974177947135E-1,
-1.468703988960E1));
#9105=CARTESIAN_POINT('',(-7.528843735240E0,-1.034657850457E0,
-1.483978988960E1));
#9106=CARTESIAN_POINT('',(-7.799826611617E0,-1.071897906200E0,
-1.499253988960E1));
#9107=CARTESIAN_POINT('',(-6.715430527997E0,2.154488230351E0,
-1.463460624581E1));
#9108=CARTESIAN_POINT('',(-6.975885438638E0,2.238049073870E0,
-1.478735624581E1));
#9109=CARTESIAN_POINT('',(-7.236340349278E0,2.321609917388E0,
-1.494010624581E1));
#9110=CARTESIAN_POINT('',(-7.496795259919E0,2.405170760907E0,
-1.509285624581E1));
#9111=CARTESIAN_POINT('',(-5.124068484101E0,4.845800202997E0,
-1.473492260202E1));
#9112=CARTESIAN_POINT('',(-5.322803143566E0,5.033742354077E0,
-1.488767260202E1));
#9113=CARTESIAN_POINT('',(-5.521537803031E0,5.221684505156E0,
-1.504042260202E1));
#9114=CARTESIAN_POINT('',(-5.720272462496E0,5.409626656235E0,
-1.519317260202E1));
#9115=CARTESIAN_POINT('',(-3.392204654646E0,6.004974754028E0,
-1.480180017282E1));
#9116=CARTESIAN_POINT('',(-3.523769765255E0,6.237874961459E0,
-1.495455017282E1));
#9117=CARTESIAN_POINT('',(-3.655334875863E0,6.470775168890E0,
-1.510730017282E1));
#9118=CARTESIAN_POINT('',(-3.786899986472E0,6.703675376321E0,
-1.526005017282E1));
#9119=CARTESIAN_POINT('',(-2.443165000942E0,6.369027279579E0,
-1.483523895823E1));
#9120=CARTESIAN_POINT('',(-2.537922041366E0,6.616047098197E0,
-1.498798895823E1));
#9121=CARTESIAN_POINT('',(-2.632679081789E0,6.863066916816E0,
-1.514073895823E1));
#9122=CARTESIAN_POINT('',(-2.727436122212E0,7.110086735434E0,
-1.529348895823E1));
#9123=B_SPLINE_SURFACE_WITH_KNOTS('',3,3,((#9047,#9048,#9049,#9050),(#9051,
#9052,#9053,#9054),(#9055,#9056,#9057,#9058),(#9059,#9060,#9061,#9062),(#9063,
#9064,#9065,#9066),(#9067,#9068,#9069,#9070),(#9071,#9072,#9073,#9074),(#9075,
#9076,#9077,#9078),(#9079,#9080,#9081,#9082),(#9083,#9084,#9085,#9086),(#9087,
#9088,#9089,#9090),(#9091,#9092,#9093,#9094),(#9095,#9096,#9097,#9098),(#9099,
#9100,#9101,#9102),(#9103,#9104,#9105,#9106),(#9107,#9108,#9109,#9110),(#9111,
#9112,#9113,#9114),(#9115,#9116,#9117,#9118),(#9119,#9120,#9121,#9122)),
.UNSPECIFIED.,.F.,.F.,.F.,(4,1,1,1,1,1,1,1,1,1,1,1,1,1,1,1,4),(4,4),(
1.346277631845E-1,1.607972474131E-1,1.869667316417E-1,2.131362158702E-1,
2.393057000988E-1,2.654751843274E-1,2.916446685559E-1,3.178141527845E-1,
3.439836370131E-1,3.701531212417E-1,3.963226054702E-1,4.224920896988E-1,
4.486615739274E-1,4.748310581560E-1,5.010005423845E-1,5.271700266131E-1,
5.533395108417E-1),(-2.E-2,1.02E0),.UNSPECIFIED.);
#9124=ORIENTED_EDGE('',*,*,#5912,.F.);
#9125=ORIENTED_EDGE('',*,*,#8955,.F.);
#9126=ORIENTED_EDGE('',*,*,#6864,.F.);
#9128=ORIENTED_EDGE('',*,*,#9127,.T.);
#9129=EDGE_LOOP('',(#9124,#9125,#9126,#9128));
#9130=FACE_OUTER_BOUND('',#9129,.F.);
#9132=CARTESIAN_POINT('',(-6.441714399725E0,2.244522065435E0,
-1.323017725887E1));
#9133=CARTESIAN_POINT('',(-6.107261374137E0,3.204392723043E0,
-1.326361604428E1));
#9134=CARTESIAN_POINT('',(-5.002339637290E0,4.971363554431E0,
-1.333049361508E1));
#9135=CARTESIAN_POINT('',(-2.361660875999E0,6.645403269769E0,
-1.343080997129E1));
#9136=CARTESIAN_POINT('',(7.430916169503E-1,7.013288820617E0,
-1.353112632750E1));
#9137=CARTESIAN_POINT('',(3.701821727470E0,6.002920556945E0,-1.363144268371E1));
#9138=CARTESIAN_POINT('',(5.933042425053E0,3.812808986485E0,-1.373175903992E1));
#9139=CARTESIAN_POINT('',(6.998265062531E0,8.733830473440E-1,
-1.383207539613E1));
#9140=CARTESIAN_POINT('',(6.688144001102E0,-2.237686475346E0,
-1.393239175234E1));
#9141=CARTESIAN_POINT('',(5.063626536831E0,-4.908991453102E0,
-1.403270810855E1));
#9142=CARTESIAN_POINT('',(2.443973118517E0,-6.615550342745E0,
-1.413302446476E1));
#9143=CARTESIAN_POINT('',(-6.559856017709E-1,-7.021979402070E0,
-1.423334082097E1));
#9144=CARTESIAN_POINT('',(-3.627025071878E0,-6.048404245159E0,
-1.433365717718E1));
#9145=CARTESIAN_POINT('',(-5.885261571978E0,-3.886159485194E0,
-1.443397353339E1));
#9146=CARTESIAN_POINT('',(-6.986877982487E0,-9.601777389703E-1,
-1.453428988960E1));
#9147=CARTESIAN_POINT('',(-6.715430527997E0,2.154488230351E0,
-1.463460624581E1));
#9148=CARTESIAN_POINT('',(-5.124068484101E0,4.845800202997E0,
-1.473492260202E1));
#9149=CARTESIAN_POINT('',(-3.392204654646E0,6.004974754028E0,
-1.480180017282E1));
#9150=CARTESIAN_POINT('',(-2.443165000942E0,6.369027279579E0,
-1.483523895823E1));
#9151=CARTESIAN_POINT('',(-6.691553355151E0,2.331574830190E0,
-1.338292725887E1));
#9152=CARTESIAN_POINT('',(-6.344128721484E0,3.328673633531E0,
-1.341636604428E1));
#9153=CARTESIAN_POINT('',(-5.196353098943E0,5.164175622835E0,
-1.348324361508E1));
#9154=CARTESIAN_POINT('',(-2.453256816104E0,6.903142205133E0,
-1.358355997129E1));
#9155=CARTESIAN_POINT('',(7.719120864472E-1,7.285296029307E0,
-1.368387632750E1));
#9156=CARTESIAN_POINT('',(3.845395195056E0,6.235741093279E0,-1.378419268371E1));
#9157=CARTESIAN_POINT('',(6.163152769907E0,3.960687044299E0,-1.388450903992E1));
#9158=CARTESIAN_POINT('',(7.269689581615E0,9.072568105529E-1,
-1.398482539613E1));
#9159=CARTESIAN_POINT('',(6.947540616240E0,-2.324474124857E0,
-1.408514175234E1));
#9160=CARTESIAN_POINT('',(5.260016982934E0,-5.099384447999E0,
-1.418545810855E1));
#9161=CARTESIAN_POINT('',(2.538761501412E0,-6.872131445948E0,
-1.428577446476E1));
#9162=CARTESIAN_POINT('',(-6.814277041913E-1,-7.294323670999E0,
-1.438609082097E1));
#9163=CARTESIAN_POINT('',(-3.767697585286E0,-6.282988845599E0,
-1.448640717718E1));
#9164=CARTESIAN_POINT('',(-6.113518758235E0,-4.036882408650E0,
-1.458672353339E1));
#9165=CARTESIAN_POINT('',(-7.257860858864E0,-9.974177947135E-1,
-1.468703988960E1));
#9166=CARTESIAN_POINT('',(-6.975885438638E0,2.238049073870E0,
-1.478735624581E1));
#9167=CARTESIAN_POINT('',(-5.322803143566E0,5.033742354077E0,
-1.488767260202E1));
#9168=CARTESIAN_POINT('',(-3.523769765255E0,6.237874961459E0,
-1.495455017282E1));
#9169=CARTESIAN_POINT('',(-2.537922041366E0,6.616047098197E0,
-1.498798895823E1));
#9170=CARTESIAN_POINT('',(-6.941392310578E0,2.418627594945E0,
-1.353567725887E1));
#9171=CARTESIAN_POINT('',(-6.580996068831E0,3.452954544019E0,
-1.356911604428E1));
#9172=CARTESIAN_POINT('',(-5.390366560595E0,5.356987691240E0,
-1.363599361508E1));
#9173=CARTESIAN_POINT('',(-2.544852756208E0,7.160881140497E0,
-1.373630997129E1));
#9174=CARTESIAN_POINT('',(8.007325559441E-1,7.557303237997E0,
-1.383662632750E1));
#9175=CARTESIAN_POINT('',(3.988968662642E0,6.468561629613E0,-1.393694268371E1));
#9176=CARTESIAN_POINT('',(6.393263114762E0,4.108565102113E0,-1.403725903992E1));
#9177=CARTESIAN_POINT('',(7.541114100698E0,9.411305737617E-1,
-1.413757539613E1));
#9178=CARTESIAN_POINT('',(7.206937231378E0,-2.411261774368E0,
-1.423789175234E1));
#9179=CARTESIAN_POINT('',(5.456407429037E0,-5.289777442897E0,
-1.433820810855E1));
#9180=CARTESIAN_POINT('',(2.633549884307E0,-7.128712549151E0,
-1.443852446476E1));
#9181=CARTESIAN_POINT('',(-7.068698066118E-1,-7.566667939927E0,
-1.453884082097E1));
#9182=CARTESIAN_POINT('',(-3.908370098693E0,-6.517573446039E0,
-1.463915717718E1));
#9183=CARTESIAN_POINT('',(-6.341775944493E0,-4.187605332107E0,
-1.473947353339E1));
#9184=CARTESIAN_POINT('',(-7.528843735240E0,-1.034657850457E0,
-1.483978988960E1));
#9185=CARTESIAN_POINT('',(-7.236340349278E0,2.321609917388E0,
-1.494010624581E1));
#9186=CARTESIAN_POINT('',(-5.521537803031E0,5.221684505156E0,
-1.504042260202E1));
#9187=CARTESIAN_POINT('',(-3.655334875863E0,6.470775168890E0,
-1.510730017282E1));
#9188=CARTESIAN_POINT('',(-2.632679081789E0,6.863066916816E0,
-1.514073895823E1));
#9189=CARTESIAN_POINT('',(-7.191231266004E0,2.505680359701E0,
-1.368842725887E1));
#9190=CARTESIAN_POINT('',(-6.817863416177E0,3.577235454507E0,
-1.372186604428E1));
#9191=CARTESIAN_POINT('',(-5.584380022248E0,5.549799759645E0,
-1.378874361508E1));
#9192=CARTESIAN_POINT('',(-2.636448696313E0,7.418620075861E0,
-1.388905997129E1));
#9193=CARTESIAN_POINT('',(8.295530254410E-1,7.829310446686E0,
-1.398937632750E1));
#9194=CARTESIAN_POINT('',(4.132542130227E0,6.701382165947E0,-1.408969268371E1));
#9195=CARTESIAN_POINT('',(6.623373459616E0,4.256443159926E0,-1.419000903992E1));
#9196=CARTESIAN_POINT('',(7.812538619782E0,9.750043369706E-1,
-1.429032539613E1));
#9197=CARTESIAN_POINT('',(7.466333846516E0,-2.498049423878E0,
-1.439064175234E1));
#9198=CARTESIAN_POINT('',(5.652797875140E0,-5.480170437795E0,
-1.449095810855E1));
#9199=CARTESIAN_POINT('',(2.728338267201E0,-7.385293652354E0,
-1.459127446476E1));
#9200=CARTESIAN_POINT('',(-7.323119090322E-1,-7.839012208855E0,
-1.469159082097E1));
#9201=CARTESIAN_POINT('',(-4.049042612101E0,-6.752158046478E0,
-1.479190717718E1));
#9202=CARTESIAN_POINT('',(-6.570033130750E0,-4.338328255564E0,
-1.489222353339E1));
#9203=CARTESIAN_POINT('',(-7.799826611617E0,-1.071897906200E0,
-1.499253988960E1));
#9204=CARTESIAN_POINT('',(-7.496795259919E0,2.405170760907E0,
-1.509285624581E1));
#9205=CARTESIAN_POINT('',(-5.720272462496E0,5.409626656235E0,
-1.519317260202E1));
#9206=CARTESIAN_POINT('',(-3.786899986472E0,6.703675376321E0,
-1.526005017282E1));
#9207=CARTESIAN_POINT('',(-2.727436122212E0,7.110086735434E0,
-1.529348895823E1));
#9208=B_SPLINE_SURFACE_WITH_KNOTS('',3,3,((#9132,#9133,#9134,#9135,#9136,#9137,
#9138,#9139,#9140,#9141,#9142,#9143,#9144,#9145,#9146,#9147,#9148,#9149,#9150),(
#9151,#9152,#9153,#9154,#9155,#9156,#9157,#9158,#9159,#9160,#9161,#9162,#9163,
#9164,#9165,#9166,#9167,#9168,#9169),(#9170,#9171,#9172,#9173,#9174,#9175,#9176,
#9177,#9178,#9179,#9180,#9181,#9182,#9183,#9184,#9185,#9186,#9187,#9188),(#9189,
#9190,#9191,#9192,#9193,#9194,#9195,#9196,#9197,#9198,#9199,#9200,#9201,#9202,
#9203,#9204,#9205,#9206,#9207)),.UNSPECIFIED.,.F.,.F.,.F.,(4,4),(4,1,1,1,1,1,1,
1,1,1,1,1,1,1,1,1,4),(-2.E-2,1.02E0),(1.346277631845E-1,1.607972474131E-1,
1.869667316417E-1,2.131362158702E-1,2.393057000988E-1,2.654751843274E-1,
2.916446685559E-1,3.178141527845E-1,3.439836370131E-1,3.701531212417E-1,
3.963226054702E-1,4.224920896988E-1,4.486615739274E-1,4.748310581560E-1,
5.010005423845E-1,5.271700266131E-1,5.533395108417E-1),.UNSPECIFIED.);
#9209=ORIENTED_EDGE('',*,*,#5918,.F.);
#9211=ORIENTED_EDGE('',*,*,#9210,.T.);
#9212=ORIENTED_EDGE('',*,*,#8867,.F.);
#9213=EDGE_LOOP('',(#9209,#9211,#9212));
#9214=FACE_OUTER_BOUND('',#9213,.F.);
#9216=CARTESIAN_POINT('',(-6.441714399725E0,2.244522065435E0,
-1.323017725887E1));
#9217=CARTESIAN_POINT('',(-6.691553355151E0,2.331574830190E0,
-1.338292725887E1));
#9218=CARTESIAN_POINT('',(-6.941392310578E0,2.418627594945E0,
-1.353567725887E1));
#9219=CARTESIAN_POINT('',(-7.191231266004E0,2.505680359701E0,
-1.368842725887E1));
#9220=CARTESIAN_POINT('',(-6.107261374137E0,3.204392723043E0,
-1.326361604428E1));
#9221=CARTESIAN_POINT('',(-6.344128721484E0,3.328673633531E0,
-1.341636604428E1));
#9222=CARTESIAN_POINT('',(-6.580996068831E0,3.452954544019E0,
-1.356911604428E1));
#9223=CARTESIAN_POINT('',(-6.817863416177E0,3.577235454507E0,
-1.372186604428E1));
#9224=CARTESIAN_POINT('',(-5.002339637290E0,4.971363554431E0,
-1.333049361508E1));
#9225=CARTESIAN_POINT('',(-5.196353098943E0,5.164175622835E0,
-1.348324361508E1));
#9226=CARTESIAN_POINT('',(-5.390366560595E0,5.356987691240E0,
-1.363599361508E1));
#9227=CARTESIAN_POINT('',(-5.584380022248E0,5.549799759645E0,
-1.378874361508E1));
#9228=CARTESIAN_POINT('',(-2.361660875999E0,6.645403269769E0,
-1.343080997129E1));
#9229=CARTESIAN_POINT('',(-2.453256816104E0,6.903142205133E0,
-1.358355997129E1));
#9230=CARTESIAN_POINT('',(-2.544852756208E0,7.160881140497E0,
-1.373630997129E1));
#9231=CARTESIAN_POINT('',(-2.636448696313E0,7.418620075861E0,
-1.388905997129E1));
#9232=CARTESIAN_POINT('',(7.430916169503E-1,7.013288820617E0,
-1.353112632750E1));
#9233=CARTESIAN_POINT('',(7.719120864472E-1,7.285296029307E0,
-1.368387632750E1));
#9234=CARTESIAN_POINT('',(8.007325559441E-1,7.557303237997E0,
-1.383662632750E1));
#9235=CARTESIAN_POINT('',(8.295530254410E-1,7.829310446686E0,
-1.398937632750E1));
#9236=CARTESIAN_POINT('',(3.701821727470E0,6.002920556945E0,-1.363144268371E1));
#9237=CARTESIAN_POINT('',(3.845395195056E0,6.235741093279E0,-1.378419268371E1));
#9238=CARTESIAN_POINT('',(3.988968662642E0,6.468561629613E0,-1.393694268371E1));
#9239=CARTESIAN_POINT('',(4.132542130227E0,6.701382165947E0,-1.408969268371E1));
#9240=CARTESIAN_POINT('',(5.933042425053E0,3.812808986485E0,-1.373175903992E1));
#9241=CARTESIAN_POINT('',(6.163152769907E0,3.960687044299E0,-1.388450903992E1));
#9242=CARTESIAN_POINT('',(6.393263114762E0,4.108565102113E0,-1.403725903992E1));
#9243=CARTESIAN_POINT('',(6.623373459616E0,4.256443159926E0,-1.419000903992E1));
#9244=CARTESIAN_POINT('',(6.998265062531E0,8.733830473440E-1,
-1.383207539613E1));
#9245=CARTESIAN_POINT('',(7.269689581615E0,9.072568105529E-1,
-1.398482539613E1));
#9246=CARTESIAN_POINT('',(7.541114100698E0,9.411305737617E-1,
-1.413757539613E1));
#9247=CARTESIAN_POINT('',(7.812538619782E0,9.750043369706E-1,
-1.429032539613E1));
#9248=CARTESIAN_POINT('',(6.688144001102E0,-2.237686475346E0,
-1.393239175234E1));
#9249=CARTESIAN_POINT('',(6.947540616240E0,-2.324474124857E0,
-1.408514175234E1));
#9250=CARTESIAN_POINT('',(7.206937231378E0,-2.411261774368E0,
-1.423789175234E1));
#9251=CARTESIAN_POINT('',(7.466333846516E0,-2.498049423878E0,
-1.439064175234E1));
#9252=CARTESIAN_POINT('',(5.063626536831E0,-4.908991453102E0,
-1.403270810855E1));
#9253=CARTESIAN_POINT('',(5.260016982934E0,-5.099384447999E0,
-1.418545810855E1));
#9254=CARTESIAN_POINT('',(5.456407429037E0,-5.289777442897E0,
-1.433820810855E1));
#9255=CARTESIAN_POINT('',(5.652797875140E0,-5.480170437795E0,
-1.449095810855E1));
#9256=CARTESIAN_POINT('',(2.443973118517E0,-6.615550342745E0,
-1.413302446476E1));
#9257=CARTESIAN_POINT('',(2.538761501412E0,-6.872131445948E0,
-1.428577446476E1));
#9258=CARTESIAN_POINT('',(2.633549884307E0,-7.128712549151E0,
-1.443852446476E1));
#9259=CARTESIAN_POINT('',(2.728338267201E0,-7.385293652354E0,
-1.459127446476E1));
#9260=CARTESIAN_POINT('',(-6.559856017709E-1,-7.021979402070E0,
-1.423334082097E1));
#9261=CARTESIAN_POINT('',(-6.814277041913E-1,-7.294323670999E0,
-1.438609082097E1));
#9262=CARTESIAN_POINT('',(-7.068698066118E-1,-7.566667939927E0,
-1.453884082097E1));
#9263=CARTESIAN_POINT('',(-7.323119090322E-1,-7.839012208855E0,
-1.469159082097E1));
#9264=CARTESIAN_POINT('',(-3.627025071878E0,-6.048404245159E0,
-1.433365717718E1));
#9265=CARTESIAN_POINT('',(-3.767697585286E0,-6.282988845599E0,
-1.448640717718E1));
#9266=CARTESIAN_POINT('',(-3.908370098693E0,-6.517573446039E0,
-1.463915717718E1));
#9267=CARTESIAN_POINT('',(-4.049042612101E0,-6.752158046478E0,
-1.479190717718E1));
#9268=CARTESIAN_POINT('',(-5.885261571978E0,-3.886159485194E0,
-1.443397353339E1));
#9269=CARTESIAN_POINT('',(-6.113518758235E0,-4.036882408650E0,
-1.458672353339E1));
#9270=CARTESIAN_POINT('',(-6.341775944493E0,-4.187605332107E0,
-1.473947353339E1));
#9271=CARTESIAN_POINT('',(-6.570033130750E0,-4.338328255564E0,
-1.489222353339E1));
#9272=CARTESIAN_POINT('',(-6.986877982487E0,-9.601777389703E-1,
-1.453428988960E1));
#9273=CARTESIAN_POINT('',(-7.257860858864E0,-9.974177947135E-1,
-1.468703988960E1));
#9274=CARTESIAN_POINT('',(-7.528843735240E0,-1.034657850457E0,
-1.483978988960E1));
#9275=CARTESIAN_POINT('',(-7.799826611617E0,-1.071897906200E0,
-1.499253988960E1));
#9276=CARTESIAN_POINT('',(-6.715430527997E0,2.154488230351E0,
-1.463460624581E1));
#9277=CARTESIAN_POINT('',(-6.975885438638E0,2.238049073870E0,
-1.478735624581E1));
#9278=CARTESIAN_POINT('',(-7.236340349278E0,2.321609917388E0,
-1.494010624581E1));
#9279=CARTESIAN_POINT('',(-7.496795259919E0,2.405170760907E0,
-1.509285624581E1));
#9280=CARTESIAN_POINT('',(-5.124068484101E0,4.845800202997E0,
-1.473492260202E1));
#9281=CARTESIAN_POINT('',(-5.322803143566E0,5.033742354077E0,
-1.488767260202E1));
#9282=CARTESIAN_POINT('',(-5.521537803031E0,5.221684505156E0,
-1.504042260202E1));
#9283=CARTESIAN_POINT('',(-5.720272462496E0,5.409626656235E0,
-1.519317260202E1));
#9284=CARTESIAN_POINT('',(-3.392204654646E0,6.004974754028E0,
-1.480180017282E1));
#9285=CARTESIAN_POINT('',(-3.523769765255E0,6.237874961459E0,
-1.495455017282E1));
#9286=CARTESIAN_POINT('',(-3.655334875863E0,6.470775168890E0,
-1.510730017282E1));
#9287=CARTESIAN_POINT('',(-3.786899986472E0,6.703675376321E0,
-1.526005017282E1));
#9288=CARTESIAN_POINT('',(-2.443165000942E0,6.369027279579E0,
-1.483523895823E1));
#9289=CARTESIAN_POINT('',(-2.537922041366E0,6.616047098197E0,
-1.498798895823E1));
#9290=CARTESIAN_POINT('',(-2.632679081789E0,6.863066916816E0,
-1.514073895823E1));
#9291=CARTESIAN_POINT('',(-2.727436122212E0,7.110086735434E0,
-1.529348895823E1));
#9292=B_SPLINE_SURFACE_WITH_KNOTS('',3,3,((#9216,#9217,#9218,#9219),(#9220,
#9221,#9222,#9223),(#9224,#9225,#9226,#9227),(#9228,#9229,#9230,#9231),(#9232,
#9233,#9234,#9235),(#9236,#9237,#9238,#9239),(#9240,#9241,#9242,#9243),(#9244,
#9245,#9246,#9247),(#9248,#9249,#9250,#9251),(#9252,#9253,#9254,#9255),(#9256,
#9257,#9258,#9259),(#9260,#9261,#9262,#9263),(#9264,#9265,#9266,#9267),(#9268,
#9269,#9270,#9271),(#9272,#9273,#9274,#9275),(#9276,#9277,#9278,#9279),(#9280,
#9281,#9282,#9283),(#9284,#9285,#9286,#9287),(#9288,#9289,#9290,#9291)),
.UNSPECIFIED.,.F.,.F.,.F.,(4,1,1,1,1,1,1,1,1,1,1,1,1,1,1,1,4),(4,4),(
1.346277631845E-1,1.607972474131E-1,1.869667316417E-1,2.131362158702E-1,
2.393057000988E-1,2.654751843274E-1,2.916446685559E-1,3.178141527845E-1,
3.439836370131E-1,3.701531212417E-1,3.963226054702E-1,4.224920896988E-1,
4.486615739274E-1,4.748310581560E-1,5.010005423845E-1,5.271700266131E-1,
5.533395108417E-1),(-2.E-2,1.02E0),.UNSPECIFIED.);
#9294=ORIENTED_EDGE('',*,*,#9293,.T.);
#9295=ORIENTED_EDGE('',*,*,#5926,.F.);
#9296=ORIENTED_EDGE('',*,*,#8602,.F.);
#9298=ORIENTED_EDGE('',*,*,#9297,.T.);
#9299=ORIENTED_EDGE('',*,*,#6858,.F.);
#9300=ORIENTED_EDGE('',*,*,#9041,.F.);
#9301=EDGE_LOOP('',(#9294,#9295,#9296,#9298,#9299,#9300));
#9302=FACE_OUTER_BOUND('',#9301,.F.);
#9304=CARTESIAN_POINT('',(0.E0,0.E0,-1.463674804198E1));
#9305=DIRECTION('',(0.E0,0.E0,1.E0));
#9306=DIRECTION('',(1.E0,0.E0,0.E0));
#9307=AXIS2_PLACEMENT_3D('',#9304,#9305,#9306);
#9308=CONICAL_SURFACE('',#9307,7.013251958017E0,4.5E1);
#9309=ORIENTED_EDGE('',*,*,#5914,.F.);
#9310=ORIENTED_EDGE('',*,*,#9127,.F.);
#9311=ORIENTED_EDGE('',*,*,#6862,.F.);
#9313=ORIENTED_EDGE('',*,*,#9312,.F.);
#9315=ORIENTED_EDGE('',*,*,#9314,.T.);
#9317=ORIENTED_EDGE('',*,*,#9316,.T.);
#9318=EDGE_LOOP('',(#9309,#9310,#9311,#9313,#9315,#9317));
#9319=FACE_OUTER_BOUND('',#9318,.F.);
#9321=CARTESIAN_POINT('',(0.E0,0.E0,-1.4525E1));
#9322=DIRECTION('',(0.E0,0.E0,1.E0));
#9323=DIRECTION('',(1.E0,0.E0,0.E0));
#9324=AXIS2_PLACEMENT_3D('',#9321,#9322,#9323);
#9325=CONICAL_SURFACE('',#9324,7.125E0,4.5E1);
#9326=ORIENTED_EDGE('',*,*,#5916,.F.);
#9327=ORIENTED_EDGE('',*,*,#9316,.F.);
#9329=ORIENTED_EDGE('',*,*,#9328,.F.);
#9330=ORIENTED_EDGE('',*,*,#9312,.T.);
#9331=ORIENTED_EDGE('',*,*,#6860,.F.);
#9332=ORIENTED_EDGE('',*,*,#9297,.F.);
#9333=ORIENTED_EDGE('',*,*,#8600,.T.);
#9334=ORIENTED_EDGE('',*,*,#8698,.F.);
#9335=ORIENTED_EDGE('',*,*,#8869,.F.);
#9336=ORIENTED_EDGE('',*,*,#9210,.F.);
#9337=EDGE_LOOP('',(#9326,#9327,#9329,#9330,#9331,#9332,#9333,#9334,#9335,
#9336));
#9338=FACE_OUTER_BOUND('',#9337,.F.);
#9340=CARTESIAN_POINT('',(0.E0,0.E0,-2.6E-1));
#9341=DIRECTION('',(0.E0,0.E0,-1.E0));
#9342=DIRECTION('',(-1.E0,0.E0,0.E0));
#9343=AXIS2_PLACEMENT_3D('',#9340,#9341,#9342);
#9344=CYLINDRICAL_SURFACE('',#9343,6.65E0);
#9346=ORIENTED_EDGE('',*,*,#9345,.T.);
#9347=ORIENTED_EDGE('',*,*,#9328,.T.);
#9349=ORIENTED_EDGE('',*,*,#9348,.F.);
#9351=ORIENTED_EDGE('',*,*,#9350,.T.);
#9353=ORIENTED_EDGE('',*,*,#9352,.T.);
#9354=EDGE_LOOP('',(#9346,#9347,#9349,#9351,#9353));
#9355=FACE_OUTER_BOUND('',#9354,.F.);
#9357=CARTESIAN_POINT('',(0.E0,0.E0,-2.6E-1));
#9358=DIRECTION('',(0.E0,0.E0,-1.E0));
#9359=DIRECTION('',(-1.E0,0.E0,0.E0));
#9360=AXIS2_PLACEMENT_3D('',#9357,#9358,#9359);
#9361=CYLINDRICAL_SURFACE('',#9360,6.65E0);
#9362=ORIENTED_EDGE('',*,*,#9345,.F.);
#9364=ORIENTED_EDGE('',*,*,#9363,.T.);
#9366=ORIENTED_EDGE('',*,*,#9365,.T.);
#9367=ORIENTED_EDGE('',*,*,#9348,.T.);
#9368=ORIENTED_EDGE('',*,*,#9314,.F.);
#9369=EDGE_LOOP('',(#9362,#9364,#9366,#9367,#9368));
#9370=FACE_OUTER_BOUND('',#9369,.F.);
#9372=CARTESIAN_POINT('',(0.E0,0.E0,-1.62E1));
#9373=DIRECTION('',(0.E0,0.E0,-1.E0));
#9374=DIRECTION('',(0.E0,-1.E0,0.E0));
#9375=AXIS2_PLACEMENT_3D('',#9372,#9373,#9374);
#9376=TOROIDAL_SURFACE('',#9375,7.65E0,1.E0);
#9378=ORIENTED_EDGE('',*,*,#9377,.T.);
#9380=ORIENTED_EDGE('',*,*,#9379,.T.);
#9381=ORIENTED_EDGE('',*,*,#9363,.F.);
#9382=ORIENTED_EDGE('',*,*,#9352,.F.);
#9384=ORIENTED_EDGE('',*,*,#9383,.F.);
#9385=EDGE_LOOP('',(#9378,#9380,#9381,#9382,#9384));
#9386=FACE_OUTER_BOUND('',#9385,.F.);
#9388=CARTESIAN_POINT('',(0.E0,0.E0,-1.72E1));
#9389=DIRECTION('',(0.E0,0.E0,-1.E0));
#9390=DIRECTION('',(-1.E0,0.E0,0.E0));
#9391=AXIS2_PLACEMENT_3D('',#9388,#9389,#9390);
#9392=PLANE('',#9391);
#9394=ORIENTED_EDGE('',*,*,#9393,.T.);
#9396=ORIENTED_EDGE('',*,*,#9395,.T.);
#9398=ORIENTED_EDGE('',*,*,#9397,.F.);
#9400=ORIENTED_EDGE('',*,*,#9399,.F.);
#9402=ORIENTED_EDGE('',*,*,#9401,.T.);
#9404=ORIENTED_EDGE('',*,*,#9403,.T.);
#9406=ORIENTED_EDGE('',*,*,#9405,.T.);
#9408=ORIENTED_EDGE('',*,*,#9407,.T.);
#9410=ORIENTED_EDGE('',*,*,#9409,.F.);
#9412=ORIENTED_EDGE('',*,*,#9411,.F.);
#9414=ORIENTED_EDGE('',*,*,#9413,.T.);
#9416=ORIENTED_EDGE('',*,*,#9415,.T.);
#9417=EDGE_LOOP('',(#9394,#9396,#9398,#9400,#9402,#9404,#9406,#9408,#9410,#9412,
#9414,#9416));
#9418=FACE_OUTER_BOUND('',#9417,.F.);
#9419=ORIENTED_EDGE('',*,*,#9377,.F.);
#9421=ORIENTED_EDGE('',*,*,#9420,.F.);
#9422=EDGE_LOOP('',(#9419,#9421));
#9423=FACE_BOUND('',#9422,.F.);
#9425=CARTESIAN_POINT('',(-8.5E0,-4.907477288112E0,-1.72E1));
#9426=DIRECTION('',(1.E0,0.E0,0.E0));
#9427=DIRECTION('',(0.E0,1.E0,0.E0));
#9428=AXIS2_PLACEMENT_3D('',#9425,#9426,#9427);
#9429=PLANE('',#9428);
#9431=ORIENTED_EDGE('',*,*,#9430,.T.);
#9433=ORIENTED_EDGE('',*,*,#9432,.T.);
#9435=ORIENTED_EDGE('',*,*,#9434,.T.);
#9437=ORIENTED_EDGE('',*,*,#9436,.T.);
#9439=ORIENTED_EDGE('',*,*,#9438,.F.);
#9441=ORIENTED_EDGE('',*,*,#9440,.F.);
#9442=ORIENTED_EDGE('',*,*,#9393,.F.);
#9444=ORIENTED_EDGE('',*,*,#9443,.F.);
#9445=EDGE_LOOP('',(#9431,#9433,#9435,#9437,#9439,#9441,#9442,#9444));
#9446=FACE_OUTER_BOUND('',#9445,.F.);
#9448=CARTESIAN_POINT('',(0.E0,0.E0,-2.6E-1));
#9449=DIRECTION('',(0.E0,0.E0,-1.E0));
#9450=DIRECTION('',(-1.E0,0.E0,0.E0));
#9451=AXIS2_PLACEMENT_3D('',#9448,#9449,#9450);
#9452=CYLINDRICAL_SURFACE('',#9451,9.E0);
#9453=ORIENTED_EDGE('',*,*,#9430,.F.);
#9455=ORIENTED_EDGE('',*,*,#9454,.F.);
#9457=ORIENTED_EDGE('',*,*,#9456,.T.);
#9459=ORIENTED_EDGE('',*,*,#9458,.T.);
#9460=EDGE_LOOP('',(#9453,#9455,#9457,#9459));
#9461=FACE_OUTER_BOUND('',#9460,.F.);
#9463=CARTESIAN_POINT('',(0.E0,0.E0,-2.6E-1));
#9464=DIRECTION('',(0.E0,0.E0,-1.E0));
#9465=DIRECTION('',(-1.E0,0.E0,0.E0));
#9466=AXIS2_PLACEMENT_3D('',#9463,#9464,#9465);
#9467=CYLINDRICAL_SURFACE('',#9466,9.E0);
#9469=ORIENTED_EDGE('',*,*,#9468,.T.);
#9471=ORIENTED_EDGE('',*,*,#9470,.T.);
#9473=ORIENTED_EDGE('',*,*,#9472,.F.);
#9475=ORIENTED_EDGE('',*,*,#9474,.F.);
#9476=EDGE_LOOP('',(#9469,#9471,#9473,#9475));
#9477=FACE_OUTER_BOUND('',#9476,.F.);
#9479=CARTESIAN_POINT('',(0.E0,0.E0,-2.6E-1));
#9480=DIRECTION('',(0.E0,0.E0,-1.E0));
#9481=DIRECTION('',(-1.E0,0.E0,0.E0));
#9482=AXIS2_PLACEMENT_3D('',#9479,#9480,#9481);
#9483=CYLINDRICAL_SURFACE('',#9482,9.E0);
#9485=ORIENTED_EDGE('',*,*,#9484,.T.);
#9487=ORIENTED_EDGE('',*,*,#9486,.F.);
#9489=ORIENTED_EDGE('',*,*,#9488,.F.);
#9491=ORIENTED_EDGE('',*,*,#9490,.F.);
#9492=EDGE_LOOP('',(#9485,#9487,#9489,#9491));
#9493=FACE_OUTER_BOUND('',#9492,.F.);
#9495=CARTESIAN_POINT('',(0.E0,0.E0,-1.728660254038E1));
#9496=DIRECTION('',(0.E0,0.E0,-1.E0));
#9497=DIRECTION('',(0.E0,-1.E0,0.E0));
#9498=AXIS2_PLACEMENT_3D('',#9495,#9496,#9497);
#9499=CONICAL_SURFACE('',#9498,8.85E0,6.E1);
#9500=ORIENTED_EDGE('',*,*,#9395,.F.);
#9501=ORIENTED_EDGE('',*,*,#9440,.T.);
#9503=ORIENTED_EDGE('',*,*,#9502,.T.);
#9505=ORIENTED_EDGE('',*,*,#9504,.T.);
#9506=EDGE_LOOP('',(#9500,#9501,#9503,#9505));
#9507=FACE_OUTER_BOUND('',#9506,.F.);
#9509=CARTESIAN_POINT('',(0.E0,0.E0,-1.728660254038E1));
#9510=DIRECTION('',(0.E0,0.E0,-1.E0));
#9511=DIRECTION('',(0.E0,-1.E0,0.E0));
#9512=AXIS2_PLACEMENT_3D('',#9509,#9510,#9511);
#9513=CONICAL_SURFACE('',#9512,8.85E0,6.E1);
#9514=ORIENTED_EDGE('',*,*,#9454,.T.);
#9515=ORIENTED_EDGE('',*,*,#9443,.T.);
#9516=ORIENTED_EDGE('',*,*,#9415,.F.);
#9518=ORIENTED_EDGE('',*,*,#9517,.T.);
#9519=EDGE_LOOP('',(#9514,#9515,#9516,#9518));
#9520=FACE_OUTER_BOUND('',#9519,.F.);
#9522=CARTESIAN_POINT('',(0.E0,0.E0,-1.728660254038E1));
#9523=DIRECTION('',(0.E0,0.E0,-1.E0));
#9524=DIRECTION('',(0.E0,-1.E0,0.E0));
#9525=AXIS2_PLACEMENT_3D('',#9522,#9523,#9524);
#9526=CONICAL_SURFACE('',#9525,8.85E0,6.E1);
#9527=ORIENTED_EDGE('',*,*,#9474,.T.);
#9529=ORIENTED_EDGE('',*,*,#9528,.T.);
#9530=ORIENTED_EDGE('',*,*,#9407,.F.);
#9532=ORIENTED_EDGE('',*,*,#9531,.T.);
#9533=EDGE_LOOP('',(#9527,#9529,#9530,#9532));
#9534=FACE_OUTER_BOUND('',#9533,.F.);
#9536=CARTESIAN_POINT('',(0.E0,0.E0,-1.728660254038E1));
#9537=DIRECTION('',(0.E0,0.E0,-1.E0));
#9538=DIRECTION('',(0.E0,-1.E0,0.E0));
#9539=AXIS2_PLACEMENT_3D('',#9536,#9537,#9538);
#9540=CONICAL_SURFACE('',#9539,8.85E0,6.E1);
#9541=ORIENTED_EDGE('',*,*,#9490,.T.);
#9543=ORIENTED_EDGE('',*,*,#9542,.T.);
#9544=ORIENTED_EDGE('',*,*,#9411,.T.);
#9546=ORIENTED_EDGE('',*,*,#9545,.T.);
#9547=EDGE_LOOP('',(#9541,#9543,#9544,#9546));
#9548=FACE_OUTER_BOUND('',#9547,.F.);
#9550=CARTESIAN_POINT('',(0.E0,0.E0,-1.728660254038E1));
#9551=DIRECTION('',(0.E0,0.E0,-1.E0));
#9552=DIRECTION('',(0.E0,-1.E0,0.E0));
#9553=AXIS2_PLACEMENT_3D('',#9550,#9551,#9552);
#9554=CONICAL_SURFACE('',#9553,8.85E0,6.E1);
#9555=ORIENTED_EDGE('',*,*,#9399,.T.);
#9557=ORIENTED_EDGE('',*,*,#9556,.T.);
#9559=ORIENTED_EDGE('',*,*,#9558,.T.);
#9561=ORIENTED_EDGE('',*,*,#9560,.T.);
#9562=EDGE_LOOP('',(#9555,#9557,#9559,#9561));
#9563=FACE_OUTER_BOUND('',#9562,.F.);
#9565=CARTESIAN_POINT('',(0.E0,0.E0,-1.728660254038E1));
#9566=DIRECTION('',(0.E0,0.E0,-1.E0));
#9567=DIRECTION('',(0.E0,-1.E0,0.E0));
#9568=AXIS2_PLACEMENT_3D('',#9565,#9566,#9567);
#9569=CONICAL_SURFACE('',#9568,8.85E0,6.E1);
#9570=ORIENTED_EDGE('',*,*,#9403,.F.);
#9572=ORIENTED_EDGE('',*,*,#9571,.T.);
#9574=ORIENTED_EDGE('',*,*,#9573,.T.);
#9576=ORIENTED_EDGE('',*,*,#9575,.T.);
#9577=EDGE_LOOP('',(#9570,#9572,#9574,#9576));
#9578=FACE_OUTER_BOUND('',#9577,.F.);
#9580=CARTESIAN_POINT('',(0.E0,0.E0,-2.6E-1));
#9581=DIRECTION('',(0.E0,0.E0,-1.E0));
#9582=DIRECTION('',(-1.E0,0.E0,0.E0));
#9583=AXIS2_PLACEMENT_3D('',#9580,#9581,#9582);
#9584=CYLINDRICAL_SURFACE('',#9583,9.E0);
#9585=ORIENTED_EDGE('',*,*,#9438,.T.);
#9587=ORIENTED_EDGE('',*,*,#9586,.T.);
#9589=ORIENTED_EDGE('',*,*,#9588,.F.);
#9590=ORIENTED_EDGE('',*,*,#9502,.F.);
#9591=EDGE_LOOP('',(#9585,#9587,#9589,#9590));
#9592=FACE_OUTER_BOUND('',#9591,.F.);
#9594=CARTESIAN_POINT('',(0.E0,0.E0,-2.6E-1));
#9595=DIRECTION('',(0.E0,0.E0,-1.E0));
#9596=DIRECTION('',(-1.E0,0.E0,0.E0));
#9597=AXIS2_PLACEMENT_3D('',#9594,#9595,#9596);
#9598=CYLINDRICAL_SURFACE('',#9597,9.E0);
#9600=ORIENTED_EDGE('',*,*,#9599,.T.);
#9602=ORIENTED_EDGE('',*,*,#9601,.F.);
#9604=ORIENTED_EDGE('',*,*,#9603,.F.);
#9605=ORIENTED_EDGE('',*,*,#9558,.F.);
#9606=EDGE_LOOP('',(#9600,#9602,#9604,#9605));
#9607=FACE_OUTER_BOUND('',#9606,.F.);
#9609=CARTESIAN_POINT('',(0.E0,0.E0,-2.6E-1));
#9610=DIRECTION('',(0.E0,0.E0,-1.E0));
#9611=DIRECTION('',(-1.E0,0.E0,0.E0));
#9612=AXIS2_PLACEMENT_3D('',#9609,#9610,#9611);
#9613=CYLINDRICAL_SURFACE('',#9612,9.E0);
#9615=ORIENTED_EDGE('',*,*,#9614,.T.);
#9617=ORIENTED_EDGE('',*,*,#9616,.T.);
#9619=ORIENTED_EDGE('',*,*,#9618,.F.);
#9620=ORIENTED_EDGE('',*,*,#9573,.F.);
#9621=EDGE_LOOP('',(#9615,#9617,#9619,#9620));
#9622=FACE_OUTER_BOUND('',#9621,.F.);
#9624=CARTESIAN_POINT('',(0.E0,0.E0,-1.911339745962E1));
#9625=DIRECTION('',(0.E0,0.E0,1.E0));
#9626=DIRECTION('',(0.E0,1.E0,0.E0));
#9627=AXIS2_PLACEMENT_3D('',#9624,#9625,#9626);
#9628=CONICAL_SURFACE('',#9627,8.85E0,6.E1);
#9630=ORIENTED_EDGE('',*,*,#9629,.T.);
#9632=ORIENTED_EDGE('',*,*,#9631,.F.);
#9633=ORIENTED_EDGE('',*,*,#9586,.F.);
#9634=ORIENTED_EDGE('',*,*,#9436,.F.);
#9635=EDGE_LOOP('',(#9630,#9632,#9633,#9634));
#9636=FACE_OUTER_BOUND('',#9635,.F.);
#9638=CARTESIAN_POINT('',(0.E0,0.E0,-1.911339745962E1));
#9639=DIRECTION('',(0.E0,0.E0,1.E0));
#9640=DIRECTION('',(0.E0,1.E0,0.E0));
#9641=AXIS2_PLACEMENT_3D('',#9638,#9639,#9640);
#9642=CONICAL_SURFACE('',#9641,8.85E0,6.E1);
#9644=ORIENTED_EDGE('',*,*,#9643,.T.);
#9645=ORIENTED_EDGE('',*,*,#9432,.F.);
#9646=ORIENTED_EDGE('',*,*,#9458,.F.);
#9648=ORIENTED_EDGE('',*,*,#9647,.F.);
#9649=EDGE_LOOP('',(#9644,#9645,#9646,#9648));
#9650=FACE_OUTER_BOUND('',#9649,.F.);
#9652=CARTESIAN_POINT('',(0.E0,0.E0,-1.911339745962E1));
#9653=DIRECTION('',(0.E0,0.E0,1.E0));
#9654=DIRECTION('',(0.E0,1.E0,0.E0));
#9655=AXIS2_PLACEMENT_3D('',#9652,#9653,#9654);
#9656=CONICAL_SURFACE('',#9655,8.85E0,6.E1);
#9657=ORIENTED_EDGE('',*,*,#9601,.T.);
#9659=ORIENTED_EDGE('',*,*,#9658,.F.);
#9661=ORIENTED_EDGE('',*,*,#9660,.T.);
#9663=ORIENTED_EDGE('',*,*,#9662,.F.);
#9664=EDGE_LOOP('',(#9657,#9659,#9661,#9663));
#9665=FACE_OUTER_BOUND('',#9664,.F.);
#9667=CARTESIAN_POINT('',(0.E0,0.E0,-1.911339745962E1));
#9668=DIRECTION('',(0.E0,0.E0,1.E0));
#9669=DIRECTION('',(0.E0,1.E0,0.E0));
#9670=AXIS2_PLACEMENT_3D('',#9667,#9668,#9669);
#9671=CONICAL_SURFACE('',#9670,8.85E0,6.E1);
#9673=ORIENTED_EDGE('',*,*,#9672,.T.);
#9675=ORIENTED_EDGE('',*,*,#9674,.F.);
#9676=ORIENTED_EDGE('',*,*,#9616,.F.);
#9678=ORIENTED_EDGE('',*,*,#9677,.F.);
#9679=EDGE_LOOP('',(#9673,#9675,#9676,#9678));
#9680=FACE_OUTER_BOUND('',#9679,.F.);
#9682=CARTESIAN_POINT('',(0.E0,0.E0,-1.911339745962E1));
#9683=DIRECTION('',(0.E0,0.E0,1.E0));
#9684=DIRECTION('',(0.E0,1.E0,0.E0));
#9685=AXIS2_PLACEMENT_3D('',#9682,#9683,#9684);
#9686=CONICAL_SURFACE('',#9685,8.85E0,6.E1);
#9688=ORIENTED_EDGE('',*,*,#9687,.T.);
#9690=ORIENTED_EDGE('',*,*,#9689,.F.);
#9691=ORIENTED_EDGE('',*,*,#9470,.F.);
#9693=ORIENTED_EDGE('',*,*,#9692,.F.);
#9694=EDGE_LOOP('',(#9688,#9690,#9691,#9693));
#9695=FACE_OUTER_BOUND('',#9694,.F.);
#9697=CARTESIAN_POINT('',(0.E0,0.E0,-1.911339745962E1));
#9698=DIRECTION('',(0.E0,0.E0,1.E0));
#9699=DIRECTION('',(0.E0,1.E0,0.E0));
#9700=AXIS2_PLACEMENT_3D('',#9697,#9698,#9699);
#9701=CONICAL_SURFACE('',#9700,8.85E0,6.E1);
#9703=ORIENTED_EDGE('',*,*,#9702,.T.);
#9705=ORIENTED_EDGE('',*,*,#9704,.F.);
#9706=ORIENTED_EDGE('',*,*,#9486,.T.);
#9708=ORIENTED_EDGE('',*,*,#9707,.F.);
#9709=EDGE_LOOP('',(#9703,#9705,#9706,#9708));
#9710=FACE_OUTER_BOUND('',#9709,.F.);
#9712=CARTESIAN_POINT('',(0.E0,0.E0,-1.92E1));
#9713=DIRECTION('',(0.E0,0.E0,-1.E0));
#9714=DIRECTION('',(-1.E0,0.E0,0.E0));
#9715=AXIS2_PLACEMENT_3D('',#9712,#9713,#9714);
#9716=PLANE('',#9715);
#9717=ORIENTED_EDGE('',*,*,#9434,.F.);
#9718=ORIENTED_EDGE('',*,*,#9643,.F.);
#9720=ORIENTED_EDGE('',*,*,#9719,.F.);
#9721=ORIENTED_EDGE('',*,*,#9702,.F.);
#9723=ORIENTED_EDGE('',*,*,#9722,.T.);
#9724=ORIENTED_EDGE('',*,*,#9687,.F.);
#9726=ORIENTED_EDGE('',*,*,#9725,.F.);
#9727=ORIENTED_EDGE('',*,*,#9672,.F.);
#9729=ORIENTED_EDGE('',*,*,#9728,.F.);
#9730=ORIENTED_EDGE('',*,*,#9660,.F.);
#9732=ORIENTED_EDGE('',*,*,#9731,.T.);
#9733=ORIENTED_EDGE('',*,*,#9629,.F.);
#9734=EDGE_LOOP('',(#9717,#9718,#9720,#9721,#9723,#9724,#9726,#9727,#9729,#9730,
#9732,#9733));
#9735=FACE_OUTER_BOUND('',#9734,.F.);
#9737=ORIENTED_EDGE('',*,*,#9736,.T.);
#9739=ORIENTED_EDGE('',*,*,#9738,.F.);
#9740=EDGE_LOOP('',(#9737,#9739));
#9741=FACE_BOUND('',#9740,.F.);
#9743=CARTESIAN_POINT('',(0.E0,0.E0,-2.6E-1));
#9744=DIRECTION('',(0.E0,0.E0,-1.E0));
#9745=DIRECTION('',(-1.E0,0.E0,0.E0));
#9746=AXIS2_PLACEMENT_3D('',#9743,#9744,#9745);
#9747=CYLINDRICAL_SURFACE('',#9746,6.65E0);
#9749=ORIENTED_EDGE('',*,*,#9748,.F.);
#9751=ORIENTED_EDGE('',*,*,#9750,.T.);
#9753=ORIENTED_EDGE('',*,*,#9752,.T.);
#9754=ORIENTED_EDGE('',*,*,#9736,.F.);
#9755=EDGE_LOOP('',(#9749,#9751,#9753,#9754));
#9756=FACE_OUTER_BOUND('',#9755,.F.);
#9758=CARTESIAN_POINT('',(0.E0,0.E0,-2.6E-1));
#9759=DIRECTION('',(0.E0,0.E0,-1.E0));
#9760=DIRECTION('',(-1.E0,0.E0,0.E0));
#9761=AXIS2_PLACEMENT_3D('',#9758,#9759,#9760);
#9762=CYLINDRICAL_SURFACE('',#9761,6.65E0);
#9763=ORIENTED_EDGE('',*,*,#9748,.T.);
#9764=ORIENTED_EDGE('',*,*,#9738,.T.);
#9765=ORIENTED_EDGE('',*,*,#9752,.F.);
#9767=ORIENTED_EDGE('',*,*,#9766,.F.);
#9768=EDGE_LOOP('',(#9763,#9764,#9765,#9767));
#9769=FACE_OUTER_BOUND('',#9768,.F.);
#9771=CARTESIAN_POINT('',(0.E0,0.E0,-2.E1));
#9772=DIRECTION('',(0.E0,0.E0,-1.E0));
#9773=DIRECTION('',(-1.E0,0.E0,0.E0));
#9774=AXIS2_PLACEMENT_3D('',#9771,#9772,#9773);
#9775=PLANE('',#9774);
#9776=ORIENTED_EDGE('',*,*,#9766,.T.);
#9777=ORIENTED_EDGE('',*,*,#9750,.F.);
#9778=EDGE_LOOP('',(#9776,#9777));
#9779=FACE_OUTER_BOUND('',#9778,.F.);
#9781=ORIENTED_EDGE('',*,*,#9780,.T.);
#9783=ORIENTED_EDGE('',*,*,#9782,.T.);
#9784=EDGE_LOOP('',(#9781,#9783));
#9785=FACE_BOUND('',#9784,.F.);
#9787=ORIENTED_EDGE('',*,*,#9786,.T.);
#9789=ORIENTED_EDGE('',*,*,#9788,.T.);
#9790=EDGE_LOOP('',(#9787,#9789));
#9791=FACE_BOUND('',#9790,.F.);
#9793=ORIENTED_EDGE('',*,*,#9792,.T.);
#9795=ORIENTED_EDGE('',*,*,#9794,.T.);
#9796=EDGE_LOOP('',(#9793,#9795));
#9797=FACE_BOUND('',#9796,.F.);
#9799=ORIENTED_EDGE('',*,*,#9798,.T.);
#9801=ORIENTED_EDGE('',*,*,#9800,.T.);
#9802=EDGE_LOOP('',(#9799,#9801));
#9803=FACE_BOUND('',#9802,.F.);
#9805=ORIENTED_EDGE('',*,*,#9804,.T.);
#9807=ORIENTED_EDGE('',*,*,#9806,.T.);
#9808=EDGE_LOOP('',(#9805,#9807));
#9809=FACE_BOUND('',#9808,.F.);
#9811=ORIENTED_EDGE('',*,*,#9810,.T.);
#9813=ORIENTED_EDGE('',*,*,#9812,.T.);
#9814=EDGE_LOOP('',(#9811,#9813));
#9815=FACE_BOUND('',#9814,.F.);
#9817=ORIENTED_EDGE('',*,*,#9816,.T.);
#9819=ORIENTED_EDGE('',*,*,#9818,.T.);
#9820=EDGE_LOOP('',(#9817,#9819));
#9821=FACE_BOUND('',#9820,.F.);
#9823=ORIENTED_EDGE('',*,*,#9822,.T.);
#9825=ORIENTED_EDGE('',*,*,#9824,.T.);
#9826=EDGE_LOOP('',(#9823,#9825));
#9827=FACE_BOUND('',#9826,.F.);
#9829=CARTESIAN_POINT('',(1.497757346291E0,2.306344061850E0,6.7E-1));
#9830=DIRECTION('',(0.E0,0.E0,-1.E0));
#9831=DIRECTION('',(0.E0,-1.E0,0.E0));
#9832=AXIS2_PLACEMENT_3D('',#9829,#9830,#9831);
#9833=CYLINDRICAL_SURFACE('',#9832,5.E-1);
#9835=ORIENTED_EDGE('',*,*,#9834,.F.);
#9837=ORIENTED_EDGE('',*,*,#9836,.T.);
#9839=ORIENTED_EDGE('',*,*,#9838,.T.);
#9840=ORIENTED_EDGE('',*,*,#9780,.F.);
#9841=EDGE_LOOP('',(#9835,#9837,#9839,#9840));
#9842=FACE_OUTER_BOUND('',#9841,.F.);
#9844=CARTESIAN_POINT('',(1.497757346291E0,2.306344061850E0,6.7E-1));
#9845=DIRECTION('',(0.E0,0.E0,-1.E0));
#9846=DIRECTION('',(0.E0,-1.E0,0.E0));
#9847=AXIS2_PLACEMENT_3D('',#9844,#9845,#9846);
#9848=CYLINDRICAL_SURFACE('',#9847,5.E-1);
#9849=ORIENTED_EDGE('',*,*,#9834,.T.);
#9850=ORIENTED_EDGE('',*,*,#9782,.F.);
#9851=ORIENTED_EDGE('',*,*,#9838,.F.);
#9853=ORIENTED_EDGE('',*,*,#9852,.F.);
#9854=EDGE_LOOP('',(#9849,#9850,#9851,#9853));
#9855=FACE_OUTER_BOUND('',#9854,.F.);
#9857=CARTESIAN_POINT('',(1.497757346291E0,2.306344061850E0,-2.3E1));
#9858=DIRECTION('',(0.E0,0.E0,-1.E0));
#9859=DIRECTION('',(0.E0,-1.E0,0.E0));
#9860=AXIS2_PLACEMENT_3D('',#9857,#9858,#9859);
#9861=PLANE('',#9860);
#9862=ORIENTED_EDGE('',*,*,#9836,.F.);
#9863=ORIENTED_EDGE('',*,*,#9852,.T.);
#9864=EDGE_LOOP('',(#9862,#9863));
#9865=FACE_OUTER_BOUND('',#9864,.F.);
#9867=ORIENTED_EDGE('',*,*,#9866,.F.);
#9869=ORIENTED_EDGE('',*,*,#9868,.T.);
#9870=EDGE_LOOP('',(#9867,#9869));
#9871=FACE_BOUND('',#9870,.F.);
#9873=CARTESIAN_POINT('',(1.497757346291E0,2.306344061850E0,6.7E-1));
#9874=DIRECTION('',(0.E0,0.E0,-1.E0));
#9875=DIRECTION('',(0.E0,-1.E0,0.E0));
#9876=AXIS2_PLACEMENT_3D('',#9873,#9874,#9875);
#9877=CYLINDRICAL_SURFACE('',#9876,3.E-1);
#9879=ORIENTED_EDGE('',*,*,#9878,.T.);
#9880=ORIENTED_EDGE('',*,*,#9866,.T.);
#9882=ORIENTED_EDGE('',*,*,#9881,.F.);
#9884=ORIENTED_EDGE('',*,*,#9883,.F.);
#9885=EDGE_LOOP('',(#9879,#9880,#9882,#9884));
#9886=FACE_OUTER_BOUND('',#9885,.F.);
#9888=CARTESIAN_POINT('',(1.497757346291E0,2.306344061850E0,6.7E-1));
#9889=DIRECTION('',(0.E0,0.E0,-1.E0));
#9890=DIRECTION('',(0.E0,-1.E0,0.E0));
#9891=AXIS2_PLACEMENT_3D('',#9888,#9889,#9890);
#9892=CYLINDRICAL_SURFACE('',#9891,3.E-1);
#9893=ORIENTED_EDGE('',*,*,#9878,.F.);
#9895=ORIENTED_EDGE('',*,*,#9894,.T.);
#9896=ORIENTED_EDGE('',*,*,#9881,.T.);
#9897=ORIENTED_EDGE('',*,*,#9868,.F.);
#9898=EDGE_LOOP('',(#9893,#9895,#9896,#9897));
#9899=FACE_OUTER_BOUND('',#9898,.F.);
#9901=CARTESIAN_POINT('',(1.497757346291E0,2.306344061850E0,-2.6E1));
#9902=DIRECTION('',(0.E0,0.E0,-1.E0));
#9903=DIRECTION('',(0.E0,-1.E0,0.E0));
#9904=AXIS2_PLACEMENT_3D('',#9901,#9902,#9903);
#9905=PLANE('',#9904);
#9906=ORIENTED_EDGE('',*,*,#9883,.T.);
#9907=ORIENTED_EDGE('',*,*,#9894,.F.);
#9908=EDGE_LOOP('',(#9906,#9907));
#9909=FACE_OUTER_BOUND('',#9908,.F.);
#9911=CARTESIAN_POINT('',(2.723237189039E0,3.827260276402E-1,6.7E-1));
#9912=DIRECTION('',(0.E0,0.E0,-1.E0));
#9913=DIRECTION('',(0.E0,-1.E0,0.E0));
#9914=AXIS2_PLACEMENT_3D('',#9911,#9912,#9913);
#9915=CYLINDRICAL_SURFACE('',#9914,5.E-1);
#9916=ORIENTED_EDGE('',*,*,#9786,.F.);
#9918=ORIENTED_EDGE('',*,*,#9917,.F.);
#9920=ORIENTED_EDGE('',*,*,#9919,.T.);
#9922=ORIENTED_EDGE('',*,*,#9921,.T.);
#9923=EDGE_LOOP('',(#9916,#9918,#9920,#9922));
#9924=FACE_OUTER_BOUND('',#9923,.F.);
#9926=CARTESIAN_POINT('',(2.723237189039E0,3.827260276402E-1,6.7E-1));
#9927=DIRECTION('',(0.E0,0.E0,-1.E0));
#9928=DIRECTION('',(0.E0,-1.E0,0.E0));
#9929=AXIS2_PLACEMENT_3D('',#9926,#9927,#9928);
#9930=CYLINDRICAL_SURFACE('',#9929,5.E-1);
#9931=ORIENTED_EDGE('',*,*,#9788,.F.);
#9932=ORIENTED_EDGE('',*,*,#9921,.F.);
#9934=ORIENTED_EDGE('',*,*,#9933,.F.);
#9935=ORIENTED_EDGE('',*,*,#9917,.T.);
#9936=EDGE_LOOP('',(#9931,#9932,#9934,#9935));
#9937=FACE_OUTER_BOUND('',#9936,.F.);
#9939=CARTESIAN_POINT('',(2.723237189039E0,3.827260276402E-1,-2.3E1));
#9940=DIRECTION('',(0.E0,0.E0,-1.E0));
#9941=DIRECTION('',(0.E0,-1.E0,0.E0));
#9942=AXIS2_PLACEMENT_3D('',#9939,#9940,#9941);
#9943=PLANE('',#9942);
#9944=ORIENTED_EDGE('',*,*,#9919,.F.);
#9945=ORIENTED_EDGE('',*,*,#9933,.T.);
#9946=EDGE_LOOP('',(#9944,#9945));
#9947=FACE_OUTER_BOUND('',#9946,.F.);
#9949=ORIENTED_EDGE('',*,*,#9948,.F.);
#9951=ORIENTED_EDGE('',*,*,#9950,.T.);
#9952=EDGE_LOOP('',(#9949,#9951));
#9953=FACE_BOUND('',#9952,.F.);
#9955=CARTESIAN_POINT('',(2.723237189039E0,3.827260276402E-1,6.7E-1));
#9956=DIRECTION('',(0.E0,0.E0,-1.E0));
#9957=DIRECTION('',(0.E0,-1.E0,0.E0));
#9958=AXIS2_PLACEMENT_3D('',#9955,#9956,#9957);
#9959=CYLINDRICAL_SURFACE('',#9958,3.E-1);
#9961=ORIENTED_EDGE('',*,*,#9960,.T.);
#9962=ORIENTED_EDGE('',*,*,#9948,.T.);
#9964=ORIENTED_EDGE('',*,*,#9963,.F.);
#9966=ORIENTED_EDGE('',*,*,#9965,.F.);
#9967=EDGE_LOOP('',(#9961,#9962,#9964,#9966));
#9968=FACE_OUTER_BOUND('',#9967,.F.);
#9970=CARTESIAN_POINT('',(2.723237189039E0,3.827260276402E-1,6.7E-1));
#9971=DIRECTION('',(0.E0,0.E0,-1.E0));
#9972=DIRECTION('',(0.E0,-1.E0,0.E0));
#9973=AXIS2_PLACEMENT_3D('',#9970,#9971,#9972);
#9974=CYLINDRICAL_SURFACE('',#9973,3.E-1);
#9975=ORIENTED_EDGE('',*,*,#9960,.F.);
#9977=ORIENTED_EDGE('',*,*,#9976,.T.);
#9978=ORIENTED_EDGE('',*,*,#9963,.T.);
#9979=ORIENTED_EDGE('',*,*,#9950,.F.);
#9980=EDGE_LOOP('',(#9975,#9977,#9978,#9979));
#9981=FACE_OUTER_BOUND('',#9980,.F.);
#9983=CARTESIAN_POINT('',(2.723237189039E0,3.827260276402E-1,-2.6E1));
#9984=DIRECTION('',(0.E0,0.E0,-1.E0));
#9985=DIRECTION('',(0.E0,-1.E0,0.E0));
#9986=AXIS2_PLACEMENT_3D('',#9983,#9984,#9985);
#9987=PLANE('',#9986);
#9988=ORIENTED_EDGE('',*,*,#9965,.T.);
#9989=ORIENTED_EDGE('',*,*,#9976,.F.);
#9990=EDGE_LOOP('',(#9988,#9989));
#9991=FACE_OUTER_BOUND('',#9990,.F.);
#9993=CARTESIAN_POINT('',(2.075451345613E0,-1.804162329724E0,6.7E-1));
#9994=DIRECTION('',(0.E0,0.E0,-1.E0));
#9995=DIRECTION('',(0.E0,-1.E0,0.E0));
#9996=AXIS2_PLACEMENT_3D('',#9993,#9994,#9995);
#9997=CYLINDRICAL_SURFACE('',#9996,5.E-1);
#9998=ORIENTED_EDGE('',*,*,#9792,.F.);
#10000=ORIENTED_EDGE('',*,*,#9999,.F.);
#10002=ORIENTED_EDGE('',*,*,#10001,.T.);
#10004=ORIENTED_EDGE('',*,*,#10003,.T.);
#10005=EDGE_LOOP('',(#9998,#10000,#10002,#10004));
#10006=FACE_OUTER_BOUND('',#10005,.F.);
#10008=CARTESIAN_POINT('',(2.075451345613E0,-1.804162329724E0,6.7E-1));
#10009=DIRECTION('',(0.E0,0.E0,-1.E0));
#10010=DIRECTION('',(0.E0,-1.E0,0.E0));
#10011=AXIS2_PLACEMENT_3D('',#10008,#10009,#10010);
#10012=CYLINDRICAL_SURFACE('',#10011,5.E-1);
#10013=ORIENTED_EDGE('',*,*,#9794,.F.);
#10014=ORIENTED_EDGE('',*,*,#10003,.F.);
#10016=ORIENTED_EDGE('',*,*,#10015,.F.);
#10017=ORIENTED_EDGE('',*,*,#9999,.T.);
#10018=EDGE_LOOP('',(#10013,#10014,#10016,#10017));
#10019=FACE_OUTER_BOUND('',#10018,.F.);
#10021=CARTESIAN_POINT('',(2.075451345613E0,-1.804162329724E0,-2.3E1));
#10022=DIRECTION('',(0.E0,0.E0,-1.E0));
#10023=DIRECTION('',(0.E0,-1.E0,0.E0));
#10024=AXIS2_PLACEMENT_3D('',#10021,#10022,#10023);
#10025=PLANE('',#10024);
#10026=ORIENTED_EDGE('',*,*,#10001,.F.);
#10027=ORIENTED_EDGE('',*,*,#10015,.T.);
#10028=EDGE_LOOP('',(#10026,#10027));
#10029=FACE_OUTER_BOUND('',#10028,.F.);
#10031=ORIENTED_EDGE('',*,*,#10030,.F.);
#10033=ORIENTED_EDGE('',*,*,#10032,.T.);
#10034=EDGE_LOOP('',(#10031,#10033));
#10035=FACE_BOUND('',#10034,.F.);
#10037=CARTESIAN_POINT('',(2.075451345613E0,-1.804162329724E0,6.7E-1));
#10038=DIRECTION('',(0.E0,0.E0,-1.E0));
#10039=DIRECTION('',(0.E0,-1.E0,0.E0));
#10040=AXIS2_PLACEMENT_3D('',#10037,#10038,#10039);
#10041=CYLINDRICAL_SURFACE('',#10040,3.E-1);
#10043=ORIENTED_EDGE('',*,*,#10042,.T.);
#10044=ORIENTED_EDGE('',*,*,#10030,.T.);
#10046=ORIENTED_EDGE('',*,*,#10045,.F.);
#10048=ORIENTED_EDGE('',*,*,#10047,.F.);
#10049=EDGE_LOOP('',(#10043,#10044,#10046,#10048));
#10050=FACE_OUTER_BOUND('',#10049,.F.);
#10052=CARTESIAN_POINT('',(2.075451345613E0,-1.804162329724E0,6.7E-1));
#10053=DIRECTION('',(0.E0,0.E0,-1.E0));
#10054=DIRECTION('',(0.E0,-1.E0,0.E0));
#10055=AXIS2_PLACEMENT_3D('',#10052,#10053,#10054);
#10056=CYLINDRICAL_SURFACE('',#10055,3.E-1);
#10057=ORIENTED_EDGE('',*,*,#10042,.F.);
#10059=ORIENTED_EDGE('',*,*,#10058,.T.);
#10060=ORIENTED_EDGE('',*,*,#10045,.T.);
#10061=ORIENTED_EDGE('',*,*,#10032,.F.);
#10062=EDGE_LOOP('',(#10057,#10059,#10060,#10061));
#10063=FACE_OUTER_BOUND('',#10062,.F.);
#10065=CARTESIAN_POINT('',(2.075451345613E0,-1.804162329724E0,-2.6E1));
#10066=DIRECTION('',(0.E0,0.E0,-1.E0));
#10067=DIRECTION('',(0.E0,-1.E0,0.E0));
#10068=AXIS2_PLACEMENT_3D('',#10065,#10066,#10067);
#10069=PLANE('',#10068);
#10070=ORIENTED_EDGE('',*,*,#10047,.T.);
#10071=ORIENTED_EDGE('',*,*,#10058,.F.);
#10072=EDGE_LOOP('',(#10070,#10071));
#10073=FACE_OUTER_BOUND('',#10072,.F.);
#10075=CARTESIAN_POINT('',(0.E0,-2.75E0,6.7E-1));
#10076=DIRECTION('',(0.E0,0.E0,-1.E0));
#10077=DIRECTION('',(0.E0,-1.E0,0.E0));
#10078=AXIS2_PLACEMENT_3D('',#10075,#10076,#10077);
#10079=CYLINDRICAL_SURFACE('',#10078,5.E-1);
#10080=ORIENTED_EDGE('',*,*,#9798,.F.);
#10082=ORIENTED_EDGE('',*,*,#10081,.F.);
#10084=ORIENTED_EDGE('',*,*,#10083,.T.);
#10086=ORIENTED_EDGE('',*,*,#10085,.T.);
#10087=EDGE_LOOP('',(#10080,#10082,#10084,#10086));
#10088=FACE_OUTER_BOUND('',#10087,.F.);
#10090=CARTESIAN_POINT('',(0.E0,-2.75E0,6.7E-1));
#10091=DIRECTION('',(0.E0,0.E0,-1.E0));
#10092=DIRECTION('',(0.E0,-1.E0,0.E0));
#10093=AXIS2_PLACEMENT_3D('',#10090,#10091,#10092);
#10094=CYLINDRICAL_SURFACE('',#10093,5.E-1);
#10095=ORIENTED_EDGE('',*,*,#9800,.F.);
#10096=ORIENTED_EDGE('',*,*,#10085,.F.);
#10098=ORIENTED_EDGE('',*,*,#10097,.F.);
#10099=ORIENTED_EDGE('',*,*,#10081,.T.);
#10100=EDGE_LOOP('',(#10095,#10096,#10098,#10099));
#10101=FACE_OUTER_BOUND('',#10100,.F.);
#10103=CARTESIAN_POINT('',(0.E0,-2.75E0,-2.3E1));
#10104=DIRECTION('',(0.E0,0.E0,-1.E0));
#10105=DIRECTION('',(0.E0,-1.E0,0.E0));
#10106=AXIS2_PLACEMENT_3D('',#10103,#10104,#10105);
#10107=PLANE('',#10106);
#10108=ORIENTED_EDGE('',*,*,#10083,.F.);
#10109=ORIENTED_EDGE('',*,*,#10097,.T.);
#10110=EDGE_LOOP('',(#10108,#10109));
#10111=FACE_OUTER_BOUND('',#10110,.F.);
#10113=ORIENTED_EDGE('',*,*,#10112,.F.);
#10115=ORIENTED_EDGE('',*,*,#10114,.T.);
#10116=EDGE_LOOP('',(#10113,#10115));
#10117=FACE_BOUND('',#10116,.F.);
#10119=CARTESIAN_POINT('',(0.E0,-2.75E0,6.7E-1));
#10120=DIRECTION('',(0.E0,0.E0,-1.E0));
#10121=DIRECTION('',(0.E0,-1.E0,0.E0));
#10122=AXIS2_PLACEMENT_3D('',#10119,#10120,#10121);
#10123=CYLINDRICAL_SURFACE('',#10122,3.E-1);
#10125=ORIENTED_EDGE('',*,*,#10124,.T.);
#10126=ORIENTED_EDGE('',*,*,#10112,.T.);
#10128=ORIENTED_EDGE('',*,*,#10127,.F.);
#10130=ORIENTED_EDGE('',*,*,#10129,.F.);
#10131=EDGE_LOOP('',(#10125,#10126,#10128,#10130));
#10132=FACE_OUTER_BOUND('',#10131,.F.);
#10134=CARTESIAN_POINT('',(0.E0,-2.75E0,6.7E-1));
#10135=DIRECTION('',(0.E0,0.E0,-1.E0));
#10136=DIRECTION('',(0.E0,-1.E0,0.E0));
#10137=AXIS2_PLACEMENT_3D('',#10134,#10135,#10136);
#10138=CYLINDRICAL_SURFACE('',#10137,3.E-1);
#10139=ORIENTED_EDGE('',*,*,#10124,.F.);
#10141=ORIENTED_EDGE('',*,*,#10140,.T.);
#10142=ORIENTED_EDGE('',*,*,#10127,.T.);
#10143=ORIENTED_EDGE('',*,*,#10114,.F.);
#10144=EDGE_LOOP('',(#10139,#10141,#10142,#10143));
#10145=FACE_OUTER_BOUND('',#10144,.F.);
#10147=CARTESIAN_POINT('',(0.E0,-2.75E0,-2.6E1));
#10148=DIRECTION('',(0.E0,0.E0,-1.E0));
#10149=DIRECTION('',(0.E0,-1.E0,0.E0));
#10150=AXIS2_PLACEMENT_3D('',#10147,#10148,#10149);
#10151=PLANE('',#10150);
#10152=ORIENTED_EDGE('',*,*,#10129,.T.);
#10153=ORIENTED_EDGE('',*,*,#10140,.F.);
#10154=EDGE_LOOP('',(#10152,#10153));
#10155=FACE_OUTER_BOUND('',#10154,.F.);
#10157=CARTESIAN_POINT('',(-2.075451345613E0,-1.804162329724E0,6.7E-1));
#10158=DIRECTION('',(0.E0,0.E0,-1.E0));
#10159=DIRECTION('',(0.E0,-1.E0,0.E0));
#10160=AXIS2_PLACEMENT_3D('',#10157,#10158,#10159);
#10161=CYLINDRICAL_SURFACE('',#10160,5.E-1);
#10162=ORIENTED_EDGE('',*,*,#9804,.F.);
#10164=ORIENTED_EDGE('',*,*,#10163,.F.);
#10166=ORIENTED_EDGE('',*,*,#10165,.T.);
#10168=ORIENTED_EDGE('',*,*,#10167,.T.);
#10169=EDGE_LOOP('',(#10162,#10164,#10166,#10168));
#10170=FACE_OUTER_BOUND('',#10169,.F.);
#10172=CARTESIAN_POINT('',(-2.075451345613E0,-1.804162329724E0,6.7E-1));
#10173=DIRECTION('',(0.E0,0.E0,-1.E0));
#10174=DIRECTION('',(0.E0,-1.E0,0.E0));
#10175=AXIS2_PLACEMENT_3D('',#10172,#10173,#10174);
#10176=CYLINDRICAL_SURFACE('',#10175,5.E-1);
#10177=ORIENTED_EDGE('',*,*,#9806,.F.);
#10178=ORIENTED_EDGE('',*,*,#10167,.F.);
#10180=ORIENTED_EDGE('',*,*,#10179,.F.);
#10181=ORIENTED_EDGE('',*,*,#10163,.T.);
#10182=EDGE_LOOP('',(#10177,#10178,#10180,#10181));
#10183=FACE_OUTER_BOUND('',#10182,.F.);
#10185=CARTESIAN_POINT('',(-2.075451345613E0,-1.804162329724E0,-2.3E1));
#10186=DIRECTION('',(0.E0,0.E0,-1.E0));
#10187=DIRECTION('',(0.E0,-1.E0,0.E0));
#10188=AXIS2_PLACEMENT_3D('',#10185,#10186,#10187);
#10189=PLANE('',#10188);
#10190=ORIENTED_EDGE('',*,*,#10165,.F.);
#10191=ORIENTED_EDGE('',*,*,#10179,.T.);
#10192=EDGE_LOOP('',(#10190,#10191));
#10193=FACE_OUTER_BOUND('',#10192,.F.);
#10195=ORIENTED_EDGE('',*,*,#10194,.F.);
#10197=ORIENTED_EDGE('',*,*,#10196,.T.);
#10198=EDGE_LOOP('',(#10195,#10197));
#10199=FACE_BOUND('',#10198,.F.);
#10201=CARTESIAN_POINT('',(-2.075451345613E0,-1.804162329724E0,6.7E-1));
#10202=DIRECTION('',(0.E0,0.E0,-1.E0));
#10203=DIRECTION('',(0.E0,-1.E0,0.E0));
#10204=AXIS2_PLACEMENT_3D('',#10201,#10202,#10203);
#10205=CYLINDRICAL_SURFACE('',#10204,3.E-1);
#10207=ORIENTED_EDGE('',*,*,#10206,.T.);
#10208=ORIENTED_EDGE('',*,*,#10194,.T.);
#10210=ORIENTED_EDGE('',*,*,#10209,.F.);
#10212=ORIENTED_EDGE('',*,*,#10211,.F.);
#10213=EDGE_LOOP('',(#10207,#10208,#10210,#10212));
#10214=FACE_OUTER_BOUND('',#10213,.F.);
#10216=CARTESIAN_POINT('',(-2.075451345613E0,-1.804162329724E0,6.7E-1));
#10217=DIRECTION('',(0.E0,0.E0,-1.E0));
#10218=DIRECTION('',(0.E0,-1.E0,0.E0));
#10219=AXIS2_PLACEMENT_3D('',#10216,#10217,#10218);
#10220=CYLINDRICAL_SURFACE('',#10219,3.E-1);
#10221=ORIENTED_EDGE('',*,*,#10206,.F.);
#10223=ORIENTED_EDGE('',*,*,#10222,.T.);
#10224=ORIENTED_EDGE('',*,*,#10209,.T.);
#10225=ORIENTED_EDGE('',*,*,#10196,.F.);
#10226=EDGE_LOOP('',(#10221,#10223,#10224,#10225));
#10227=FACE_OUTER_BOUND('',#10226,.F.);
#10229=CARTESIAN_POINT('',(-2.075451345613E0,-1.804162329724E0,-2.6E1));
#10230=DIRECTION('',(0.E0,0.E0,-1.E0));
#10231=DIRECTION('',(0.E0,-1.E0,0.E0));
#10232=AXIS2_PLACEMENT_3D('',#10229,#10230,#10231);
#10233=PLANE('',#10232);
#10234=ORIENTED_EDGE('',*,*,#10211,.T.);
#10235=ORIENTED_EDGE('',*,*,#10222,.F.);
#10236=EDGE_LOOP('',(#10234,#10235));
#10237=FACE_OUTER_BOUND('',#10236,.F.);
#10239=CARTESIAN_POINT('',(-2.723237189039E0,3.827260276402E-1,6.7E-1));
#10240=DIRECTION('',(0.E0,0.E0,-1.E0));
#10241=DIRECTION('',(0.E0,-1.E0,0.E0));
#10242=AXIS2_PLACEMENT_3D('',#10239,#10240,#10241);
#10243=CYLINDRICAL_SURFACE('',#10242,5.E-1);
#10244=ORIENTED_EDGE('',*,*,#9810,.F.);
#10246=ORIENTED_EDGE('',*,*,#10245,.F.);
#10248=ORIENTED_EDGE('',*,*,#10247,.T.);
#10250=ORIENTED_EDGE('',*,*,#10249,.T.);
#10251=EDGE_LOOP('',(#10244,#10246,#10248,#10250));
#10252=FACE_OUTER_BOUND('',#10251,.F.);
#10254=CARTESIAN_POINT('',(-2.723237189039E0,3.827260276402E-1,6.7E-1));
#10255=DIRECTION('',(0.E0,0.E0,-1.E0));
#10256=DIRECTION('',(0.E0,-1.E0,0.E0));
#10257=AXIS2_PLACEMENT_3D('',#10254,#10255,#10256);
#10258=CYLINDRICAL_SURFACE('',#10257,5.E-1);
#10259=ORIENTED_EDGE('',*,*,#9812,.F.);
#10260=ORIENTED_EDGE('',*,*,#10249,.F.);
#10262=ORIENTED_EDGE('',*,*,#10261,.F.);
#10263=ORIENTED_EDGE('',*,*,#10245,.T.);
#10264=EDGE_LOOP('',(#10259,#10260,#10262,#10263));
#10265=FACE_OUTER_BOUND('',#10264,.F.);
#10267=CARTESIAN_POINT('',(-2.723237189039E0,3.827260276402E-1,-2.3E1));
#10268=DIRECTION('',(0.E0,0.E0,-1.E0));
#10269=DIRECTION('',(0.E0,-1.E0,0.E0));
#10270=AXIS2_PLACEMENT_3D('',#10267,#10268,#10269);
#10271=PLANE('',#10270);
#10272=ORIENTED_EDGE('',*,*,#10247,.F.);
#10273=ORIENTED_EDGE('',*,*,#10261,.T.);
#10274=EDGE_LOOP('',(#10272,#10273));
#10275=FACE_OUTER_BOUND('',#10274,.F.);
#10277=ORIENTED_EDGE('',*,*,#10276,.F.);
#10279=ORIENTED_EDGE('',*,*,#10278,.T.);
#10280=EDGE_LOOP('',(#10277,#10279));
#10281=FACE_BOUND('',#10280,.F.);
#10283=CARTESIAN_POINT('',(-2.723237189039E0,3.827260276402E-1,6.7E-1));
#10284=DIRECTION('',(0.E0,0.E0,-1.E0));
#10285=DIRECTION('',(0.E0,-1.E0,0.E0));
#10286=AXIS2_PLACEMENT_3D('',#10283,#10284,#10285);
#10287=CYLINDRICAL_SURFACE('',#10286,3.E-1);
#10289=ORIENTED_EDGE('',*,*,#10288,.T.);
#10290=ORIENTED_EDGE('',*,*,#10276,.T.);
#10292=ORIENTED_EDGE('',*,*,#10291,.F.);
#10294=ORIENTED_EDGE('',*,*,#10293,.F.);
#10295=EDGE_LOOP('',(#10289,#10290,#10292,#10294));
#10296=FACE_OUTER_BOUND('',#10295,.F.);
#10298=CARTESIAN_POINT('',(-2.723237189039E0,3.827260276402E-1,6.7E-1));
#10299=DIRECTION('',(0.E0,0.E0,-1.E0));
#10300=DIRECTION('',(0.E0,-1.E0,0.E0));
#10301=AXIS2_PLACEMENT_3D('',#10298,#10299,#10300);
#10302=CYLINDRICAL_SURFACE('',#10301,3.E-1);
#10303=ORIENTED_EDGE('',*,*,#10288,.F.);
#10305=ORIENTED_EDGE('',*,*,#10304,.T.);
#10306=ORIENTED_EDGE('',*,*,#10291,.T.);
#10307=ORIENTED_EDGE('',*,*,#10278,.F.);
#10308=EDGE_LOOP('',(#10303,#10305,#10306,#10307));
#10309=FACE_OUTER_BOUND('',#10308,.F.);
#10311=CARTESIAN_POINT('',(-2.723237189039E0,3.827260276402E-1,-2.6E1));
#10312=DIRECTION('',(0.E0,0.E0,-1.E0));
#10313=DIRECTION('',(0.E0,-1.E0,0.E0));
#10314=AXIS2_PLACEMENT_3D('',#10311,#10312,#10313);
#10315=PLANE('',#10314);
#10316=ORIENTED_EDGE('',*,*,#10293,.T.);
#10317=ORIENTED_EDGE('',*,*,#10304,.F.);
#10318=EDGE_LOOP('',(#10316,#10317));
#10319=FACE_OUTER_BOUND('',#10318,.F.);
#10321=CARTESIAN_POINT('',(-1.497757346291E0,2.306344061850E0,6.7E-1));
#10322=DIRECTION('',(0.E0,0.E0,-1.E0));
#10323=DIRECTION('',(0.E0,-1.E0,0.E0));
#10324=AXIS2_PLACEMENT_3D('',#10321,#10322,#10323);
#10325=CYLINDRICAL_SURFACE('',#10324,5.E-1);
#10326=ORIENTED_EDGE('',*,*,#9816,.F.);
#10328=ORIENTED_EDGE('',*,*,#10327,.F.);
#10330=ORIENTED_EDGE('',*,*,#10329,.T.);
#10332=ORIENTED_EDGE('',*,*,#10331,.T.);
#10333=EDGE_LOOP('',(#10326,#10328,#10330,#10332));
#10334=FACE_OUTER_BOUND('',#10333,.F.);
#10336=CARTESIAN_POINT('',(-1.497757346291E0,2.306344061850E0,6.7E-1));
#10337=DIRECTION('',(0.E0,0.E0,-1.E0));
#10338=DIRECTION('',(0.E0,-1.E0,0.E0));
#10339=AXIS2_PLACEMENT_3D('',#10336,#10337,#10338);
#10340=CYLINDRICAL_SURFACE('',#10339,5.E-1);
#10341=ORIENTED_EDGE('',*,*,#9818,.F.);
#10342=ORIENTED_EDGE('',*,*,#10331,.F.);
#10344=ORIENTED_EDGE('',*,*,#10343,.F.);
#10345=ORIENTED_EDGE('',*,*,#10327,.T.);
#10346=EDGE_LOOP('',(#10341,#10342,#10344,#10345));
#10347=FACE_OUTER_BOUND('',#10346,.F.);
#10349=CARTESIAN_POINT('',(-1.497757346291E0,2.306344061850E0,-2.3E1));
#10350=DIRECTION('',(0.E0,0.E0,-1.E0));
#10351=DIRECTION('',(0.E0,-1.E0,0.E0));
#10352=AXIS2_PLACEMENT_3D('',#10349,#10350,#10351);
#10353=PLANE('',#10352);
#10354=ORIENTED_EDGE('',*,*,#10329,.F.);
#10355=ORIENTED_EDGE('',*,*,#10343,.T.);
#10356=EDGE_LOOP('',(#10354,#10355));
#10357=FACE_OUTER_BOUND('',#10356,.F.);
#10359=ORIENTED_EDGE('',*,*,#10358,.F.);
#10361=ORIENTED_EDGE('',*,*,#10360,.T.);
#10362=EDGE_LOOP('',(#10359,#10361));
#10363=FACE_BOUND('',#10362,.F.);
#10365=CARTESIAN_POINT('',(-1.497757346291E0,2.306344061850E0,6.7E-1));
#10366=DIRECTION('',(0.E0,0.E0,-1.E0));
#10367=DIRECTION('',(0.E0,-1.E0,0.E0));
#10368=AXIS2_PLACEMENT_3D('',#10365,#10366,#10367);
#10369=CYLINDRICAL_SURFACE('',#10368,3.E-1);
#10371=ORIENTED_EDGE('',*,*,#10370,.T.);
#10372=ORIENTED_EDGE('',*,*,#10358,.T.);
#10374=ORIENTED_EDGE('',*,*,#10373,.F.);
#10376=ORIENTED_EDGE('',*,*,#10375,.F.);
#10377=EDGE_LOOP('',(#10371,#10372,#10374,#10376));
#10378=FACE_OUTER_BOUND('',#10377,.F.);
#10380=CARTESIAN_POINT('',(-1.497757346291E0,2.306344061850E0,6.7E-1));
#10381=DIRECTION('',(0.E0,0.E0,-1.E0));
#10382=DIRECTION('',(0.E0,-1.E0,0.E0));
#10383=AXIS2_PLACEMENT_3D('',#10380,#10381,#10382);
#10384=CYLINDRICAL_SURFACE('',#10383,3.E-1);
#10385=ORIENTED_EDGE('',*,*,#10370,.F.);
#10387=ORIENTED_EDGE('',*,*,#10386,.T.);
#10388=ORIENTED_EDGE('',*,*,#10373,.T.);
#10389=ORIENTED_EDGE('',*,*,#10360,.F.);
#10390=EDGE_LOOP('',(#10385,#10387,#10388,#10389));
#10391=FACE_OUTER_BOUND('',#10390,.F.);
#10393=CARTESIAN_POINT('',(-1.497757346291E0,2.306344061850E0,-2.6E1));
#10394=DIRECTION('',(0.E0,0.E0,-1.E0));
#10395=DIRECTION('',(0.E0,-1.E0,0.E0));
#10396=AXIS2_PLACEMENT_3D('',#10393,#10394,#10395);
#10397=PLANE('',#10396);
#10398=ORIENTED_EDGE('',*,*,#10375,.T.);
#10399=ORIENTED_EDGE('',*,*,#10386,.F.);
#10400=EDGE_LOOP('',(#10398,#10399));
#10401=FACE_OUTER_BOUND('',#10400,.F.);
#10403=CARTESIAN_POINT('',(0.E0,0.E0,6.7E-1));
#10404=DIRECTION('',(0.E0,0.E0,-1.E0));
#10405=DIRECTION('',(0.E0,-1.E0,0.E0));
#10406=AXIS2_PLACEMENT_3D('',#10403,#10404,#10405);
#10407=CYLINDRICAL_SURFACE('',#10406,5.E-1);
#10408=ORIENTED_EDGE('',*,*,#9822,.F.);
#10410=ORIENTED_EDGE('',*,*,#10409,.F.);
#10412=ORIENTED_EDGE('',*,*,#10411,.T.);
#10414=ORIENTED_EDGE('',*,*,#10413,.T.);
#10415=EDGE_LOOP('',(#10408,#10410,#10412,#10414));
#10416=FACE_OUTER_BOUND('',#10415,.F.);
#10418=CARTESIAN_POINT('',(0.E0,0.E0,6.7E-1));
#10419=DIRECTION('',(0.E0,0.E0,-1.E0));
#10420=DIRECTION('',(0.E0,-1.E0,0.E0));
#10421=AXIS2_PLACEMENT_3D('',#10418,#10419,#10420);
#10422=CYLINDRICAL_SURFACE('',#10421,5.E-1);
#10423=ORIENTED_EDGE('',*,*,#9824,.F.);
#10424=ORIENTED_EDGE('',*,*,#10413,.F.);
#10426=ORIENTED_EDGE('',*,*,#10425,.F.);
#10427=ORIENTED_EDGE('',*,*,#10409,.T.);
#10428=EDGE_LOOP('',(#10423,#10424,#10426,#10427));
#10429=FACE_OUTER_BOUND('',#10428,.F.);
#10431=CARTESIAN_POINT('',(0.E0,0.E0,-2.3E1));
#10432=DIRECTION('',(0.E0,0.E0,-1.E0));
#10433=DIRECTION('',(0.E0,-1.E0,0.E0));
#10434=AXIS2_PLACEMENT_3D('',#10431,#10432,#10433);
#10435=PLANE('',#10434);
#10436=ORIENTED_EDGE('',*,*,#10411,.F.);
#10437=ORIENTED_EDGE('',*,*,#10425,.T.);
#10438=EDGE_LOOP('',(#10436,#10437));
#10439=FACE_OUTER_BOUND('',#10438,.F.);
#10441=ORIENTED_EDGE('',*,*,#10440,.F.);
#10443=ORIENTED_EDGE('',*,*,#10442,.T.);
#10444=EDGE_LOOP('',(#10441,#10443));
#10445=FACE_BOUND('',#10444,.F.);
#10447=CARTESIAN_POINT('',(0.E0,0.E0,6.7E-1));
#10448=DIRECTION('',(0.E0,0.E0,-1.E0));
#10449=DIRECTION('',(0.E0,-1.E0,0.E0));
#10450=AXIS2_PLACEMENT_3D('',#10447,#10448,#10449);
#10451=CYLINDRICAL_SURFACE('',#10450,3.E-1);
#10453=ORIENTED_EDGE('',*,*,#10452,.T.);
#10454=ORIENTED_EDGE('',*,*,#10440,.T.);
#10456=ORIENTED_EDGE('',*,*,#10455,.F.);
#10458=ORIENTED_EDGE('',*,*,#10457,.F.);
#10459=EDGE_LOOP('',(#10453,#10454,#10456,#10458));
#10460=FACE_OUTER_BOUND('',#10459,.F.);
#10462=CARTESIAN_POINT('',(0.E0,0.E0,6.7E-1));
#10463=DIRECTION('',(0.E0,0.E0,-1.E0));
#10464=DIRECTION('',(0.E0,-1.E0,0.E0));
#10465=AXIS2_PLACEMENT_3D('',#10462,#10463,#10464);
#10466=CYLINDRICAL_SURFACE('',#10465,3.E-1);
#10467=ORIENTED_EDGE('',*,*,#10452,.F.);
#10469=ORIENTED_EDGE('',*,*,#10468,.T.);
#10470=ORIENTED_EDGE('',*,*,#10455,.T.);
#10471=ORIENTED_EDGE('',*,*,#10442,.F.);
#10472=EDGE_LOOP('',(#10467,#10469,#10470,#10471));
#10473=FACE_OUTER_BOUND('',#10472,.F.);
#10475=CARTESIAN_POINT('',(0.E0,0.E0,-2.6E1));
#10476=DIRECTION('',(0.E0,0.E0,-1.E0));
#10477=DIRECTION('',(0.E0,-1.E0,0.E0));
#10478=AXIS2_PLACEMENT_3D('',#10475,#10476,#10477);
#10479=PLANE('',#10478);
#10480=ORIENTED_EDGE('',*,*,#10457,.T.);
#10481=ORIENTED_EDGE('',*,*,#10468,.F.);
#10482=EDGE_LOOP('',(#10480,#10481));
#10483=FACE_OUTER_BOUND('',#10482,.F.);
#10485=CARTESIAN_POINT('',(0.E0,-9.814954576224E0,-1.72E1));
#10486=DIRECTION('',(5.E-1,8.660254037844E-1,0.E0));
#10487=DIRECTION('',(-8.660254037844E-1,5.E-1,0.E0));
#10488=AXIS2_PLACEMENT_3D('',#10485,#10486,#10487);
#10489=PLANE('',#10488);
#10490=ORIENTED_EDGE('',*,*,#9488,.T.);
#10491=ORIENTED_EDGE('',*,*,#9704,.T.);
#10492=ORIENTED_EDGE('',*,*,#9719,.T.);
#10493=ORIENTED_EDGE('',*,*,#9647,.T.);
#10494=ORIENTED_EDGE('',*,*,#9456,.F.);
#10495=ORIENTED_EDGE('',*,*,#9517,.F.);
#10496=ORIENTED_EDGE('',*,*,#9413,.F.);
#10497=ORIENTED_EDGE('',*,*,#9542,.F.);
#10498=EDGE_LOOP('',(#10490,#10491,#10492,#10493,#10494,#10495,#10496,#10497));
#10499=FACE_OUTER_BOUND('',#10498,.F.);
#10501=CARTESIAN_POINT('',(8.5E0,-4.907477288112E0,-1.72E1));
#10502=DIRECTION('',(-5.E-1,8.660254037844E-1,0.E0));
#10503=DIRECTION('',(-8.660254037844E-1,-5.E-1,0.E0));
#10504=AXIS2_PLACEMENT_3D('',#10501,#10502,#10503);
#10505=PLANE('',#10504);
#10506=ORIENTED_EDGE('',*,*,#9472,.T.);
#10507=ORIENTED_EDGE('',*,*,#9689,.T.);
#10508=ORIENTED_EDGE('',*,*,#9722,.F.);
#10509=ORIENTED_EDGE('',*,*,#9707,.T.);
#10510=ORIENTED_EDGE('',*,*,#9484,.F.);
#10511=ORIENTED_EDGE('',*,*,#9545,.F.);
#10512=ORIENTED_EDGE('',*,*,#9409,.T.);
#10513=ORIENTED_EDGE('',*,*,#9528,.F.);
#10514=EDGE_LOOP('',(#10506,#10507,#10508,#10509,#10510,#10511,#10512,#10513));
#10515=FACE_OUTER_BOUND('',#10514,.F.);
#10517=CARTESIAN_POINT('',(8.5E0,4.907477288112E0,-1.72E1));
#10518=DIRECTION('',(-1.E0,0.E0,0.E0));
#10519=DIRECTION('',(0.E0,-1.E0,0.E0));
#10520=AXIS2_PLACEMENT_3D('',#10517,#10518,#10519);
#10521=PLANE('',#10520);
#10522=ORIENTED_EDGE('',*,*,#9468,.F.);
#10523=ORIENTED_EDGE('',*,*,#9531,.F.);
#10524=ORIENTED_EDGE('',*,*,#9405,.F.);
#10525=ORIENTED_EDGE('',*,*,#9575,.F.);
#10526=ORIENTED_EDGE('',*,*,#9618,.T.);
#10527=ORIENTED_EDGE('',*,*,#9674,.T.);
#10528=ORIENTED_EDGE('',*,*,#9725,.T.);
#10529=ORIENTED_EDGE('',*,*,#9692,.T.);
#10530=EDGE_LOOP('',(#10522,#10523,#10524,#10525,#10526,#10527,#10528,#10529));
#10531=FACE_OUTER_BOUND('',#10530,.F.);
#10533=CARTESIAN_POINT('',(0.E0,9.814954576224E0,-1.72E1));
#10534=DIRECTION('',(-5.E-1,-8.660254037844E-1,0.E0));
#10535=DIRECTION('',(8.660254037844E-1,-5.E-1,0.E0));
#10536=AXIS2_PLACEMENT_3D('',#10533,#10534,#10535);
#10537=PLANE('',#10536);
#10538=ORIENTED_EDGE('',*,*,#9603,.T.);
#10539=ORIENTED_EDGE('',*,*,#9662,.T.);
#10540=ORIENTED_EDGE('',*,*,#9728,.T.);
#10541=ORIENTED_EDGE('',*,*,#9677,.T.);
#10542=ORIENTED_EDGE('',*,*,#9614,.F.);
#10543=ORIENTED_EDGE('',*,*,#9571,.F.);
#10544=ORIENTED_EDGE('',*,*,#9401,.F.);
#10545=ORIENTED_EDGE('',*,*,#9560,.F.);
#10546=EDGE_LOOP('',(#10538,#10539,#10540,#10541,#10542,#10543,#10544,#10545));
#10547=FACE_OUTER_BOUND('',#10546,.F.);
#10549=CARTESIAN_POINT('',(-8.5E0,4.907477288112E0,-1.72E1));
#10550=DIRECTION('',(5.E-1,-8.660254037844E-1,0.E0));
#10551=DIRECTION('',(8.660254037844E-1,5.E-1,0.E0));
#10552=AXIS2_PLACEMENT_3D('',#10549,#10550,#10551);
#10553=PLANE('',#10552);
#10554=ORIENTED_EDGE('',*,*,#9588,.T.);
#10555=ORIENTED_EDGE('',*,*,#9631,.T.);
#10556=ORIENTED_EDGE('',*,*,#9731,.F.);
#10557=ORIENTED_EDGE('',*,*,#9658,.T.);
#10558=ORIENTED_EDGE('',*,*,#9599,.F.);
#10559=ORIENTED_EDGE('',*,*,#9556,.F.);
#10560=ORIENTED_EDGE('',*,*,#9397,.T.);
#10561=ORIENTED_EDGE('',*,*,#9504,.F.);
#10562=EDGE_LOOP('',(#10554,#10555,#10556,#10557,#10558,#10559,#10560,#10561));
#10563=FACE_OUTER_BOUND('',#10562,.F.);
#10565=CARTESIAN_POINT('',(0.E0,0.E0,-1.62E1));
#10566=DIRECTION('',(0.E0,0.E0,-1.E0));
#10567=DIRECTION('',(0.E0,-1.E0,0.E0));
#10568=AXIS2_PLACEMENT_3D('',#10565,#10566,#10567);
#10569=TOROIDAL_SURFACE('',#10568,7.65E0,1.E0);
#10570=ORIENTED_EDGE('',*,*,#9420,.T.);
#10571=ORIENTED_EDGE('',*,*,#9383,.T.);
#10572=ORIENTED_EDGE('',*,*,#9350,.F.);
#10573=ORIENTED_EDGE('',*,*,#9365,.F.);
#10574=ORIENTED_EDGE('',*,*,#9379,.F.);
#10575=EDGE_LOOP('',(#10570,#10571,#10572,#10573,#10574));
#10576=FACE_OUTER_BOUND('',#10575,.F.);
#10578=CARTESIAN_POINT('',(0.E0,0.E0,-1.37E1));
#10579=DIRECTION('',(0.E0,0.E0,1.E0));
#10580=DIRECTION('',(1.E0,0.E0,0.E0));
#10581=AXIS2_PLACEMENT_3D('',#10578,#10579,#10580);
#10582=PLANE('',#10581);
#10584=ORIENTED_EDGE('',*,*,#10583,.F.);
#10586=ORIENTED_EDGE('',*,*,#10585,.F.);
#10588=ORIENTED_EDGE('',*,*,#10587,.F.);
#10590=ORIENTED_EDGE('',*,*,#10589,.F.);
#10592=ORIENTED_EDGE('',*,*,#10591,.F.);
#10594=ORIENTED_EDGE('',*,*,#10593,.F.);
#10595=EDGE_LOOP('',(#10584,#10586,#10588,#10590,#10592,#10594));
#10596=FACE_OUTER_BOUND('',#10595,.F.);
#10597=ORIENTED_EDGE('',*,*,#5906,.T.);
#10598=ORIENTED_EDGE('',*,*,#9293,.F.);
#10599=ORIENTED_EDGE('',*,*,#9039,.F.);
#10600=ORIENTED_EDGE('',*,*,#6854,.T.);
#10601=ORIENTED_EDGE('',*,*,#8952,.F.);
#10602=ORIENTED_EDGE('',*,*,#8781,.F.);
#10603=EDGE_LOOP('',(#10597,#10598,#10599,#10600,#10601,#10602));
#10604=FACE_BOUND('',#10603,.F.);
#10606=CARTESIAN_POINT('',(0.E0,0.E0,-1.357272413360E1));
#10607=DIRECTION('',(0.E0,0.E0,1.E0));
#10608=DIRECTION('',(0.E0,1.E0,0.E0));
#10609=AXIS2_PLACEMENT_3D('',#10606,#10607,#10608);
#10610=CONICAL_SURFACE('',#10609,9.475E0,7.5E1);
#10611=ORIENTED_EDGE('',*,*,#10593,.T.);
#10613=ORIENTED_EDGE('',*,*,#10612,.F.);
#10615=ORIENTED_EDGE('',*,*,#10614,.T.);
#10617=ORIENTED_EDGE('',*,*,#10616,.F.);
#10618=EDGE_LOOP('',(#10611,#10613,#10615,#10617));
#10619=FACE_OUTER_BOUND('',#10618,.F.);
#10621=CARTESIAN_POINT('',(0.E0,0.E0,-1.357272413360E1));
#10622=DIRECTION('',(0.E0,0.E0,1.E0));
#10623=DIRECTION('',(0.E0,1.E0,0.E0));
#10624=AXIS2_PLACEMENT_3D('',#10621,#10622,#10623);
#10625=CONICAL_SURFACE('',#10624,9.475E0,7.5E1);
#10626=ORIENTED_EDGE('',*,*,#10589,.T.);
#10628=ORIENTED_EDGE('',*,*,#10627,.F.);
#10630=ORIENTED_EDGE('',*,*,#10629,.T.);
#10632=ORIENTED_EDGE('',*,*,#10631,.F.);
#10633=EDGE_LOOP('',(#10626,#10628,#10630,#10632));
#10634=FACE_OUTER_BOUND('',#10633,.F.);
#10636=CARTESIAN_POINT('',(0.E0,0.E0,-1.357272413360E1));
#10637=DIRECTION('',(0.E0,0.E0,1.E0));
#10638=DIRECTION('',(0.E0,1.E0,0.E0));
#10639=AXIS2_PLACEMENT_3D('',#10636,#10637,#10638);
#10640=CONICAL_SURFACE('',#10639,9.475E0,7.5E1);
#10642=ORIENTED_EDGE('',*,*,#10641,.T.);
#10644=ORIENTED_EDGE('',*,*,#10643,.F.);
#10645=ORIENTED_EDGE('',*,*,#10583,.T.);
#10647=ORIENTED_EDGE('',*,*,#10646,.F.);
#10648=EDGE_LOOP('',(#10642,#10644,#10645,#10647));
#10649=FACE_OUTER_BOUND('',#10648,.F.);
#10651=CARTESIAN_POINT('',(0.E0,0.E0,-1.357272413360E1));
#10652=DIRECTION('',(0.E0,0.E0,1.E0));
#10653=DIRECTION('',(0.E0,1.E0,0.E0));
#10654=AXIS2_PLACEMENT_3D('',#10651,#10652,#10653);
#10655=CONICAL_SURFACE('',#10654,9.475E0,7.5E1);
#10656=ORIENTED_EDGE('',*,*,#10587,.T.);
#10658=ORIENTED_EDGE('',*,*,#10657,.F.);
#10660=ORIENTED_EDGE('',*,*,#10659,.T.);
#10662=ORIENTED_EDGE('',*,*,#10661,.F.);
#10663=EDGE_LOOP('',(#10656,#10658,#10660,#10662));
#10664=FACE_OUTER_BOUND('',#10663,.F.);
#10666=CARTESIAN_POINT('',(0.E0,0.E0,-1.357272413360E1));
#10667=DIRECTION('',(0.E0,0.E0,1.E0));
#10668=DIRECTION('',(0.E0,1.E0,0.E0));
#10669=AXIS2_PLACEMENT_3D('',#10666,#10667,#10668);
#10670=CONICAL_SURFACE('',#10669,9.475E0,7.5E1);
#10671=ORIENTED_EDGE('',*,*,#10585,.T.);
#10673=ORIENTED_EDGE('',*,*,#10672,.F.);
#10675=ORIENTED_EDGE('',*,*,#10674,.T.);
#10677=ORIENTED_EDGE('',*,*,#10676,.F.);
#10678=EDGE_LOOP('',(#10671,#10673,#10675,#10677));
#10679=FACE_OUTER_BOUND('',#10678,.F.);
#10681=CARTESIAN_POINT('',(9.E0,-4.242935304715E0,-1.37E1));
#10682=DIRECTION('',(1.E0,0.E0,0.E0));
#10683=DIRECTION('',(0.E0,1.E0,0.E0));
#10684=AXIS2_PLACEMENT_3D('',#10681,#10682,#10683);
#10685=PLANE('',#10684);
#10687=ORIENTED_EDGE('',*,*,#10686,.F.);
#10689=ORIENTED_EDGE('',*,*,#10688,.F.);
#10690=ORIENTED_EDGE('',*,*,#10612,.T.);
#10692=ORIENTED_EDGE('',*,*,#10691,.T.);
#10694=ORIENTED_EDGE('',*,*,#10693,.T.);
#10696=ORIENTED_EDGE('',*,*,#10695,.F.);
#10697=EDGE_LOOP('',(#10687,#10689,#10690,#10692,#10694,#10696));
#10698=FACE_OUTER_BOUND('',#10697,.F.);
#10700=CARTESIAN_POINT('',(0.E0,0.E0,-1.102727586640E1));
#10701=DIRECTION('',(0.E0,0.E0,-1.E0));
#10702=DIRECTION('',(0.E0,-1.E0,0.E0));
#10703=AXIS2_PLACEMENT_3D('',#10700,#10701,#10702);
#10704=CONICAL_SURFACE('',#10703,9.475E0,7.5E1);
#10705=ORIENTED_EDGE('',*,*,#5938,.F.);
#10707=ORIENTED_EDGE('',*,*,#10706,.T.);
#10709=ORIENTED_EDGE('',*,*,#10708,.F.);
#10710=ORIENTED_EDGE('',*,*,#10686,.T.);
#10711=EDGE_LOOP('',(#10705,#10707,#10709,#10710));
#10712=FACE_OUTER_BOUND('',#10711,.F.);
#10714=CARTESIAN_POINT('',(0.E0,0.E0,-1.102727586640E1));
#10715=DIRECTION('',(0.E0,0.E0,-1.E0));
#10716=DIRECTION('',(0.E0,-1.E0,0.E0));
#10717=AXIS2_PLACEMENT_3D('',#10714,#10715,#10716);
#10718=CONICAL_SURFACE('',#10717,9.475E0,7.5E1);
#10720=ORIENTED_EDGE('',*,*,#10719,.T.);
#10722=ORIENTED_EDGE('',*,*,#10721,.T.);
#10723=ORIENTED_EDGE('',*,*,#5942,.T.);
#10725=ORIENTED_EDGE('',*,*,#10724,.T.);
#10726=EDGE_LOOP('',(#10720,#10722,#10723,#10725));
#10727=FACE_OUTER_BOUND('',#10726,.F.);
#10729=CARTESIAN_POINT('',(0.E0,0.E0,-1.102727586640E1));
#10730=DIRECTION('',(0.E0,0.E0,-1.E0));
#10731=DIRECTION('',(0.E0,-1.E0,0.E0));
#10732=AXIS2_PLACEMENT_3D('',#10729,#10730,#10731);
#10733=CONICAL_SURFACE('',#10732,9.475E0,7.5E1);
#10734=ORIENTED_EDGE('',*,*,#5936,.T.);
#10736=ORIENTED_EDGE('',*,*,#10735,.T.);
#10738=ORIENTED_EDGE('',*,*,#10737,.T.);
#10740=ORIENTED_EDGE('',*,*,#10739,.T.);
#10741=EDGE_LOOP('',(#10734,#10736,#10738,#10740));
#10742=FACE_OUTER_BOUND('',#10741,.F.);
#10744=CARTESIAN_POINT('',(0.E0,0.E0,-1.102727586640E1));
#10745=DIRECTION('',(0.E0,0.E0,-1.E0));
#10746=DIRECTION('',(0.E0,-1.E0,0.E0));
#10747=AXIS2_PLACEMENT_3D('',#10744,#10745,#10746);
#10748=CONICAL_SURFACE('',#10747,9.475E0,7.5E1);
#10749=ORIENTED_EDGE('',*,*,#5944,.F.);
#10751=ORIENTED_EDGE('',*,*,#10750,.T.);
#10753=ORIENTED_EDGE('',*,*,#10752,.F.);
#10755=ORIENTED_EDGE('',*,*,#10754,.T.);
#10756=EDGE_LOOP('',(#10749,#10751,#10753,#10755));
#10757=FACE_OUTER_BOUND('',#10756,.F.);
#10759=CARTESIAN_POINT('',(0.E0,0.E0,-1.102727586640E1));
#10760=DIRECTION('',(0.E0,0.E0,-1.E0));
#10761=DIRECTION('',(0.E0,-1.E0,0.E0));
#10762=AXIS2_PLACEMENT_3D('',#10759,#10760,#10761);
#10763=CONICAL_SURFACE('',#10762,9.475E0,7.5E1);
#10764=ORIENTED_EDGE('',*,*,#5946,.F.);
#10766=ORIENTED_EDGE('',*,*,#10765,.T.);
#10768=ORIENTED_EDGE('',*,*,#10767,.F.);
#10770=ORIENTED_EDGE('',*,*,#10769,.T.);
#10771=EDGE_LOOP('',(#10764,#10766,#10768,#10770));
#10772=FACE_OUTER_BOUND('',#10771,.F.);
#10774=CARTESIAN_POINT('',(8.174489760497E0,5.672760981702E0,-1.37E1));
#10775=DIRECTION('',(5.E-1,8.660254037844E-1,0.E0));
#10776=DIRECTION('',(-8.660254037844E-1,5.E-1,0.E0));
#10777=AXIS2_PLACEMENT_3D('',#10774,#10775,#10776);
#10778=PLANE('',#10777);
#10779=ORIENTED_EDGE('',*,*,#10739,.F.);
#10781=ORIENTED_EDGE('',*,*,#10780,.F.);
#10782=ORIENTED_EDGE('',*,*,#10646,.T.);
#10783=ORIENTED_EDGE('',*,*,#10616,.T.);
#10785=ORIENTED_EDGE('',*,*,#10784,.T.);
#10786=ORIENTED_EDGE('',*,*,#10706,.F.);
#10787=EDGE_LOOP('',(#10779,#10781,#10782,#10783,#10785,#10786));
#10788=FACE_OUTER_BOUND('',#10787,.F.);
#10790=CARTESIAN_POINT('',(0.E0,0.E0,-1.37E1));
#10791=DIRECTION('',(0.E0,0.E0,1.E0));
#10792=DIRECTION('',(1.E0,0.E0,0.E0));
#10793=AXIS2_PLACEMENT_3D('',#10790,#10791,#10792);
#10794=CYLINDRICAL_SURFACE('',#10793,9.95E0);
#10795=ORIENTED_EDGE('',*,*,#10737,.F.);
#10797=ORIENTED_EDGE('',*,*,#10796,.F.);
#10798=ORIENTED_EDGE('',*,*,#10641,.F.);
#10799=ORIENTED_EDGE('',*,*,#10780,.T.);
#10800=EDGE_LOOP('',(#10795,#10797,#10798,#10799));
#10801=FACE_OUTER_BOUND('',#10800,.F.);
#10803=CARTESIAN_POINT('',(-8.255102395026E-1,9.915696286418E0,-1.37E1));
#10804=DIRECTION('',(-5.E-1,8.660254037844E-1,0.E0));
#10805=DIRECTION('',(-8.660254037844E-1,-5.E-1,0.E0));
#10806=AXIS2_PLACEMENT_3D('',#10803,#10804,#10805);
#10807=PLANE('',#10806);
#10808=ORIENTED_EDGE('',*,*,#10769,.F.);
#10810=ORIENTED_EDGE('',*,*,#10809,.F.);
#10811=ORIENTED_EDGE('',*,*,#10672,.T.);
#10812=ORIENTED_EDGE('',*,*,#10643,.T.);
#10813=ORIENTED_EDGE('',*,*,#10796,.T.);
#10814=ORIENTED_EDGE('',*,*,#10735,.F.);
#10815=EDGE_LOOP('',(#10808,#10810,#10811,#10812,#10813,#10814));
#10816=FACE_OUTER_BOUND('',#10815,.F.);
#10818=CARTESIAN_POINT('',(0.E0,0.E0,-1.37E1));
#10819=DIRECTION('',(0.E0,0.E0,1.E0));
#10820=DIRECTION('',(1.E0,0.E0,0.E0));
#10821=AXIS2_PLACEMENT_3D('',#10818,#10819,#10820);
#10822=CYLINDRICAL_SURFACE('',#10821,9.95E0);
#10823=ORIENTED_EDGE('',*,*,#10767,.T.);
#10825=ORIENTED_EDGE('',*,*,#10824,.F.);
#10826=ORIENTED_EDGE('',*,*,#10674,.F.);
#10827=ORIENTED_EDGE('',*,*,#10809,.T.);
#10828=EDGE_LOOP('',(#10823,#10825,#10826,#10827));
#10829=FACE_OUTER_BOUND('',#10828,.F.);
#10831=CARTESIAN_POINT('',(-9.E0,4.242935304715E0,-1.37E1));
#10832=DIRECTION('',(-1.E0,0.E0,0.E0));
#10833=DIRECTION('',(0.E0,-1.E0,0.E0));
#10834=AXIS2_PLACEMENT_3D('',#10831,#10832,#10833);
#10835=PLANE('',#10834);
#10836=ORIENTED_EDGE('',*,*,#10754,.F.);
#10838=ORIENTED_EDGE('',*,*,#10837,.F.);
#10839=ORIENTED_EDGE('',*,*,#10657,.T.);
#10840=ORIENTED_EDGE('',*,*,#10676,.T.);
#10841=ORIENTED_EDGE('',*,*,#10824,.T.);
#10842=ORIENTED_EDGE('',*,*,#10765,.F.);
#10843=EDGE_LOOP('',(#10836,#10838,#10839,#10840,#10841,#10842));
#10844=FACE_OUTER_BOUND('',#10843,.F.);
#10846=CARTESIAN_POINT('',(0.E0,0.E0,-1.37E1));
#10847=DIRECTION('',(0.E0,0.E0,1.E0));
#10848=DIRECTION('',(1.E0,0.E0,0.E0));
#10849=AXIS2_PLACEMENT_3D('',#10846,#10847,#10848);
#10850=CYLINDRICAL_SURFACE('',#10849,9.95E0);
#10851=ORIENTED_EDGE('',*,*,#10752,.T.);
#10853=ORIENTED_EDGE('',*,*,#10852,.F.);
#10854=ORIENTED_EDGE('',*,*,#10659,.F.);
#10855=ORIENTED_EDGE('',*,*,#10837,.T.);
#10856=EDGE_LOOP('',(#10851,#10853,#10854,#10855));
#10857=FACE_OUTER_BOUND('',#10856,.F.);
#10859=CARTESIAN_POINT('',(-8.174489760497E0,-5.672760981702E0,-1.37E1));
#10860=DIRECTION('',(-5.E-1,-8.660254037844E-1,0.E0));
#10861=DIRECTION('',(8.660254037844E-1,-5.E-1,0.E0));
#10862=AXIS2_PLACEMENT_3D('',#10859,#10860,#10861);
#10863=PLANE('',#10862);
#10864=ORIENTED_EDGE('',*,*,#10721,.F.);
#10866=ORIENTED_EDGE('',*,*,#10865,.F.);
#10867=ORIENTED_EDGE('',*,*,#10627,.T.);
#10868=ORIENTED_EDGE('',*,*,#10661,.T.);
#10869=ORIENTED_EDGE('',*,*,#10852,.T.);
#10870=ORIENTED_EDGE('',*,*,#10750,.F.);
#10871=EDGE_LOOP('',(#10864,#10866,#10867,#10868,#10869,#10870));
#10872=FACE_OUTER_BOUND('',#10871,.F.);
#10874=CARTESIAN_POINT('',(0.E0,0.E0,-1.37E1));
#10875=DIRECTION('',(0.E0,0.E0,1.E0));
#10876=DIRECTION('',(1.E0,0.E0,0.E0));
#10877=AXIS2_PLACEMENT_3D('',#10874,#10875,#10876);
#10878=CYLINDRICAL_SURFACE('',#10877,9.95E0);
#10879=ORIENTED_EDGE('',*,*,#10719,.F.);
#10881=ORIENTED_EDGE('',*,*,#10880,.F.);
#10882=ORIENTED_EDGE('',*,*,#10629,.F.);
#10883=ORIENTED_EDGE('',*,*,#10865,.T.);
#10884=EDGE_LOOP('',(#10879,#10881,#10882,#10883));
#10885=FACE_OUTER_BOUND('',#10884,.F.);
#10887=CARTESIAN_POINT('',(8.255102395026E-1,-9.915696286418E0,-1.37E1));
#10888=DIRECTION('',(5.E-1,-8.660254037844E-1,0.E0));
#10889=DIRECTION('',(8.660254037844E-1,5.E-1,0.E0));
#10890=AXIS2_PLACEMENT_3D('',#10887,#10888,#10889);
#10891=PLANE('',#10890);
#10893=ORIENTED_EDGE('',*,*,#10892,.F.);
#10895=ORIENTED_EDGE('',*,*,#10894,.F.);
#10897=ORIENTED_EDGE('',*,*,#10896,.T.);
#10898=ORIENTED_EDGE('',*,*,#10631,.T.);
#10899=ORIENTED_EDGE('',*,*,#10880,.T.);
#10900=ORIENTED_EDGE('',*,*,#10724,.F.);
#10901=EDGE_LOOP('',(#10893,#10895,#10897,#10898,#10899,#10900));
#10902=FACE_OUTER_BOUND('',#10901,.F.);
#10904=CARTESIAN_POINT('',(0.E0,0.E0,-1.102727586640E1));
#10905=DIRECTION('',(0.E0,0.E0,-1.E0));
#10906=DIRECTION('',(0.E0,-1.E0,0.E0));
#10907=AXIS2_PLACEMENT_3D('',#10904,#10905,#10906);
#10908=CONICAL_SURFACE('',#10907,9.475E0,7.5E1);
#10909=ORIENTED_EDGE('',*,*,#5940,.F.);
#10910=ORIENTED_EDGE('',*,*,#10695,.T.);
#10912=ORIENTED_EDGE('',*,*,#10911,.F.);
#10913=ORIENTED_EDGE('',*,*,#10892,.T.);
#10914=EDGE_LOOP('',(#10909,#10910,#10912,#10913));
#10915=FACE_OUTER_BOUND('',#10914,.F.);
#10917=CARTESIAN_POINT('',(0.E0,0.E0,-1.37E1));
#10918=DIRECTION('',(0.E0,0.E0,1.E0));
#10919=DIRECTION('',(1.E0,0.E0,0.E0));
#10920=AXIS2_PLACEMENT_3D('',#10917,#10918,#10919);
#10921=CYLINDRICAL_SURFACE('',#10920,9.95E0);
#10922=ORIENTED_EDGE('',*,*,#10911,.T.);
#10923=ORIENTED_EDGE('',*,*,#10693,.F.);
#10925=ORIENTED_EDGE('',*,*,#10924,.F.);
#10926=ORIENTED_EDGE('',*,*,#10894,.T.);
#10927=EDGE_LOOP('',(#10922,#10923,#10925,#10926));
#10928=FACE_OUTER_BOUND('',#10927,.F.);
#10930=CARTESIAN_POINT('',(0.E0,0.E0,-1.357272413360E1));
#10931=DIRECTION('',(0.E0,0.E0,1.E0));
#10932=DIRECTION('',(0.E0,1.E0,0.E0));
#10933=AXIS2_PLACEMENT_3D('',#10930,#10931,#10932);
#10934=CONICAL_SURFACE('',#10933,9.475E0,7.5E1);
#10935=ORIENTED_EDGE('',*,*,#10591,.T.);
#10936=ORIENTED_EDGE('',*,*,#10896,.F.);
#10937=ORIENTED_EDGE('',*,*,#10924,.T.);
#10938=ORIENTED_EDGE('',*,*,#10691,.F.);
#10939=EDGE_LOOP('',(#10935,#10936,#10937,#10938));
#10940=FACE_OUTER_BOUND('',#10939,.F.);
#10942=CARTESIAN_POINT('',(0.E0,0.E0,-1.37E1));
#10943=DIRECTION('',(0.E0,0.E0,1.E0));
#10944=DIRECTION('',(1.E0,0.E0,0.E0));
#10945=AXIS2_PLACEMENT_3D('',#10942,#10943,#10944);
#10946=CYLINDRICAL_SURFACE('',#10945,9.95E0);
#10947=ORIENTED_EDGE('',*,*,#10708,.T.);
#10948=ORIENTED_EDGE('',*,*,#10784,.F.);
#10949=ORIENTED_EDGE('',*,*,#10614,.F.);
#10950=ORIENTED_EDGE('',*,*,#10688,.T.);
#10951=EDGE_LOOP('',(#10947,#10948,#10949,#10950));
#10952=FACE_OUTER_BOUND('',#10951,.F.);
#10958=PLANE_ANGLE_MEASURE_WITH_UNIT(PLANE_ANGLE_MEASURE(1.745329251994E-2),
#10957);
#10959=(CONVERSION_BASED_UNIT('DEGREE',#10958)NAMED_UNIT(*)PLANE_ANGLE_UNIT());
#10961=UNCERTAINTY_MEASURE_WITH_UNIT(LENGTH_MEASURE(1.E-3),#10956,
'distance_accuracy_value',
'Maximum model space distance between geometric entities at asserted connectivities');
#10964=APPLICATION_CONTEXT('automotive_design');
#10965=APPLICATION_PROTOCOL_DEFINITION('international standard',
'automotive_design',2001,#10964);
#10966=PRODUCT_DEFINITION_CONTEXT('part definition',#10964,'design');
#10967=PRODUCT_CONTEXT('',#10964,'mechanical');
#10968=PRODUCT('C-T4141012081-000','C-T4141012081-000','NOT SPECIFIED',
(#10967));
#10969=PRODUCT_DEFINITION_FORMATION('1','LAST_VERSION',#10968);
#10977=DERIVED_UNIT_ELEMENT(#10976,2.E0);
#10978=DERIVED_UNIT((#10977));
#10979=MEASURE_REPRESENTATION_ITEM('surface area measure',AREA_MEASURE(
2.402627082226E3),#10978);
#10984=DERIVED_UNIT_ELEMENT(#10983,3.E0);
#10985=DERIVED_UNIT((#10984));
#10986=MEASURE_REPRESENTATION_ITEM('volume measure',VOLUME_MEASURE(
3.219523996871E3),#10985);
#10990=CARTESIAN_POINT('centre point',(1.595464300212E-3,-8.102250285741E-3,
-1.210235244912E1));
#10995=DERIVED_UNIT_ELEMENT(#10994,2.E0);
#10996=DERIVED_UNIT((#10995));
#10997=MEASURE_REPRESENTATION_ITEM('surface area measure',AREA_MEASURE(
2.402627082226E3),#10996);
#11002=DERIVED_UNIT_ELEMENT(#11001,3.E0);
#11003=DERIVED_UNIT((#11002));
#11004=MEASURE_REPRESENTATION_ITEM('volume measure',VOLUME_MEASURE(
3.219523996871E3),#11003);
#11008=CARTESIAN_POINT('centre point',(1.595464300212E-3,-8.102250285741E-3,
-1.210235244912E1));
#11013=PRODUCT_RELATED_PRODUCT_CATEGORY('part','',(#10968));
#1=DRAUGHTING_PRE_DEFINED_COLOUR('black');
#2=COLOUR_RGB('',0.E0,0.E0,3.6E-1);
#3=COLOUR_RGB('',0.E0,0.E0,4.8E-1);
#4=DRAUGHTING_PRE_DEFINED_COLOUR('blue');
#5=COLOUR_RGB('',0.E0,5.8824E-2,4.58824E-1);
#6=COLOUR_RGB('',0.E0,1.80392E-1,4.78431E-1);
#7=COLOUR_RGB('',0.E0,3.6E-1,9.E-2);
#8=COLOUR_RGB('',0.E0,3.6E-1,2.7E-1);
#9=COLOUR_RGB('',0.E0,5.6E-1,6.4E-1);
#10=COLOUR_RGB('',0.E0,5.8E-1,8.E-1);
#11=COLOUR_RGB('',0.E0,7.1E-1,6.6E-1);
#12=COLOUR_RGB('',0.E0,7.13E-1,0.E0);
#13=COLOUR_RGB('',0.E0,9.5E-1,8.4E-1);
#14=DRAUGHTING_PRE_DEFINED_COLOUR('green');
#15=DRAUGHTING_PRE_DEFINED_COLOUR('cyan');
#16=COLOUR_RGB('',1.1765E-2,1.9608E-2,3.9216E-2);
#17=COLOUR_RGB('',4.E-2,0.E0,1.6E-1);
#18=COLOUR_RGB('',3.9216E-2,2.19608E-1,1.21569E-1);
#19=COLOUR_RGB('',3.9216E-2,3.60784E-1,2.E-1);
#20=COLOUR_RGB('',5.098E-2,7.0588E-2,1.01961E-1);
#21=COLOUR_RGB('',9.E-2,0.E0,1.2E-1);
#22=COLOUR_RGB('',9.0196E-2,1.60784E-1,1.09804E-1);
#23=COLOUR_RGB('',9.0196E-2,3.80392E-1,6.70588E-1);
#24=COLOUR_RGB('',1.E-1,0.E0,2.5E-1);
#25=COLOUR_RGB('',1.01961E-1,4.78431E-1,3.88235E-1);
#26=COLOUR_RGB('',1.09804E-1,1.4902E-1,9.0196E-2);
#27=COLOUR_RGB('',1.4902E-1,3.09804E-1,5.29412E-1);
#28=COLOUR_RGB('',1.4902E-1,4.E-1,1.60784E-1);
#29=COLOUR_RGB('',1.6E-1,3.2E-2,0.E0);
#30=COLOUR_RGB('',1.60784E-1,4.5098E-1,7.21569E-1);
#31=COLOUR_RGB('',1.6E-1,4.6E-1,6.5E-1);
#32=COLOUR_RGB('',1.6E-1,1.E0,1.6E-1);
#33=COLOUR_RGB('',2.E-1,3.2E-2,0.E0);
#34=COLOUR_RGB('',2.11765E-1,4.11765E-1,1.4902E-1);
#35=COLOUR_RGB('',2.39216E-1,2.39216E-1,2.31373E-1);
#36=COLOUR_RGB('',2.39216E-1,2.70588E-1,1.80392E-1);
#37=COLOUR_RGB('',2.5098E-1,2.90196E-1,3.29412E-1);
#38=COLOUR_RGB('',2.90196E-1,4.31373E-1,2.E-1);
#39=COLOUR_RGB('',3.1E-1,3.1E-1,5.6E-1);
#40=COLOUR_RGB('',3.09804E-1,6.58824E-1,2.E-1);
#41=COLOUR_RGB('',3.2E-1,1.5E-1,0.E0);
#42=COLOUR_RGB('',3.60784E-1,3.1373E-2,1.68627E-1);
#43=COLOUR_RGB('',3.68627E-1,2.E-1,1.21569E-1);
#44=COLOUR_RGB('',3.88235E-1,2.39216E-1,6.11765E-1);
#45=COLOUR_RGB('',4.E-1,4.E-1,4.E-1);
#46=COLOUR_RGB('',4.11765E-1,5.8824E-2,7.8431E-2);
#47=COLOUR_RGB('',4.11765E-1,3.29412E-1,2.19608E-1);
#48=COLOUR_RGB('',4.2E-1,4.2E-1,1.E0);
#49=COLOUR_RGB('',4.4E-1,8.5E-1,1.E0);
#50=COLOUR_RGB('',4.58824E-1,4.5098E-1,3.09804E-1);
#51=COLOUR_RGB('',4.70588E-1,5.09804E-1,5.4902E-1);
#52=COLOUR_RGB('',4.78431E-1,4.90196E-1,4.58824E-1);
#53=COLOUR_RGB('',4.90196E-1,3.60784E-1,2.19608E-1);
#54=COLOUR_RGB('',4.9E-1,4.9E-1,0.E0);
#55=COLOUR_RGB('',4.9E-1,1.E0,0.E0);
#56=COLOUR_RGB('',5.E-1,0.E0,0.E0);
#57=COLOUR_RGB('',5.E-1,0.E0,2.3E-1);
#58=COLOUR_RGB('',5.E-1,5.E-1,5.E-1);
#59=COLOUR_RGB('',5.21569E-1,2.19608E-1,1.68627E-1);
#60=COLOUR_RGB('',5.3E-1,0.E0,0.E0);
#61=COLOUR_RGB('',5.29412E-1,5.80392E-1,6.5098E-1);
#62=COLOUR_RGB('',5.4E-1,0.E0,4.4E-1);
#63=COLOUR_RGB('',5.5E-1,3.E-1,0.E0);
#64=COLOUR_RGB('',5.6E-1,1.E-1,5.E-2);
#65=COLOUR_RGB('',5.60784E-1,5.80392E-1,6.19608E-1);
#66=COLOUR_RGB('',5.68627E-1,5.8824E-2,4.E-1);
#67=COLOUR_RGB('',5.8E-1,2.2E-1,1.E-2);
#68=COLOUR_RGB('',5.88235E-1,1.21569E-1,1.09804E-1);
#69=COLOUR_RGB('',6.E-1,6.E-1,6.E-1);
#70=COLOUR_RGB('',6.11765E-1,5.60784E-1,3.80392E-1);
#71=COLOUR_RGB('',6.11765E-1,6.11765E-1,6.5098E-1);
#72=COLOUR_RGB('',6.2E-1,0.E0,5.5E-1);
#73=COLOUR_RGB('',6.19608E-1,6.39216E-1,6.90196E-1);
#74=COLOUR_RGB('',6.35294E-1,6.86275E-1,7.4902E-1);
#75=COLOUR_RGB('',6.4E-1,0.E0,2.5E-1);
#76=COLOUR_RGB('',6.4E-1,1.E-2,0.E0);
#77=COLOUR_RGB('',6.39216E-1,5.4902E-1,4.78431E-1);
#78=COLOUR_RGB('',6.5098E-1,6.70588E-1,7.09804E-1);
#79=COLOUR_RGB('',6.70588E-1,1.21569E-1,1.09804E-1);
#80=COLOUR_RGB('',6.78431E-1,4.78431E-1,3.09804E-1);
#81=COLOUR_RGB('',6.8E-1,7.5E-1,1.E0);
#82=COLOUR_RGB('',7.09804E-1,7.0588E-2,2.E-1);
#83=COLOUR_RGB('',7.1E-1,3.1E-1,0.E0);
#84=COLOUR_RGB('',7.2E-1,7.2E-1,7.2E-1);
#85=COLOUR_RGB('',7.29412E-1,7.41176E-1,7.29412E-1);
#86=COLOUR_RGB('',7.41176E-1,7.29412E-1,6.70588E-1);
#87=COLOUR_RGB('',7.4E-1,1.E0,2.6E-1);
#88=COLOUR_RGB('',7.5E-1,3.E-2,0.E0);
#89=COLOUR_RGB('',7.4902E-1,8.90196E-1,7.29412E-1);
#90=COLOUR_RGB('',7.6E-1,0.E0,4.7E-1);
#91=COLOUR_RGB('',7.80392E-1,9.0196E-2,7.0588E-2);
#92=COLOUR_RGB('',7.88235E-1,2.19608E-1,5.4902E-1);
#93=COLOUR_RGB('',8.1E-1,4.E-2,0.E0);
#94=COLOUR_RGB('',8.1E-1,6.1E-1,0.E0);
#95=COLOUR_RGB('',8.2E-1,4.E-2,6.6E-1);
#96=COLOUR_RGB('',8.31373E-1,8.5098E-1,8.58824E-1);
#97=COLOUR_RGB('',8.5098E-1,7.29412E-1,5.4902E-1);
#98=COLOUR_RGB('',8.5E-1,8.5E-1,8.5E-1);
#99=COLOUR_RGB('',8.78431E-1,3.68627E-1,1.21569E-1);
#100=COLOUR_RGB('',8.784E-1,9.49E-1,1.E0);
#101=COLOUR_RGB('',8.90196E-1,5.88235E-1,1.41176E-1);
#102=COLOUR_RGB('',9.E-1,1.E0,0.E0);
#103=COLOUR_RGB('',9.09804E-1,6.11765E-1,7.09804E-1);
#104=COLOUR_RGB('',9.37E-1,7.85E-1,0.E0);
#105=COLOUR_RGB('',9.41176E-1,9.29412E-1,9.01961E-1);
#106=COLOUR_RGB('',9.5E-1,2.2E-1,8.1E-1);
#107=COLOUR_RGB('',9.6E-1,3.7E-1,3.E-1);
#108=COLOUR_RGB('',9.6E-1,7.1E-1,3.75E-1);
#109=COLOUR_RGB('',9.803921568627E-1,7.529411764706E-1,5.647058823529E-1);
#110=COLOUR_RGB('',9.80392E-1,1.E0,1.E0);
#111=COLOUR_RGB('',9.88235E-1,1.09804E-1,7.8431E-2);
#112=COLOUR_RGB('',9.88235E-1,7.21569E-1,1.29412E-1);
#113=COLOUR_RGB('',9.88235E-1,9.21569E-1,8.E-1);
#114=DRAUGHTING_PRE_DEFINED_COLOUR('red');
#115=COLOUR_RGB('',1.E0,0.E0,6.1E-1);
#116=COLOUR_RGB('',1.E0,4.E-2,0.E0);
#117=COLOUR_RGB('',1.E0,2.3E-1,0.E0);
#118=COLOUR_RGB('',1.E0,3.5E-1,5.2E-1);
#119=COLOUR_RGB('',1.E0,3.6E-1,0.E0);
#120=COLOUR_RGB('',1.E0,3.88235E-1,2.11765E-1);
#121=COLOUR_RGB('',1.E0,4.9E-1,3.7E-1);
#122=COLOUR_RGB('',1.E0,5.E-1,0.E0);
#123=COLOUR_RGB('',1.E0,5.6E-1,7.8E-1);
#124=COLOUR_RGB('',1.E0,6.4E-1,4.9E-1);
#125=COLOUR_RGB('',1.E0,6.7E-1,0.E0);
#126=COLOUR_RGB('',1.E0,7.6E-1,6.5E-1);
#127=COLOUR_RGB('',1.E0,8.39216E-1,3.01961E-1);
#128=COLOUR_RGB('',1.E0,8.6E-1,4.E-2);
#129=COLOUR_RGB('',1.E0,9.60784E-1,2.58824E-1);
#130=COLOUR_RGB('',1.E0,9.60784E-1,8.90196E-1);
#131=COLOUR_RGB('',1.E0,9.8E-1,7.2E-1);
#132=DRAUGHTING_PRE_DEFINED_COLOUR('yellow');
#133=COLOUR_RGB('',1.E0,1.E0,3.9216E-2);
#134=DRAUGHTING_PRE_DEFINED_COLOUR('white');
#139=CIRCLE('',#138,6.65E0);
#144=CIRCLE('',#143,2.E-1);
#149=CIRCLE('',#148,2.E-1);
#154=CIRCLE('',#153,6.65E0);
#159=CIRCLE('',#158,6.45E0);
#164=CIRCLE('',#163,6.45E0);
#169=CIRCLE('',#168,6.25E0);
#182=CIRCLE('',#181,6.25E0);
#195=CIRCLE('',#194,6.25E0);
#200=CIRCLE('',#199,6.25E0);
#205=CIRCLE('',#204,5.45E0);
#210=CIRCLE('',#209,5.45E0);
#215=CIRCLE('',#214,5.45E0);
#220=CIRCLE('',#219,7.5E-1);
#225=CIRCLE('',#224,7.5E-1);
#230=CIRCLE('',#229,4.142893218813E0);
#235=CIRCLE('',#234,4.142893218813E0);
#244=CIRCLE('',#243,6.5E-1);
#253=CIRCLE('',#252,2.E-1);
#258=CIRCLE('',#257,4.1E0);
#267=CIRCLE('',#266,4.1E0);
#276=CIRCLE('',#275,3.9E0);
#281=CIRCLE('',#280,2.E-1);
#286=CIRCLE('',#285,2.E-1);
#291=CIRCLE('',#290,2.E-1);
#296=CIRCLE('',#295,2.E-1);
#309=CIRCLE('',#308,6.5E-1);
#318=CIRCLE('',#317,2.E-1);
#323=CIRCLE('',#322,9.E-1);
#328=CIRCLE('',#327,9.E-1);
#333=CIRCLE('',#332,9.E-1);
#338=CIRCLE('',#337,9.E-1);
#343=CIRCLE('',#342,9.E-1);
#348=CIRCLE('',#347,9.E-1);
#353=CIRCLE('',#352,9.E-1);
#358=CIRCLE('',#357,9.E-1);
#363=CIRCLE('',#362,9.E-1);
#368=CIRCLE('',#367,9.E-1);
#373=CIRCLE('',#372,9.E-1);
#378=CIRCLE('',#377,9.E-1);
#383=CIRCLE('',#382,9.E-1);
#388=CIRCLE('',#387,9.E-1);
#393=CIRCLE('',#392,9.E-1);
#398=CIRCLE('',#397,9.E-1);
#407=CIRCLE('',#406,8.5E-1);
#416=CIRCLE('',#415,9.E-1);
#425=CIRCLE('',#424,9.E-1);
#438=CIRCLE('',#437,5.E-1);
#447=CIRCLE('',#446,5.E-1);
#452=CIRCLE('',#451,4.75E-1);
#457=CIRCLE('',#456,4.75E-1);
#466=CIRCLE('',#465,4.75E-1);
#475=CIRCLE('',#474,4.75E-1);
#480=CIRCLE('',#479,9.E-1);
#489=CIRCLE('',#488,9.E-1);
#502=CIRCLE('',#501,5.E-1);
#511=CIRCLE('',#510,5.E-1);
#516=CIRCLE('',#515,4.75E-1);
#521=CIRCLE('',#520,4.75E-1);
#530=CIRCLE('',#529,4.75E-1);
#539=CIRCLE('',#538,4.75E-1);
#544=CIRCLE('',#543,9.E-1);
#553=CIRCLE('',#552,9.E-1);
#566=CIRCLE('',#565,5.E-1);
#575=CIRCLE('',#574,5.E-1);
#580=CIRCLE('',#579,4.75E-1);
#585=CIRCLE('',#584,4.75E-1);
#594=CIRCLE('',#593,4.75E-1);
#603=CIRCLE('',#602,4.75E-1);
#608=CIRCLE('',#607,9.E-1);
#617=CIRCLE('',#616,9.E-1);
#630=CIRCLE('',#629,5.E-1);
#639=CIRCLE('',#638,5.E-1);
#644=CIRCLE('',#643,4.75E-1);
#649=CIRCLE('',#648,4.75E-1);
#658=CIRCLE('',#657,4.75E-1);
#667=CIRCLE('',#666,4.75E-1);
#672=CIRCLE('',#671,9.E-1);
#681=CIRCLE('',#680,9.E-1);
#694=CIRCLE('',#693,5.E-1);
#703=CIRCLE('',#702,5.E-1);
#708=CIRCLE('',#707,4.75E-1);
#713=CIRCLE('',#712,4.75E-1);
#722=CIRCLE('',#721,4.75E-1);
#731=CIRCLE('',#730,4.75E-1);
#736=CIRCLE('',#735,9.E-1);
#745=CIRCLE('',#744,9.E-1);
#758=CIRCLE('',#757,5.E-1);
#767=CIRCLE('',#766,5.E-1);
#772=CIRCLE('',#771,4.75E-1);
#777=CIRCLE('',#776,4.75E-1);
#786=CIRCLE('',#785,4.75E-1);
#795=CIRCLE('',#794,4.75E-1);
#800=CIRCLE('',#799,9.E-1);
#809=CIRCLE('',#808,9.E-1);
#822=CIRCLE('',#821,5.E-1);
#831=CIRCLE('',#830,5.E-1);
#836=CIRCLE('',#835,4.75E-1);
#841=CIRCLE('',#840,4.75E-1);
#850=CIRCLE('',#849,4.75E-1);
#859=CIRCLE('',#858,4.75E-1);
#864=CIRCLE('',#863,9.E-1);
#873=CIRCLE('',#872,9.E-1);
#886=CIRCLE('',#885,5.E-1);
#895=CIRCLE('',#894,5.E-1);
#900=CIRCLE('',#899,4.75E-1);
#905=CIRCLE('',#904,4.75E-1);
#914=CIRCLE('',#913,4.75E-1);
#923=CIRCLE('',#922,4.75E-1);
#940=CIRCLE('',#939,2.E-1);
#945=CIRCLE('',#944,2.E-1);
#950=CIRCLE('',#949,2.E-1);
#955=CIRCLE('',#954,2.E-1);
#960=CIRCLE('',#959,5.45E0);
#965=CIRCLE('',#964,5.45E0);
#974=CIRCLE('',#973,5.45E0);
#991=CIRCLE('',#990,6.65E0);
#996=CIRCLE('',#995,6.65E0);
#1006=B_SPLINE_CURVE_WITH_KNOTS('',3,(#997,#998,#999,#1000,#1001,#1002,#1003,
#1004,#1005),.UNSPECIFIED.,.F.,.F.,(4,1,1,1,1,1,4),(0.E0,1.666666666667E-1,
3.333333333333E-1,5.E-1,6.666666666667E-1,8.333333333333E-1,1.E0),
.UNSPECIFIED.);
#1013=B_SPLINE_CURVE_WITH_KNOTS('',3,(#1007,#1008,#1009,#1010,#1011,#1012),
.UNSPECIFIED.,.F.,.F.,(4,1,1,4),(0.E0,3.333333333333E-1,6.666666666667E-1,1.E0),
.UNSPECIFIED.);
#1048=B_SPLINE_CURVE_WITH_KNOTS('',3,(#1014,#1015,#1016,#1017,#1018,#1019,#1020,
#1021,#1022,#1023,#1024,#1025,#1026,#1027,#1028,#1029,#1030,#1031,#1032,#1033,
#1034,#1035,#1036,#1037,#1038,#1039,#1040,#1041,#1042,#1043,#1044,#1045,#1046,
#1047),.UNSPECIFIED.,.F.,.F.,(4,1,1,1,1,1,1,1,1,1,1,1,1,1,1,1,1,1,1,1,1,1,1,1,1,
1,1,1,1,1,1,4),(0.E0,3.225806451613E-2,6.451612903226E-2,9.677419354839E-2,
1.290322580645E-1,1.612903225806E-1,1.935483870968E-1,2.258064516129E-1,
2.580645161290E-1,2.903225806452E-1,3.225806451613E-1,3.548387096774E-1,
3.870967741935E-1,4.193548387097E-1,4.516129032258E-1,4.838709677419E-1,
5.161290322581E-1,5.483870967742E-1,5.806451612903E-1,6.129032258065E-1,
6.451612903226E-1,6.774193548387E-1,7.096774193548E-1,7.419354838710E-1,
7.741935483871E-1,8.064516129032E-1,8.387096774194E-1,8.709677419355E-1,
9.032258064516E-1,9.354838709677E-1,9.677419354839E-1,1.E0),.UNSPECIFIED.);
#1061=CIRCLE('',#1060,9.E0);
#1066=CIRCLE('',#1065,9.E0);
#1071=CIRCLE('',#1070,9.E0);
#1076=CIRCLE('',#1075,9.E0);
#1110=B_SPLINE_CURVE_WITH_KNOTS('',3,(#1081,#1082,#1083,#1084,#1085,#1086,#1087,
#1088,#1089,#1090,#1091,#1092,#1093,#1094,#1095,#1096,#1097,#1098,#1099,#1100,
#1101,#1102,#1103,#1104,#1105,#1106,#1107,#1108,#1109),.UNSPECIFIED.,.F.,.F.,(4,
1,1,1,1,1,1,1,1,1,1,1,1,1,1,1,1,1,1,1,1,1,1,1,1,1,4),(0.E0,3.846153846154E-2,
7.692307692308E-2,1.153846153846E-1,1.538461538462E-1,1.923076923077E-1,
2.307692307692E-1,2.692307692308E-1,3.076923076923E-1,3.461538461538E-1,
3.846153846154E-1,4.230769230769E-1,4.615384615385E-1,5.E-1,5.384615384615E-1,
5.769230769231E-1,6.153846153846E-1,6.538461538462E-1,6.923076923077E-1,
7.307692307692E-1,7.692307692308E-1,8.076923076923E-1,8.461538461538E-1,
8.846153846154E-1,9.230769230769E-1,9.615384615385E-1,1.E0),.UNSPECIFIED.);
#1145=B_SPLINE_CURVE_WITH_KNOTS('',3,(#1115,#1116,#1117,#1118,#1119,#1120,#1121,
#1122,#1123,#1124,#1125,#1126,#1127,#1128,#1129,#1130,#1131,#1132,#1133,#1134,
#1135,#1136,#1137,#1138,#1139,#1140,#1141,#1142,#1143,#1144),.UNSPECIFIED.,.F.,
.F.,(4,1,1,1,1,1,1,1,1,1,1,1,1,1,1,1,1,1,1,1,1,1,1,1,1,1,1,4),(0.E0,
3.703703703704E-2,7.407407407407E-2,1.111111111111E-1,1.481481481481E-1,
1.851851851852E-1,2.222222222222E-1,2.592592592593E-1,2.962962962963E-1,
3.333333333333E-1,3.703703703704E-1,4.074074074074E-1,4.444444444444E-1,
4.814814814815E-1,5.185185185185E-1,5.555555555556E-1,5.925925925926E-1,
6.296296296296E-1,6.666666666667E-1,7.037037037037E-1,7.407407407407E-1,
7.777777777778E-1,8.148148148148E-1,8.518518518519E-1,8.888888888889E-1,
9.259259259259E-1,9.629629629630E-1,1.E0),.UNSPECIFIED.);
#1150=CIRCLE('',#1149,7.6E0);
#1156=B_SPLINE_CURVE_WITH_KNOTS('',3,(#1151,#1152,#1153,#1154,#1155),
.UNSPECIFIED.,.F.,.F.,(4,1,4),(0.E0,5.E-1,1.E0),.UNSPECIFIED.);
#1167=B_SPLINE_CURVE_WITH_KNOTS('',3,(#1161,#1162,#1163,#1164,#1165,#1166),
.UNSPECIFIED.,.F.,.F.,(4,1,1,4),(0.E0,3.333333333333E-1,6.666666666667E-1,1.E0),
.UNSPECIFIED.);
#1179=B_SPLINE_CURVE_WITH_KNOTS('',3,(#1172,#1173,#1174,#1175,#1176,#1177,
#1178),.UNSPECIFIED.,.F.,.F.,(4,1,1,1,4),(0.E0,2.5E-1,5.E-1,7.5E-1,1.E0),
.UNSPECIFIED.);
#1191=B_SPLINE_CURVE_WITH_KNOTS('',3,(#1180,#1181,#1182,#1183,#1184,#1185,#1186,
#1187,#1188,#1189,#1190),.UNSPECIFIED.,.F.,.F.,(4,1,1,1,1,1,1,1,4),(0.E0,
1.25E-1,2.5E-1,3.75E-1,5.E-1,6.25E-1,7.5E-1,8.75E-1,1.E0),.UNSPECIFIED.);
#1200=B_SPLINE_CURVE_WITH_KNOTS('',3,(#1192,#1193,#1194,#1195,#1196,#1197,#1198,
#1199),.UNSPECIFIED.,.F.,.F.,(4,1,1,1,1,4),(0.E0,2.E-1,4.E-1,6.E-1,8.E-1,1.E0),
.UNSPECIFIED.);
#1214=B_SPLINE_CURVE_WITH_KNOTS('',3,(#1201,#1202,#1203,#1204,#1205,#1206,#1207,
#1208,#1209,#1210,#1211,#1212,#1213),.UNSPECIFIED.,.F.,.F.,(4,1,1,1,1,1,1,1,1,1,
4),(0.E0,1.E-1,2.E-1,3.E-1,4.E-1,5.E-1,6.E-1,7.E-1,8.E-1,9.E-1,1.E0),
.UNSPECIFIED.);
#1228=B_SPLINE_CURVE_WITH_KNOTS('',3,(#1215,#1216,#1217,#1218,#1219,#1220,#1221,
#1222,#1223,#1224,#1225,#1226,#1227),.UNSPECIFIED.,.F.,.F.,(4,1,1,1,1,1,1,1,1,1,
4),(0.E0,1.E-1,2.E-1,3.E-1,4.E-1,5.E-1,6.E-1,7.E-1,8.E-1,9.E-1,1.E0),
.UNSPECIFIED.);
#1240=B_SPLINE_CURVE_WITH_KNOTS('',3,(#1229,#1230,#1231,#1232,#1233,#1234,#1235,
#1236,#1237,#1238,#1239),.UNSPECIFIED.,.F.,.F.,(4,1,1,1,1,1,1,1,4),(0.E0,
1.25E-1,2.5E-1,3.75E-1,5.E-1,6.25E-1,7.5E-1,8.75E-1,1.E0),.UNSPECIFIED.);
#1265=B_SPLINE_CURVE_WITH_KNOTS('',3,(#1241,#1242,#1243,#1244,#1245,#1246,#1247,
#1248,#1249,#1250,#1251,#1252,#1253,#1254,#1255,#1256,#1257,#1258,#1259,#1260,
#1261,#1262,#1263,#1264),.UNSPECIFIED.,.F.,.F.,(4,1,1,1,1,1,1,1,1,1,1,1,1,1,1,1,
1,1,1,1,1,4),(0.E0,4.761904761905E-2,9.523809523810E-2,1.428571428571E-1,
1.904761904762E-1,2.380952380952E-1,2.857142857143E-1,3.333333333333E-1,
3.809523809524E-1,4.285714285714E-1,4.761904761905E-1,5.238095238095E-1,
5.714285714286E-1,6.190476190476E-1,6.666666666667E-1,7.142857142857E-1,
7.619047619048E-1,8.095238095238E-1,8.571428571429E-1,9.047619047619E-1,
9.523809523810E-1,1.E0),.UNSPECIFIED.);
#1271=B_SPLINE_CURVE_WITH_KNOTS('',3,(#1266,#1267,#1268,#1269,#1270),
.UNSPECIFIED.,.F.,.F.,(4,1,4),(0.E0,5.E-1,1.E0),.UNSPECIFIED.);
#1283=B_SPLINE_CURVE_WITH_KNOTS('',3,(#1272,#1273,#1274,#1275,#1276,#1277,#1278,
#1279,#1280,#1281,#1282),.UNSPECIFIED.,.F.,.F.,(4,1,1,1,1,1,1,1,4),(0.E0,
1.25E-1,2.5E-1,3.75E-1,5.E-1,6.25E-1,7.5E-1,8.75E-1,1.E0),.UNSPECIFIED.);
#1290=B_SPLINE_CURVE_WITH_KNOTS('',3,(#1284,#1285,#1286,#1287,#1288,#1289),
.UNSPECIFIED.,.F.,.F.,(4,1,1,4),(0.E0,3.333333333333E-1,6.666666666667E-1,1.E0),
.UNSPECIFIED.);
#1296=B_SPLINE_CURVE_WITH_KNOTS('',3,(#1291,#1292,#1293,#1294,#1295),
.UNSPECIFIED.,.F.,.F.,(4,1,4),(0.E0,5.E-1,1.E0),.UNSPECIFIED.);
#1349=B_SPLINE_CURVE_WITH_KNOTS('',3,(#1313,#1314,#1315,#1316,#1317,#1318,#1319,
#1320,#1321,#1322,#1323,#1324,#1325,#1326,#1327,#1328,#1329,#1330,#1331,#1332,
#1333,#1334,#1335,#1336,#1337,#1338,#1339,#1340,#1341,#1342,#1343,#1344,#1345,
#1346,#1347,#1348),.UNSPECIFIED.,.F.,.F.,(4,1,1,1,1,1,1,1,1,1,1,1,1,1,1,1,1,1,1,
1,1,1,1,1,1,1,1,1,1,1,1,1,1,4),(0.E0,3.030303030303E-2,6.060606060606E-2,
9.090909090909E-2,1.212121212121E-1,1.515151515152E-1,1.818181818182E-1,
2.121212121212E-1,2.424242424242E-1,2.727272727273E-1,3.030303030303E-1,
3.333333333333E-1,3.636363636364E-1,3.939393939394E-1,4.242424242424E-1,
4.545454545455E-1,4.848484848485E-1,5.151515151515E-1,5.454545454545E-1,
5.757575757576E-1,6.060606060606E-1,6.363636363636E-1,6.666666666667E-1,
6.969696969697E-1,7.272727272727E-1,7.575757575758E-1,7.878787878788E-1,
8.181818181818E-1,8.484848484848E-1,8.787878787879E-1,9.090909090909E-1,
9.393939393939E-1,9.696969696970E-1,1.E0),.UNSPECIFIED.);
#1359=B_SPLINE_CURVE_WITH_KNOTS('',3,(#1354,#1355,#1356,#1357,#1358),
.UNSPECIFIED.,.F.,.F.,(4,1,4),(0.E0,5.E-1,1.E0),.UNSPECIFIED.);
#1404=B_SPLINE_CURVE_WITH_KNOTS('',3,(#1368,#1369,#1370,#1371,#1372,#1373,#1374,
#1375,#1376,#1377,#1378,#1379,#1380,#1381,#1382,#1383,#1384,#1385,#1386,#1387,
#1388,#1389,#1390,#1391,#1392,#1393,#1394,#1395,#1396,#1397,#1398,#1399,#1400,
#1401,#1402,#1403),.UNSPECIFIED.,.F.,.F.,(4,1,1,1,1,1,1,1,1,1,1,1,1,1,1,1,1,1,1,
1,1,1,1,1,1,1,1,1,1,1,1,1,1,4),(0.E0,3.030303030303E-2,6.060606060606E-2,
9.090909090909E-2,1.212121212121E-1,1.515151515152E-1,1.818181818182E-1,
2.121212121212E-1,2.424242424242E-1,2.727272727273E-1,3.030303030303E-1,
3.333333333333E-1,3.636363636364E-1,3.939393939394E-1,4.242424242424E-1,
4.545454545455E-1,4.848484848485E-1,5.151515151515E-1,5.454545454545E-1,
5.757575757576E-1,6.060606060606E-1,6.363636363636E-1,6.666666666667E-1,
6.969696969697E-1,7.272727272727E-1,7.575757575758E-1,7.878787878788E-1,
8.181818181818E-1,8.484848484848E-1,8.787878787879E-1,9.090909090909E-1,
9.393939393939E-1,9.696969696970E-1,1.E0),.UNSPECIFIED.);
#1418=B_SPLINE_CURVE_WITH_KNOTS('',3,(#1409,#1410,#1411,#1412,#1413,#1414,#1415,
#1416,#1417),.UNSPECIFIED.,.F.,.F.,(4,1,1,1,1,1,4),(0.E0,1.666666666667E-1,
3.333333333333E-1,5.E-1,6.666666666667E-1,8.333333333333E-1,1.E0),
.UNSPECIFIED.);
#1459=B_SPLINE_CURVE_WITH_KNOTS('',3,(#1423,#1424,#1425,#1426,#1427,#1428,#1429,
#1430,#1431,#1432,#1433,#1434,#1435,#1436,#1437,#1438,#1439,#1440,#1441,#1442,
#1443,#1444,#1445,#1446,#1447,#1448,#1449,#1450,#1451,#1452,#1453,#1454,#1455,
#1456,#1457,#1458),.UNSPECIFIED.,.F.,.F.,(4,1,1,1,1,1,1,1,1,1,1,1,1,1,1,1,1,1,1,
1,1,1,1,1,1,1,1,1,1,1,1,1,1,4),(0.E0,3.030303030303E-2,6.060606060606E-2,
9.090909090909E-2,1.212121212121E-1,1.515151515152E-1,1.818181818182E-1,
2.121212121212E-1,2.424242424242E-1,2.727272727273E-1,3.030303030303E-1,
3.333333333333E-1,3.636363636364E-1,3.939393939394E-1,4.242424242424E-1,
4.545454545455E-1,4.848484848485E-1,5.151515151515E-1,5.454545454545E-1,
5.757575757576E-1,6.060606060606E-1,6.363636363636E-1,6.666666666667E-1,
6.969696969697E-1,7.272727272727E-1,7.575757575758E-1,7.878787878788E-1,
8.181818181818E-1,8.484848484848E-1,8.787878787879E-1,9.090909090909E-1,
9.393939393939E-1,9.696969696970E-1,1.E0),.UNSPECIFIED.);
#1476=B_SPLINE_CURVE_WITH_KNOTS('',3,(#1464,#1465,#1466,#1467,#1468,#1469,#1470,
#1471,#1472,#1473,#1474,#1475),.UNSPECIFIED.,.F.,.F.,(4,1,1,1,1,1,1,1,1,4),
(0.E0,1.111111111111E-1,2.222222222222E-1,3.333333333333E-1,4.444444444444E-1,
5.555555555556E-1,6.666666666667E-1,7.777777777778E-1,8.888888888889E-1,1.E0),
.UNSPECIFIED.);
#1489=B_SPLINE_CURVE_WITH_KNOTS('',3,(#1477,#1478,#1479,#1480,#1481,#1482,#1483,
#1484,#1485,#1486,#1487,#1488),.UNSPECIFIED.,.F.,.F.,(4,1,1,1,1,1,1,1,1,4),
(0.E0,1.111111111111E-1,2.222222222222E-1,3.333333333333E-1,4.444444444444E-1,
5.555555555556E-1,6.666666666667E-1,7.777777777778E-1,8.888888888889E-1,1.E0),
.UNSPECIFIED.);
#1500=B_SPLINE_CURVE_WITH_KNOTS('',3,(#1494,#1495,#1496,#1497,#1498,#1499),
.UNSPECIFIED.,.F.,.F.,(4,1,1,4),(0.E0,3.333333333333E-1,6.666666666667E-1,1.E0),
.UNSPECIFIED.);
#1506=B_SPLINE_CURVE_WITH_KNOTS('',3,(#1501,#1502,#1503,#1504,#1505),
.UNSPECIFIED.,.F.,.F.,(4,1,4),(0.E0,5.E-1,1.E0),.UNSPECIFIED.);
#1524=B_SPLINE_CURVE_WITH_KNOTS('',3,(#1511,#1512,#1513,#1514,#1515,#1516,#1517,
#1518,#1519,#1520,#1521,#1522,#1523),.UNSPECIFIED.,.F.,.F.,(4,1,1,1,1,1,1,1,1,1,
4),(0.E0,1.E-1,2.E-1,3.E-1,4.E-1,5.E-1,6.E-1,7.E-1,8.E-1,9.E-1,1.E0),
.UNSPECIFIED.);
#1561=B_SPLINE_CURVE_WITH_KNOTS('',3,(#1525,#1526,#1527,#1528,#1529,#1530,#1531,
#1532,#1533,#1534,#1535,#1536,#1537,#1538,#1539,#1540,#1541,#1542,#1543,#1544,
#1545,#1546,#1547,#1548,#1549,#1550,#1551,#1552,#1553,#1554,#1555,#1556,#1557,
#1558,#1559,#1560),.UNSPECIFIED.,.F.,.F.,(4,1,1,1,1,1,1,1,1,1,1,1,1,1,1,1,1,1,1,
1,1,1,1,1,1,1,1,1,1,1,1,1,1,4),(0.E0,3.030303030303E-2,6.060606060606E-2,
9.090909090909E-2,1.212121212121E-1,1.515151515152E-1,1.818181818182E-1,
2.121212121212E-1,2.424242424242E-1,2.727272727273E-1,3.030303030303E-1,
3.333333333333E-1,3.636363636364E-1,3.939393939394E-1,4.242424242424E-1,
4.545454545455E-1,4.848484848485E-1,5.151515151515E-1,5.454545454545E-1,
5.757575757576E-1,6.060606060606E-1,6.363636363636E-1,6.666666666667E-1,
6.969696969697E-1,7.272727272727E-1,7.575757575758E-1,7.878787878788E-1,
8.181818181818E-1,8.484848484848E-1,8.787878787879E-1,9.090909090909E-1,
9.393939393939E-1,9.696969696970E-1,1.E0),.UNSPECIFIED.);
#1573=B_SPLINE_CURVE_WITH_KNOTS('',3,(#1562,#1563,#1564,#1565,#1566,#1567,#1568,
#1569,#1570,#1571,#1572),.UNSPECIFIED.,.F.,.F.,(4,1,1,1,1,1,1,1,4),(0.E0,
1.25E-1,2.5E-1,3.75E-1,5.E-1,6.25E-1,7.5E-1,8.75E-1,1.E0),.UNSPECIFIED.);
#1582=B_SPLINE_CURVE_WITH_KNOTS('',3,(#1574,#1575,#1576,#1577,#1578,#1579,#1580,
#1581),.UNSPECIFIED.,.F.,.F.,(4,1,1,1,1,4),(0.E0,2.E-1,4.E-1,6.E-1,8.E-1,1.E0),
.UNSPECIFIED.);
#1594=B_SPLINE_CURVE_WITH_KNOTS('',3,(#1583,#1584,#1585,#1586,#1587,#1588,#1589,
#1590,#1591,#1592,#1593),.UNSPECIFIED.,.F.,.F.,(4,1,1,1,1,1,1,1,4),(0.E0,
1.25E-1,2.5E-1,3.75E-1,5.E-1,6.25E-1,7.5E-1,8.75E-1,1.E0),.UNSPECIFIED.);
#1631=B_SPLINE_CURVE_WITH_KNOTS('',3,(#1595,#1596,#1597,#1598,#1599,#1600,#1601,
#1602,#1603,#1604,#1605,#1606,#1607,#1608,#1609,#1610,#1611,#1612,#1613,#1614,
#1615,#1616,#1617,#1618,#1619,#1620,#1621,#1622,#1623,#1624,#1625,#1626,#1627,
#1628,#1629,#1630),.UNSPECIFIED.,.F.,.F.,(4,1,1,1,1,1,1,1,1,1,1,1,1,1,1,1,1,1,1,
1,1,1,1,1,1,1,1,1,1,1,1,1,1,4),(0.E0,3.030303030303E-2,6.060606060606E-2,
9.090909090909E-2,1.212121212121E-1,1.515151515152E-1,1.818181818182E-1,
2.121212121212E-1,2.424242424242E-1,2.727272727273E-1,3.030303030303E-1,
3.333333333333E-1,3.636363636364E-1,3.939393939394E-1,4.242424242424E-1,
4.545454545455E-1,4.848484848485E-1,5.151515151515E-1,5.454545454545E-1,
5.757575757576E-1,6.060606060606E-1,6.363636363636E-1,6.666666666667E-1,
6.969696969697E-1,7.272727272727E-1,7.575757575758E-1,7.878787878788E-1,
8.181818181818E-1,8.484848484848E-1,8.787878787879E-1,9.090909090909E-1,
9.393939393939E-1,9.696969696970E-1,1.E0),.UNSPECIFIED.);
#1659=B_SPLINE_CURVE_WITH_KNOTS('',3,(#1632,#1633,#1634,#1635,#1636,#1637,#1638,
#1639,#1640,#1641,#1642,#1643,#1644,#1645,#1646,#1647,#1648,#1649,#1650,#1651,
#1652,#1653,#1654,#1655,#1656,#1657,#1658),.UNSPECIFIED.,.F.,.F.,(4,1,1,1,1,1,1,
1,1,1,1,1,1,1,1,1,1,1,1,1,1,1,1,1,4),(0.E0,4.166666666667E-2,8.333333333333E-2,
1.25E-1,1.666666666667E-1,2.083333333333E-1,2.5E-1,2.916666666667E-1,
3.333333333333E-1,3.75E-1,4.166666666667E-1,4.583333333333E-1,5.E-1,
5.416666666667E-1,5.833333333333E-1,6.25E-1,6.666666666667E-1,7.083333333333E-1,
7.5E-1,7.916666666667E-1,8.333333333333E-1,8.75E-1,9.166666666667E-1,
9.583333333333E-1,1.E0),.UNSPECIFIED.);
#1691=B_SPLINE_CURVE_WITH_KNOTS('',3,(#1660,#1661,#1662,#1663,#1664,#1665,#1666,
#1667,#1668,#1669,#1670,#1671,#1672,#1673,#1674,#1675,#1676,#1677,#1678,#1679,
#1680,#1681,#1682,#1683,#1684,#1685,#1686,#1687,#1688,#1689,#1690),
.UNSPECIFIED.,.F.,.F.,(4,1,1,1,1,1,1,1,1,1,1,1,1,1,1,1,1,1,1,1,1,1,1,1,1,1,1,1,
4),(0.E0,3.571428571429E-2,7.142857142857E-2,1.071428571429E-1,
1.428571428571E-1,1.785714285714E-1,2.142857142857E-1,2.5E-1,2.857142857143E-1,
3.214285714286E-1,3.571428571429E-1,3.928571428571E-1,4.285714285714E-1,
4.642857142857E-1,5.E-1,5.357142857143E-1,5.714285714286E-1,6.071428571429E-1,
6.428571428571E-1,6.785714285714E-1,7.142857142857E-1,7.5E-1,7.857142857143E-1,
8.214285714286E-1,8.571428571429E-1,8.928571428571E-1,9.285714285714E-1,
9.642857142857E-1,1.E0),.UNSPECIFIED.);
#1700=B_SPLINE_CURVE_WITH_KNOTS('',3,(#1692,#1693,#1694,#1695,#1696,#1697,#1698,
#1699),.UNSPECIFIED.,.F.,.F.,(4,1,1,1,1,4),(0.E0,2.E-1,4.E-1,6.E-1,8.E-1,1.E0),
.UNSPECIFIED.);
#1712=B_SPLINE_CURVE_WITH_KNOTS('',3,(#1701,#1702,#1703,#1704,#1705,#1706,#1707,
#1708,#1709,#1710,#1711),.UNSPECIFIED.,.F.,.F.,(4,1,1,1,1,1,1,1,4),(0.E0,
1.25E-1,2.5E-1,3.75E-1,5.E-1,6.25E-1,7.5E-1,8.75E-1,1.E0),.UNSPECIFIED.);
#1749=B_SPLINE_CURVE_WITH_KNOTS('',3,(#1713,#1714,#1715,#1716,#1717,#1718,#1719,
#1720,#1721,#1722,#1723,#1724,#1725,#1726,#1727,#1728,#1729,#1730,#1731,#1732,
#1733,#1734,#1735,#1736,#1737,#1738,#1739,#1740,#1741,#1742,#1743,#1744,#1745,
#1746,#1747,#1748),.UNSPECIFIED.,.F.,.F.,(4,1,1,1,1,1,1,1,1,1,1,1,1,1,1,1,1,1,1,
1,1,1,1,1,1,1,1,1,1,1,1,1,1,4),(0.E0,3.030303030303E-2,6.060606060606E-2,
9.090909090909E-2,1.212121212121E-1,1.515151515152E-1,1.818181818182E-1,
2.121212121212E-1,2.424242424242E-1,2.727272727273E-1,3.030303030303E-1,
3.333333333333E-1,3.636363636364E-1,3.939393939394E-1,4.242424242424E-1,
4.545454545455E-1,4.848484848485E-1,5.151515151515E-1,5.454545454545E-1,
5.757575757576E-1,6.060606060606E-1,6.363636363636E-1,6.666666666667E-1,
6.969696969697E-1,7.272727272727E-1,7.575757575758E-1,7.878787878788E-1,
8.181818181818E-1,8.484848484848E-1,8.787878787879E-1,9.090909090909E-1,
9.393939393939E-1,9.696969696970E-1,1.E0),.UNSPECIFIED.);
#1761=B_SPLINE_CURVE_WITH_KNOTS('',3,(#1750,#1751,#1752,#1753,#1754,#1755,#1756,
#1757,#1758,#1759,#1760),.UNSPECIFIED.,.F.,.F.,(4,1,1,1,1,1,1,1,4),(0.E0,
1.25E-1,2.5E-1,3.75E-1,5.E-1,6.25E-1,7.5E-1,8.75E-1,1.E0),.UNSPECIFIED.);
#1769=B_SPLINE_CURVE_WITH_KNOTS('',3,(#1762,#1763,#1764,#1765,#1766,#1767,
#1768),.UNSPECIFIED.,.F.,.F.,(4,1,1,1,4),(0.E0,2.5E-1,5.E-1,7.5E-1,1.E0),
.UNSPECIFIED.);
#1789=B_SPLINE_CURVE_WITH_KNOTS('',3,(#1770,#1771,#1772,#1773,#1774,#1775,#1776,
#1777,#1778,#1779,#1780,#1781,#1782,#1783,#1784,#1785,#1786,#1787,#1788),
.UNSPECIFIED.,.F.,.F.,(4,1,1,1,1,1,1,1,1,1,1,1,1,1,1,1,4),(0.E0,6.25E-2,1.25E-1,
1.875E-1,2.5E-1,3.125E-1,3.75E-1,4.375E-1,5.E-1,5.625E-1,6.25E-1,6.875E-1,
7.5E-1,8.125E-1,8.75E-1,9.375E-1,1.E0),.UNSPECIFIED.);
#1834=B_SPLINE_CURVE_WITH_KNOTS('',3,(#1798,#1799,#1800,#1801,#1802,#1803,#1804,
#1805,#1806,#1807,#1808,#1809,#1810,#1811,#1812,#1813,#1814,#1815,#1816,#1817,
#1818,#1819,#1820,#1821,#1822,#1823,#1824,#1825,#1826,#1827,#1828,#1829,#1830,
#1831,#1832,#1833),.UNSPECIFIED.,.F.,.F.,(4,1,1,1,1,1,1,1,1,1,1,1,1,1,1,1,1,1,1,
1,1,1,1,1,1,1,1,1,1,1,1,1,1,4),(0.E0,3.030303030303E-2,6.060606060606E-2,
9.090909090909E-2,1.212121212121E-1,1.515151515152E-1,1.818181818182E-1,
2.121212121212E-1,2.424242424242E-1,2.727272727273E-1,3.030303030303E-1,
3.333333333333E-1,3.636363636364E-1,3.939393939394E-1,4.242424242424E-1,
4.545454545455E-1,4.848484848485E-1,5.151515151515E-1,5.454545454545E-1,
5.757575757576E-1,6.060606060606E-1,6.363636363636E-1,6.666666666667E-1,
6.969696969697E-1,7.272727272727E-1,7.575757575758E-1,7.878787878788E-1,
8.181818181818E-1,8.484848484848E-1,8.787878787879E-1,9.090909090909E-1,
9.393939393939E-1,9.696969696970E-1,1.E0),.UNSPECIFIED.);
#1845=B_SPLINE_CURVE_WITH_KNOTS('',3,(#1835,#1836,#1837,#1838,#1839,#1840,#1841,
#1842,#1843,#1844),.UNSPECIFIED.,.F.,.F.,(4,1,1,1,1,1,1,4),(0.E0,
1.428571428571E-1,2.857142857143E-1,4.285714285714E-1,5.714285714286E-1,
7.142857142857E-1,8.571428571429E-1,1.E0),.UNSPECIFIED.);
#1873=B_SPLINE_CURVE_WITH_KNOTS('',3,(#1846,#1847,#1848,#1849,#1850,#1851,#1852,
#1853,#1854,#1855,#1856,#1857,#1858,#1859,#1860,#1861,#1862,#1863,#1864,#1865,
#1866,#1867,#1868,#1869,#1870,#1871,#1872),.UNSPECIFIED.,.F.,.F.,(4,1,1,1,1,1,1,
1,1,1,1,1,1,1,1,1,1,1,1,1,1,1,1,1,4),(0.E0,4.166666666667E-2,8.333333333333E-2,
1.25E-1,1.666666666667E-1,2.083333333333E-1,2.5E-1,2.916666666667E-1,
3.333333333333E-1,3.75E-1,4.166666666667E-1,4.583333333333E-1,5.E-1,
5.416666666667E-1,5.833333333333E-1,6.25E-1,6.666666666667E-1,7.083333333333E-1,
7.5E-1,7.916666666667E-1,8.333333333333E-1,8.75E-1,9.166666666667E-1,
9.583333333333E-1,1.E0),.UNSPECIFIED.);
#1878=CIRCLE('',#1877,7.6E0);
#1884=B_SPLINE_CURVE_WITH_KNOTS('',3,(#1879,#1880,#1881,#1882,#1883),
.UNSPECIFIED.,.F.,.F.,(4,1,4),(0.E0,5.E-1,1.E0),.UNSPECIFIED.);
#1902=B_SPLINE_CURVE_WITH_KNOTS('',3,(#1885,#1886,#1887,#1888,#1889,#1890,#1891,
#1892,#1893,#1894,#1895,#1896,#1897,#1898,#1899,#1900,#1901),.UNSPECIFIED.,.F.,
.F.,(4,1,1,1,1,1,1,1,1,1,1,1,1,1,4),(0.E0,7.142857142857E-2,1.428571428571E-1,
2.142857142857E-1,2.857142857143E-1,3.571428571429E-1,4.285714285714E-1,5.E-1,
5.714285714286E-1,6.428571428571E-1,7.142857142857E-1,7.857142857143E-1,
8.571428571429E-1,9.285714285714E-1,1.E0),.UNSPECIFIED.);
#1907=CIRCLE('',#1906,6.836815112915E0);
#1914=B_SPLINE_CURVE_WITH_KNOTS('',3,(#1908,#1909,#1910,#1911,#1912,#1913),
.UNSPECIFIED.,.F.,.F.,(4,1,1,4),(0.E0,3.333333333333E-1,6.666666666667E-1,1.E0),
.UNSPECIFIED.);
#1956=B_SPLINE_CURVE_WITH_KNOTS('',3,(#1927,#1928,#1929,#1930,#1931,#1932,#1933,
#1934,#1935,#1936,#1937,#1938,#1939,#1940,#1941,#1942,#1943,#1944,#1945,#1946,
#1947,#1948,#1949,#1950,#1951,#1952,#1953,#1954,#1955),.UNSPECIFIED.,.F.,.F.,(4,
1,1,1,1,1,1,1,1,1,1,1,1,1,1,1,1,1,1,1,1,1,1,1,1,1,4),(0.E0,3.846153846154E-2,
7.692307692308E-2,1.153846153846E-1,1.538461538462E-1,1.923076923077E-1,
2.307692307692E-1,2.692307692308E-1,3.076923076923E-1,3.461538461538E-1,
3.846153846154E-1,4.230769230769E-1,4.615384615385E-1,5.E-1,5.384615384615E-1,
5.769230769231E-1,6.153846153846E-1,6.538461538462E-1,6.923076923077E-1,
7.307692307692E-1,7.692307692308E-1,8.076923076923E-1,8.461538461538E-1,
8.846153846154E-1,9.230769230769E-1,9.615384615385E-1,1.E0),.UNSPECIFIED.);
#1990=B_SPLINE_CURVE_WITH_KNOTS('',3,(#1961,#1962,#1963,#1964,#1965,#1966,#1967,
#1968,#1969,#1970,#1971,#1972,#1973,#1974,#1975,#1976,#1977,#1978,#1979,#1980,
#1981,#1982,#1983,#1984,#1985,#1986,#1987,#1988,#1989),.UNSPECIFIED.,.F.,.F.,(4,
1,1,1,1,1,1,1,1,1,1,1,1,1,1,1,1,1,1,1,1,1,1,1,1,1,4),(0.E0,3.846153846154E-2,
7.692307692308E-2,1.153846153846E-1,1.538461538462E-1,1.923076923077E-1,
2.307692307692E-1,2.692307692308E-1,3.076923076923E-1,3.461538461538E-1,
3.846153846154E-1,4.230769230769E-1,4.615384615385E-1,5.E-1,5.384615384615E-1,
5.769230769231E-1,6.153846153846E-1,6.538461538462E-1,6.923076923077E-1,
7.307692307692E-1,7.692307692308E-1,8.076923076923E-1,8.461538461538E-1,
8.846153846154E-1,9.230769230769E-1,9.615384615385E-1,1.E0),.UNSPECIFIED.);
#2025=B_SPLINE_CURVE_WITH_KNOTS('',3,(#1995,#1996,#1997,#1998,#1999,#2000,#2001,
#2002,#2003,#2004,#2005,#2006,#2007,#2008,#2009,#2010,#2011,#2012,#2013,#2014,
#2015,#2016,#2017,#2018,#2019,#2020,#2021,#2022,#2023,#2024),.UNSPECIFIED.,.F.,
.F.,(4,1,1,1,1,1,1,1,1,1,1,1,1,1,1,1,1,1,1,1,1,1,1,1,1,1,1,4),(0.E0,
3.703703703704E-2,7.407407407407E-2,1.111111111111E-1,1.481481481481E-1,
1.851851851852E-1,2.222222222222E-1,2.592592592593E-1,2.962962962963E-1,
3.333333333333E-1,3.703703703704E-1,4.074074074074E-1,4.444444444444E-1,
4.814814814815E-1,5.185185185185E-1,5.555555555556E-1,5.925925925926E-1,
6.296296296296E-1,6.666666666667E-1,7.037037037037E-1,7.407407407407E-1,
7.777777777778E-1,8.148148148148E-1,8.518518518519E-1,8.888888888889E-1,
9.259259259259E-1,9.629629629630E-1,1.E0),.UNSPECIFIED.);
#2060=B_SPLINE_CURVE_WITH_KNOTS('',3,(#2030,#2031,#2032,#2033,#2034,#2035,#2036,
#2037,#2038,#2039,#2040,#2041,#2042,#2043,#2044,#2045,#2046,#2047,#2048,#2049,
#2050,#2051,#2052,#2053,#2054,#2055,#2056,#2057,#2058,#2059),.UNSPECIFIED.,.F.,
.F.,(4,1,1,1,1,1,1,1,1,1,1,1,1,1,1,1,1,1,1,1,1,1,1,1,1,1,1,4),(0.E0,
3.703703703704E-2,7.407407407407E-2,1.111111111111E-1,1.481481481481E-1,
1.851851851852E-1,2.222222222222E-1,2.592592592593E-1,2.962962962963E-1,
3.333333333333E-1,3.703703703704E-1,4.074074074074E-1,4.444444444444E-1,
4.814814814815E-1,5.185185185185E-1,5.555555555556E-1,5.925925925926E-1,
6.296296296296E-1,6.666666666667E-1,7.037037037037E-1,7.407407407407E-1,
7.777777777778E-1,8.148148148148E-1,8.518518518519E-1,8.888888888889E-1,
9.259259259259E-1,9.629629629630E-1,1.E0),.UNSPECIFIED.);
#2077=B_SPLINE_CURVE_WITH_KNOTS('',3,(#2065,#2066,#2067,#2068,#2069,#2070,#2071,
#2072,#2073,#2074,#2075,#2076),.UNSPECIFIED.,.F.,.F.,(4,1,1,1,1,1,1,1,1,4),
(0.E0,1.111111111111E-1,2.222222222222E-1,3.333333333333E-1,4.444444444444E-1,
5.555555555556E-1,6.666666666667E-1,7.777777777778E-1,8.888888888889E-1,1.E0),
.UNSPECIFIED.);
#2082=CIRCLE('',#2081,7.6E0);
#2104=B_SPLINE_CURVE_WITH_KNOTS('',3,(#2083,#2084,#2085,#2086,#2087,#2088,#2089,
#2090,#2091,#2092,#2093,#2094,#2095,#2096,#2097,#2098,#2099,#2100,#2101,#2102,
#2103),.UNSPECIFIED.,.F.,.F.,(4,1,1,1,1,1,1,1,1,1,1,1,1,1,1,1,1,1,4),(0.E0,
5.555555555556E-2,1.111111111111E-1,1.666666666667E-1,2.222222222222E-1,
2.777777777778E-1,3.333333333333E-1,3.888888888889E-1,4.444444444444E-1,5.E-1,
5.555555555556E-1,6.111111111111E-1,6.666666666667E-1,7.222222222222E-1,
7.777777777778E-1,8.333333333333E-1,8.888888888889E-1,9.444444444444E-1,1.E0),
.UNSPECIFIED.);
#2117=B_SPLINE_CURVE_WITH_KNOTS('',3,(#2109,#2110,#2111,#2112,#2113,#2114,#2115,
#2116),.UNSPECIFIED.,.F.,.F.,(4,1,1,1,1,4),(0.E0,2.E-1,4.E-1,6.E-1,8.E-1,1.E0),
.UNSPECIFIED.);
#2126=B_SPLINE_CURVE_WITH_KNOTS('',3,(#2118,#2119,#2120,#2121,#2122,#2123,#2124,
#2125),.UNSPECIFIED.,.F.,.F.,(4,1,1,1,1,4),(0.E0,2.E-1,4.E-1,6.E-1,8.E-1,1.E0),
.UNSPECIFIED.);
#2152=B_SPLINE_CURVE_WITH_KNOTS('',3,(#2127,#2128,#2129,#2130,#2131,#2132,#2133,
#2134,#2135,#2136,#2137,#2138,#2139,#2140,#2141,#2142,#2143,#2144,#2145,#2146,
#2147,#2148,#2149,#2150,#2151),.UNSPECIFIED.,.F.,.F.,(4,1,1,1,1,1,1,1,1,1,1,1,1,
1,1,1,1,1,1,1,1,1,4),(0.E0,4.545454545455E-2,9.090909090909E-2,
1.363636363636E-1,1.818181818182E-1,2.272727272727E-1,2.727272727273E-1,
3.181818181818E-1,3.636363636364E-1,4.090909090909E-1,4.545454545455E-1,5.E-1,
5.454545454545E-1,5.909090909091E-1,6.363636363636E-1,6.818181818182E-1,
7.272727272727E-1,7.727272727273E-1,8.181818181818E-1,8.636363636364E-1,
9.090909090909E-1,9.545454545455E-1,1.E0),.UNSPECIFIED.);
#2161=B_SPLINE_CURVE_WITH_KNOTS('',3,(#2153,#2154,#2155,#2156,#2157,#2158,#2159,
#2160),.UNSPECIFIED.,.F.,.F.,(4,1,1,1,1,4),(0.E0,2.E-1,4.E-1,6.E-1,8.E-1,1.E0),
.UNSPECIFIED.);
#2198=B_SPLINE_CURVE_WITH_KNOTS('',3,(#2166,#2167,#2168,#2169,#2170,#2171,#2172,
#2173,#2174,#2175,#2176,#2177,#2178,#2179,#2180,#2181,#2182,#2183,#2184,#2185,
#2186,#2187,#2188,#2189,#2190,#2191,#2192,#2193,#2194,#2195,#2196,#2197),
.UNSPECIFIED.,.F.,.F.,(4,1,1,1,1,1,1,1,1,1,1,1,1,1,1,1,1,1,1,1,1,1,1,1,1,1,1,1,
1,4),(0.E0,3.448275862069E-2,6.896551724138E-2,1.034482758621E-1,
1.379310344828E-1,1.724137931034E-1,2.068965517241E-1,2.413793103448E-1,
2.758620689655E-1,3.103448275862E-1,3.448275862069E-1,3.793103448276E-1,
4.137931034483E-1,4.482758620690E-1,4.827586206897E-1,5.172413793103E-1,
5.517241379310E-1,5.862068965517E-1,6.206896551724E-1,6.551724137931E-1,
6.896551724138E-1,7.241379310345E-1,7.586206896552E-1,7.931034482759E-1,
8.275862068966E-1,8.620689655172E-1,8.965517241379E-1,9.310344827586E-1,
9.655172413793E-1,1.E0),.UNSPECIFIED.);
#2210=B_SPLINE_CURVE_WITH_KNOTS('',3,(#2199,#2200,#2201,#2202,#2203,#2204,#2205,
#2206,#2207,#2208,#2209),.UNSPECIFIED.,.F.,.F.,(4,1,1,1,1,1,1,1,4),(0.E0,
1.25E-1,2.5E-1,3.75E-1,5.E-1,6.25E-1,7.5E-1,8.75E-1,1.E0),.UNSPECIFIED.);
#2248=B_SPLINE_CURVE_WITH_KNOTS('',3,(#2219,#2220,#2221,#2222,#2223,#2224,#2225,
#2226,#2227,#2228,#2229,#2230,#2231,#2232,#2233,#2234,#2235,#2236,#2237,#2238,
#2239,#2240,#2241,#2242,#2243,#2244,#2245,#2246,#2247),.UNSPECIFIED.,.F.,.F.,(4,
1,1,1,1,1,1,1,1,1,1,1,1,1,1,1,1,1,1,1,1,1,1,1,1,1,4),(0.E0,3.846153846154E-2,
7.692307692308E-2,1.153846153846E-1,1.538461538462E-1,1.923076923077E-1,
2.307692307692E-1,2.692307692308E-1,3.076923076923E-1,3.461538461538E-1,
3.846153846154E-1,4.230769230769E-1,4.615384615385E-1,5.E-1,5.384615384615E-1,
5.769230769231E-1,6.153846153846E-1,6.538461538462E-1,6.923076923077E-1,
7.307692307692E-1,7.692307692308E-1,8.076923076923E-1,8.461538461538E-1,
8.846153846154E-1,9.230769230769E-1,9.615384615385E-1,1.E0),.UNSPECIFIED.);
#2259=B_SPLINE_CURVE_WITH_KNOTS('',3,(#2249,#2250,#2251,#2252,#2253,#2254,#2255,
#2256,#2257,#2258),.UNSPECIFIED.,.F.,.F.,(4,1,1,1,1,1,1,4),(0.E0,
1.428571428571E-1,2.857142857143E-1,4.285714285714E-1,5.714285714286E-1,
7.142857142857E-1,8.571428571429E-1,1.E0),.UNSPECIFIED.);
#2270=B_SPLINE_CURVE_WITH_KNOTS('',3,(#2264,#2265,#2266,#2267,#2268,#2269),
.UNSPECIFIED.,.F.,.F.,(4,1,1,4),(0.E0,3.333333333333E-1,6.666666666667E-1,1.E0),
.UNSPECIFIED.);
#2307=B_SPLINE_CURVE_WITH_KNOTS('',3,(#2271,#2272,#2273,#2274,#2275,#2276,#2277,
#2278,#2279,#2280,#2281,#2282,#2283,#2284,#2285,#2286,#2287,#2288,#2289,#2290,
#2291,#2292,#2293,#2294,#2295,#2296,#2297,#2298,#2299,#2300,#2301,#2302,#2303,
#2304,#2305,#2306),.UNSPECIFIED.,.F.,.F.,(4,1,1,1,1,1,1,1,1,1,1,1,1,1,1,1,1,1,1,
1,1,1,1,1,1,1,1,1,1,1,1,1,1,4),(0.E0,3.030303030303E-2,6.060606060606E-2,
9.090909090909E-2,1.212121212121E-1,1.515151515152E-1,1.818181818182E-1,
2.121212121212E-1,2.424242424242E-1,2.727272727273E-1,3.030303030303E-1,
3.333333333333E-1,3.636363636364E-1,3.939393939394E-1,4.242424242424E-1,
4.545454545455E-1,4.848484848485E-1,5.151515151515E-1,5.454545454545E-1,
5.757575757576E-1,6.060606060606E-1,6.363636363636E-1,6.666666666667E-1,
6.969696969697E-1,7.272727272727E-1,7.575757575758E-1,7.878787878788E-1,
8.181818181818E-1,8.484848484848E-1,8.787878787879E-1,9.090909090909E-1,
9.393939393939E-1,9.696969696970E-1,1.E0),.UNSPECIFIED.);
#2317=B_SPLINE_CURVE_WITH_KNOTS('',3,(#2308,#2309,#2310,#2311,#2312,#2313,#2314,
#2315,#2316),.UNSPECIFIED.,.F.,.F.,(4,1,1,1,1,1,4),(0.E0,1.666666666667E-1,
3.333333333333E-1,5.E-1,6.666666666667E-1,8.333333333333E-1,1.E0),
.UNSPECIFIED.);
#2324=B_SPLINE_CURVE_WITH_KNOTS('',3,(#2318,#2319,#2320,#2321,#2322,#2323),
.UNSPECIFIED.,.F.,.F.,(4,1,1,4),(0.E0,3.333333333333E-1,6.666666666667E-1,1.E0),
.UNSPECIFIED.);
#2339=B_SPLINE_CURVE_WITH_KNOTS('',3,(#2325,#2326,#2327,#2328,#2329,#2330,#2331,
#2332,#2333,#2334,#2335,#2336,#2337,#2338),.UNSPECIFIED.,.F.,.F.,(4,1,1,1,1,1,1,
1,1,1,1,4),(0.E0,9.090909090909E-2,1.818181818182E-1,2.727272727273E-1,
3.636363636364E-1,4.545454545455E-1,5.454545454545E-1,6.363636363636E-1,
7.272727272727E-1,8.181818181818E-1,9.090909090909E-1,1.E0),.UNSPECIFIED.);
#2366=B_SPLINE_CURVE_WITH_KNOTS('',3,(#2340,#2341,#2342,#2343,#2344,#2345,#2346,
#2347,#2348,#2349,#2350,#2351,#2352,#2353,#2354,#2355,#2356,#2357,#2358,#2359,
#2360,#2361,#2362,#2363,#2364,#2365),.UNSPECIFIED.,.F.,.F.,(4,1,1,1,1,1,1,1,1,1,
1,1,1,1,1,1,1,1,1,1,1,1,1,4),(0.E0,4.347826086957E-2,8.695652173913E-2,
1.304347826087E-1,1.739130434783E-1,2.173913043478E-1,2.608695652174E-1,
3.043478260870E-1,3.478260869565E-1,3.913043478261E-1,4.347826086957E-1,
4.782608695652E-1,5.217391304348E-1,5.652173913043E-1,6.086956521739E-1,
6.521739130435E-1,6.956521739130E-1,7.391304347826E-1,7.826086956522E-1,
8.260869565217E-1,8.695652173913E-1,9.130434782609E-1,9.565217391304E-1,1.E0),
.UNSPECIFIED.);
#2372=B_SPLINE_CURVE_WITH_KNOTS('',3,(#2367,#2368,#2369,#2370,#2371),
.UNSPECIFIED.,.F.,.F.,(4,1,4),(0.E0,5.E-1,1.E0),.UNSPECIFIED.);
#2386=B_SPLINE_CURVE_WITH_KNOTS('',3,(#2373,#2374,#2375,#2376,#2377,#2378,#2379,
#2380,#2381,#2382,#2383,#2384,#2385),.UNSPECIFIED.,.F.,.F.,(4,1,1,1,1,1,1,1,1,1,
4),(0.E0,1.E-1,2.E-1,3.E-1,4.E-1,5.E-1,6.E-1,7.E-1,8.E-1,9.E-1,1.E0),
.UNSPECIFIED.);
#2397=B_SPLINE_CURVE_WITH_KNOTS('',3,(#2387,#2388,#2389,#2390,#2391,#2392,#2393,
#2394,#2395,#2396),.UNSPECIFIED.,.F.,.F.,(4,1,1,1,1,1,1,4),(0.E0,
1.428571428571E-1,2.857142857143E-1,4.285714285714E-1,5.714285714286E-1,
7.142857142857E-1,8.571428571429E-1,1.E0),.UNSPECIFIED.);
#2406=B_SPLINE_CURVE_WITH_KNOTS('',3,(#2398,#2399,#2400,#2401,#2402,#2403,#2404,
#2405),.UNSPECIFIED.,.F.,.F.,(4,1,1,1,1,4),(0.E0,2.E-1,4.E-1,6.E-1,8.E-1,1.E0),
.UNSPECIFIED.);
#2439=B_SPLINE_CURVE_WITH_KNOTS('',3,(#2407,#2408,#2409,#2410,#2411,#2412,#2413,
#2414,#2415,#2416,#2417,#2418,#2419,#2420,#2421,#2422,#2423,#2424,#2425,#2426,
#2427,#2428,#2429,#2430,#2431,#2432,#2433,#2434,#2435,#2436,#2437,#2438),
.UNSPECIFIED.,.F.,.F.,(4,1,1,1,1,1,1,1,1,1,1,1,1,1,1,1,1,1,1,1,1,1,1,1,1,1,1,1,
1,4),(0.E0,3.448275862069E-2,6.896551724138E-2,1.034482758621E-1,
1.379310344828E-1,1.724137931034E-1,2.068965517241E-1,2.413793103448E-1,
2.758620689655E-1,3.103448275862E-1,3.448275862069E-1,3.793103448276E-1,
4.137931034483E-1,4.482758620690E-1,4.827586206897E-1,5.172413793103E-1,
5.517241379310E-1,5.862068965517E-1,6.206896551724E-1,6.551724137931E-1,
6.896551724138E-1,7.241379310345E-1,7.586206896552E-1,7.931034482759E-1,
8.275862068966E-1,8.620689655172E-1,8.965517241379E-1,9.310344827586E-1,
9.655172413793E-1,1.E0),.UNSPECIFIED.);
#2450=B_SPLINE_CURVE_WITH_KNOTS('',3,(#2440,#2441,#2442,#2443,#2444,#2445,#2446,
#2447,#2448,#2449),.UNSPECIFIED.,.F.,.F.,(4,1,1,1,1,1,1,4),(0.E0,
1.428571428571E-1,2.857142857143E-1,4.285714285714E-1,5.714285714286E-1,
7.142857142857E-1,8.571428571429E-1,1.E0),.UNSPECIFIED.);
#2455=CIRCLE('',#2454,6.65E0);
#2463=B_SPLINE_CURVE_WITH_KNOTS('',3,(#2456,#2457,#2458,#2459,#2460,#2461,
#2462),.UNSPECIFIED.,.F.,.F.,(4,1,1,1,4),(0.E0,2.5E-1,5.E-1,7.5E-1,1.E0),
.UNSPECIFIED.);
#2472=CIRCLE('',#2471,6.65E0);
#2488=B_SPLINE_CURVE_WITH_KNOTS('',3,(#2477,#2478,#2479,#2480,#2481,#2482,#2483,
#2484,#2485,#2486,#2487),.UNSPECIFIED.,.F.,.F.,(4,1,1,1,1,1,1,1,4),(0.E0,
1.25E-1,2.5E-1,3.75E-1,5.E-1,6.25E-1,7.5E-1,8.75E-1,1.E0),.UNSPECIFIED.);
#2502=B_SPLINE_CURVE_WITH_KNOTS('',3,(#2489,#2490,#2491,#2492,#2493,#2494,#2495,
#2496,#2497,#2498,#2499,#2500,#2501),.UNSPECIFIED.,.F.,.F.,(4,1,1,1,1,1,1,1,1,1,
4),(0.E0,1.E-1,2.E-1,3.E-1,4.E-1,5.E-1,6.E-1,7.E-1,8.E-1,9.E-1,1.E0),
.UNSPECIFIED.);
#2524=B_SPLINE_CURVE_WITH_KNOTS('',3,(#2503,#2504,#2505,#2506,#2507,#2508,#2509,
#2510,#2511,#2512,#2513,#2514,#2515,#2516,#2517,#2518,#2519,#2520,#2521,#2522,
#2523),.UNSPECIFIED.,.F.,.F.,(4,1,1,1,1,1,1,1,1,1,1,1,1,1,1,1,1,1,4),(0.E0,
5.555555555556E-2,1.111111111111E-1,1.666666666667E-1,2.222222222222E-1,
2.777777777778E-1,3.333333333333E-1,3.888888888889E-1,4.444444444444E-1,5.E-1,
5.555555555556E-1,6.111111111111E-1,6.666666666667E-1,7.222222222222E-1,
7.777777777778E-1,8.333333333333E-1,8.888888888889E-1,9.444444444444E-1,1.E0),
.UNSPECIFIED.);
#2529=CIRCLE('',#2528,6.836815112915E0);
#2544=B_SPLINE_CURVE_WITH_KNOTS('',3,(#2530,#2531,#2532,#2533,#2534,#2535,#2536,
#2537,#2538,#2539,#2540,#2541,#2542,#2543),.UNSPECIFIED.,.F.,.F.,(4,1,1,1,1,1,1,
1,1,1,1,4),(0.E0,9.090909090909E-2,1.818181818182E-1,2.727272727273E-1,
3.636363636364E-1,4.545454545455E-1,5.454545454545E-1,6.363636363636E-1,
7.272727272727E-1,8.181818181818E-1,9.090909090909E-1,1.E0),.UNSPECIFIED.);
#2557=CIRCLE('',#2556,6.65E0);
#2562=CIRCLE('',#2561,6.65E0);
#2567=CIRCLE('',#2566,6.65E0);
#2572=CIRCLE('',#2571,6.65E0);
#2581=CIRCLE('',#2580,8.7E0);
#2594=CIRCLE('',#2593,8.7E0);
#2603=CIRCLE('',#2602,8.7E0);
#2616=CIRCLE('',#2615,8.7E0);
#2621=CIRCLE('',#2620,7.65E0);
#2626=CIRCLE('',#2625,7.65E0);
#2633=B_SPLINE_CURVE_WITH_KNOTS('',3,(#2627,#2628,#2629,#2630,#2631,#2632),
.UNSPECIFIED.,.F.,.F.,(4,1,1,4),(0.E0,3.333333333333E-1,6.666666666667E-1,1.E0),
.UNSPECIFIED.);
#2640=B_SPLINE_CURVE_WITH_KNOTS('',3,(#2634,#2635,#2636,#2637,#2638,#2639),
.UNSPECIFIED.,.F.,.F.,(4,1,1,4),(0.E0,3.333333333333E-1,6.666666666667E-1,1.E0),
.UNSPECIFIED.);
#2647=B_SPLINE_CURVE_WITH_KNOTS('',3,(#2641,#2642,#2643,#2644,#2645,#2646),
.UNSPECIFIED.,.F.,.F.,(4,1,1,4),(0.E0,3.333333333333E-1,6.666666666667E-1,1.E0),
.UNSPECIFIED.);
#2654=B_SPLINE_CURVE_WITH_KNOTS('',3,(#2648,#2649,#2650,#2651,#2652,#2653),
.UNSPECIFIED.,.F.,.F.,(4,1,1,4),(0.E0,3.333333333333E-1,6.666666666667E-1,1.E0),
.UNSPECIFIED.);
#2663=CIRCLE('',#2662,9.E0);
#2672=CIRCLE('',#2671,9.E0);
#2681=CIRCLE('',#2680,9.E0);
#2690=CIRCLE('',#2689,9.E0);
#2703=CIRCLE('',#2702,9.E0);
#2708=CIRCLE('',#2707,8.7E0);
#2713=CIRCLE('',#2712,8.7E0);
#2718=CIRCLE('',#2717,9.E0);
#2727=CIRCLE('',#2726,9.E0);
#2736=CIRCLE('',#2735,9.E0);
#2753=CIRCLE('',#2752,9.E0);
#2762=CIRCLE('',#2761,9.E0);
#2767=CIRCLE('',#2766,9.E0);
#2772=CIRCLE('',#2771,8.7E0);
#2777=CIRCLE('',#2776,8.7E0);
#2782=CIRCLE('',#2781,9.E0);
#2787=CIRCLE('',#2786,6.65E0);
#2792=CIRCLE('',#2791,6.65E0);
#2801=CIRCLE('',#2800,8.7E0);
#2814=CIRCLE('',#2813,8.7E0);
#2823=CIRCLE('',#2822,8.7E0);
#2836=CIRCLE('',#2835,8.7E0);
#2841=CIRCLE('',#2840,6.65E0);
#2854=CIRCLE('',#2853,6.65E0);
#2859=CIRCLE('',#2858,5.E-1);
#2864=CIRCLE('',#2863,5.E-1);
#2869=CIRCLE('',#2868,5.E-1);
#2874=CIRCLE('',#2873,5.E-1);
#2879=CIRCLE('',#2878,5.E-1);
#2884=CIRCLE('',#2883,5.E-1);
#2889=CIRCLE('',#2888,5.E-1);
#2894=CIRCLE('',#2893,5.E-1);
#2899=CIRCLE('',#2898,5.E-1);
#2904=CIRCLE('',#2903,5.E-1);
#2909=CIRCLE('',#2908,5.E-1);
#2914=CIRCLE('',#2913,5.E-1);
#2919=CIRCLE('',#2918,5.E-1);
#2924=CIRCLE('',#2923,5.E-1);
#2929=CIRCLE('',#2928,5.E-1);
#2934=CIRCLE('',#2933,5.E-1);
#2939=CIRCLE('',#2938,5.E-1);
#2952=CIRCLE('',#2951,5.E-1);
#2957=CIRCLE('',#2956,3.E-1);
#2962=CIRCLE('',#2961,3.E-1);
#2975=CIRCLE('',#2974,3.E-1);
#2980=CIRCLE('',#2979,3.E-1);
#2985=CIRCLE('',#2984,5.E-1);
#2994=CIRCLE('',#2993,5.E-1);
#3003=CIRCLE('',#3002,3.E-1);
#3008=CIRCLE('',#3007,3.E-1);
#3021=CIRCLE('',#3020,3.E-1);
#3026=CIRCLE('',#3025,3.E-1);
#3031=CIRCLE('',#3030,5.E-1);
#3040=CIRCLE('',#3039,5.E-1);
#3049=CIRCLE('',#3048,3.E-1);
#3054=CIRCLE('',#3053,3.E-1);
#3067=CIRCLE('',#3066,3.E-1);
#3072=CIRCLE('',#3071,3.E-1);
#3077=CIRCLE('',#3076,5.E-1);
#3086=CIRCLE('',#3085,5.E-1);
#3095=CIRCLE('',#3094,3.E-1);
#3100=CIRCLE('',#3099,3.E-1);
#3113=CIRCLE('',#3112,3.E-1);
#3118=CIRCLE('',#3117,3.E-1);
#3123=CIRCLE('',#3122,5.E-1);
#3132=CIRCLE('',#3131,5.E-1);
#3141=CIRCLE('',#3140,3.E-1);
#3146=CIRCLE('',#3145,3.E-1);
#3159=CIRCLE('',#3158,3.E-1);
#3164=CIRCLE('',#3163,3.E-1);
#3169=CIRCLE('',#3168,5.E-1);
#3178=CIRCLE('',#3177,5.E-1);
#3187=CIRCLE('',#3186,3.E-1);
#3192=CIRCLE('',#3191,3.E-1);
#3205=CIRCLE('',#3204,3.E-1);
#3210=CIRCLE('',#3209,3.E-1);
#3215=CIRCLE('',#3214,5.E-1);
#3224=CIRCLE('',#3223,5.E-1);
#3233=CIRCLE('',#3232,3.E-1);
#3238=CIRCLE('',#3237,3.E-1);
#3251=CIRCLE('',#3250,3.E-1);
#3256=CIRCLE('',#3255,3.E-1);
#3261=CIRCLE('',#3260,5.E-1);
#3270=CIRCLE('',#3269,5.E-1);
#3279=CIRCLE('',#3278,3.E-1);
#3284=CIRCLE('',#3283,3.E-1);
#3297=CIRCLE('',#3296,3.E-1);
#3302=CIRCLE('',#3301,3.E-1);
#3309=B_SPLINE_CURVE_WITH_KNOTS('',3,(#3303,#3304,#3305,#3306,#3307,#3308),
.UNSPECIFIED.,.F.,.F.,(4,1,1,4),(0.E0,3.333333333333E-1,6.666666666667E-1,1.E0),
.UNSPECIFIED.);
#3316=B_SPLINE_CURVE_WITH_KNOTS('',3,(#3310,#3311,#3312,#3313,#3314,#3315),
.UNSPECIFIED.,.F.,.F.,(4,1,1,4),(0.E0,3.333333333333E-1,6.666666666667E-1,1.E0),
.UNSPECIFIED.);
#3323=B_SPLINE_CURVE_WITH_KNOTS('',3,(#3317,#3318,#3319,#3320,#3321,#3322),
.UNSPECIFIED.,.F.,.F.,(4,1,1,4),(0.E0,3.333333333333E-1,6.666666666667E-1,1.E0),
.UNSPECIFIED.);
#3330=B_SPLINE_CURVE_WITH_KNOTS('',3,(#3324,#3325,#3326,#3327,#3328,#3329),
.UNSPECIFIED.,.F.,.F.,(4,1,1,4),(0.E0,3.333333333333E-1,6.666666666667E-1,1.E0),
.UNSPECIFIED.);
#3337=B_SPLINE_CURVE_WITH_KNOTS('',3,(#3331,#3332,#3333,#3334,#3335,#3336),
.UNSPECIFIED.,.F.,.F.,(4,1,1,4),(0.E0,3.333333333333E-1,6.666666666667E-1,1.E0),
.UNSPECIFIED.);
#3344=B_SPLINE_CURVE_WITH_KNOTS('',3,(#3338,#3339,#3340,#3341,#3342,#3343),
.UNSPECIFIED.,.F.,.F.,(4,1,1,4),(0.E0,3.333333333333E-1,6.666666666667E-1,1.E0),
.UNSPECIFIED.);
#3351=B_SPLINE_CURVE_WITH_KNOTS('',3,(#3345,#3346,#3347,#3348,#3349,#3350),
.UNSPECIFIED.,.F.,.F.,(4,1,1,4),(0.E0,3.333333333333E-1,6.666666666667E-1,1.E0),
.UNSPECIFIED.);
#3358=B_SPLINE_CURVE_WITH_KNOTS('',3,(#3352,#3353,#3354,#3355,#3356,#3357),
.UNSPECIFIED.,.F.,.F.,(4,1,1,4),(0.E0,3.333333333333E-1,6.666666666667E-1,1.E0),
.UNSPECIFIED.);
#3365=B_SPLINE_CURVE_WITH_KNOTS('',3,(#3359,#3360,#3361,#3362,#3363,#3364),
.UNSPECIFIED.,.F.,.F.,(4,1,1,4),(0.E0,3.333333333333E-1,6.666666666667E-1,1.E0),
.UNSPECIFIED.);
#3372=B_SPLINE_CURVE_WITH_KNOTS('',3,(#3366,#3367,#3368,#3369,#3370,#3371),
.UNSPECIFIED.,.F.,.F.,(4,1,1,4),(0.E0,3.333333333333E-1,6.666666666667E-1,1.E0),
.UNSPECIFIED.);
#3379=B_SPLINE_CURVE_WITH_KNOTS('',3,(#3373,#3374,#3375,#3376,#3377,#3378),
.UNSPECIFIED.,.F.,.F.,(4,1,1,4),(0.E0,3.333333333333E-1,6.666666666667E-1,1.E0),
.UNSPECIFIED.);
#3386=B_SPLINE_CURVE_WITH_KNOTS('',3,(#3380,#3381,#3382,#3383,#3384,#3385),
.UNSPECIFIED.,.F.,.F.,(4,1,1,4),(0.E0,3.333333333333E-1,6.666666666667E-1,1.E0),
.UNSPECIFIED.);
#3393=B_SPLINE_CURVE_WITH_KNOTS('',3,(#3387,#3388,#3389,#3390,#3391,#3392),
.UNSPECIFIED.,.F.,.F.,(4,1,1,4),(0.E0,3.333333333333E-1,6.666666666667E-1,1.E0),
.UNSPECIFIED.);
#3400=B_SPLINE_CURVE_WITH_KNOTS('',3,(#3394,#3395,#3396,#3397,#3398,#3399),
.UNSPECIFIED.,.F.,.F.,(4,1,1,4),(0.E0,3.333333333333E-1,6.666666666667E-1,1.E0),
.UNSPECIFIED.);
#3407=B_SPLINE_CURVE_WITH_KNOTS('',3,(#3401,#3402,#3403,#3404,#3405,#3406),
.UNSPECIFIED.,.F.,.F.,(4,1,1,4),(0.E0,3.333333333333E-1,6.666666666667E-1,1.E0),
.UNSPECIFIED.);
#3414=B_SPLINE_CURVE_WITH_KNOTS('',3,(#3408,#3409,#3410,#3411,#3412,#3413),
.UNSPECIFIED.,.F.,.F.,(4,1,1,4),(0.E0,3.333333333333E-1,6.666666666667E-1,1.E0),
.UNSPECIFIED.);
#3421=B_SPLINE_CURVE_WITH_KNOTS('',3,(#3415,#3416,#3417,#3418,#3419,#3420),
.UNSPECIFIED.,.F.,.F.,(4,1,1,4),(0.E0,3.333333333333E-1,6.666666666667E-1,1.E0),
.UNSPECIFIED.);
#3428=B_SPLINE_CURVE_WITH_KNOTS('',3,(#3422,#3423,#3424,#3425,#3426,#3427),
.UNSPECIFIED.,.F.,.F.,(4,1,1,4),(0.E0,3.333333333333E-1,6.666666666667E-1,1.E0),
.UNSPECIFIED.);
#3435=B_SPLINE_CURVE_WITH_KNOTS('',3,(#3429,#3430,#3431,#3432,#3433,#3434),
.UNSPECIFIED.,.F.,.F.,(4,1,1,4),(0.E0,3.333333333333E-1,6.666666666667E-1,1.E0),
.UNSPECIFIED.);
#3442=B_SPLINE_CURVE_WITH_KNOTS('',3,(#3436,#3437,#3438,#3439,#3440,#3441),
.UNSPECIFIED.,.F.,.F.,(4,1,1,4),(0.E0,3.333333333333E-1,6.666666666667E-1,1.E0),
.UNSPECIFIED.);
#3447=CIRCLE('',#3446,1.E0);
#3452=CIRCLE('',#3451,1.E0);
#3457=CIRCLE('',#3456,9.E0);
#3462=CIRCLE('',#3461,9.E0);
#3467=CIRCLE('',#3466,9.E0);
#3472=CIRCLE('',#3471,9.E0);
#3477=CIRCLE('',#3476,9.E0);
#3482=CIRCLE('',#3481,9.95E0);
#3487=CIRCLE('',#3486,9.95E0);
#3492=CIRCLE('',#3491,9.E0);
#3503=B_SPLINE_CURVE_WITH_KNOTS('',3,(#3493,#3494,#3495,#3496,#3497,#3498,#3499,
#3500,#3501,#3502),.UNSPECIFIED.,.F.,.F.,(4,1,1,1,1,1,1,4),(0.E0,
1.428571428571E-1,2.857142857143E-1,4.285714285714E-1,5.714285714286E-1,
7.142857142857E-1,8.571428571429E-1,1.E0),.UNSPECIFIED.);
#3514=B_SPLINE_CURVE_WITH_KNOTS('',3,(#3504,#3505,#3506,#3507,#3508,#3509,#3510,
#3511,#3512,#3513),.UNSPECIFIED.,.F.,.F.,(4,1,1,1,1,1,1,4),(0.E0,
1.428571428571E-1,2.857142857143E-1,4.285714285714E-1,5.714285714286E-1,
7.142857142857E-1,8.571428571429E-1,1.E0),.UNSPECIFIED.);
#3525=B_SPLINE_CURVE_WITH_KNOTS('',3,(#3515,#3516,#3517,#3518,#3519,#3520,#3521,
#3522,#3523,#3524),.UNSPECIFIED.,.F.,.F.,(4,1,1,1,1,1,1,4),(0.E0,
1.428571428571E-1,2.857142857143E-1,4.285714285714E-1,5.714285714286E-1,
7.142857142857E-1,8.571428571429E-1,1.E0),.UNSPECIFIED.);
#3540=B_SPLINE_CURVE_WITH_KNOTS('',3,(#3530,#3531,#3532,#3533,#3534,#3535,#3536,
#3537,#3538,#3539),.UNSPECIFIED.,.F.,.F.,(4,1,1,1,1,1,1,4),(0.E0,
1.428571428571E-1,2.857142857143E-1,4.285714285714E-1,5.714285714286E-1,
7.142857142857E-1,8.571428571429E-1,1.E0),.UNSPECIFIED.);
#3545=CIRCLE('',#3544,9.95E0);
#3550=CIRCLE('',#3549,9.E0);
#3555=CIRCLE('',#3554,9.E0);
#3560=CIRCLE('',#3559,9.95E0);
#3571=B_SPLINE_CURVE_WITH_KNOTS('',3,(#3561,#3562,#3563,#3564,#3565,#3566,#3567,
#3568,#3569,#3570),.UNSPECIFIED.,.F.,.F.,(4,1,1,1,1,1,1,4),(0.E0,
1.428571428571E-1,2.857142857143E-1,4.285714285714E-1,5.714285714286E-1,
7.142857142857E-1,8.571428571429E-1,1.E0),.UNSPECIFIED.);
#3582=B_SPLINE_CURVE_WITH_KNOTS('',3,(#3572,#3573,#3574,#3575,#3576,#3577,#3578,
#3579,#3580,#3581),.UNSPECIFIED.,.F.,.F.,(4,1,1,1,1,1,1,4),(0.E0,
1.428571428571E-1,2.857142857143E-1,4.285714285714E-1,5.714285714286E-1,
7.142857142857E-1,8.571428571429E-1,1.E0),.UNSPECIFIED.);
#3593=B_SPLINE_CURVE_WITH_KNOTS('',3,(#3583,#3584,#3585,#3586,#3587,#3588,#3589,
#3590,#3591,#3592),.UNSPECIFIED.,.F.,.F.,(4,1,1,1,1,1,1,4),(0.E0,
1.428571428571E-1,2.857142857143E-1,4.285714285714E-1,5.714285714286E-1,
7.142857142857E-1,8.571428571429E-1,1.E0),.UNSPECIFIED.);
#3608=B_SPLINE_CURVE_WITH_KNOTS('',3,(#3598,#3599,#3600,#3601,#3602,#3603,#3604,
#3605,#3606,#3607),.UNSPECIFIED.,.F.,.F.,(4,1,1,1,1,1,1,4),(0.E0,
1.428571428571E-1,2.857142857143E-1,4.285714285714E-1,5.714285714286E-1,
7.142857142857E-1,8.571428571429E-1,1.E0),.UNSPECIFIED.);
#3623=B_SPLINE_CURVE_WITH_KNOTS('',3,(#3613,#3614,#3615,#3616,#3617,#3618,#3619,
#3620,#3621,#3622),.UNSPECIFIED.,.F.,.F.,(4,1,1,1,1,1,1,4),(0.E0,
1.428571428571E-1,2.857142857143E-1,4.285714285714E-1,5.714285714286E-1,
7.142857142857E-1,8.571428571429E-1,1.E0),.UNSPECIFIED.);
#3634=B_SPLINE_CURVE_WITH_KNOTS('',3,(#3624,#3625,#3626,#3627,#3628,#3629,#3630,
#3631,#3632,#3633),.UNSPECIFIED.,.F.,.F.,(4,1,1,1,1,1,1,4),(0.E0,
1.428571428571E-1,2.857142857143E-1,4.285714285714E-1,5.714285714286E-1,
7.142857142857E-1,8.571428571429E-1,1.E0),.UNSPECIFIED.);
#3645=B_SPLINE_CURVE_WITH_KNOTS('',3,(#3635,#3636,#3637,#3638,#3639,#3640,#3641,
#3642,#3643,#3644),.UNSPECIFIED.,.F.,.F.,(4,1,1,1,1,1,1,4),(0.E0,
1.428571428571E-1,2.857142857143E-1,4.285714285714E-1,5.714285714286E-1,
7.142857142857E-1,8.571428571429E-1,1.E0),.UNSPECIFIED.);
#3660=B_SPLINE_CURVE_WITH_KNOTS('',3,(#3650,#3651,#3652,#3653,#3654,#3655,#3656,
#3657,#3658,#3659),.UNSPECIFIED.,.F.,.F.,(4,1,1,1,1,1,1,4),(0.E0,
1.428571428571E-1,2.857142857143E-1,4.285714285714E-1,5.714285714286E-1,
7.142857142857E-1,8.571428571429E-1,1.E0),.UNSPECIFIED.);
#3665=CIRCLE('',#3664,9.95E0);
#3670=CIRCLE('',#3669,9.95E0);
#3685=B_SPLINE_CURVE_WITH_KNOTS('',3,(#3675,#3676,#3677,#3678,#3679,#3680,#3681,
#3682,#3683,#3684),.UNSPECIFIED.,.F.,.F.,(4,1,1,1,1,1,1,4),(0.E0,
1.428571428571E-1,2.857142857143E-1,4.285714285714E-1,5.714285714286E-1,
7.142857142857E-1,8.571428571429E-1,1.E0),.UNSPECIFIED.);
#3696=B_SPLINE_CURVE_WITH_KNOTS('',3,(#3686,#3687,#3688,#3689,#3690,#3691,#3692,
#3693,#3694,#3695),.UNSPECIFIED.,.F.,.F.,(4,1,1,1,1,1,1,4),(0.E0,
1.428571428571E-1,2.857142857143E-1,4.285714285714E-1,5.714285714286E-1,
7.142857142857E-1,8.571428571429E-1,1.E0),.UNSPECIFIED.);
#3707=B_SPLINE_CURVE_WITH_KNOTS('',3,(#3697,#3698,#3699,#3700,#3701,#3702,#3703,
#3704,#3705,#3706),.UNSPECIFIED.,.F.,.F.,(4,1,1,1,1,1,1,4),(0.E0,
1.428571428571E-1,2.857142857143E-1,4.285714285714E-1,5.714285714286E-1,
7.142857142857E-1,8.571428571429E-1,1.E0),.UNSPECIFIED.);
#3722=B_SPLINE_CURVE_WITH_KNOTS('',3,(#3712,#3713,#3714,#3715,#3716,#3717,#3718,
#3719,#3720,#3721),.UNSPECIFIED.,.F.,.F.,(4,1,1,1,1,1,1,4),(0.E0,
1.428571428571E-1,2.857142857143E-1,4.285714285714E-1,5.714285714286E-1,
7.142857142857E-1,8.571428571429E-1,1.E0),.UNSPECIFIED.);
#3727=CIRCLE('',#3726,9.95E0);
#3732=CIRCLE('',#3731,9.95E0);
#3747=B_SPLINE_CURVE_WITH_KNOTS('',3,(#3737,#3738,#3739,#3740,#3741,#3742,#3743,
#3744,#3745,#3746),.UNSPECIFIED.,.F.,.F.,(4,1,1,1,1,1,1,4),(0.E0,
1.428571428571E-1,2.857142857143E-1,4.285714285714E-1,5.714285714286E-1,
7.142857142857E-1,8.571428571429E-1,1.E0),.UNSPECIFIED.);
#3758=B_SPLINE_CURVE_WITH_KNOTS('',3,(#3748,#3749,#3750,#3751,#3752,#3753,#3754,
#3755,#3756,#3757),.UNSPECIFIED.,.F.,.F.,(4,1,1,1,1,1,1,4),(0.E0,
1.428571428571E-1,2.857142857143E-1,4.285714285714E-1,5.714285714286E-1,
7.142857142857E-1,8.571428571429E-1,1.E0),.UNSPECIFIED.);
#3769=B_SPLINE_CURVE_WITH_KNOTS('',3,(#3759,#3760,#3761,#3762,#3763,#3764,#3765,
#3766,#3767,#3768),.UNSPECIFIED.,.F.,.F.,(4,1,1,1,1,1,1,4),(0.E0,
1.428571428571E-1,2.857142857143E-1,4.285714285714E-1,5.714285714286E-1,
7.142857142857E-1,8.571428571429E-1,1.E0),.UNSPECIFIED.);
#3784=B_SPLINE_CURVE_WITH_KNOTS('',3,(#3774,#3775,#3776,#3777,#3778,#3779,#3780,
#3781,#3782,#3783),.UNSPECIFIED.,.F.,.F.,(4,1,1,1,1,1,1,4),(0.E0,
1.428571428571E-1,2.857142857143E-1,4.285714285714E-1,5.714285714286E-1,
7.142857142857E-1,8.571428571429E-1,1.E0),.UNSPECIFIED.);
#3799=B_SPLINE_CURVE_WITH_KNOTS('',3,(#3789,#3790,#3791,#3792,#3793,#3794,#3795,
#3796,#3797,#3798),.UNSPECIFIED.,.F.,.F.,(4,1,1,1,1,1,1,4),(0.E0,
1.428571428571E-1,2.857142857143E-1,4.285714285714E-1,5.714285714286E-1,
7.142857142857E-1,8.571428571429E-1,1.E0),.UNSPECIFIED.);
#3810=B_SPLINE_CURVE_WITH_KNOTS('',3,(#3800,#3801,#3802,#3803,#3804,#3805,#3806,
#3807,#3808,#3809),.UNSPECIFIED.,.F.,.F.,(4,1,1,1,1,1,1,4),(0.E0,
1.428571428571E-1,2.857142857143E-1,4.285714285714E-1,5.714285714286E-1,
7.142857142857E-1,8.571428571429E-1,1.E0),.UNSPECIFIED.);
#3821=B_SPLINE_CURVE_WITH_KNOTS('',3,(#3811,#3812,#3813,#3814,#3815,#3816,#3817,
#3818,#3819,#3820),.UNSPECIFIED.,.F.,.F.,(4,1,1,1,1,1,1,4),(0.E0,
1.428571428571E-1,2.857142857143E-1,4.285714285714E-1,5.714285714286E-1,
7.142857142857E-1,8.571428571429E-1,1.E0),.UNSPECIFIED.);
#3836=B_SPLINE_CURVE_WITH_KNOTS('',3,(#3826,#3827,#3828,#3829,#3830,#3831,#3832,
#3833,#3834,#3835),.UNSPECIFIED.,.F.,.F.,(4,1,1,1,1,1,1,4),(0.E0,
1.428571428571E-1,2.857142857143E-1,4.285714285714E-1,5.714285714286E-1,
7.142857142857E-1,8.571428571429E-1,1.E0),.UNSPECIFIED.);
#3841=CIRCLE('',#3840,9.95E0);
#3846=CIRCLE('',#3845,9.95E0);
#3855=CIRCLE('',#3854,9.95E0);
#3860=CIRCLE('',#3859,9.95E0);
#4516=EDGE_CURVE('',#3874,#3898,#144,.T.);
#4518=EDGE_CURVE('',#3874,#3884,#139,.T.);
#4520=EDGE_CURVE('',#3884,#3900,#149,.T.);
#4522=EDGE_CURVE('',#3898,#3900,#164,.T.);
#4526=ADVANCED_FACE('',(#4525),#4515,.T.);
#4533=EDGE_CURVE('',#3898,#3900,#159,.T.);
#4536=EDGE_CURVE('',#3874,#3884,#154,.T.);
#4540=ADVANCED_FACE('',(#4539),#4531,.T.);
#4550=EDGE_CURVE('',#3867,#3877,#169,.T.);
#4552=EDGE_CURVE('',#3867,#3877,#182,.T.);
#4556=ADVANCED_FACE('',(#4549,#4555),#4545,.F.);
#4562=EDGE_CURVE('',#3867,#3868,#173,.T.);
#4565=EDGE_CURVE('',#3877,#3878,#177,.T.);
#4567=EDGE_CURVE('',#3868,#3878,#200,.T.);
#4571=ADVANCED_FACE('',(#4570),#4561,.F.);
#4578=EDGE_CURVE('',#3868,#3878,#195,.T.);
#4584=ADVANCED_FACE('',(#4583),#4576,.F.);
#4590=EDGE_CURVE('',#3868,#3870,#186,.T.);
#4592=EDGE_CURVE('',#3870,#3880,#974,.T.);
#4594=EDGE_CURVE('',#3878,#3880,#190,.T.);
#4599=ADVANCED_FACE('',(#4598),#4589,.F.);
#4608=EDGE_CURVE('',#3870,#3880,#210,.T.);
#4612=ADVANCED_FACE('',(#4611),#4604,.F.);
#4618=EDGE_CURVE('',#4124,#4190,#205,.T.);
#4620=EDGE_CURVE('',#3870,#4190,#978,.T.);
#4623=EDGE_CURVE('',#3880,#4192,#969,.T.);
#4625=EDGE_CURVE('',#4192,#4124,#215,.T.);
#4629=ADVANCED_FACE('',(#4628),#4617,.F.);
#4635=EDGE_CURVE('',#4120,#4121,#220,.T.);
#4637=EDGE_CURVE('',#4190,#4120,#960,.T.);
#4640=EDGE_CURVE('',#4124,#4125,#225,.T.);
#4642=EDGE_CURVE('',#4121,#4125,#235,.T.);
#4646=ADVANCED_FACE('',(#4645),#4634,.T.);
#4653=EDGE_CURVE('',#4121,#4125,#230,.T.);
#4657=EDGE_CURVE('',#4120,#4192,#965,.T.);
#4661=ADVANCED_FACE('',(#4660),#4651,.T.);
#4671=EDGE_CURVE('',#4115,#4089,#253,.T.);
#4673=EDGE_CURVE('',#4117,#4115,#258,.T.);
#4675=EDGE_CURVE('',#4105,#4117,#940,.T.);
#4677=EDGE_CURVE('',#4085,#4105,#239,.T.);
#4679=EDGE_CURVE('',#4084,#4085,#244,.T.);
#4681=EDGE_CURVE('',#4089,#4084,#248,.T.);
#4685=ADVANCED_FACE('',(#4670,#4684),#4666,.T.);
#4691=EDGE_CURVE('',#4109,#4115,#262,.T.);
#4694=EDGE_CURVE('',#4088,#4089,#300,.T.);
#4696=EDGE_CURVE('',#4088,#4109,#291,.T.);
#4700=ADVANCED_FACE('',(#4699),#4690,.T.);
#4708=EDGE_CURVE('',#4109,#4107,#267,.T.);
#4710=EDGE_CURVE('',#4117,#4107,#271,.T.);
#4714=ADVANCED_FACE('',(#4713),#4705,.T.);
#4721=EDGE_CURVE('',#4109,#4103,#286,.T.);
#4723=EDGE_CURVE('',#4103,#4092,#276,.T.);
#4725=EDGE_CURVE('',#4092,#4107,#950,.T.);
#4729=ADVANCED_FACE('',(#4728),#4719,.T.);
#4735=EDGE_CURVE('',#4103,#4088,#281,.T.);
#4741=ADVANCED_FACE('',(#4740),#4734,.T.);
#4747=EDGE_CURVE('',#4101,#4088,#304,.T.);
#4749=EDGE_CURVE('',#4099,#4101,#296,.T.);
#4751=EDGE_CURVE('',#4099,#4103,#402,.T.);
#4756=ADVANCED_FACE('',(#4755),#4746,.T.);
#4764=EDGE_CURVE('',#4101,#4084,#313,.T.);
#4769=ADVANCED_FACE('',(#4768),#4761,.F.);
#4775=EDGE_CURVE('',#4097,#4101,#309,.T.);
#4779=EDGE_CURVE('',#4097,#4085,#931,.T.);
#4783=ADVANCED_FACE('',(#4782),#4774,.F.);
#4789=EDGE_CURVE('',#4093,#4099,#407,.T.);
#4793=EDGE_CURVE('',#4093,#4097,#318,.T.);
#4797=ADVANCED_FACE('',(#4796),#4788,.T.);
#4806=EDGE_CURVE('',#4092,#4093,#411,.T.);
#4810=EDGE_CURVE('',#4276,#4278,#333,.T.);
#4812=EDGE_CURVE('',#4278,#4276,#338,.T.);
#4816=EDGE_CURVE('',#4296,#4298,#343,.T.);
#4818=EDGE_CURVE('',#4298,#4296,#348,.T.);
#4822=EDGE_CURVE('',#4316,#4318,#353,.T.);
#4824=EDGE_CURVE('',#4318,#4316,#358,.T.);
#4828=EDGE_CURVE('',#4336,#4338,#363,.T.);
#4830=EDGE_CURVE('',#4338,#4336,#368,.T.);
#4834=EDGE_CURVE('',#4356,#4358,#373,.T.);
#4836=EDGE_CURVE('',#4358,#4356,#378,.T.);
#4840=EDGE_CURVE('',#4376,#4378,#383,.T.);
#4842=EDGE_CURVE('',#4378,#4376,#388,.T.);
#4846=EDGE_CURVE('',#4396,#4398,#393,.T.);
#4848=EDGE_CURVE('',#4398,#4396,#398,.T.);
#4852=EDGE_CURVE('',#4257,#4258,#323,.T.);
#4854=EDGE_CURVE('',#4258,#4257,#328,.T.);
#4858=ADVANCED_FACE('',(#4809,#4815,#4821,#4827,#4833,#4839,#4845,#4851,#4857),
#4802,.F.);
#4865=EDGE_CURVE('',#4254,#4258,#429,.T.);
#4867=EDGE_CURVE('',#4246,#4254,#416,.T.);
#4869=EDGE_CURVE('',#4246,#4257,#420,.T.);
#4873=ADVANCED_FACE('',(#4872),#4863,.F.);
#4881=EDGE_CURVE('',#4246,#4254,#425,.T.);
#4886=ADVANCED_FACE('',(#4885),#4878,.F.);
#4892=EDGE_CURVE('',#4245,#4246,#433,.T.);
#4894=EDGE_CURVE('',#4245,#4253,#438,.T.);
#4896=EDGE_CURVE('',#4253,#4254,#442,.T.);
#4901=ADVANCED_FACE('',(#4900),#4891,.F.);
#4910=EDGE_CURVE('',#4245,#4253,#447,.T.);
#4914=ADVANCED_FACE('',(#4913),#4906,.F.);
#4924=EDGE_CURVE('',#4242,#4250,#452,.T.);
#4926=EDGE_CURVE('',#4242,#4250,#457,.T.);
#4930=ADVANCED_FACE('',(#4923,#4929),#4919,.F.);
#4936=EDGE_CURVE('',#4241,#4242,#461,.T.);
#4938=EDGE_CURVE('',#4241,#4249,#466,.T.);
#4940=EDGE_CURVE('',#4249,#4250,#470,.T.);
#4945=ADVANCED_FACE('',(#4944),#4935,.F.);
#4954=EDGE_CURVE('',#4241,#4249,#475,.T.);
#4958=ADVANCED_FACE('',(#4957),#4950,.F.);
#4968=ADVANCED_FACE('',(#4967),#4963,.F.);
#4974=EDGE_CURVE('',#4266,#4276,#484,.T.);
#4977=EDGE_CURVE('',#4274,#4278,#493,.T.);
#4979=EDGE_CURVE('',#4266,#4274,#480,.T.);
#4983=ADVANCED_FACE('',(#4982),#4973,.F.);
#4990=EDGE_CURVE('',#4266,#4274,#489,.T.);
#4996=ADVANCED_FACE('',(#4995),#4988,.F.);
#5002=EDGE_CURVE('',#4265,#4266,#497,.T.);
#5004=EDGE_CURVE('',#4265,#4273,#502,.T.);
#5006=EDGE_CURVE('',#4273,#4274,#506,.T.);
#5011=ADVANCED_FACE('',(#5010),#5001,.F.);
#5020=EDGE_CURVE('',#4265,#4273,#511,.T.);
#5024=ADVANCED_FACE('',(#5023),#5016,.F.);
#5034=EDGE_CURVE('',#4262,#4270,#516,.T.);
#5036=EDGE_CURVE('',#4262,#4270,#521,.T.);
#5040=ADVANCED_FACE('',(#5033,#5039),#5029,.F.);
#5046=EDGE_CURVE('',#4261,#4262,#525,.T.);
#5048=EDGE_CURVE('',#4261,#4269,#530,.T.);
#5050=EDGE_CURVE('',#4269,#4270,#534,.T.);
#5055=ADVANCED_FACE('',(#5054),#5045,.F.);
#5064=EDGE_CURVE('',#4261,#4269,#539,.T.);
#5068=ADVANCED_FACE('',(#5067),#5060,.F.);
#5078=ADVANCED_FACE('',(#5077),#5073,.F.);
#5084=EDGE_CURVE('',#4286,#4296,#548,.T.);
#5087=EDGE_CURVE('',#4294,#4298,#557,.T.);
#5089=EDGE_CURVE('',#4286,#4294,#544,.T.);
#5093=ADVANCED_FACE('',(#5092),#5083,.F.);
#5100=EDGE_CURVE('',#4286,#4294,#553,.T.);
#5106=ADVANCED_FACE('',(#5105),#5098,.F.);
#5112=EDGE_CURVE('',#4285,#4286,#561,.T.);
#5114=EDGE_CURVE('',#4285,#4293,#566,.T.);
#5116=EDGE_CURVE('',#4293,#4294,#570,.T.);
#5121=ADVANCED_FACE('',(#5120),#5111,.F.);
#5130=EDGE_CURVE('',#4285,#4293,#575,.T.);
#5134=ADVANCED_FACE('',(#5133),#5126,.F.);
#5144=EDGE_CURVE('',#4282,#4290,#580,.T.);
#5146=EDGE_CURVE('',#4282,#4290,#585,.T.);
#5150=ADVANCED_FACE('',(#5143,#5149),#5139,.F.);
#5156=EDGE_CURVE('',#4281,#4282,#589,.T.);
#5158=EDGE_CURVE('',#4281,#4289,#594,.T.);
#5160=EDGE_CURVE('',#4289,#4290,#598,.T.);
#5165=ADVANCED_FACE('',(#5164),#5155,.F.);
#5174=EDGE_CURVE('',#4281,#4289,#603,.T.);
#5178=ADVANCED_FACE('',(#5177),#5170,.F.);
#5188=ADVANCED_FACE('',(#5187),#5183,.F.);
#5194=EDGE_CURVE('',#4306,#4316,#612,.T.);
#5197=EDGE_CURVE('',#4314,#4318,#621,.T.);
#5199=EDGE_CURVE('',#4306,#4314,#608,.T.);
#5203=ADVANCED_FACE('',(#5202),#5193,.F.);
#5210=EDGE_CURVE('',#4306,#4314,#617,.T.);
#5216=ADVANCED_FACE('',(#5215),#5208,.F.);
#5222=EDGE_CURVE('',#4305,#4306,#625,.T.);
#5224=EDGE_CURVE('',#4305,#4313,#630,.T.);
#5226=EDGE_CURVE('',#4313,#4314,#634,.T.);
#5231=ADVANCED_FACE('',(#5230),#5221,.F.);
#5240=EDGE_CURVE('',#4305,#4313,#639,.T.);
#5244=ADVANCED_FACE('',(#5243),#5236,.F.);
#5254=EDGE_CURVE('',#4302,#4310,#644,.T.);
#5256=EDGE_CURVE('',#4302,#4310,#649,.T.);
#5260=ADVANCED_FACE('',(#5253,#5259),#5249,.F.);
#5266=EDGE_CURVE('',#4301,#4302,#653,.T.);
#5268=EDGE_CURVE('',#4301,#4309,#658,.T.);
#5270=EDGE_CURVE('',#4309,#4310,#662,.T.);
#5275=ADVANCED_FACE('',(#5274),#5265,.F.);
#5284=EDGE_CURVE('',#4301,#4309,#667,.T.);
#5288=ADVANCED_FACE('',(#5287),#5280,.F.);
#5298=ADVANCED_FACE('',(#5297),#5293,.F.);
#5304=EDGE_CURVE('',#4326,#4336,#676,.T.);
#5307=EDGE_CURVE('',#4334,#4338,#685,.T.);
#5309=EDGE_CURVE('',#4326,#4334,#672,.T.);
#5313=ADVANCED_FACE('',(#5312),#5303,.F.);
#5320=EDGE_CURVE('',#4326,#4334,#681,.T.);
#5326=ADVANCED_FACE('',(#5325),#5318,.F.);
#5332=EDGE_CURVE('',#4325,#4326,#689,.T.);
#5334=EDGE_CURVE('',#4325,#4333,#694,.T.);
#5336=EDGE_CURVE('',#4333,#4334,#698,.T.);
#5341=ADVANCED_FACE('',(#5340),#5331,.F.);
#5350=EDGE_CURVE('',#4325,#4333,#703,.T.);
#5354=ADVANCED_FACE('',(#5353),#5346,.F.);
#5364=EDGE_CURVE('',#4322,#4330,#708,.T.);
#5366=EDGE_CURVE('',#4322,#4330,#713,.T.);
#5370=ADVANCED_FACE('',(#5363,#5369),#5359,.F.);
#5376=EDGE_CURVE('',#4321,#4322,#717,.T.);
#5378=EDGE_CURVE('',#4321,#4329,#722,.T.);
#5380=EDGE_CURVE('',#4329,#4330,#726,.T.);
#5385=ADVANCED_FACE('',(#5384),#5375,.F.);
#5394=EDGE_CURVE('',#4321,#4329,#731,.T.);
#5398=ADVANCED_FACE('',(#5397),#5390,.F.);
#5408=ADVANCED_FACE('',(#5407),#5403,.F.);
#5414=EDGE_CURVE('',#4346,#4356,#740,.T.);
#5417=EDGE_CURVE('',#4354,#4358,#749,.T.);
#5419=EDGE_CURVE('',#4346,#4354,#736,.T.);
#5423=ADVANCED_FACE('',(#5422),#5413,.F.);
#5430=EDGE_CURVE('',#4346,#4354,#745,.T.);
#5436=ADVANCED_FACE('',(#5435),#5428,.F.);
#5442=EDGE_CURVE('',#4345,#4346,#753,.T.);
#5444=EDGE_CURVE('',#4345,#4353,#758,.T.);
#5446=EDGE_CURVE('',#4353,#4354,#762,.T.);
#5451=ADVANCED_FACE('',(#5450),#5441,.F.);
#5460=EDGE_CURVE('',#4345,#4353,#767,.T.);
#5464=ADVANCED_FACE('',(#5463),#5456,.F.);
#5474=EDGE_CURVE('',#4342,#4350,#772,.T.);
#5476=EDGE_CURVE('',#4342,#4350,#777,.T.);
#5480=ADVANCED_FACE('',(#5473,#5479),#5469,.F.);
#5486=EDGE_CURVE('',#4341,#4342,#781,.T.);
#5488=EDGE_CURVE('',#4341,#4349,#786,.T.);
#5490=EDGE_CURVE('',#4349,#4350,#790,.T.);
#5495=ADVANCED_FACE('',(#5494),#5485,.F.);
#5504=EDGE_CURVE('',#4341,#4349,#795,.T.);
#5508=ADVANCED_FACE('',(#5507),#5500,.F.);
#5518=ADVANCED_FACE('',(#5517),#5513,.F.);
#5524=EDGE_CURVE('',#4366,#4376,#804,.T.);
#5527=EDGE_CURVE('',#4374,#4378,#813,.T.);
#5529=EDGE_CURVE('',#4366,#4374,#800,.T.);
#5533=ADVANCED_FACE('',(#5532),#5523,.F.);
#5540=EDGE_CURVE('',#4366,#4374,#809,.T.);
#5546=ADVANCED_FACE('',(#5545),#5538,.F.);
#5552=EDGE_CURVE('',#4365,#4366,#817,.T.);
#5554=EDGE_CURVE('',#4365,#4373,#822,.T.);
#5556=EDGE_CURVE('',#4373,#4374,#826,.T.);
#5561=ADVANCED_FACE('',(#5560),#5551,.F.);
#5570=EDGE_CURVE('',#4365,#4373,#831,.T.);
#5574=ADVANCED_FACE('',(#5573),#5566,.F.);
#5584=EDGE_CURVE('',#4362,#4370,#836,.T.);
#5586=EDGE_CURVE('',#4362,#4370,#841,.T.);
#5590=ADVANCED_FACE('',(#5583,#5589),#5579,.F.);
#5596=EDGE_CURVE('',#4361,#4362,#845,.T.);
#5598=EDGE_CURVE('',#4361,#4369,#850,.T.);
#5600=EDGE_CURVE('',#4369,#4370,#854,.T.);
#5605=ADVANCED_FACE('',(#5604),#5595,.F.);
#5614=EDGE_CURVE('',#4361,#4369,#859,.T.);
#5618=ADVANCED_FACE('',(#5617),#5610,.F.);
#5628=ADVANCED_FACE('',(#5627),#5623,.F.);
#5634=EDGE_CURVE('',#4386,#4396,#868,.T.);
#5637=EDGE_CURVE('',#4394,#4398,#877,.T.);
#5639=EDGE_CURVE('',#4386,#4394,#864,.T.);
#5643=ADVANCED_FACE('',(#5642),#5633,.F.);
#5650=EDGE_CURVE('',#4386,#4394,#873,.T.);
#5656=ADVANCED_FACE('',(#5655),#5648,.F.);
#5662=EDGE_CURVE('',#4385,#4386,#881,.T.);
#5664=EDGE_CURVE('',#4385,#4393,#886,.T.);
#5666=EDGE_CURVE('',#4393,#4394,#890,.T.);
#5671=ADVANCED_FACE('',(#5670),#5661,.F.);
#5680=EDGE_CURVE('',#4385,#4393,#895,.T.);
#5684=ADVANCED_FACE('',(#5683),#5676,.F.);
#5694=EDGE_CURVE('',#4382,#4390,#900,.T.);
#5696=EDGE_CURVE('',#4382,#4390,#905,.T.);
#5700=ADVANCED_FACE('',(#5693,#5699),#5689,.F.);
#5706=EDGE_CURVE('',#4381,#4382,#909,.T.);
#5708=EDGE_CURVE('',#4381,#4389,#914,.T.);
#5710=EDGE_CURVE('',#4389,#4390,#918,.T.);
#5715=ADVANCED_FACE('',(#5714),#5705,.F.);
#5724=EDGE_CURVE('',#4381,#4389,#923,.T.);
#5728=ADVANCED_FACE('',(#5727),#5720,.F.);
#5738=ADVANCED_FACE('',(#5737),#5733,.F.);
#5746=EDGE_CURVE('',#4096,#4097,#927,.T.);
#5748=EDGE_CURVE('',#4096,#4092,#955,.T.);
#5752=ADVANCED_FACE('',(#5751),#5743,.T.);
#5761=EDGE_CURVE('',#4105,#4096,#935,.T.);
#5765=ADVANCED_FACE('',(#5764),#5757,.F.);
#5772=EDGE_CURVE('',#4107,#4096,#945,.T.);
#5778=ADVANCED_FACE('',(#5777),#5770,.T.);
#5789=ADVANCED_FACE('',(#5788),#5783,.T.);
#5802=ADVANCED_FACE('',(#5801),#5794,.F.);
#5808=EDGE_CURVE('',#3873,#3874,#982,.T.);
#5811=EDGE_CURVE('',#3883,#3884,#986,.T.);
#5813=EDGE_CURVE('',#3873,#3883,#991,.T.);
#5817=ADVANCED_FACE('',(#5816),#5807,.T.);
#5824=EDGE_CURVE('',#3873,#3883,#996,.T.);
#5830=ADVANCED_FACE('',(#5829),#5822,.T.);
#5836=EDGE_CURVE('',#4029,#4030,#1006,.T.);
#5838=EDGE_CURVE('',#4030,#3883,#1922,.T.);
#5841=EDGE_CURVE('',#4031,#3873,#1918,.T.);
#5843=EDGE_CURVE('',#4031,#4032,#1013,.T.);
#5845=EDGE_CURVE('',#4029,#4032,#1048,.T.);
#5849=ADVANCED_FACE('',(#5848),#5835,.T.);
#5855=EDGE_CURVE('',#4131,#4128,#1052,.T.);
#5857=EDGE_CURVE('',#4077,#4128,#1160,.T.);
#5859=EDGE_CURVE('',#4077,#4070,#1700,.T.);
#5861=EDGE_CURVE('',#4070,#4059,#1463,.T.);
#5863=EDGE_CURVE('',#4059,#4036,#1200,.T.);
#5865=EDGE_CURVE('',#4035,#4036,#1080,.T.);
#5867=EDGE_CURVE('',#4035,#4066,#1582,.T.);
#5869=EDGE_CURVE('',#4066,#4058,#1308,.T.);
#5871=EDGE_CURVE('',#4058,#4041,#1179,.T.);
#5873=EDGE_CURVE('',#4030,#4041,#1845,.T.);
#5876=EDGE_CURVE('',#4029,#4050,#1290,.T.);
#5878=EDGE_CURVE('',#4050,#4057,#1167,.T.);
#5880=EDGE_CURVE('',#4057,#4068,#1353,.T.);
#5882=EDGE_CURVE('',#4068,#4056,#1500,.T.);
#5884=EDGE_CURVE('',#4056,#4007,#1712,.T.);
#5886=EDGE_CURVE('',#4007,#4008,#1926,.T.);
#5888=EDGE_CURVE('',#4008,#4060,#1228,.T.);
#5890=EDGE_CURVE('',#4060,#4072,#1367,.T.);
#5892=EDGE_CURVE('',#4072,#4011,#1524,.T.);
#5894=EDGE_CURVE('',#4011,#4012,#1994,.T.);
#5896=EDGE_CURVE('',#4012,#4131,#1271,.T.);
#5900=ADVANCED_FACE('',(#5899),#5854,.F.);
#5906=EDGE_CURVE('',#4231,#4232,#1056,.T.);
#5908=EDGE_CURVE('',#4231,#4199,#2161,.T.);
#5910=EDGE_CURVE('',#4199,#4200,#2218,.T.);
#5912=EDGE_CURVE('',#4200,#4044,#2270,.T.);
#5914=EDGE_CURVE('',#4044,#4045,#2406,.T.);
#5916=EDGE_CURVE('',#4045,#4048,#2463,.T.);
#5918=EDGE_CURVE('',#4048,#4202,#2324,.T.);
#5920=EDGE_CURVE('',#4202,#4196,#2165,.T.);
#5922=EDGE_CURVE('',#4196,#4016,#2126,.T.);
#5924=EDGE_CURVE('',#4015,#4016,#2064,.T.);
#5926=EDGE_CURVE('',#4015,#4232,#2372,.T.);
#5930=ADVANCED_FACE('',(#5929),#5905,.F.);
#5936=EDGE_CURVE('',#4149,#4158,#3555,.T.);
#5938=EDGE_CURVE('',#4149,#4150,#1061,.T.);
#5940=EDGE_CURVE('',#4150,#4152,#1066,.T.);
#5942=EDGE_CURVE('',#4155,#4152,#3550,.T.);
#5944=EDGE_CURVE('',#4155,#4156,#1071,.T.);
#5946=EDGE_CURVE('',#4156,#4158,#1076,.T.);
#5950=EDGE_CURVE('',#4128,#4129,#1150,.T.);
#5953=EDGE_CURVE('',#4130,#4131,#1265,.T.);
#5955=EDGE_CURVE('',#4134,#4130,#1476,.T.);
#5957=EDGE_CURVE('',#4133,#4134,#1300,.T.);
#5959=EDGE_CURVE('',#4132,#4133,#1418,.T.);
#5961=EDGE_CURVE('',#4129,#4132,#1659,.T.);
#5965=ADVANCED_FACE('',(#5949,#5964),#5935,.T.);
#5972=EDGE_CURVE('',#4040,#4036,#1110,.T.);
#5974=EDGE_CURVE('',#4039,#4040,#1114,.T.);
#5976=EDGE_CURVE('',#4035,#4039,#1145,.T.);
#5980=ADVANCED_FACE('',(#5979),#5970,.T.);
#5987=EDGE_CURVE('',#4077,#4129,#1156,.T.);
#5992=ADVANCED_FACE('',(#5991),#5985,.T.);
#6135=EDGE_CURVE('',#4050,#3903,#1171,.T.);
#6137=EDGE_CURVE('',#3903,#4057,#1359,.T.);
#6141=ADVANCED_FACE('',(#6140),#6133,.F.);
#6284=EDGE_CURVE('',#4058,#4062,#1349,.T.);
#6286=EDGE_CURVE('',#4020,#4062,#1191,.T.);
#6288=EDGE_CURVE('',#4081,#4020,#2117,.T.);
#6290=EDGE_CURVE('',#4081,#4041,#1873,.T.);
#6294=ADVANCED_FACE('',(#6293),#6282,.F.);
#6437=EDGE_CURVE('',#4059,#4063,#1459,.T.);
#6439=EDGE_CURVE('',#4040,#4063,#1214,.T.);
#6444=ADVANCED_FACE('',(#6443),#6435,.F.);
#6587=EDGE_CURVE('',#4024,#4008,#1990,.T.);
#6589=EDGE_CURVE('',#4061,#4024,#1240,.T.);
#6591=EDGE_CURVE('',#4061,#4060,#1404,.T.);
#6595=ADVANCED_FACE('',(#6594),#6585,.F.);
#6739=EDGE_CURVE('',#4012,#4028,#2060,.T.);
#6741=EDGE_CURVE('',#4064,#4028,#1283,.T.);
#6743=EDGE_CURVE('',#4064,#4130,#1489,.T.);
#6747=ADVANCED_FACE('',(#6746),#6736,.F.);
#6795=EDGE_CURVE('',#4051,#4032,#1296,.T.);
#6797=EDGE_CURVE('',#4051,#3903,#1834,.T.);
#6802=ADVANCED_FACE('',(#6801),#6792,.F.);
#6809=EDGE_CURVE('',#4134,#4064,#1493,.T.);
#6812=EDGE_CURVE('',#4027,#4028,#2029,.T.);
#6814=EDGE_CURVE('',#4027,#4076,#1573,.T.);
#6816=EDGE_CURVE('',#4076,#4061,#1408,.T.);
#6819=EDGE_CURVE('',#4023,#4024,#1960,.T.);
#6821=EDGE_CURVE('',#4023,#4055,#1761,.T.);
#6823=EDGE_CURVE('',#4055,#4051,#1797,.T.);
#6827=EDGE_CURVE('',#4043,#4031,#1914,.T.);
#6829=EDGE_CURVE('',#4043,#4053,#1793,.T.);
#6831=EDGE_CURVE('',#4053,#4042,#1769,.T.);
#6833=EDGE_CURVE('',#4019,#4042,#1884,.T.);
#6835=EDGE_CURVE('',#4019,#4020,#2108,.T.);
#6838=EDGE_CURVE('',#4062,#4074,#1312,.T.);
#6840=EDGE_CURVE('',#4074,#4039,#1594,.T.);
#6844=EDGE_CURVE('',#4063,#4133,#1422,.T.);
#6848=ADVANCED_FACE('',(#6847),#6807,.F.);
#6854=EDGE_CURVE('',#4235,#4236,#1304,.T.);
#6856=EDGE_CURVE('',#4235,#4203,#2263,.T.);
#6858=EDGE_CURVE('',#4203,#4049,#2386,.T.);
#6860=EDGE_CURVE('',#4049,#4046,#2488,.T.);
#6862=EDGE_CURVE('',#4046,#4047,#2450,.T.);
#6864=EDGE_CURVE('',#4047,#4204,#2317,.T.);
#6866=EDGE_CURVE('',#4204,#4236,#2214,.T.);
#6870=ADVANCED_FACE('',(#6869),#6853,.F.);
#7013=EDGE_CURVE('',#4066,#4074,#1631,.T.);
#7019=ADVANCED_FACE('',(#7018),#7011,.F.);
#7163=EDGE_CURVE('',#3903,#3904,#1363,.T.);
#7165=EDGE_CURVE('',#3904,#4068,#1506,.T.);
#7169=ADVANCED_FACE('',(#7168),#7160,.F.);
#7314=EDGE_CURVE('',#4076,#4072,#1561,.T.);
#7318=ADVANCED_FACE('',(#7317),#7310,.F.);
#7464=EDGE_CURVE('',#4070,#4132,#1691,.T.);
#7468=ADVANCED_FACE('',(#7467),#7459,.F.);
#7615=ADVANCED_FACE('',(#7614),#7609,.F.);
#7759=EDGE_CURVE('',#3904,#4056,#1510,.T.);
#7763=ADVANCED_FACE('',(#7762),#7756,.F.);
#7908=EDGE_CURVE('',#4027,#4011,#2025,.T.);
#7912=ADVANCED_FACE('',(#7911),#7904,.F.);
#8060=ADVANCED_FACE('',(#8059),#8053,.F.);
#8208=ADVANCED_FACE('',(#8207),#8201,.F.);
#8288=EDGE_CURVE('',#4055,#3904,#1749,.T.);
#8291=EDGE_CURVE('',#4007,#4023,#1956,.T.);
#8295=ADVANCED_FACE('',(#8294),#8285,.F.);
#8374=EDGE_CURVE('',#4079,#4053,#1789,.T.);
#8376=EDGE_CURVE('',#4079,#4042,#1902,.T.);
#8380=ADVANCED_FACE('',(#8379),#8372,.F.);
#8459=EDGE_CURVE('',#4043,#4079,#1907,.T.);
#8464=ADVANCED_FACE('',(#8463),#8457,.F.);
#8548=ADVANCED_FACE('',(#8547),#8541,.F.);
#8556=EDGE_CURVE('',#4019,#4081,#1878,.T.);
#8567=ADVANCED_FACE('',(#8566),#8553,.T.);
#8579=ADVANCED_FACE('',(#8578),#8572,.T.);
#8591=ADVANCED_FACE('',(#8590),#8584,.T.);
#8598=EDGE_CURVE('',#4016,#3908,#2077,.T.);
#8600=EDGE_CURVE('',#3907,#3908,#2082,.T.);
#8602=EDGE_CURVE('',#3907,#4015,#2104,.T.);
#8606=ADVANCED_FACE('',(#8605),#8596,.T.);
#8617=ADVANCED_FACE('',(#8616),#8611,.T.);
#8696=EDGE_CURVE('',#4196,#4193,#2198,.T.);
#8698=EDGE_CURVE('',#4193,#3908,#2524,.T.);
#8703=ADVANCED_FACE('',(#8702),#8694,.F.);
#8781=EDGE_CURVE('',#4231,#4237,#2152,.T.);
#8783=EDGE_CURVE('',#4237,#4199,#2248,.T.);
#8788=ADVANCED_FACE('',(#8787),#8780,.F.);
#8867=EDGE_CURVE('',#4202,#4195,#2339,.T.);
#8869=EDGE_CURVE('',#4195,#4193,#2529,.T.);
#8874=ADVANCED_FACE('',(#8873),#8865,.F.);
#8952=EDGE_CURVE('',#4237,#4236,#2210,.T.);
#8955=EDGE_CURVE('',#4204,#4200,#2307,.T.);
#8961=ADVANCED_FACE('',(#8960),#8951,.F.);
#9039=EDGE_CURVE('',#4235,#4238,#2259,.T.);
#9041=EDGE_CURVE('',#4238,#4203,#2397,.T.);
#9046=ADVANCED_FACE('',(#9045),#9038,.F.);
#9127=EDGE_CURVE('',#4047,#4044,#2439,.T.);
#9131=ADVANCED_FACE('',(#9130),#9123,.F.);
#9210=EDGE_CURVE('',#4048,#4195,#2544,.T.);
#9215=ADVANCED_FACE('',(#9214),#9208,.F.);
#9293=EDGE_CURVE('',#4238,#4232,#2366,.T.);
#9297=EDGE_CURVE('',#3907,#4049,#2502,.T.);
#9303=ADVANCED_FACE('',(#9302),#9292,.F.);
#9312=EDGE_CURVE('',#3895,#4046,#2476,.T.);
#9314=EDGE_CURVE('',#3895,#3896,#2455,.T.);
#9316=EDGE_CURVE('',#3896,#4045,#2467,.T.);
#9320=ADVANCED_FACE('',(#9319),#9308,.T.);
#9328=EDGE_CURVE('',#3895,#3896,#2472,.T.);
#9339=ADVANCED_FACE('',(#9338),#9325,.T.);
#9345=EDGE_CURVE('',#4111,#3895,#2548,.T.);
#9348=EDGE_CURVE('',#4113,#3896,#2552,.T.);
#9350=EDGE_CURVE('',#4113,#4228,#2557,.T.);
#9352=EDGE_CURVE('',#4228,#4111,#2562,.T.);
#9356=ADVANCED_FACE('',(#9355),#9344,.T.);
#9363=EDGE_CURVE('',#4111,#4226,#2567,.T.);
#9365=EDGE_CURVE('',#4226,#4113,#2572,.T.);
#9371=ADVANCED_FACE('',(#9370),#9361,.T.);
#9377=EDGE_CURVE('',#4223,#4224,#2621,.T.);
#9379=EDGE_CURVE('',#4224,#4226,#3452,.T.);
#9383=EDGE_CURVE('',#4223,#4228,#3447,.T.);
#9387=ADVANCED_FACE('',(#9386),#9376,.T.);
#9393=EDGE_CURVE('',#3983,#3984,#2576,.T.);
#9395=EDGE_CURVE('',#3984,#3988,#2581,.T.);
#9397=EDGE_CURVE('',#3987,#3988,#2585,.T.);
#9399=EDGE_CURVE('',#3991,#3987,#2713,.T.);
#9401=EDGE_CURVE('',#3991,#3992,#2589,.T.);
#9403=EDGE_CURVE('',#3992,#3995,#2594,.T.);
#9405=EDGE_CURVE('',#3995,#3996,#2598,.T.);
#9407=EDGE_CURVE('',#3996,#4000,#2603,.T.);
#9409=EDGE_CURVE('',#3999,#4000,#2607,.T.);
#9411=EDGE_CURVE('',#4003,#3999,#2708,.T.);
#9413=EDGE_CURVE('',#4003,#4004,#2611,.T.);
#9415=EDGE_CURVE('',#4004,#3983,#2616,.T.);
#9420=EDGE_CURVE('',#4224,#4223,#2626,.T.);
#9424=ADVANCED_FACE('',(#9418,#9423),#9392,.F.);
#9430=EDGE_CURVE('',#3911,#3912,#2658,.T.);
#9432=EDGE_CURVE('',#3912,#3959,#2633,.T.);
#9434=EDGE_CURVE('',#3959,#3960,#2796,.T.);
#9436=EDGE_CURVE('',#3960,#3936,#2640,.T.);
#9438=EDGE_CURVE('',#3935,#3936,#2722,.T.);
#9440=EDGE_CURVE('',#3984,#3935,#2647,.T.);
#9443=EDGE_CURVE('',#3911,#3983,#2654,.T.);
#9447=ADVANCED_FACE('',(#9446),#9429,.F.);
#9454=EDGE_CURVE('',#3931,#3911,#2663,.T.);
#9456=EDGE_CURVE('',#3931,#3932,#2667,.T.);
#9458=EDGE_CURVE('',#3932,#3912,#2672,.T.);
#9462=ADVANCED_FACE('',(#9461),#9452,.T.);
#9468=EDGE_CURVE('',#3915,#3916,#2676,.T.);
#9470=EDGE_CURVE('',#3916,#3920,#2681,.T.);
#9472=EDGE_CURVE('',#3919,#3920,#2685,.T.);
#9474=EDGE_CURVE('',#3915,#3919,#2690,.T.);
#9478=ADVANCED_FACE('',(#9477),#9467,.T.);
#9484=EDGE_CURVE('',#3923,#3924,#2694,.T.);
#9486=EDGE_CURVE('',#3928,#3924,#2782,.T.);
#9488=EDGE_CURVE('',#3927,#3928,#2698,.T.);
#9490=EDGE_CURVE('',#3923,#3927,#2703,.T.);
#9494=ADVANCED_FACE('',(#9493),#9483,.T.);
#9502=EDGE_CURVE('',#3935,#3939,#2736,.T.);
#9504=EDGE_CURVE('',#3939,#3988,#3442,.T.);
#9508=ADVANCED_FACE('',(#9507),#9499,.T.);
#9517=EDGE_CURVE('',#4004,#3931,#3323,.T.);
#9521=ADVANCED_FACE('',(#9520),#9513,.T.);
#9528=EDGE_CURVE('',#3919,#4000,#3358,.T.);
#9531=EDGE_CURVE('',#3996,#3915,#3365,.T.);
#9535=ADVANCED_FACE('',(#9534),#9526,.T.);
#9542=EDGE_CURVE('',#3927,#4003,#3330,.T.);
#9545=EDGE_CURVE('',#3999,#3923,#3351,.T.);
#9549=ADVANCED_FACE('',(#9548),#9540,.T.);
#9556=EDGE_CURVE('',#3987,#3943,#3435,.T.);
#9558=EDGE_CURVE('',#3943,#3947,#2718,.T.);
#9560=EDGE_CURVE('',#3947,#3991,#3414,.T.);
#9564=ADVANCED_FACE('',(#9563),#9554,.T.);
#9571=EDGE_CURVE('',#3992,#3951,#3407,.T.);
#9573=EDGE_CURVE('',#3951,#3955,#2762,.T.);
#9575=EDGE_CURVE('',#3955,#3995,#3372,.T.);
#9579=ADVANCED_FACE('',(#9578),#9569,.T.);
#9586=EDGE_CURVE('',#3936,#3940,#2727,.T.);
#9588=EDGE_CURVE('',#3939,#3940,#2731,.T.);
#9593=ADVANCED_FACE('',(#9592),#9584,.T.);
#9599=EDGE_CURVE('',#3943,#3944,#2740,.T.);
#9601=EDGE_CURVE('',#3948,#3944,#2767,.T.);
#9603=EDGE_CURVE('',#3947,#3948,#2744,.T.);
#9608=ADVANCED_FACE('',(#9607),#9598,.T.);
#9614=EDGE_CURVE('',#3951,#3952,#2748,.T.);
#9616=EDGE_CURVE('',#3952,#3956,#2753,.T.);
#9618=EDGE_CURVE('',#3955,#3956,#2757,.T.);
#9623=ADVANCED_FACE('',(#9622),#9613,.T.);
#9629=EDGE_CURVE('',#3960,#3964,#2836,.T.);
#9631=EDGE_CURVE('',#3940,#3964,#3421,.T.);
#9637=ADVANCED_FACE('',(#9636),#9628,.T.);
#9643=EDGE_CURVE('',#3980,#3959,#2801,.T.);
#9647=EDGE_CURVE('',#3980,#3932,#3316,.T.);
#9651=ADVANCED_FACE('',(#9650),#9642,.T.);
#9658=EDGE_CURVE('',#3963,#3944,#3428,.T.);
#9660=EDGE_CURVE('',#3963,#3967,#2772,.T.);
#9662=EDGE_CURVE('',#3948,#3967,#3393,.T.);
#9666=ADVANCED_FACE('',(#9665),#9656,.T.);
#9672=EDGE_CURVE('',#3968,#3971,#2823,.T.);
#9674=EDGE_CURVE('',#3956,#3971,#3379,.T.);
#9677=EDGE_CURVE('',#3968,#3952,#3400,.T.);
#9681=ADVANCED_FACE('',(#9680),#9671,.T.);
#9687=EDGE_CURVE('',#3972,#3976,#2814,.T.);
#9689=EDGE_CURVE('',#3920,#3976,#3337,.T.);
#9692=EDGE_CURVE('',#3972,#3916,#3386,.T.);
#9696=ADVANCED_FACE('',(#9695),#9686,.T.);
#9702=EDGE_CURVE('',#3975,#3979,#2777,.T.);
#9704=EDGE_CURVE('',#3928,#3979,#3309,.T.);
#9707=EDGE_CURVE('',#3975,#3924,#3344,.T.);
#9711=ADVANCED_FACE('',(#9710),#9701,.T.);
#9719=EDGE_CURVE('',#3979,#3980,#2805,.T.);
#9722=EDGE_CURVE('',#3975,#3976,#2809,.T.);
#9725=EDGE_CURVE('',#3971,#3972,#2818,.T.);
#9728=EDGE_CURVE('',#3967,#3968,#2827,.T.);
#9731=EDGE_CURVE('',#3963,#3964,#2831,.T.);
#9736=EDGE_CURVE('',#3888,#3892,#2787,.T.);
#9738=EDGE_CURVE('',#3888,#3892,#2792,.T.);
#9742=ADVANCED_FACE('',(#9735,#9741),#9716,.T.);
#9748=EDGE_CURVE('',#3887,#3888,#2845,.T.);
#9750=EDGE_CURVE('',#3887,#3891,#2841,.T.);
#9752=EDGE_CURVE('',#3891,#3892,#2849,.T.);
#9757=ADVANCED_FACE('',(#9756),#9747,.T.);
#9766=EDGE_CURVE('',#3887,#3891,#2854,.T.);
#9770=ADVANCED_FACE('',(#9769),#9762,.T.);
#9780=EDGE_CURVE('',#4218,#4220,#2859,.T.);
#9782=EDGE_CURVE('',#4220,#4218,#2864,.T.);
#9786=EDGE_CURVE('',#4413,#4414,#2869,.T.);
#9788=EDGE_CURVE('',#4414,#4413,#2874,.T.);
#9792=EDGE_CURVE('',#4429,#4430,#2879,.T.);
#9794=EDGE_CURVE('',#4430,#4429,#2884,.T.);
#9798=EDGE_CURVE('',#4445,#4446,#2889,.T.);
#9800=EDGE_CURVE('',#4446,#4445,#2894,.T.);
#9804=EDGE_CURVE('',#4461,#4462,#2899,.T.);
#9806=EDGE_CURVE('',#4462,#4461,#2904,.T.);
#9810=EDGE_CURVE('',#4477,#4478,#2909,.T.);
#9812=EDGE_CURVE('',#4478,#4477,#2914,.T.);
#9816=EDGE_CURVE('',#4493,#4494,#2919,.T.);
#9818=EDGE_CURVE('',#4494,#4493,#2924,.T.);
#9822=EDGE_CURVE('',#4509,#4510,#2929,.T.);
#9824=EDGE_CURVE('',#4510,#4509,#2934,.T.);
#9828=ADVANCED_FACE('',(#9779,#9785,#9791,#9797,#9803,#9809,#9815,#9821,#9827),
#9775,.T.);
#9834=EDGE_CURVE('',#4215,#4218,#2943,.T.);
#9836=EDGE_CURVE('',#4215,#4216,#2939,.T.);
#9838=EDGE_CURVE('',#4216,#4220,#2947,.T.);
#9843=ADVANCED_FACE('',(#9842),#9833,.T.);
#9852=EDGE_CURVE('',#4215,#4216,#2952,.T.);
#9856=ADVANCED_FACE('',(#9855),#9848,.T.);
#9866=EDGE_CURVE('',#4208,#4212,#2957,.T.);
#9868=EDGE_CURVE('',#4208,#4212,#2962,.T.);
#9872=ADVANCED_FACE('',(#9865,#9871),#9861,.T.);
#9878=EDGE_CURVE('',#4207,#4208,#2966,.T.);
#9881=EDGE_CURVE('',#4211,#4212,#2970,.T.);
#9883=EDGE_CURVE('',#4207,#4211,#2975,.T.);
#9887=ADVANCED_FACE('',(#9886),#9877,.T.);
#9894=EDGE_CURVE('',#4207,#4211,#2980,.T.);
#9900=ADVANCED_FACE('',(#9899),#9892,.T.);
#9910=ADVANCED_FACE('',(#9909),#9905,.T.);
#9917=EDGE_CURVE('',#4409,#4413,#2998,.T.);
#9919=EDGE_CURVE('',#4409,#4410,#2985,.T.);
#9921=EDGE_CURVE('',#4410,#4414,#2989,.T.);
#9925=ADVANCED_FACE('',(#9924),#9915,.T.);
#9933=EDGE_CURVE('',#4409,#4410,#2994,.T.);
#9938=ADVANCED_FACE('',(#9937),#9930,.T.);
#9948=EDGE_CURVE('',#4402,#4406,#3003,.T.);
#9950=EDGE_CURVE('',#4402,#4406,#3008,.T.);
#9954=ADVANCED_FACE('',(#9947,#9953),#9943,.T.);
#9960=EDGE_CURVE('',#4401,#4402,#3012,.T.);
#9963=EDGE_CURVE('',#4405,#4406,#3016,.T.);
#9965=EDGE_CURVE('',#4401,#4405,#3021,.T.);
#9969=ADVANCED_FACE('',(#9968),#9959,.T.);
#9976=EDGE_CURVE('',#4401,#4405,#3026,.T.);
#9982=ADVANCED_FACE('',(#9981),#9974,.T.);
#9992=ADVANCED_FACE('',(#9991),#9987,.T.);
#9999=EDGE_CURVE('',#4425,#4429,#3044,.T.);
#10001=EDGE_CURVE('',#4425,#4426,#3031,.T.);
#10003=EDGE_CURVE('',#4426,#4430,#3035,.T.);
#10007=ADVANCED_FACE('',(#10006),#9997,.T.);
#10015=EDGE_CURVE('',#4425,#4426,#3040,.T.);
#10020=ADVANCED_FACE('',(#10019),#10012,.T.);
#10030=EDGE_CURVE('',#4418,#4422,#3049,.T.);
#10032=EDGE_CURVE('',#4418,#4422,#3054,.T.);
#10036=ADVANCED_FACE('',(#10029,#10035),#10025,.T.);
#10042=EDGE_CURVE('',#4417,#4418,#3058,.T.);
#10045=EDGE_CURVE('',#4421,#4422,#3062,.T.);
#10047=EDGE_CURVE('',#4417,#4421,#3067,.T.);
#10051=ADVANCED_FACE('',(#10050),#10041,.T.);
#10058=EDGE_CURVE('',#4417,#4421,#3072,.T.);
#10064=ADVANCED_FACE('',(#10063),#10056,.T.);
#10074=ADVANCED_FACE('',(#10073),#10069,.T.);
#10081=EDGE_CURVE('',#4441,#4445,#3090,.T.);
#10083=EDGE_CURVE('',#4441,#4442,#3077,.T.);
#10085=EDGE_CURVE('',#4442,#4446,#3081,.T.);
#10089=ADVANCED_FACE('',(#10088),#10079,.T.);
#10097=EDGE_CURVE('',#4441,#4442,#3086,.T.);
#10102=ADVANCED_FACE('',(#10101),#10094,.T.);
#10112=EDGE_CURVE('',#4434,#4438,#3095,.T.);
#10114=EDGE_CURVE('',#4434,#4438,#3100,.T.);
#10118=ADVANCED_FACE('',(#10111,#10117),#10107,.T.);
#10124=EDGE_CURVE('',#4433,#4434,#3104,.T.);
#10127=EDGE_CURVE('',#4437,#4438,#3108,.T.);
#10129=EDGE_CURVE('',#4433,#4437,#3113,.T.);
#10133=ADVANCED_FACE('',(#10132),#10123,.T.);
#10140=EDGE_CURVE('',#4433,#4437,#3118,.T.);
#10146=ADVANCED_FACE('',(#10145),#10138,.T.);
#10156=ADVANCED_FACE('',(#10155),#10151,.T.);
#10163=EDGE_CURVE('',#4457,#4461,#3136,.T.);
#10165=EDGE_CURVE('',#4457,#4458,#3123,.T.);
#10167=EDGE_CURVE('',#4458,#4462,#3127,.T.);
#10171=ADVANCED_FACE('',(#10170),#10161,.T.);
#10179=EDGE_CURVE('',#4457,#4458,#3132,.T.);
#10184=ADVANCED_FACE('',(#10183),#10176,.T.);
#10194=EDGE_CURVE('',#4450,#4454,#3141,.T.);
#10196=EDGE_CURVE('',#4450,#4454,#3146,.T.);
#10200=ADVANCED_FACE('',(#10193,#10199),#10189,.T.);
#10206=EDGE_CURVE('',#4449,#4450,#3150,.T.);
#10209=EDGE_CURVE('',#4453,#4454,#3154,.T.);
#10211=EDGE_CURVE('',#4449,#4453,#3159,.T.);
#10215=ADVANCED_FACE('',(#10214),#10205,.T.);
#10222=EDGE_CURVE('',#4449,#4453,#3164,.T.);
#10228=ADVANCED_FACE('',(#10227),#10220,.T.);
#10238=ADVANCED_FACE('',(#10237),#10233,.T.);
#10245=EDGE_CURVE('',#4473,#4477,#3182,.T.);
#10247=EDGE_CURVE('',#4473,#4474,#3169,.T.);
#10249=EDGE_CURVE('',#4474,#4478,#3173,.T.);
#10253=ADVANCED_FACE('',(#10252),#10243,.T.);
#10261=EDGE_CURVE('',#4473,#4474,#3178,.T.);
#10266=ADVANCED_FACE('',(#10265),#10258,.T.);
#10276=EDGE_CURVE('',#4466,#4470,#3187,.T.);
#10278=EDGE_CURVE('',#4466,#4470,#3192,.T.);
#10282=ADVANCED_FACE('',(#10275,#10281),#10271,.T.);
#10288=EDGE_CURVE('',#4465,#4466,#3196,.T.);
#10291=EDGE_CURVE('',#4469,#4470,#3200,.T.);
#10293=EDGE_CURVE('',#4465,#4469,#3205,.T.);
#10297=ADVANCED_FACE('',(#10296),#10287,.T.);
#10304=EDGE_CURVE('',#4465,#4469,#3210,.T.);
#10310=ADVANCED_FACE('',(#10309),#10302,.T.);
#10320=ADVANCED_FACE('',(#10319),#10315,.T.);
#10327=EDGE_CURVE('',#4489,#4493,#3228,.T.);
#10329=EDGE_CURVE('',#4489,#4490,#3215,.T.);
#10331=EDGE_CURVE('',#4490,#4494,#3219,.T.);
#10335=ADVANCED_FACE('',(#10334),#10325,.T.);
#10343=EDGE_CURVE('',#4489,#4490,#3224,.T.);
#10348=ADVANCED_FACE('',(#10347),#10340,.T.);
#10358=EDGE_CURVE('',#4482,#4486,#3233,.T.);
#10360=EDGE_CURVE('',#4482,#4486,#3238,.T.);
#10364=ADVANCED_FACE('',(#10357,#10363),#10353,.T.);
#10370=EDGE_CURVE('',#4481,#4482,#3242,.T.);
#10373=EDGE_CURVE('',#4485,#4486,#3246,.T.);
#10375=EDGE_CURVE('',#4481,#4485,#3251,.T.);
#10379=ADVANCED_FACE('',(#10378),#10369,.T.);
#10386=EDGE_CURVE('',#4481,#4485,#3256,.T.);
#10392=ADVANCED_FACE('',(#10391),#10384,.T.);
#10402=ADVANCED_FACE('',(#10401),#10397,.T.);
#10409=EDGE_CURVE('',#4505,#4509,#3274,.T.);
#10411=EDGE_CURVE('',#4505,#4506,#3261,.T.);
#10413=EDGE_CURVE('',#4506,#4510,#3265,.T.);
#10417=ADVANCED_FACE('',(#10416),#10407,.T.);
#10425=EDGE_CURVE('',#4505,#4506,#3270,.T.);
#10430=ADVANCED_FACE('',(#10429),#10422,.T.);
#10440=EDGE_CURVE('',#4498,#4502,#3279,.T.);
#10442=EDGE_CURVE('',#4498,#4502,#3284,.T.);
#10446=ADVANCED_FACE('',(#10439,#10445),#10435,.T.);
#10452=EDGE_CURVE('',#4497,#4498,#3288,.T.);
#10455=EDGE_CURVE('',#4501,#4502,#3292,.T.);
#10457=EDGE_CURVE('',#4497,#4501,#3297,.T.);
#10461=ADVANCED_FACE('',(#10460),#10451,.T.);
#10468=EDGE_CURVE('',#4497,#4501,#3302,.T.);
#10474=ADVANCED_FACE('',(#10473),#10466,.T.);
#10484=ADVANCED_FACE('',(#10483),#10479,.T.);
#10500=ADVANCED_FACE('',(#10499),#10489,.F.);
#10516=ADVANCED_FACE('',(#10515),#10505,.F.);
#10532=ADVANCED_FACE('',(#10531),#10521,.F.);
#10548=ADVANCED_FACE('',(#10547),#10537,.F.);
#10564=ADVANCED_FACE('',(#10563),#10553,.F.);
#10577=ADVANCED_FACE('',(#10576),#10569,.T.);
#10583=EDGE_CURVE('',#4146,#4137,#3492,.T.);
#10585=EDGE_CURVE('',#4144,#4146,#3457,.T.);
#10587=EDGE_CURVE('',#4143,#4144,#3462,.T.);
#10589=EDGE_CURVE('',#4140,#4143,#3477,.T.);
#10591=EDGE_CURVE('',#4138,#4140,#3467,.T.);
#10593=EDGE_CURVE('',#4137,#4138,#3472,.T.);
#10605=ADVANCED_FACE('',(#10596,#10604),#10582,.F.);
#10612=EDGE_CURVE('',#4172,#4138,#3514,.T.);
#10614=EDGE_CURVE('',#4172,#4176,#3860,.T.);
#10616=EDGE_CURVE('',#4137,#4176,#3593,.T.);
#10620=ADVANCED_FACE('',(#10619),#10610,.T.);
#10627=EDGE_CURVE('',#4161,#4143,#3758,.T.);
#10629=EDGE_CURVE('',#4161,#4166,#3482,.T.);
#10631=EDGE_CURVE('',#4140,#4166,#3821,.T.);
#10635=ADVANCED_FACE('',(#10634),#10625,.T.);
#10641=EDGE_CURVE('',#4178,#4182,#3487,.T.);
#10643=EDGE_CURVE('',#4146,#4182,#3645,.T.);
#10646=EDGE_CURVE('',#4178,#4137,#3582,.T.);
#10650=ADVANCED_FACE('',(#10649),#10640,.T.);
#10657=EDGE_CURVE('',#4188,#4144,#3696,.T.);
#10659=EDGE_CURVE('',#4188,#4162,#3732,.T.);
#10661=EDGE_CURVE('',#4143,#4162,#3769,.T.);
#10665=ADVANCED_FACE('',(#10664),#10655,.T.);
#10672=EDGE_CURVE('',#4181,#4146,#3634,.T.);
#10674=EDGE_CURVE('',#4181,#4186,#3670,.T.);
#10676=EDGE_CURVE('',#4144,#4186,#3707,.T.);
#10680=ADVANCED_FACE('',(#10679),#10670,.T.);
#10686=EDGE_CURVE('',#4171,#4150,#3503,.T.);
#10688=EDGE_CURVE('',#4172,#4171,#3864,.T.);
#10691=EDGE_CURVE('',#4138,#4170,#3525,.T.);
#10693=EDGE_CURVE('',#4170,#4168,#3529,.T.);
#10695=EDGE_CURVE('',#4150,#4168,#3540,.T.);
#10699=ADVANCED_FACE('',(#10698),#10685,.T.);
#10706=EDGE_CURVE('',#4149,#4174,#3608,.T.);
#10708=EDGE_CURVE('',#4171,#4174,#3855,.T.);
#10713=ADVANCED_FACE('',(#10712),#10704,.T.);
#10719=EDGE_CURVE('',#4164,#4159,#3545,.T.);
#10721=EDGE_CURVE('',#4159,#4155,#3747,.T.);
#10724=EDGE_CURVE('',#4152,#4164,#3836,.T.);
#10728=ADVANCED_FACE('',(#10727),#10718,.T.);
#10735=EDGE_CURVE('',#4158,#4180,#3660,.T.);
#10737=EDGE_CURVE('',#4180,#4177,#3560,.T.);
#10739=EDGE_CURVE('',#4177,#4149,#3571,.T.);
#10743=ADVANCED_FACE('',(#10742),#10733,.T.);
#10750=EDGE_CURVE('',#4155,#4160,#3784,.T.);
#10752=EDGE_CURVE('',#4187,#4160,#3727,.T.);
#10754=EDGE_CURVE('',#4187,#4156,#3685,.T.);
#10758=ADVANCED_FACE('',(#10757),#10748,.T.);
#10765=EDGE_CURVE('',#4156,#4184,#3722,.T.);
#10767=EDGE_CURVE('',#4179,#4184,#3665,.T.);
#10769=EDGE_CURVE('',#4179,#4158,#3623,.T.);
#10773=ADVANCED_FACE('',(#10772),#10763,.T.);
#10780=EDGE_CURVE('',#4178,#4177,#3612,.T.);
#10784=EDGE_CURVE('',#4176,#4174,#3597,.T.);
#10789=ADVANCED_FACE('',(#10788),#10778,.T.);
#10796=EDGE_CURVE('',#4182,#4180,#3649,.T.);
#10802=ADVANCED_FACE('',(#10801),#10794,.T.);
#10809=EDGE_CURVE('',#4181,#4179,#3674,.T.);
#10817=ADVANCED_FACE('',(#10816),#10807,.T.);
#10824=EDGE_CURVE('',#4186,#4184,#3711,.T.);
#10830=ADVANCED_FACE('',(#10829),#10822,.T.);
#10837=EDGE_CURVE('',#4188,#4187,#3736,.T.);
#10845=ADVANCED_FACE('',(#10844),#10835,.T.);
#10852=EDGE_CURVE('',#4162,#4160,#3773,.T.);
#10858=ADVANCED_FACE('',(#10857),#10850,.T.);
#10865=EDGE_CURVE('',#4161,#4159,#3788,.T.);
#10873=ADVANCED_FACE('',(#10872),#10863,.T.);
#10880=EDGE_CURVE('',#4166,#4164,#3825,.T.);
#10886=ADVANCED_FACE('',(#10885),#10878,.T.);
#10892=EDGE_CURVE('',#4163,#4152,#3799,.T.);
#10894=EDGE_CURVE('',#4165,#4163,#3850,.T.);
#10896=EDGE_CURVE('',#4165,#4140,#3810,.T.);
#10903=ADVANCED_FACE('',(#10902),#10891,.T.);
#10911=EDGE_CURVE('',#4163,#4168,#3841,.T.);
#10916=ADVANCED_FACE('',(#10915),#10908,.T.);
#10924=EDGE_CURVE('',#4165,#4170,#3846,.T.);
#10929=ADVANCED_FACE('',(#10928),#10921,.T.);
#10941=ADVANCED_FACE('',(#10940),#10934,.T.);
#10953=ADVANCED_FACE('',(#10952),#10946,.T.);
#10954=CLOSED_SHELL('',(#4526,#4540,#4556,#4571,#4584,#4599,#4612,#4629,#4646,
#4661,#4685,#4700,#4714,#4729,#4741,#4756,#4769,#4783,#4797,#4858,#4873,#4886,
#4901,#4914,#4930,#4945,#4958,#4968,#4983,#4996,#5011,#5024,#5040,#5055,#5068,
#5078,#5093,#5106,#5121,#5134,#5150,#5165,#5178,#5188,#5203,#5216,#5231,#5244,
#5260,#5275,#5288,#5298,#5313,#5326,#5341,#5354,#5370,#5385,#5398,#5408,#5423,
#5436,#5451,#5464,#5480,#5495,#5508,#5518,#5533,#5546,#5561,#5574,#5590,#5605,
#5618,#5628,#5643,#5656,#5671,#5684,#5700,#5715,#5728,#5738,#5752,#5765,#5778,
#5789,#5802,#5817,#5830,#5849,#5900,#5930,#5965,#5980,#5992,#6141,#6294,#6444,
#6595,#6747,#6802,#6848,#6870,#7019,#7169,#7318,#7468,#7615,#7763,#7912,#8060,
#8208,#8295,#8380,#8464,#8548,#8567,#8579,#8591,#8606,#8617,#8703,#8788,#8874,
#8961,#9046,#9131,#9215,#9303,#9320,#9339,#9356,#9371,#9387,#9424,#9447,#9462,
#9478,#9494,#9508,#9521,#9535,#9549,#9564,#9579,#9593,#9608,#9623,#9637,#9651,
#9666,#9681,#9696,#9711,#9742,#9757,#9770,#9828,#9843,#9856,#9872,#9887,#9900,
#9910,#9925,#9938,#9954,#9969,#9982,#9992,#10007,#10020,#10036,#10051,#10064,
#10074,#10089,#10102,#10118,#10133,#10146,#10156,#10171,#10184,#10200,#10215,
#10228,#10238,#10253,#10266,#10282,#10297,#10310,#10320,#10335,#10348,#10364,
#10379,#10392,#10402,#10417,#10430,#10446,#10461,#10474,#10484,#10500,#10516,
#10532,#10548,#10564,#10577,#10605,#10620,#10635,#10650,#10665,#10680,#10699,
#10713,#10728,#10743,#10758,#10773,#10789,#10802,#10817,#10830,#10845,#10858,
#10873,#10886,#10903,#10916,#10929,#10941,#10953));
#10955=MANIFOLD_SOLID_BREP('',#10954);
#10956=(LENGTH_UNIT()NAMED_UNIT(*)SI_UNIT(.MILLI.,.METRE.));
#10957=(NAMED_UNIT(*)PLANE_ANGLE_UNIT()SI_UNIT($,.RADIAN.));
#10960=(NAMED_UNIT(*)SI_UNIT($,.STERADIAN.)SOLID_ANGLE_UNIT());
#10962=(GEOMETRIC_REPRESENTATION_CONTEXT(3)GLOBAL_UNCERTAINTY_ASSIGNED_CONTEXT((
#10961))GLOBAL_UNIT_ASSIGNED_CONTEXT((#10956,#10959,#10960))REPRESENTATION_CONTEXT('ID1','3'));
#10963=ADVANCED_BREP_SHAPE_REPRESENTATION('',(#10955),#10962);
#10970=PRODUCT_DEFINITION('part definition','',#10969,#10966);
#10971=PRODUCT_DEFINITION_SHAPE('','SHAPE FOR C-T4141012081-000.',#10970);
#10972=SHAPE_ASPECT('','solid data associated with C-T4141012081-000',#10971,
.F.);
#10973=PROPERTY_DEFINITION('',
'shape for solid data with which properties are associated',#10972);
#10974=SHAPE_REPRESENTATION('',(#10955),#10962);
#10975=SHAPE_DEFINITION_REPRESENTATION(#10973,#10974);
#10976=(LENGTH_UNIT()NAMED_UNIT(*)SI_UNIT(.MILLI.,.METRE.));
#10980=PROPERTY_DEFINITION('geometric validation property',
'area of C-T4141012081-000',#10972);
#10981=REPRESENTATION('surface area',(#10979),#10962);
#10982=PROPERTY_DEFINITION_REPRESENTATION(#10980,#10981);
#10983=(LENGTH_UNIT()NAMED_UNIT(*)SI_UNIT(.MILLI.,.METRE.));
#10987=PROPERTY_DEFINITION('geometric validation property',
'volume of C-T4141012081-000',#10972);
#10988=REPRESENTATION('volume',(#10986),#10962);
#10989=PROPERTY_DEFINITION_REPRESENTATION(#10987,#10988);
#10991=PROPERTY_DEFINITION('geometric validation property',
'centroid of C-T4141012081-000',#10972);
#10992=REPRESENTATION('centroid',(#10990),#10962);
#10993=PROPERTY_DEFINITION_REPRESENTATION(#10991,#10992);
#10994=(LENGTH_UNIT()NAMED_UNIT(*)SI_UNIT(.MILLI.,.METRE.));
#10998=PROPERTY_DEFINITION('geometric validation property',
'area of C-T4141012081-000',#10971);
#10999=REPRESENTATION('surface area',(#10997),#10962);
#11000=PROPERTY_DEFINITION_REPRESENTATION(#10998,#10999);
#11001=(LENGTH_UNIT()NAMED_UNIT(*)SI_UNIT(.MILLI.,.METRE.));
#11005=PROPERTY_DEFINITION('geometric validation property',
'volume of C-T4141012081-000',#10971);
#11006=REPRESENTATION('volume',(#11004),#10962);
#11007=PROPERTY_DEFINITION_REPRESENTATION(#11005,#11006);
#11009=PROPERTY_DEFINITION('geometric validation property',
'centroid of C-T4141012081-000',#10971);
#11010=REPRESENTATION('centroid',(#11008),#10962);
#11011=PROPERTY_DEFINITION_REPRESENTATION(#11009,#11010);
#11012=SHAPE_DEFINITION_REPRESENTATION(#10971,#10963);
ENDSEC;
END-ISO-10303-21;
