ISO-10303-21;
HEADER;
FILE_DESCRIPTION((''),'2;1');
FILE_NAME('C-5-535541-8','2008-02-04T',('workeradm'),(
'Tyco Electronics Corporation'),
'PRO/ENGINEER BY PARAMETRIC TECHNOLOGY CORPORATION, 2005450',
'PRO/ENGINEER BY PARAMETRIC TECHNOLOGY CORPORATION, 2005450','');
FILE_SCHEMA(('CONFIG_CONTROL_DESIGN', 'GEOMETRIC_VALIDATION_PROPERTIES_MIM'));
ENDSEC;
DATA;
#1=DRAUGHTING_PRE_DEFINED_COLOUR('black');
#2=COLOUR_RGB('',0.E0,0.E0,3.6E-1);
#3=COLOUR_RGB('',0.E0,0.E0,4.8E-1);
#4=DRAUGHTING_PRE_DEFINED_COLOUR('blue');
#5=COLOUR_RGB('',0.E0,3.6E-1,9.E-2);
#6=COLOUR_RGB('',0.E0,3.6E-1,2.7E-1);
#7=COLOUR_RGB('',0.E0,5.6E-1,6.4E-1);
#8=COLOUR_RGB('',0.E0,5.8E-1,8.E-1);
#9=COLOUR_RGB('',0.E0,7.1E-1,6.6E-1);
#10=COLOUR_RGB('',0.E0,7.13E-1,0.E0);
#11=COLOUR_RGB('',0.E0,9.5E-1,8.4E-1);
#12=DRAUGHTING_PRE_DEFINED_COLOUR('green');
#13=DRAUGHTING_PRE_DEFINED_COLOUR('cyan');
#14=COLOUR_RGB('',4.E-2,0.E0,1.6E-1);
#15=COLOUR_RGB('',9.E-2,0.E0,1.2E-1);
#16=COLOUR_RGB('',1.E-1,0.E0,2.5E-1);
#17=COLOUR_RGB('',1.6E-1,3.2E-2,0.E0);
#18=COLOUR_RGB('',1.6E-1,4.6E-1,6.5E-1);
#19=COLOUR_RGB('',1.6E-1,1.E0,1.6E-1);
#20=COLOUR_RGB('',2.E-1,3.2E-2,0.E0);
#21=COLOUR_RGB('',3.1E-1,3.1E-1,5.6E-1);
#22=COLOUR_RGB('',3.2E-1,1.5E-1,0.E0);
#23=COLOUR_RGB('',4.E-1,4.E-1,4.E-1);
#24=COLOUR_RGB('',4.2E-1,4.2E-1,1.E0);
#25=COLOUR_RGB('',4.4E-1,8.5E-1,1.E0);
#26=COLOUR_RGB('',4.9E-1,4.9E-1,0.E0);
#27=COLOUR_RGB('',4.9E-1,1.E0,0.E0);
#28=COLOUR_RGB('',5.E-1,0.E0,0.E0);
#29=COLOUR_RGB('',5.E-1,0.E0,2.3E-1);
#30=COLOUR_RGB('',5.E-1,5.E-1,5.E-1);
#31=COLOUR_RGB('',5.3E-1,0.E0,0.E0);
#32=COLOUR_RGB('',5.4E-1,0.E0,4.4E-1);
#33=COLOUR_RGB('',5.5E-1,3.E-1,0.E0);
#34=COLOUR_RGB('',5.6E-1,1.E-1,5.E-2);
#35=COLOUR_RGB('',5.8E-1,2.2E-1,1.E-2);
#36=COLOUR_RGB('',6.E-1,6.E-1,6.E-1);
#37=COLOUR_RGB('',6.2E-1,0.E0,5.5E-1);
#38=COLOUR_RGB('',6.4E-1,0.E0,2.5E-1);
#39=COLOUR_RGB('',6.4E-1,1.E-2,0.E0);
#40=COLOUR_RGB('',6.8E-1,7.5E-1,1.E0);
#41=COLOUR_RGB('',7.1E-1,3.1E-1,0.E0);
#42=COLOUR_RGB('',7.2E-1,7.2E-1,7.2E-1);
#43=COLOUR_RGB('',7.4E-1,1.E0,2.6E-1);
#44=COLOUR_RGB('',7.5E-1,3.E-2,0.E0);
#45=COLOUR_RGB('',7.6E-1,0.E0,4.7E-1);
#46=COLOUR_RGB('',8.1E-1,4.E-2,0.E0);
#47=COLOUR_RGB('',8.1E-1,6.1E-1,0.E0);
#48=COLOUR_RGB('',8.2E-1,4.E-2,6.6E-1);
#49=COLOUR_RGB('',8.5E-1,8.5E-1,8.5E-1);
#50=COLOUR_RGB('',8.784E-1,9.49E-1,1.E0);
#51=COLOUR_RGB('',9.E-1,1.E0,0.E0);
#52=COLOUR_RGB('',9.37E-1,7.85E-1,0.E0);
#53=COLOUR_RGB('',9.5E-1,2.2E-1,8.1E-1);
#54=COLOUR_RGB('',9.6E-1,3.7E-1,3.E-1);
#55=COLOUR_RGB('',9.6E-1,7.1E-1,3.75E-1);
#56=DRAUGHTING_PRE_DEFINED_COLOUR('red');
#57=COLOUR_RGB('',1.E0,0.E0,6.1E-1);
#58=COLOUR_RGB('',1.E0,4.E-2,0.E0);
#59=COLOUR_RGB('',1.E0,2.3E-1,0.E0);
#60=COLOUR_RGB('',1.E0,3.5E-1,5.2E-1);
#61=COLOUR_RGB('',1.E0,3.6E-1,0.E0);
#62=COLOUR_RGB('',1.E0,4.9E-1,3.7E-1);
#63=COLOUR_RGB('',1.E0,5.E-1,0.E0);
#64=COLOUR_RGB('',1.E0,5.6E-1,7.8E-1);
#65=COLOUR_RGB('',1.E0,6.4E-1,4.9E-1);
#66=COLOUR_RGB('',1.E0,6.7E-1,0.E0);
#67=COLOUR_RGB('',1.E0,7.6E-1,6.5E-1);
#68=COLOUR_RGB('',1.E0,8.6E-1,4.E-2);
#69=COLOUR_RGB('',1.E0,9.8E-1,7.2E-1);
#70=DRAUGHTING_PRE_DEFINED_COLOUR('yellow');
#71=DRAUGHTING_PRE_DEFINED_COLOUR('white');
#72=DIRECTION('',(0.E0,-1.E0,0.E0));
#73=VECTOR('',#72,1.27E-1);
#74=CARTESIAN_POINT('',(-1.2573E1,1.778E0,0.E0));
#75=LINE('',#74,#73);
#76=DIRECTION('',(-1.E0,0.E0,0.E0));
#77=VECTOR('',#76,2.5146E1);
#78=CARTESIAN_POINT('',(1.2573E1,1.778E0,0.E0));
#79=LINE('',#78,#77);
#80=DIRECTION('',(0.E0,1.E0,0.E0));
#81=VECTOR('',#80,1.27E-1);
#82=CARTESIAN_POINT('',(1.2573E1,1.651E0,0.E0));
#83=LINE('',#82,#81);
#84=DIRECTION('',(-1.E0,0.E0,0.E0));
#85=VECTOR('',#84,1.27E-1);
#86=CARTESIAN_POINT('',(1.27E1,1.651E0,0.E0));
#87=LINE('',#86,#85);
#88=DIRECTION('',(0.E0,1.E0,0.E0));
#89=VECTOR('',#88,3.302E0);
#90=CARTESIAN_POINT('',(1.27E1,-1.651E0,0.E0));
#91=LINE('',#90,#89);
#92=DIRECTION('',(1.E0,0.E0,0.E0));
#93=VECTOR('',#92,1.27E-1);
#94=CARTESIAN_POINT('',(1.2573E1,-1.651E0,0.E0));
#95=LINE('',#94,#93);
#96=DIRECTION('',(0.E0,1.E0,0.E0));
#97=VECTOR('',#96,1.27E-1);
#98=CARTESIAN_POINT('',(1.2573E1,-1.778E0,0.E0));
#99=LINE('',#98,#97);
#100=DIRECTION('',(1.E0,0.E0,0.E0));
#101=VECTOR('',#100,2.5146E1);
#102=CARTESIAN_POINT('',(-1.2573E1,-1.778E0,0.E0));
#103=LINE('',#102,#101);
#104=DIRECTION('',(0.E0,-1.E0,0.E0));
#105=VECTOR('',#104,1.27E-1);
#106=CARTESIAN_POINT('',(-1.2573E1,-1.651E0,0.E0));
#107=LINE('',#106,#105);
#108=DIRECTION('',(1.E0,0.E0,0.E0));
#109=VECTOR('',#108,1.27E-1);
#110=CARTESIAN_POINT('',(-1.27E1,-1.651E0,0.E0));
#111=LINE('',#110,#109);
#112=DIRECTION('',(0.E0,-1.E0,0.E0));
#113=VECTOR('',#112,3.302E0);
#114=CARTESIAN_POINT('',(-1.27E1,1.651E0,0.E0));
#115=LINE('',#114,#113);
#116=DIRECTION('',(-1.E0,0.E0,0.E0));
#117=VECTOR('',#116,1.27E-1);
#118=CARTESIAN_POINT('',(-1.2573E1,1.651E0,0.E0));
#119=LINE('',#118,#117);
#120=DIRECTION('',(0.E0,-1.E0,0.E0));
#121=VECTOR('',#120,2.1844E0);
#122=CARTESIAN_POINT('',(-1.26492E1,1.0922E0,0.E0));
#123=LINE('',#122,#121);
#124=DIRECTION('',(1.E0,0.E0,0.E0));
#125=VECTOR('',#124,2.4384E0);
#126=CARTESIAN_POINT('',(-1.26492E1,-1.0922E0,0.E0));
#127=LINE('',#126,#125);
#128=DIRECTION('',(0.E0,1.E0,0.E0));
#129=VECTOR('',#128,2.1844E0);
#130=CARTESIAN_POINT('',(-1.02108E1,-1.0922E0,0.E0));
#131=LINE('',#130,#129);
#132=DIRECTION('',(-1.E0,0.E0,0.E0));
#133=VECTOR('',#132,2.4384E0);
#134=CARTESIAN_POINT('',(-1.02108E1,1.0922E0,0.E0));
#135=LINE('',#134,#133);
#136=DIRECTION('',(0.E0,-1.E0,0.E0));
#137=VECTOR('',#136,2.1844E0);
#138=CARTESIAN_POINT('',(-1.01092E1,1.0922E0,0.E0));
#139=LINE('',#138,#137);
#140=DIRECTION('',(1.E0,0.E0,0.E0));
#141=VECTOR('',#140,2.4384E0);
#142=CARTESIAN_POINT('',(-1.01092E1,-1.0922E0,0.E0));
#143=LINE('',#142,#141);
#144=DIRECTION('',(0.E0,1.E0,0.E0));
#145=VECTOR('',#144,2.1844E0);
#146=CARTESIAN_POINT('',(-7.6708E0,-1.0922E0,0.E0));
#147=LINE('',#146,#145);
#148=DIRECTION('',(-1.E0,0.E0,0.E0));
#149=VECTOR('',#148,2.4384E0);
#150=CARTESIAN_POINT('',(-7.6708E0,1.0922E0,0.E0));
#151=LINE('',#150,#149);
#152=DIRECTION('',(0.E0,-1.E0,0.E0));
#153=VECTOR('',#152,2.1844E0);
#154=CARTESIAN_POINT('',(-7.5692E0,1.0922E0,0.E0));
#155=LINE('',#154,#153);
#156=DIRECTION('',(1.E0,0.E0,0.E0));
#157=VECTOR('',#156,2.4384E0);
#158=CARTESIAN_POINT('',(-7.5692E0,-1.0922E0,0.E0));
#159=LINE('',#158,#157);
#160=DIRECTION('',(0.E0,1.E0,0.E0));
#161=VECTOR('',#160,2.1844E0);
#162=CARTESIAN_POINT('',(-5.1308E0,-1.0922E0,0.E0));
#163=LINE('',#162,#161);
#164=DIRECTION('',(-1.E0,0.E0,0.E0));
#165=VECTOR('',#164,2.4384E0);
#166=CARTESIAN_POINT('',(-5.1308E0,1.0922E0,0.E0));
#167=LINE('',#166,#165);
#168=DIRECTION('',(0.E0,-1.E0,0.E0));
#169=VECTOR('',#168,2.1844E0);
#170=CARTESIAN_POINT('',(-5.0292E0,1.0922E0,0.E0));
#171=LINE('',#170,#169);
#172=DIRECTION('',(1.E0,0.E0,0.E0));
#173=VECTOR('',#172,2.4384E0);
#174=CARTESIAN_POINT('',(-5.0292E0,-1.0922E0,0.E0));
#175=LINE('',#174,#173);
#176=DIRECTION('',(0.E0,1.E0,0.E0));
#177=VECTOR('',#176,2.1844E0);
#178=CARTESIAN_POINT('',(-2.5908E0,-1.0922E0,0.E0));
#179=LINE('',#178,#177);
#180=DIRECTION('',(-1.E0,0.E0,0.E0));
#181=VECTOR('',#180,2.4384E0);
#182=CARTESIAN_POINT('',(-2.5908E0,1.0922E0,0.E0));
#183=LINE('',#182,#181);
#184=DIRECTION('',(0.E0,-1.E0,0.E0));
#185=VECTOR('',#184,2.1844E0);
#186=CARTESIAN_POINT('',(-2.4892E0,1.0922E0,0.E0));
#187=LINE('',#186,#185);
#188=DIRECTION('',(1.E0,0.E0,0.E0));
#189=VECTOR('',#188,2.4384E0);
#190=CARTESIAN_POINT('',(-2.4892E0,-1.0922E0,0.E0));
#191=LINE('',#190,#189);
#192=DIRECTION('',(0.E0,1.E0,0.E0));
#193=VECTOR('',#192,2.1844E0);
#194=CARTESIAN_POINT('',(-5.08E-2,-1.0922E0,0.E0));
#195=LINE('',#194,#193);
#196=DIRECTION('',(-1.E0,0.E0,0.E0));
#197=VECTOR('',#196,2.4384E0);
#198=CARTESIAN_POINT('',(-5.08E-2,1.0922E0,0.E0));
#199=LINE('',#198,#197);
#200=DIRECTION('',(0.E0,-1.E0,0.E0));
#201=VECTOR('',#200,2.1844E0);
#202=CARTESIAN_POINT('',(5.08E-2,1.0922E0,0.E0));
#203=LINE('',#202,#201);
#204=DIRECTION('',(1.E0,0.E0,0.E0));
#205=VECTOR('',#204,2.4384E0);
#206=CARTESIAN_POINT('',(5.08E-2,-1.0922E0,0.E0));
#207=LINE('',#206,#205);
#208=DIRECTION('',(0.E0,1.E0,0.E0));
#209=VECTOR('',#208,2.1844E0);
#210=CARTESIAN_POINT('',(2.4892E0,-1.0922E0,0.E0));
#211=LINE('',#210,#209);
#212=DIRECTION('',(-1.E0,0.E0,0.E0));
#213=VECTOR('',#212,2.4384E0);
#214=CARTESIAN_POINT('',(2.4892E0,1.0922E0,0.E0));
#215=LINE('',#214,#213);
#216=DIRECTION('',(0.E0,-1.E0,0.E0));
#217=VECTOR('',#216,2.1844E0);
#218=CARTESIAN_POINT('',(2.5908E0,1.0922E0,0.E0));
#219=LINE('',#218,#217);
#220=DIRECTION('',(1.E0,0.E0,0.E0));
#221=VECTOR('',#220,2.4384E0);
#222=CARTESIAN_POINT('',(2.5908E0,-1.0922E0,0.E0));
#223=LINE('',#222,#221);
#224=DIRECTION('',(0.E0,1.E0,0.E0));
#225=VECTOR('',#224,2.1844E0);
#226=CARTESIAN_POINT('',(5.0292E0,-1.0922E0,0.E0));
#227=LINE('',#226,#225);
#228=DIRECTION('',(-1.E0,0.E0,0.E0));
#229=VECTOR('',#228,2.4384E0);
#230=CARTESIAN_POINT('',(5.0292E0,1.0922E0,0.E0));
#231=LINE('',#230,#229);
#232=DIRECTION('',(0.E0,-1.E0,0.E0));
#233=VECTOR('',#232,2.1844E0);
#234=CARTESIAN_POINT('',(5.1308E0,1.0922E0,0.E0));
#235=LINE('',#234,#233);
#236=DIRECTION('',(1.E0,0.E0,0.E0));
#237=VECTOR('',#236,2.4384E0);
#238=CARTESIAN_POINT('',(5.1308E0,-1.0922E0,0.E0));
#239=LINE('',#238,#237);
#240=DIRECTION('',(0.E0,1.E0,0.E0));
#241=VECTOR('',#240,2.1844E0);
#242=CARTESIAN_POINT('',(7.5692E0,-1.0922E0,0.E0));
#243=LINE('',#242,#241);
#244=DIRECTION('',(-1.E0,0.E0,0.E0));
#245=VECTOR('',#244,2.4384E0);
#246=CARTESIAN_POINT('',(7.5692E0,1.0922E0,0.E0));
#247=LINE('',#246,#245);
#248=DIRECTION('',(0.E0,-1.E0,0.E0));
#249=VECTOR('',#248,2.1844E0);
#250=CARTESIAN_POINT('',(7.6708E0,1.0922E0,0.E0));
#251=LINE('',#250,#249);
#252=DIRECTION('',(1.E0,0.E0,0.E0));
#253=VECTOR('',#252,2.4384E0);
#254=CARTESIAN_POINT('',(7.6708E0,-1.0922E0,0.E0));
#255=LINE('',#254,#253);
#256=DIRECTION('',(0.E0,1.E0,0.E0));
#257=VECTOR('',#256,2.1844E0);
#258=CARTESIAN_POINT('',(1.01092E1,-1.0922E0,0.E0));
#259=LINE('',#258,#257);
#260=DIRECTION('',(-1.E0,0.E0,0.E0));
#261=VECTOR('',#260,2.4384E0);
#262=CARTESIAN_POINT('',(1.01092E1,1.0922E0,0.E0));
#263=LINE('',#262,#261);
#264=DIRECTION('',(0.E0,-1.E0,0.E0));
#265=VECTOR('',#264,2.1844E0);
#266=CARTESIAN_POINT('',(1.02108E1,1.0922E0,0.E0));
#267=LINE('',#266,#265);
#268=DIRECTION('',(1.E0,0.E0,0.E0));
#269=VECTOR('',#268,2.4384E0);
#270=CARTESIAN_POINT('',(1.02108E1,-1.0922E0,0.E0));
#271=LINE('',#270,#269);
#272=DIRECTION('',(0.E0,1.E0,0.E0));
#273=VECTOR('',#272,2.1844E0);
#274=CARTESIAN_POINT('',(1.26492E1,-1.0922E0,0.E0));
#275=LINE('',#274,#273);
#276=DIRECTION('',(-1.E0,0.E0,0.E0));
#277=VECTOR('',#276,2.4384E0);
#278=CARTESIAN_POINT('',(1.26492E1,1.0922E0,0.E0));
#279=LINE('',#278,#277);
#280=DIRECTION('',(0.E0,0.E0,-1.E0));
#281=VECTOR('',#280,6.731E0);
#282=CARTESIAN_POINT('',(-1.2573E1,1.778E0,0.E0));
#283=LINE('',#282,#281);
#284=DIRECTION('',(0.E0,0.E0,-1.E0));
#285=VECTOR('',#284,6.731E0);
#286=CARTESIAN_POINT('',(-1.2573E1,1.651E0,0.E0));
#287=LINE('',#286,#285);
#288=DIRECTION('',(0.E0,0.E0,1.E0));
#289=VECTOR('',#288,5.08E-1);
#290=CARTESIAN_POINT('',(-1.27E1,1.27E0,-6.731E0));
#291=LINE('',#290,#289);
#292=DIRECTION('',(0.E0,0.E0,-1.E0));
#293=VECTOR('',#292,6.731E0);
#294=CARTESIAN_POINT('',(-1.27E1,1.651E0,0.E0));
#295=LINE('',#294,#293);
#296=DIRECTION('',(0.E0,0.E0,1.E0));
#297=VECTOR('',#296,5.08E-1);
#298=CARTESIAN_POINT('',(-1.27E1,-1.27E0,-6.731E0));
#299=LINE('',#298,#297);
#300=DIRECTION('',(0.E0,-1.E0,0.E0));
#301=VECTOR('',#300,2.54E0);
#302=CARTESIAN_POINT('',(-1.27E1,1.27E0,-6.223E0));
#303=LINE('',#302,#301);
#304=DIRECTION('',(1.E0,0.E0,0.E0));
#305=VECTOR('',#304,2.54E1);
#306=CARTESIAN_POINT('',(-1.27E1,1.27E0,-6.731E0));
#307=LINE('',#306,#305);
#308=DIRECTION('',(0.E0,1.E0,0.E0));
#309=VECTOR('',#308,3.81E-1);
#310=CARTESIAN_POINT('',(1.27E1,1.27E0,-6.731E0));
#311=LINE('',#310,#309);
#312=DIRECTION('',(-1.E0,0.E0,0.E0));
#313=VECTOR('',#312,1.27E-1);
#314=CARTESIAN_POINT('',(1.27E1,1.651E0,-6.731E0));
#315=LINE('',#314,#313);
#316=DIRECTION('',(0.E0,1.E0,0.E0));
#317=VECTOR('',#316,1.27E-1);
#318=CARTESIAN_POINT('',(1.2573E1,1.651E0,-6.731E0));
#319=LINE('',#318,#317);
#320=DIRECTION('',(-1.E0,0.E0,0.E0));
#321=VECTOR('',#320,2.5146E1);
#322=CARTESIAN_POINT('',(1.2573E1,1.778E0,-6.731E0));
#323=LINE('',#322,#321);
#324=DIRECTION('',(0.E0,-1.E0,0.E0));
#325=VECTOR('',#324,1.27E-1);
#326=CARTESIAN_POINT('',(-1.2573E1,1.778E0,-6.731E0));
#327=LINE('',#326,#325);
#328=DIRECTION('',(-1.E0,0.E0,0.E0));
#329=VECTOR('',#328,1.27E-1);
#330=CARTESIAN_POINT('',(-1.2573E1,1.651E0,-6.731E0));
#331=LINE('',#330,#329);
#332=DIRECTION('',(0.E0,-1.E0,0.E0));
#333=VECTOR('',#332,3.81E-1);
#334=CARTESIAN_POINT('',(-1.27E1,1.651E0,-6.731E0));
#335=LINE('',#334,#333);
#336=DIRECTION('',(1.E0,0.E0,0.E0));
#337=VECTOR('',#336,2.54E1);
#338=CARTESIAN_POINT('',(-1.27E1,-1.27E0,-6.731E0));
#339=LINE('',#338,#337);
#340=DIRECTION('',(0.E0,-1.E0,0.E0));
#341=VECTOR('',#340,3.81E-1);
#342=CARTESIAN_POINT('',(-1.27E1,-1.27E0,-6.731E0));
#343=LINE('',#342,#341);
#344=DIRECTION('',(1.E0,0.E0,0.E0));
#345=VECTOR('',#344,1.27E-1);
#346=CARTESIAN_POINT('',(-1.27E1,-1.651E0,-6.731E0));
#347=LINE('',#346,#345);
#348=DIRECTION('',(0.E0,-1.E0,0.E0));
#349=VECTOR('',#348,1.27E-1);
#350=CARTESIAN_POINT('',(-1.2573E1,-1.651E0,-6.731E0));
#351=LINE('',#350,#349);
#352=DIRECTION('',(1.E0,0.E0,0.E0));
#353=VECTOR('',#352,2.5146E1);
#354=CARTESIAN_POINT('',(-1.2573E1,-1.778E0,-6.731E0));
#355=LINE('',#354,#353);
#356=DIRECTION('',(0.E0,1.E0,0.E0));
#357=VECTOR('',#356,1.27E-1);
#358=CARTESIAN_POINT('',(1.2573E1,-1.778E0,-6.731E0));
#359=LINE('',#358,#357);
#360=DIRECTION('',(1.E0,0.E0,0.E0));
#361=VECTOR('',#360,1.27E-1);
#362=CARTESIAN_POINT('',(1.2573E1,-1.651E0,-6.731E0));
#363=LINE('',#362,#361);
#364=DIRECTION('',(0.E0,1.E0,0.E0));
#365=VECTOR('',#364,3.81E-1);
#366=CARTESIAN_POINT('',(1.27E1,-1.651E0,-6.731E0));
#367=LINE('',#366,#365);
#368=DIRECTION('',(0.E0,0.E0,1.E0));
#369=VECTOR('',#368,5.08E-1);
#370=CARTESIAN_POINT('',(1.27E1,1.27E0,-6.731E0));
#371=LINE('',#370,#369);
#372=DIRECTION('',(0.E0,-1.E0,0.E0));
#373=VECTOR('',#372,2.54E0);
#374=CARTESIAN_POINT('',(1.27E1,1.27E0,-6.223E0));
#375=LINE('',#374,#373);
#376=DIRECTION('',(0.E0,0.E0,1.E0));
#377=VECTOR('',#376,5.08E-1);
#378=CARTESIAN_POINT('',(1.27E1,-1.27E0,-6.731E0));
#379=LINE('',#378,#377);
#380=DIRECTION('',(0.E0,0.E0,-1.E0));
#381=VECTOR('',#380,6.731E0);
#382=CARTESIAN_POINT('',(1.27E1,-1.651E0,0.E0));
#383=LINE('',#382,#381);
#384=DIRECTION('',(-1.E0,0.E0,0.E0));
#385=VECTOR('',#384,2.54E1);
#386=CARTESIAN_POINT('',(1.27E1,1.27E0,-6.223E0));
#387=LINE('',#386,#385);
#388=DIRECTION('',(1.E0,0.E0,0.E0));
#389=VECTOR('',#388,6.985E-1);
#390=CARTESIAN_POINT('',(-1.177925E1,-1.016E-1,-6.223E0));
#391=LINE('',#390,#389);
#392=DIRECTION('',(0.E0,1.E0,0.E0));
#393=VECTOR('',#392,2.032E-1);
#394=CARTESIAN_POINT('',(-1.177925E1,-1.016E-1,-6.223E0));
#395=LINE('',#394,#393);
#396=DIRECTION('',(1.E0,0.E0,0.E0));
#397=VECTOR('',#396,6.985E-1);
#398=CARTESIAN_POINT('',(-1.177925E1,1.016E-1,-6.223E0));
#399=LINE('',#398,#397);
#400=DIRECTION('',(0.E0,1.E0,0.E0));
#401=VECTOR('',#400,2.032E-1);
#402=CARTESIAN_POINT('',(-1.108075E1,-1.016E-1,-6.223E0));
#403=LINE('',#402,#401);
#404=DIRECTION('',(1.E0,0.E0,0.E0));
#405=VECTOR('',#404,6.985E-1);
#406=CARTESIAN_POINT('',(-9.23925E0,-1.016E-1,-6.223E0));
#407=LINE('',#406,#405);
#408=DIRECTION('',(0.E0,1.E0,0.E0));
#409=VECTOR('',#408,2.032E-1);
#410=CARTESIAN_POINT('',(-9.23925E0,-1.016E-1,-6.223E0));
#411=LINE('',#410,#409);
#412=DIRECTION('',(1.E0,0.E0,0.E0));
#413=VECTOR('',#412,6.985E-1);
#414=CARTESIAN_POINT('',(-9.23925E0,1.016E-1,-6.223E0));
#415=LINE('',#414,#413);
#416=DIRECTION('',(0.E0,1.E0,0.E0));
#417=VECTOR('',#416,2.032E-1);
#418=CARTESIAN_POINT('',(-8.54075E0,-1.016E-1,-6.223E0));
#419=LINE('',#418,#417);
#420=DIRECTION('',(1.E0,0.E0,0.E0));
#421=VECTOR('',#420,6.985E-1);
#422=CARTESIAN_POINT('',(-6.69925E0,-1.016E-1,-6.223E0));
#423=LINE('',#422,#421);
#424=DIRECTION('',(0.E0,1.E0,0.E0));
#425=VECTOR('',#424,2.032E-1);
#426=CARTESIAN_POINT('',(-6.69925E0,-1.016E-1,-6.223E0));
#427=LINE('',#426,#425);
#428=DIRECTION('',(1.E0,0.E0,0.E0));
#429=VECTOR('',#428,6.985E-1);
#430=CARTESIAN_POINT('',(-6.69925E0,1.016E-1,-6.223E0));
#431=LINE('',#430,#429);
#432=DIRECTION('',(0.E0,1.E0,0.E0));
#433=VECTOR('',#432,2.032E-1);
#434=CARTESIAN_POINT('',(-6.00075E0,-1.016E-1,-6.223E0));
#435=LINE('',#434,#433);
#436=DIRECTION('',(1.E0,0.E0,0.E0));
#437=VECTOR('',#436,6.985E-1);
#438=CARTESIAN_POINT('',(-4.15925E0,-1.016E-1,-6.223E0));
#439=LINE('',#438,#437);
#440=DIRECTION('',(0.E0,1.E0,0.E0));
#441=VECTOR('',#440,2.032E-1);
#442=CARTESIAN_POINT('',(-4.15925E0,-1.016E-1,-6.223E0));
#443=LINE('',#442,#441);
#444=DIRECTION('',(1.E0,0.E0,0.E0));
#445=VECTOR('',#444,6.985E-1);
#446=CARTESIAN_POINT('',(-4.15925E0,1.016E-1,-6.223E0));
#447=LINE('',#446,#445);
#448=DIRECTION('',(0.E0,1.E0,0.E0));
#449=VECTOR('',#448,2.032E-1);
#450=CARTESIAN_POINT('',(-3.46075E0,-1.016E-1,-6.223E0));
#451=LINE('',#450,#449);
#452=DIRECTION('',(1.E0,0.E0,0.E0));
#453=VECTOR('',#452,6.985E-1);
#454=CARTESIAN_POINT('',(-1.61925E0,-1.016E-1,-6.223E0));
#455=LINE('',#454,#453);
#456=DIRECTION('',(0.E0,1.E0,0.E0));
#457=VECTOR('',#456,2.032E-1);
#458=CARTESIAN_POINT('',(-1.61925E0,-1.016E-1,-6.223E0));
#459=LINE('',#458,#457);
#460=DIRECTION('',(1.E0,0.E0,0.E0));
#461=VECTOR('',#460,6.985E-1);
#462=CARTESIAN_POINT('',(-1.61925E0,1.016E-1,-6.223E0));
#463=LINE('',#462,#461);
#464=DIRECTION('',(0.E0,1.E0,0.E0));
#465=VECTOR('',#464,2.032E-1);
#466=CARTESIAN_POINT('',(-9.2075E-1,-1.016E-1,-6.223E0));
#467=LINE('',#466,#465);
#468=DIRECTION('',(1.E0,0.E0,0.E0));
#469=VECTOR('',#468,6.985E-1);
#470=CARTESIAN_POINT('',(9.2075E-1,-1.016E-1,-6.223E0));
#471=LINE('',#470,#469);
#472=DIRECTION('',(0.E0,1.E0,0.E0));
#473=VECTOR('',#472,2.032E-1);
#474=CARTESIAN_POINT('',(9.2075E-1,-1.016E-1,-6.223E0));
#475=LINE('',#474,#473);
#476=DIRECTION('',(1.E0,0.E0,0.E0));
#477=VECTOR('',#476,6.985E-1);
#478=CARTESIAN_POINT('',(9.2075E-1,1.016E-1,-6.223E0));
#479=LINE('',#478,#477);
#480=DIRECTION('',(0.E0,1.E0,0.E0));
#481=VECTOR('',#480,2.032E-1);
#482=CARTESIAN_POINT('',(1.61925E0,-1.016E-1,-6.223E0));
#483=LINE('',#482,#481);
#484=DIRECTION('',(1.E0,0.E0,0.E0));
#485=VECTOR('',#484,6.985E-1);
#486=CARTESIAN_POINT('',(3.46075E0,-1.016E-1,-6.223E0));
#487=LINE('',#486,#485);
#488=DIRECTION('',(0.E0,1.E0,0.E0));
#489=VECTOR('',#488,2.032E-1);
#490=CARTESIAN_POINT('',(3.46075E0,-1.016E-1,-6.223E0));
#491=LINE('',#490,#489);
#492=DIRECTION('',(1.E0,0.E0,0.E0));
#493=VECTOR('',#492,6.985E-1);
#494=CARTESIAN_POINT('',(3.46075E0,1.016E-1,-6.223E0));
#495=LINE('',#494,#493);
#496=DIRECTION('',(0.E0,1.E0,0.E0));
#497=VECTOR('',#496,2.032E-1);
#498=CARTESIAN_POINT('',(4.15925E0,-1.016E-1,-6.223E0));
#499=LINE('',#498,#497);
#500=DIRECTION('',(1.E0,0.E0,0.E0));
#501=VECTOR('',#500,6.985E-1);
#502=CARTESIAN_POINT('',(6.00075E0,-1.016E-1,-6.223E0));
#503=LINE('',#502,#501);
#504=DIRECTION('',(0.E0,1.E0,0.E0));
#505=VECTOR('',#504,2.032E-1);
#506=CARTESIAN_POINT('',(6.00075E0,-1.016E-1,-6.223E0));
#507=LINE('',#506,#505);
#508=DIRECTION('',(1.E0,0.E0,0.E0));
#509=VECTOR('',#508,6.985E-1);
#510=CARTESIAN_POINT('',(6.00075E0,1.016E-1,-6.223E0));
#511=LINE('',#510,#509);
#512=DIRECTION('',(0.E0,1.E0,0.E0));
#513=VECTOR('',#512,2.032E-1);
#514=CARTESIAN_POINT('',(6.69925E0,-1.016E-1,-6.223E0));
#515=LINE('',#514,#513);
#516=DIRECTION('',(1.E0,0.E0,0.E0));
#517=VECTOR('',#516,6.985E-1);
#518=CARTESIAN_POINT('',(8.54075E0,-1.016E-1,-6.223E0));
#519=LINE('',#518,#517);
#520=DIRECTION('',(0.E0,1.E0,0.E0));
#521=VECTOR('',#520,2.032E-1);
#522=CARTESIAN_POINT('',(8.54075E0,-1.016E-1,-6.223E0));
#523=LINE('',#522,#521);
#524=DIRECTION('',(1.E0,0.E0,0.E0));
#525=VECTOR('',#524,6.985E-1);
#526=CARTESIAN_POINT('',(8.54075E0,1.016E-1,-6.223E0));
#527=LINE('',#526,#525);
#528=DIRECTION('',(0.E0,1.E0,0.E0));
#529=VECTOR('',#528,2.032E-1);
#530=CARTESIAN_POINT('',(9.23925E0,-1.016E-1,-6.223E0));
#531=LINE('',#530,#529);
#532=DIRECTION('',(1.E0,0.E0,0.E0));
#533=VECTOR('',#532,6.985E-1);
#534=CARTESIAN_POINT('',(1.108075E1,-1.016E-1,-6.223E0));
#535=LINE('',#534,#533);
#536=DIRECTION('',(0.E0,1.E0,0.E0));
#537=VECTOR('',#536,2.032E-1);
#538=CARTESIAN_POINT('',(1.108075E1,-1.016E-1,-6.223E0));
#539=LINE('',#538,#537);
#540=DIRECTION('',(1.E0,0.E0,0.E0));
#541=VECTOR('',#540,6.985E-1);
#542=CARTESIAN_POINT('',(1.108075E1,1.016E-1,-6.223E0));
#543=LINE('',#542,#541);
#544=DIRECTION('',(0.E0,1.E0,0.E0));
#545=VECTOR('',#544,2.032E-1);
#546=CARTESIAN_POINT('',(1.177925E1,-1.016E-1,-6.223E0));
#547=LINE('',#546,#545);
#548=DIRECTION('',(-1.E0,0.E0,0.E0));
#549=VECTOR('',#548,2.54E1);
#550=CARTESIAN_POINT('',(1.27E1,-1.27E0,-6.223E0));
#551=LINE('',#550,#549);
#552=DIRECTION('',(0.E0,0.E0,-1.E0));
#553=VECTOR('',#552,2.530595534254E0);
#554=CARTESIAN_POINT('',(-1.108075E1,-1.016E-1,-6.223E0));
#555=LINE('',#554,#553);
#556=DIRECTION('',(-1.736481776669E-1,0.E0,-9.848077530122E-1));
#557=VECTOR('',#556,1.170182162175E0);
#558=CARTESIAN_POINT('',(-1.108075E1,-1.016E-1,-8.753595534254E0));
#559=LINE('',#558,#557);
#560=DIRECTION('',(-1.E0,0.E0,0.E0));
#561=VECTOR('',#560,2.921E-1);
#562=CARTESIAN_POINT('',(-1.128395E1,-1.016E-1,-9.906E0));
#563=LINE('',#562,#561);
#564=DIRECTION('',(-1.736481776669E-1,0.E0,9.848077530122E-1));
#565=VECTOR('',#564,1.170182162175E0);
#566=CARTESIAN_POINT('',(-1.157605E1,-1.016E-1,-9.906E0));
#567=LINE('',#566,#565);
#568=DIRECTION('',(0.E0,0.E0,1.E0));
#569=VECTOR('',#568,2.530595534254E0);
#570=CARTESIAN_POINT('',(-1.177925E1,-1.016E-1,-8.753595534254E0));
#571=LINE('',#570,#569);
#572=DIRECTION('',(0.E0,0.E0,1.E0));
#573=VECTOR('',#572,2.530595534254E0);
#574=CARTESIAN_POINT('',(-1.177925E1,1.016E-1,-8.753595534254E0));
#575=LINE('',#574,#573);
#576=DIRECTION('',(-1.736481776669E-1,0.E0,9.848077530122E-1));
#577=VECTOR('',#576,1.170182162175E0);
#578=CARTESIAN_POINT('',(-1.157605E1,1.016E-1,-9.906E0));
#579=LINE('',#578,#577);
#580=DIRECTION('',(-1.E0,0.E0,0.E0));
#581=VECTOR('',#580,2.921E-1);
#582=CARTESIAN_POINT('',(-1.128395E1,1.016E-1,-9.906E0));
#583=LINE('',#582,#581);
#584=DIRECTION('',(-1.736481776669E-1,0.E0,-9.848077530122E-1));
#585=VECTOR('',#584,1.170182162175E0);
#586=CARTESIAN_POINT('',(-1.108075E1,1.016E-1,-8.753595534254E0));
#587=LINE('',#586,#585);
#588=DIRECTION('',(0.E0,0.E0,-1.E0));
#589=VECTOR('',#588,2.530595534254E0);
#590=CARTESIAN_POINT('',(-1.108075E1,1.016E-1,-6.223E0));
#591=LINE('',#590,#589);
#592=DIRECTION('',(0.E0,1.E0,0.E0));
#593=VECTOR('',#592,2.032E-1);
#594=CARTESIAN_POINT('',(-1.177925E1,-1.016E-1,-8.753595534254E0));
#595=LINE('',#594,#593);
#596=DIRECTION('',(0.E0,1.E0,0.E0));
#597=VECTOR('',#596,2.032E-1);
#598=CARTESIAN_POINT('',(-1.157605E1,-1.016E-1,-9.906E0));
#599=LINE('',#598,#597);
#600=DIRECTION('',(0.E0,1.E0,0.E0));
#601=VECTOR('',#600,2.032E-1);
#602=CARTESIAN_POINT('',(-1.128395E1,-1.016E-1,-9.906E0));
#603=LINE('',#602,#601);
#604=DIRECTION('',(0.E0,1.E0,0.E0));
#605=VECTOR('',#604,2.032E-1);
#606=CARTESIAN_POINT('',(-1.108075E1,-1.016E-1,-8.753595534254E0));
#607=LINE('',#606,#605);
#608=DIRECTION('',(0.E0,0.E0,-1.E0));
#609=VECTOR('',#608,2.530595534254E0);
#610=CARTESIAN_POINT('',(-8.54075E0,-1.016E-1,-6.223E0));
#611=LINE('',#610,#609);
#612=DIRECTION('',(-1.736481776669E-1,0.E0,-9.848077530122E-1));
#613=VECTOR('',#612,1.170182162175E0);
#614=CARTESIAN_POINT('',(-8.54075E0,-1.016E-1,-8.753595534254E0));
#615=LINE('',#614,#613);
#616=DIRECTION('',(-1.E0,0.E0,0.E0));
#617=VECTOR('',#616,2.921E-1);
#618=CARTESIAN_POINT('',(-8.74395E0,-1.016E-1,-9.906E0));
#619=LINE('',#618,#617);
#620=DIRECTION('',(-1.736481776669E-1,0.E0,9.848077530122E-1));
#621=VECTOR('',#620,1.170182162175E0);
#622=CARTESIAN_POINT('',(-9.03605E0,-1.016E-1,-9.906E0));
#623=LINE('',#622,#621);
#624=DIRECTION('',(0.E0,0.E0,1.E0));
#625=VECTOR('',#624,2.530595534254E0);
#626=CARTESIAN_POINT('',(-9.23925E0,-1.016E-1,-8.753595534254E0));
#627=LINE('',#626,#625);
#628=DIRECTION('',(0.E0,0.E0,1.E0));
#629=VECTOR('',#628,2.530595534254E0);
#630=CARTESIAN_POINT('',(-9.23925E0,1.016E-1,-8.753595534254E0));
#631=LINE('',#630,#629);
#632=DIRECTION('',(-1.736481776669E-1,0.E0,9.848077530122E-1));
#633=VECTOR('',#632,1.170182162175E0);
#634=CARTESIAN_POINT('',(-9.03605E0,1.016E-1,-9.906E0));
#635=LINE('',#634,#633);
#636=DIRECTION('',(-1.E0,0.E0,0.E0));
#637=VECTOR('',#636,2.921E-1);
#638=CARTESIAN_POINT('',(-8.74395E0,1.016E-1,-9.906E0));
#639=LINE('',#638,#637);
#640=DIRECTION('',(-1.736481776669E-1,0.E0,-9.848077530122E-1));
#641=VECTOR('',#640,1.170182162175E0);
#642=CARTESIAN_POINT('',(-8.54075E0,1.016E-1,-8.753595534254E0));
#643=LINE('',#642,#641);
#644=DIRECTION('',(0.E0,0.E0,-1.E0));
#645=VECTOR('',#644,2.530595534254E0);
#646=CARTESIAN_POINT('',(-8.54075E0,1.016E-1,-6.223E0));
#647=LINE('',#646,#645);
#648=DIRECTION('',(0.E0,1.E0,0.E0));
#649=VECTOR('',#648,2.032E-1);
#650=CARTESIAN_POINT('',(-9.23925E0,-1.016E-1,-8.753595534254E0));
#651=LINE('',#650,#649);
#652=DIRECTION('',(0.E0,1.E0,0.E0));
#653=VECTOR('',#652,2.032E-1);
#654=CARTESIAN_POINT('',(-9.03605E0,-1.016E-1,-9.906E0));
#655=LINE('',#654,#653);
#656=DIRECTION('',(0.E0,1.E0,0.E0));
#657=VECTOR('',#656,2.032E-1);
#658=CARTESIAN_POINT('',(-8.74395E0,-1.016E-1,-9.906E0));
#659=LINE('',#658,#657);
#660=DIRECTION('',(0.E0,1.E0,0.E0));
#661=VECTOR('',#660,2.032E-1);
#662=CARTESIAN_POINT('',(-8.54075E0,-1.016E-1,-8.753595534254E0));
#663=LINE('',#662,#661);
#664=DIRECTION('',(0.E0,0.E0,-1.E0));
#665=VECTOR('',#664,2.530595534254E0);
#666=CARTESIAN_POINT('',(-6.00075E0,-1.016E-1,-6.223E0));
#667=LINE('',#666,#665);
#668=DIRECTION('',(-1.736481776669E-1,0.E0,-9.848077530122E-1));
#669=VECTOR('',#668,1.170182162175E0);
#670=CARTESIAN_POINT('',(-6.00075E0,-1.016E-1,-8.753595534254E0));
#671=LINE('',#670,#669);
#672=DIRECTION('',(-1.E0,0.E0,0.E0));
#673=VECTOR('',#672,2.921E-1);
#674=CARTESIAN_POINT('',(-6.20395E0,-1.016E-1,-9.906E0));
#675=LINE('',#674,#673);
#676=DIRECTION('',(-1.736481776669E-1,0.E0,9.848077530122E-1));
#677=VECTOR('',#676,1.170182162175E0);
#678=CARTESIAN_POINT('',(-6.49605E0,-1.016E-1,-9.906E0));
#679=LINE('',#678,#677);
#680=DIRECTION('',(0.E0,0.E0,1.E0));
#681=VECTOR('',#680,2.530595534254E0);
#682=CARTESIAN_POINT('',(-6.69925E0,-1.016E-1,-8.753595534254E0));
#683=LINE('',#682,#681);
#684=DIRECTION('',(0.E0,0.E0,1.E0));
#685=VECTOR('',#684,2.530595534254E0);
#686=CARTESIAN_POINT('',(-6.69925E0,1.016E-1,-8.753595534254E0));
#687=LINE('',#686,#685);
#688=DIRECTION('',(-1.736481776669E-1,0.E0,9.848077530122E-1));
#689=VECTOR('',#688,1.170182162175E0);
#690=CARTESIAN_POINT('',(-6.49605E0,1.016E-1,-9.906E0));
#691=LINE('',#690,#689);
#692=DIRECTION('',(-1.E0,0.E0,0.E0));
#693=VECTOR('',#692,2.921E-1);
#694=CARTESIAN_POINT('',(-6.20395E0,1.016E-1,-9.906E0));
#695=LINE('',#694,#693);
#696=DIRECTION('',(-1.736481776669E-1,0.E0,-9.848077530122E-1));
#697=VECTOR('',#696,1.170182162175E0);
#698=CARTESIAN_POINT('',(-6.00075E0,1.016E-1,-8.753595534254E0));
#699=LINE('',#698,#697);
#700=DIRECTION('',(0.E0,0.E0,-1.E0));
#701=VECTOR('',#700,2.530595534254E0);
#702=CARTESIAN_POINT('',(-6.00075E0,1.016E-1,-6.223E0));
#703=LINE('',#702,#701);
#704=DIRECTION('',(0.E0,1.E0,0.E0));
#705=VECTOR('',#704,2.032E-1);
#706=CARTESIAN_POINT('',(-6.69925E0,-1.016E-1,-8.753595534254E0));
#707=LINE('',#706,#705);
#708=DIRECTION('',(0.E0,1.E0,0.E0));
#709=VECTOR('',#708,2.032E-1);
#710=CARTESIAN_POINT('',(-6.49605E0,-1.016E-1,-9.906E0));
#711=LINE('',#710,#709);
#712=DIRECTION('',(0.E0,1.E0,0.E0));
#713=VECTOR('',#712,2.032E-1);
#714=CARTESIAN_POINT('',(-6.20395E0,-1.016E-1,-9.906E0));
#715=LINE('',#714,#713);
#716=DIRECTION('',(0.E0,1.E0,0.E0));
#717=VECTOR('',#716,2.032E-1);
#718=CARTESIAN_POINT('',(-6.00075E0,-1.016E-1,-8.753595534254E0));
#719=LINE('',#718,#717);
#720=DIRECTION('',(0.E0,0.E0,-1.E0));
#721=VECTOR('',#720,2.530595534254E0);
#722=CARTESIAN_POINT('',(-3.46075E0,-1.016E-1,-6.223E0));
#723=LINE('',#722,#721);
#724=DIRECTION('',(-1.736481776669E-1,0.E0,-9.848077530122E-1));
#725=VECTOR('',#724,1.170182162175E0);
#726=CARTESIAN_POINT('',(-3.46075E0,-1.016E-1,-8.753595534254E0));
#727=LINE('',#726,#725);
#728=DIRECTION('',(-1.E0,0.E0,0.E0));
#729=VECTOR('',#728,2.921E-1);
#730=CARTESIAN_POINT('',(-3.66395E0,-1.016E-1,-9.906E0));
#731=LINE('',#730,#729);
#732=DIRECTION('',(-1.736481776669E-1,0.E0,9.848077530122E-1));
#733=VECTOR('',#732,1.170182162175E0);
#734=CARTESIAN_POINT('',(-3.95605E0,-1.016E-1,-9.906E0));
#735=LINE('',#734,#733);
#736=DIRECTION('',(0.E0,0.E0,1.E0));
#737=VECTOR('',#736,2.530595534254E0);
#738=CARTESIAN_POINT('',(-4.15925E0,-1.016E-1,-8.753595534254E0));
#739=LINE('',#738,#737);
#740=DIRECTION('',(0.E0,0.E0,1.E0));
#741=VECTOR('',#740,2.530595534254E0);
#742=CARTESIAN_POINT('',(-4.15925E0,1.016E-1,-8.753595534254E0));
#743=LINE('',#742,#741);
#744=DIRECTION('',(-1.736481776669E-1,0.E0,9.848077530122E-1));
#745=VECTOR('',#744,1.170182162175E0);
#746=CARTESIAN_POINT('',(-3.95605E0,1.016E-1,-9.906E0));
#747=LINE('',#746,#745);
#748=DIRECTION('',(-1.E0,0.E0,0.E0));
#749=VECTOR('',#748,2.921E-1);
#750=CARTESIAN_POINT('',(-3.66395E0,1.016E-1,-9.906E0));
#751=LINE('',#750,#749);
#752=DIRECTION('',(-1.736481776669E-1,0.E0,-9.848077530122E-1));
#753=VECTOR('',#752,1.170182162175E0);
#754=CARTESIAN_POINT('',(-3.46075E0,1.016E-1,-8.753595534254E0));
#755=LINE('',#754,#753);
#756=DIRECTION('',(0.E0,0.E0,-1.E0));
#757=VECTOR('',#756,2.530595534254E0);
#758=CARTESIAN_POINT('',(-3.46075E0,1.016E-1,-6.223E0));
#759=LINE('',#758,#757);
#760=DIRECTION('',(0.E0,1.E0,0.E0));
#761=VECTOR('',#760,2.032E-1);
#762=CARTESIAN_POINT('',(-4.15925E0,-1.016E-1,-8.753595534254E0));
#763=LINE('',#762,#761);
#764=DIRECTION('',(0.E0,1.E0,0.E0));
#765=VECTOR('',#764,2.032E-1);
#766=CARTESIAN_POINT('',(-3.95605E0,-1.016E-1,-9.906E0));
#767=LINE('',#766,#765);
#768=DIRECTION('',(0.E0,1.E0,0.E0));
#769=VECTOR('',#768,2.032E-1);
#770=CARTESIAN_POINT('',(-3.66395E0,-1.016E-1,-9.906E0));
#771=LINE('',#770,#769);
#772=DIRECTION('',(0.E0,1.E0,0.E0));
#773=VECTOR('',#772,2.032E-1);
#774=CARTESIAN_POINT('',(-3.46075E0,-1.016E-1,-8.753595534254E0));
#775=LINE('',#774,#773);
#776=DIRECTION('',(0.E0,0.E0,-1.E0));
#777=VECTOR('',#776,2.530595534254E0);
#778=CARTESIAN_POINT('',(-9.2075E-1,-1.016E-1,-6.223E0));
#779=LINE('',#778,#777);
#780=DIRECTION('',(-1.736481776669E-1,0.E0,-9.848077530122E-1));
#781=VECTOR('',#780,1.170182162175E0);
#782=CARTESIAN_POINT('',(-9.2075E-1,-1.016E-1,-8.753595534254E0));
#783=LINE('',#782,#781);
#784=DIRECTION('',(-1.E0,0.E0,0.E0));
#785=VECTOR('',#784,2.921E-1);
#786=CARTESIAN_POINT('',(-1.12395E0,-1.016E-1,-9.906E0));
#787=LINE('',#786,#785);
#788=DIRECTION('',(-1.736481776669E-1,0.E0,9.848077530122E-1));
#789=VECTOR('',#788,1.170182162175E0);
#790=CARTESIAN_POINT('',(-1.41605E0,-1.016E-1,-9.906E0));
#791=LINE('',#790,#789);
#792=DIRECTION('',(0.E0,0.E0,1.E0));
#793=VECTOR('',#792,2.530595534254E0);
#794=CARTESIAN_POINT('',(-1.61925E0,-1.016E-1,-8.753595534254E0));
#795=LINE('',#794,#793);
#796=DIRECTION('',(0.E0,0.E0,1.E0));
#797=VECTOR('',#796,2.530595534254E0);
#798=CARTESIAN_POINT('',(-1.61925E0,1.016E-1,-8.753595534254E0));
#799=LINE('',#798,#797);
#800=DIRECTION('',(-1.736481776669E-1,0.E0,9.848077530122E-1));
#801=VECTOR('',#800,1.170182162175E0);
#802=CARTESIAN_POINT('',(-1.41605E0,1.016E-1,-9.906E0));
#803=LINE('',#802,#801);
#804=DIRECTION('',(-1.E0,0.E0,0.E0));
#805=VECTOR('',#804,2.921E-1);
#806=CARTESIAN_POINT('',(-1.12395E0,1.016E-1,-9.906E0));
#807=LINE('',#806,#805);
#808=DIRECTION('',(-1.736481776669E-1,0.E0,-9.848077530122E-1));
#809=VECTOR('',#808,1.170182162175E0);
#810=CARTESIAN_POINT('',(-9.2075E-1,1.016E-1,-8.753595534254E0));
#811=LINE('',#810,#809);
#812=DIRECTION('',(0.E0,0.E0,-1.E0));
#813=VECTOR('',#812,2.530595534254E0);
#814=CARTESIAN_POINT('',(-9.2075E-1,1.016E-1,-6.223E0));
#815=LINE('',#814,#813);
#816=DIRECTION('',(0.E0,1.E0,0.E0));
#817=VECTOR('',#816,2.032E-1);
#818=CARTESIAN_POINT('',(-1.61925E0,-1.016E-1,-8.753595534254E0));
#819=LINE('',#818,#817);
#820=DIRECTION('',(0.E0,1.E0,0.E0));
#821=VECTOR('',#820,2.032E-1);
#822=CARTESIAN_POINT('',(-1.41605E0,-1.016E-1,-9.906E0));
#823=LINE('',#822,#821);
#824=DIRECTION('',(0.E0,1.E0,0.E0));
#825=VECTOR('',#824,2.032E-1);
#826=CARTESIAN_POINT('',(-1.12395E0,-1.016E-1,-9.906E0));
#827=LINE('',#826,#825);
#828=DIRECTION('',(0.E0,1.E0,0.E0));
#829=VECTOR('',#828,2.032E-1);
#830=CARTESIAN_POINT('',(-9.2075E-1,-1.016E-1,-8.753595534254E0));
#831=LINE('',#830,#829);
#832=DIRECTION('',(0.E0,0.E0,-1.E0));
#833=VECTOR('',#832,2.530595534254E0);
#834=CARTESIAN_POINT('',(1.61925E0,-1.016E-1,-6.223E0));
#835=LINE('',#834,#833);
#836=DIRECTION('',(-1.736481776669E-1,0.E0,-9.848077530122E-1));
#837=VECTOR('',#836,1.170182162175E0);
#838=CARTESIAN_POINT('',(1.61925E0,-1.016E-1,-8.753595534254E0));
#839=LINE('',#838,#837);
#840=DIRECTION('',(-1.E0,0.E0,0.E0));
#841=VECTOR('',#840,2.921E-1);
#842=CARTESIAN_POINT('',(1.41605E0,-1.016E-1,-9.906E0));
#843=LINE('',#842,#841);
#844=DIRECTION('',(-1.736481776669E-1,0.E0,9.848077530122E-1));
#845=VECTOR('',#844,1.170182162175E0);
#846=CARTESIAN_POINT('',(1.12395E0,-1.016E-1,-9.906E0));
#847=LINE('',#846,#845);
#848=DIRECTION('',(0.E0,0.E0,1.E0));
#849=VECTOR('',#848,2.530595534254E0);
#850=CARTESIAN_POINT('',(9.2075E-1,-1.016E-1,-8.753595534254E0));
#851=LINE('',#850,#849);
#852=DIRECTION('',(0.E0,0.E0,1.E0));
#853=VECTOR('',#852,2.530595534254E0);
#854=CARTESIAN_POINT('',(9.2075E-1,1.016E-1,-8.753595534254E0));
#855=LINE('',#854,#853);
#856=DIRECTION('',(-1.736481776669E-1,0.E0,9.848077530122E-1));
#857=VECTOR('',#856,1.170182162175E0);
#858=CARTESIAN_POINT('',(1.12395E0,1.016E-1,-9.906E0));
#859=LINE('',#858,#857);
#860=DIRECTION('',(-1.E0,0.E0,0.E0));
#861=VECTOR('',#860,2.921E-1);
#862=CARTESIAN_POINT('',(1.41605E0,1.016E-1,-9.906E0));
#863=LINE('',#862,#861);
#864=DIRECTION('',(-1.736481776669E-1,0.E0,-9.848077530122E-1));
#865=VECTOR('',#864,1.170182162175E0);
#866=CARTESIAN_POINT('',(1.61925E0,1.016E-1,-8.753595534254E0));
#867=LINE('',#866,#865);
#868=DIRECTION('',(0.E0,0.E0,-1.E0));
#869=VECTOR('',#868,2.530595534254E0);
#870=CARTESIAN_POINT('',(1.61925E0,1.016E-1,-6.223E0));
#871=LINE('',#870,#869);
#872=DIRECTION('',(0.E0,1.E0,0.E0));
#873=VECTOR('',#872,2.032E-1);
#874=CARTESIAN_POINT('',(9.2075E-1,-1.016E-1,-8.753595534254E0));
#875=LINE('',#874,#873);
#876=DIRECTION('',(0.E0,1.E0,0.E0));
#877=VECTOR('',#876,2.032E-1);
#878=CARTESIAN_POINT('',(1.12395E0,-1.016E-1,-9.906E0));
#879=LINE('',#878,#877);
#880=DIRECTION('',(0.E0,1.E0,0.E0));
#881=VECTOR('',#880,2.032E-1);
#882=CARTESIAN_POINT('',(1.41605E0,-1.016E-1,-9.906E0));
#883=LINE('',#882,#881);
#884=DIRECTION('',(0.E0,1.E0,0.E0));
#885=VECTOR('',#884,2.032E-1);
#886=CARTESIAN_POINT('',(1.61925E0,-1.016E-1,-8.753595534254E0));
#887=LINE('',#886,#885);
#888=DIRECTION('',(0.E0,0.E0,-1.E0));
#889=VECTOR('',#888,2.530595534254E0);
#890=CARTESIAN_POINT('',(4.15925E0,-1.016E-1,-6.223E0));
#891=LINE('',#890,#889);
#892=DIRECTION('',(-1.736481776669E-1,0.E0,-9.848077530122E-1));
#893=VECTOR('',#892,1.170182162175E0);
#894=CARTESIAN_POINT('',(4.15925E0,-1.016E-1,-8.753595534254E0));
#895=LINE('',#894,#893);
#896=DIRECTION('',(-1.E0,0.E0,0.E0));
#897=VECTOR('',#896,2.921E-1);
#898=CARTESIAN_POINT('',(3.95605E0,-1.016E-1,-9.906E0));
#899=LINE('',#898,#897);
#900=DIRECTION('',(-1.736481776669E-1,0.E0,9.848077530122E-1));
#901=VECTOR('',#900,1.170182162175E0);
#902=CARTESIAN_POINT('',(3.66395E0,-1.016E-1,-9.906E0));
#903=LINE('',#902,#901);
#904=DIRECTION('',(0.E0,0.E0,1.E0));
#905=VECTOR('',#904,2.530595534254E0);
#906=CARTESIAN_POINT('',(3.46075E0,-1.016E-1,-8.753595534254E0));
#907=LINE('',#906,#905);
#908=DIRECTION('',(0.E0,0.E0,1.E0));
#909=VECTOR('',#908,2.530595534254E0);
#910=CARTESIAN_POINT('',(3.46075E0,1.016E-1,-8.753595534254E0));
#911=LINE('',#910,#909);
#912=DIRECTION('',(-1.736481776669E-1,0.E0,9.848077530122E-1));
#913=VECTOR('',#912,1.170182162175E0);
#914=CARTESIAN_POINT('',(3.66395E0,1.016E-1,-9.906E0));
#915=LINE('',#914,#913);
#916=DIRECTION('',(-1.E0,0.E0,0.E0));
#917=VECTOR('',#916,2.921E-1);
#918=CARTESIAN_POINT('',(3.95605E0,1.016E-1,-9.906E0));
#919=LINE('',#918,#917);
#920=DIRECTION('',(-1.736481776669E-1,0.E0,-9.848077530122E-1));
#921=VECTOR('',#920,1.170182162175E0);
#922=CARTESIAN_POINT('',(4.15925E0,1.016E-1,-8.753595534254E0));
#923=LINE('',#922,#921);
#924=DIRECTION('',(0.E0,0.E0,-1.E0));
#925=VECTOR('',#924,2.530595534254E0);
#926=CARTESIAN_POINT('',(4.15925E0,1.016E-1,-6.223E0));
#927=LINE('',#926,#925);
#928=DIRECTION('',(0.E0,1.E0,0.E0));
#929=VECTOR('',#928,2.032E-1);
#930=CARTESIAN_POINT('',(3.46075E0,-1.016E-1,-8.753595534254E0));
#931=LINE('',#930,#929);
#932=DIRECTION('',(0.E0,1.E0,0.E0));
#933=VECTOR('',#932,2.032E-1);
#934=CARTESIAN_POINT('',(3.66395E0,-1.016E-1,-9.906E0));
#935=LINE('',#934,#933);
#936=DIRECTION('',(0.E0,1.E0,0.E0));
#937=VECTOR('',#936,2.032E-1);
#938=CARTESIAN_POINT('',(3.95605E0,-1.016E-1,-9.906E0));
#939=LINE('',#938,#937);
#940=DIRECTION('',(0.E0,1.E0,0.E0));
#941=VECTOR('',#940,2.032E-1);
#942=CARTESIAN_POINT('',(4.15925E0,-1.016E-1,-8.753595534254E0));
#943=LINE('',#942,#941);
#944=DIRECTION('',(0.E0,0.E0,-1.E0));
#945=VECTOR('',#944,2.530595534254E0);
#946=CARTESIAN_POINT('',(6.69925E0,-1.016E-1,-6.223E0));
#947=LINE('',#946,#945);
#948=DIRECTION('',(-1.736481776669E-1,0.E0,-9.848077530122E-1));
#949=VECTOR('',#948,1.170182162175E0);
#950=CARTESIAN_POINT('',(6.69925E0,-1.016E-1,-8.753595534254E0));
#951=LINE('',#950,#949);
#952=DIRECTION('',(-1.E0,0.E0,0.E0));
#953=VECTOR('',#952,2.921E-1);
#954=CARTESIAN_POINT('',(6.49605E0,-1.016E-1,-9.906E0));
#955=LINE('',#954,#953);
#956=DIRECTION('',(-1.736481776669E-1,0.E0,9.848077530122E-1));
#957=VECTOR('',#956,1.170182162175E0);
#958=CARTESIAN_POINT('',(6.20395E0,-1.016E-1,-9.906E0));
#959=LINE('',#958,#957);
#960=DIRECTION('',(0.E0,0.E0,1.E0));
#961=VECTOR('',#960,2.530595534254E0);
#962=CARTESIAN_POINT('',(6.00075E0,-1.016E-1,-8.753595534254E0));
#963=LINE('',#962,#961);
#964=DIRECTION('',(0.E0,0.E0,1.E0));
#965=VECTOR('',#964,2.530595534254E0);
#966=CARTESIAN_POINT('',(6.00075E0,1.016E-1,-8.753595534254E0));
#967=LINE('',#966,#965);
#968=DIRECTION('',(-1.736481776669E-1,0.E0,9.848077530122E-1));
#969=VECTOR('',#968,1.170182162175E0);
#970=CARTESIAN_POINT('',(6.20395E0,1.016E-1,-9.906E0));
#971=LINE('',#970,#969);
#972=DIRECTION('',(-1.E0,0.E0,0.E0));
#973=VECTOR('',#972,2.921E-1);
#974=CARTESIAN_POINT('',(6.49605E0,1.016E-1,-9.906E0));
#975=LINE('',#974,#973);
#976=DIRECTION('',(-1.736481776669E-1,0.E0,-9.848077530122E-1));
#977=VECTOR('',#976,1.170182162175E0);
#978=CARTESIAN_POINT('',(6.69925E0,1.016E-1,-8.753595534254E0));
#979=LINE('',#978,#977);
#980=DIRECTION('',(0.E0,0.E0,-1.E0));
#981=VECTOR('',#980,2.530595534254E0);
#982=CARTESIAN_POINT('',(6.69925E0,1.016E-1,-6.223E0));
#983=LINE('',#982,#981);
#984=DIRECTION('',(0.E0,1.E0,0.E0));
#985=VECTOR('',#984,2.032E-1);
#986=CARTESIAN_POINT('',(6.00075E0,-1.016E-1,-8.753595534254E0));
#987=LINE('',#986,#985);
#988=DIRECTION('',(0.E0,1.E0,0.E0));
#989=VECTOR('',#988,2.032E-1);
#990=CARTESIAN_POINT('',(6.20395E0,-1.016E-1,-9.906E0));
#991=LINE('',#990,#989);
#992=DIRECTION('',(0.E0,1.E0,0.E0));
#993=VECTOR('',#992,2.032E-1);
#994=CARTESIAN_POINT('',(6.49605E0,-1.016E-1,-9.906E0));
#995=LINE('',#994,#993);
#996=DIRECTION('',(0.E0,1.E0,0.E0));
#997=VECTOR('',#996,2.032E-1);
#998=CARTESIAN_POINT('',(6.69925E0,-1.016E-1,-8.753595534254E0));
#999=LINE('',#998,#997);
#1000=DIRECTION('',(0.E0,0.E0,-1.E0));
#1001=VECTOR('',#1000,2.530595534254E0);
#1002=CARTESIAN_POINT('',(9.23925E0,-1.016E-1,-6.223E0));
#1003=LINE('',#1002,#1001);
#1004=DIRECTION('',(-1.736481776669E-1,0.E0,-9.848077530122E-1));
#1005=VECTOR('',#1004,1.170182162175E0);
#1006=CARTESIAN_POINT('',(9.23925E0,-1.016E-1,-8.753595534254E0));
#1007=LINE('',#1006,#1005);
#1008=DIRECTION('',(-1.E0,0.E0,0.E0));
#1009=VECTOR('',#1008,2.921E-1);
#1010=CARTESIAN_POINT('',(9.03605E0,-1.016E-1,-9.906E0));
#1011=LINE('',#1010,#1009);
#1012=DIRECTION('',(-1.736481776669E-1,0.E0,9.848077530122E-1));
#1013=VECTOR('',#1012,1.170182162175E0);
#1014=CARTESIAN_POINT('',(8.74395E0,-1.016E-1,-9.906E0));
#1015=LINE('',#1014,#1013);
#1016=DIRECTION('',(0.E0,0.E0,1.E0));
#1017=VECTOR('',#1016,2.530595534254E0);
#1018=CARTESIAN_POINT('',(8.54075E0,-1.016E-1,-8.753595534254E0));
#1019=LINE('',#1018,#1017);
#1020=DIRECTION('',(0.E0,0.E0,1.E0));
#1021=VECTOR('',#1020,2.530595534254E0);
#1022=CARTESIAN_POINT('',(8.54075E0,1.016E-1,-8.753595534254E0));
#1023=LINE('',#1022,#1021);
#1024=DIRECTION('',(-1.736481776669E-1,0.E0,9.848077530122E-1));
#1025=VECTOR('',#1024,1.170182162175E0);
#1026=CARTESIAN_POINT('',(8.74395E0,1.016E-1,-9.906E0));
#1027=LINE('',#1026,#1025);
#1028=DIRECTION('',(-1.E0,0.E0,0.E0));
#1029=VECTOR('',#1028,2.921E-1);
#1030=CARTESIAN_POINT('',(9.03605E0,1.016E-1,-9.906E0));
#1031=LINE('',#1030,#1029);
#1032=DIRECTION('',(-1.736481776669E-1,0.E0,-9.848077530122E-1));
#1033=VECTOR('',#1032,1.170182162175E0);
#1034=CARTESIAN_POINT('',(9.23925E0,1.016E-1,-8.753595534254E0));
#1035=LINE('',#1034,#1033);
#1036=DIRECTION('',(0.E0,0.E0,-1.E0));
#1037=VECTOR('',#1036,2.530595534254E0);
#1038=CARTESIAN_POINT('',(9.23925E0,1.016E-1,-6.223E0));
#1039=LINE('',#1038,#1037);
#1040=DIRECTION('',(0.E0,1.E0,0.E0));
#1041=VECTOR('',#1040,2.032E-1);
#1042=CARTESIAN_POINT('',(8.54075E0,-1.016E-1,-8.753595534254E0));
#1043=LINE('',#1042,#1041);
#1044=DIRECTION('',(0.E0,1.E0,0.E0));
#1045=VECTOR('',#1044,2.032E-1);
#1046=CARTESIAN_POINT('',(8.74395E0,-1.016E-1,-9.906E0));
#1047=LINE('',#1046,#1045);
#1048=DIRECTION('',(0.E0,1.E0,0.E0));
#1049=VECTOR('',#1048,2.032E-1);
#1050=CARTESIAN_POINT('',(9.03605E0,-1.016E-1,-9.906E0));
#1051=LINE('',#1050,#1049);
#1052=DIRECTION('',(0.E0,1.E0,0.E0));
#1053=VECTOR('',#1052,2.032E-1);
#1054=CARTESIAN_POINT('',(9.23925E0,-1.016E-1,-8.753595534254E0));
#1055=LINE('',#1054,#1053);
#1056=DIRECTION('',(0.E0,0.E0,-1.E0));
#1057=VECTOR('',#1056,2.530595534254E0);
#1058=CARTESIAN_POINT('',(1.177925E1,-1.016E-1,-6.223E0));
#1059=LINE('',#1058,#1057);
#1060=DIRECTION('',(-1.736481776669E-1,0.E0,-9.848077530122E-1));
#1061=VECTOR('',#1060,1.170182162175E0);
#1062=CARTESIAN_POINT('',(1.177925E1,-1.016E-1,-8.753595534254E0));
#1063=LINE('',#1062,#1061);
#1064=DIRECTION('',(-1.E0,0.E0,0.E0));
#1065=VECTOR('',#1064,2.921E-1);
#1066=CARTESIAN_POINT('',(1.157605E1,-1.016E-1,-9.906E0));
#1067=LINE('',#1066,#1065);
#1068=DIRECTION('',(-1.736481776669E-1,0.E0,9.848077530122E-1));
#1069=VECTOR('',#1068,1.170182162175E0);
#1070=CARTESIAN_POINT('',(1.128395E1,-1.016E-1,-9.906E0));
#1071=LINE('',#1070,#1069);
#1072=DIRECTION('',(0.E0,0.E0,1.E0));
#1073=VECTOR('',#1072,2.530595534254E0);
#1074=CARTESIAN_POINT('',(1.108075E1,-1.016E-1,-8.753595534254E0));
#1075=LINE('',#1074,#1073);
#1076=DIRECTION('',(0.E0,0.E0,1.E0));
#1077=VECTOR('',#1076,2.530595534254E0);
#1078=CARTESIAN_POINT('',(1.108075E1,1.016E-1,-8.753595534254E0));
#1079=LINE('',#1078,#1077);
#1080=DIRECTION('',(-1.736481776669E-1,0.E0,9.848077530122E-1));
#1081=VECTOR('',#1080,1.170182162175E0);
#1082=CARTESIAN_POINT('',(1.128395E1,1.016E-1,-9.906E0));
#1083=LINE('',#1082,#1081);
#1084=DIRECTION('',(-1.E0,0.E0,0.E0));
#1085=VECTOR('',#1084,2.921E-1);
#1086=CARTESIAN_POINT('',(1.157605E1,1.016E-1,-9.906E0));
#1087=LINE('',#1086,#1085);
#1088=DIRECTION('',(-1.736481776669E-1,0.E0,-9.848077530122E-1));
#1089=VECTOR('',#1088,1.170182162175E0);
#1090=CARTESIAN_POINT('',(1.177925E1,1.016E-1,-8.753595534254E0));
#1091=LINE('',#1090,#1089);
#1092=DIRECTION('',(0.E0,0.E0,-1.E0));
#1093=VECTOR('',#1092,2.530595534254E0);
#1094=CARTESIAN_POINT('',(1.177925E1,1.016E-1,-6.223E0));
#1095=LINE('',#1094,#1093);
#1096=DIRECTION('',(0.E0,1.E0,0.E0));
#1097=VECTOR('',#1096,2.032E-1);
#1098=CARTESIAN_POINT('',(1.108075E1,-1.016E-1,-8.753595534254E0));
#1099=LINE('',#1098,#1097);
#1100=DIRECTION('',(0.E0,1.E0,0.E0));
#1101=VECTOR('',#1100,2.032E-1);
#1102=CARTESIAN_POINT('',(1.128395E1,-1.016E-1,-9.906E0));
#1103=LINE('',#1102,#1101);
#1104=DIRECTION('',(0.E0,1.E0,0.E0));
#1105=VECTOR('',#1104,2.032E-1);
#1106=CARTESIAN_POINT('',(1.157605E1,-1.016E-1,-9.906E0));
#1107=LINE('',#1106,#1105);
#1108=DIRECTION('',(0.E0,1.E0,0.E0));
#1109=VECTOR('',#1108,2.032E-1);
#1110=CARTESIAN_POINT('',(1.177925E1,-1.016E-1,-8.753595534254E0));
#1111=LINE('',#1110,#1109);
#1112=DIRECTION('',(0.E0,0.E0,-1.E0));
#1113=VECTOR('',#1112,6.731E0);
#1114=CARTESIAN_POINT('',(1.2573E1,-1.651E0,0.E0));
#1115=LINE('',#1114,#1113);
#1116=DIRECTION('',(0.E0,0.E0,-1.E0));
#1117=VECTOR('',#1116,6.731E0);
#1118=CARTESIAN_POINT('',(1.2573E1,-1.778E0,0.E0));
#1119=LINE('',#1118,#1117);
#1120=DIRECTION('',(0.E0,0.E0,-1.E0));
#1121=VECTOR('',#1120,6.731E0);
#1122=CARTESIAN_POINT('',(-1.2573E1,-1.778E0,0.E0));
#1123=LINE('',#1122,#1121);
#1124=DIRECTION('',(0.E0,0.E0,-1.E0));
#1125=VECTOR('',#1124,6.731E0);
#1126=CARTESIAN_POINT('',(-1.2573E1,-1.651E0,0.E0));
#1127=LINE('',#1126,#1125);
#1128=DIRECTION('',(0.E0,0.E0,-1.E0));
#1129=VECTOR('',#1128,6.731E0);
#1130=CARTESIAN_POINT('',(-1.27E1,-1.651E0,0.E0));
#1131=LINE('',#1130,#1129);
#1132=DIRECTION('',(0.E0,0.E0,-1.E0));
#1133=VECTOR('',#1132,6.731E0);
#1134=CARTESIAN_POINT('',(1.27E1,1.651E0,0.E0));
#1135=LINE('',#1134,#1133);
#1136=DIRECTION('',(0.E0,0.E0,-1.E0));
#1137=VECTOR('',#1136,6.731E0);
#1138=CARTESIAN_POINT('',(1.2573E1,1.651E0,0.E0));
#1139=LINE('',#1138,#1137);
#1140=DIRECTION('',(0.E0,0.E0,-1.E0));
#1141=VECTOR('',#1140,6.731E0);
#1142=CARTESIAN_POINT('',(1.2573E1,1.778E0,0.E0));
#1143=LINE('',#1142,#1141);
#1144=DIRECTION('',(-5.773502691896E-1,5.773502691896E-1,5.773502691896E-1));
#1145=VECTOR('',#1144,1.099852262806E0);
#1146=CARTESIAN_POINT('',(-1.20142E1,4.572E-1,-6.35E-1));
#1147=LINE('',#1146,#1145);
#1148=DIRECTION('',(0.E0,-1.E0,0.E0));
#1149=VECTOR('',#1148,9.144E-1);
#1150=CARTESIAN_POINT('',(-1.20142E1,4.572E-1,-6.35E-1));
#1151=LINE('',#1150,#1149);
#1152=DIRECTION('',(5.773502691896E-1,5.773502691896E-1,5.773502691896E-1));
#1153=VECTOR('',#1152,1.099852262806E0);
#1154=CARTESIAN_POINT('',(-1.08458E1,4.572E-1,-6.35E-1));
#1155=LINE('',#1154,#1153);
#1156=DIRECTION('',(-1.E0,0.E0,0.E0));
#1157=VECTOR('',#1156,1.1684E0);
#1158=CARTESIAN_POINT('',(-1.08458E1,4.572E-1,-6.35E-1));
#1159=LINE('',#1158,#1157);
#1160=DIRECTION('',(5.773502691896E-1,-5.773502691896E-1,5.773502691896E-1));
#1161=VECTOR('',#1160,1.099852262806E0);
#1162=CARTESIAN_POINT('',(-1.08458E1,-4.572E-1,-6.35E-1));
#1163=LINE('',#1162,#1161);
#1164=DIRECTION('',(0.E0,1.E0,0.E0));
#1165=VECTOR('',#1164,9.144E-1);
#1166=CARTESIAN_POINT('',(-1.08458E1,-4.572E-1,-6.35E-1));
#1167=LINE('',#1166,#1165);
#1168=DIRECTION('',(-5.773502691896E-1,-5.773502691896E-1,5.773502691896E-1));
#1169=VECTOR('',#1168,1.099852262806E0);
#1170=CARTESIAN_POINT('',(-1.20142E1,-4.572E-1,-6.35E-1));
#1171=LINE('',#1170,#1169);
#1172=DIRECTION('',(1.E0,0.E0,0.E0));
#1173=VECTOR('',#1172,1.1684E0);
#1174=CARTESIAN_POINT('',(-1.20142E1,-4.572E-1,-6.35E-1));
#1175=LINE('',#1174,#1173);
#1176=DIRECTION('',(0.E0,0.E0,1.E0));
#1177=VECTOR('',#1176,4.064E-1);
#1178=CARTESIAN_POINT('',(-1.20142E1,-4.572E-1,-1.0414E0));
#1179=LINE('',#1178,#1177);
#1180=DIRECTION('',(0.E0,-1.E0,0.E0));
#1181=VECTOR('',#1180,9.144E-1);
#1182=CARTESIAN_POINT('',(-1.20142E1,4.572E-1,-1.0414E0));
#1183=LINE('',#1182,#1181);
#1184=DIRECTION('',(-1.E0,0.E0,0.E0));
#1185=VECTOR('',#1184,1.1684E0);
#1186=CARTESIAN_POINT('',(-1.08458E1,4.572E-1,-1.0414E0));
#1187=LINE('',#1186,#1185);
#1188=DIRECTION('',(0.E0,1.E0,0.E0));
#1189=VECTOR('',#1188,9.144E-1);
#1190=CARTESIAN_POINT('',(-1.08458E1,-4.572E-1,-1.0414E0));
#1191=LINE('',#1190,#1189);
#1192=DIRECTION('',(1.E0,0.E0,0.E0));
#1193=VECTOR('',#1192,1.1684E0);
#1194=CARTESIAN_POINT('',(-1.20142E1,-4.572E-1,-1.0414E0));
#1195=LINE('',#1194,#1193);
#1196=DIRECTION('',(0.E0,0.E0,1.E0));
#1197=VECTOR('',#1196,4.064E-1);
#1198=CARTESIAN_POINT('',(-1.20142E1,4.572E-1,-1.0414E0));
#1199=LINE('',#1198,#1197);
#1200=DIRECTION('',(0.E0,0.E0,1.E0));
#1201=VECTOR('',#1200,4.064E-1);
#1202=CARTESIAN_POINT('',(-1.08458E1,4.572E-1,-1.0414E0));
#1203=LINE('',#1202,#1201);
#1204=DIRECTION('',(0.E0,0.E0,1.E0));
#1205=VECTOR('',#1204,4.064E-1);
#1206=CARTESIAN_POINT('',(-1.08458E1,-4.572E-1,-1.0414E0));
#1207=LINE('',#1206,#1205);
#1208=DIRECTION('',(-5.773502691896E-1,5.773502691896E-1,5.773502691896E-1));
#1209=VECTOR('',#1208,1.099852262806E0);
#1210=CARTESIAN_POINT('',(-9.4742E0,4.572E-1,-6.35E-1));
#1211=LINE('',#1210,#1209);
#1212=DIRECTION('',(0.E0,-1.E0,0.E0));
#1213=VECTOR('',#1212,9.144E-1);
#1214=CARTESIAN_POINT('',(-9.4742E0,4.572E-1,-6.35E-1));
#1215=LINE('',#1214,#1213);
#1216=DIRECTION('',(5.773502691896E-1,5.773502691896E-1,5.773502691896E-1));
#1217=VECTOR('',#1216,1.099852262806E0);
#1218=CARTESIAN_POINT('',(-8.3058E0,4.572E-1,-6.35E-1));
#1219=LINE('',#1218,#1217);
#1220=DIRECTION('',(-1.E0,0.E0,0.E0));
#1221=VECTOR('',#1220,1.1684E0);
#1222=CARTESIAN_POINT('',(-8.3058E0,4.572E-1,-6.35E-1));
#1223=LINE('',#1222,#1221);
#1224=DIRECTION('',(5.773502691896E-1,-5.773502691896E-1,5.773502691896E-1));
#1225=VECTOR('',#1224,1.099852262806E0);
#1226=CARTESIAN_POINT('',(-8.3058E0,-4.572E-1,-6.35E-1));
#1227=LINE('',#1226,#1225);
#1228=DIRECTION('',(0.E0,1.E0,0.E0));
#1229=VECTOR('',#1228,9.144E-1);
#1230=CARTESIAN_POINT('',(-8.3058E0,-4.572E-1,-6.35E-1));
#1231=LINE('',#1230,#1229);
#1232=DIRECTION('',(-5.773502691896E-1,-5.773502691896E-1,5.773502691896E-1));
#1233=VECTOR('',#1232,1.099852262806E0);
#1234=CARTESIAN_POINT('',(-9.4742E0,-4.572E-1,-6.35E-1));
#1235=LINE('',#1234,#1233);
#1236=DIRECTION('',(1.E0,0.E0,0.E0));
#1237=VECTOR('',#1236,1.1684E0);
#1238=CARTESIAN_POINT('',(-9.4742E0,-4.572E-1,-6.35E-1));
#1239=LINE('',#1238,#1237);
#1240=DIRECTION('',(0.E0,0.E0,1.E0));
#1241=VECTOR('',#1240,4.064E-1);
#1242=CARTESIAN_POINT('',(-9.4742E0,-4.572E-1,-1.0414E0));
#1243=LINE('',#1242,#1241);
#1244=DIRECTION('',(0.E0,-1.E0,0.E0));
#1245=VECTOR('',#1244,9.144E-1);
#1246=CARTESIAN_POINT('',(-9.4742E0,4.572E-1,-1.0414E0));
#1247=LINE('',#1246,#1245);
#1248=DIRECTION('',(-1.E0,0.E0,0.E0));
#1249=VECTOR('',#1248,1.1684E0);
#1250=CARTESIAN_POINT('',(-8.3058E0,4.572E-1,-1.0414E0));
#1251=LINE('',#1250,#1249);
#1252=DIRECTION('',(0.E0,1.E0,0.E0));
#1253=VECTOR('',#1252,9.144E-1);
#1254=CARTESIAN_POINT('',(-8.3058E0,-4.572E-1,-1.0414E0));
#1255=LINE('',#1254,#1253);
#1256=DIRECTION('',(1.E0,0.E0,0.E0));
#1257=VECTOR('',#1256,1.1684E0);
#1258=CARTESIAN_POINT('',(-9.4742E0,-4.572E-1,-1.0414E0));
#1259=LINE('',#1258,#1257);
#1260=DIRECTION('',(0.E0,0.E0,1.E0));
#1261=VECTOR('',#1260,4.064E-1);
#1262=CARTESIAN_POINT('',(-9.4742E0,4.572E-1,-1.0414E0));
#1263=LINE('',#1262,#1261);
#1264=DIRECTION('',(0.E0,0.E0,1.E0));
#1265=VECTOR('',#1264,4.064E-1);
#1266=CARTESIAN_POINT('',(-8.3058E0,4.572E-1,-1.0414E0));
#1267=LINE('',#1266,#1265);
#1268=DIRECTION('',(0.E0,0.E0,1.E0));
#1269=VECTOR('',#1268,4.064E-1);
#1270=CARTESIAN_POINT('',(-8.3058E0,-4.572E-1,-1.0414E0));
#1271=LINE('',#1270,#1269);
#1272=DIRECTION('',(-5.773502691896E-1,5.773502691896E-1,5.773502691896E-1));
#1273=VECTOR('',#1272,1.099852262806E0);
#1274=CARTESIAN_POINT('',(-6.9342E0,4.572E-1,-6.35E-1));
#1275=LINE('',#1274,#1273);
#1276=DIRECTION('',(0.E0,-1.E0,0.E0));
#1277=VECTOR('',#1276,9.144E-1);
#1278=CARTESIAN_POINT('',(-6.9342E0,4.572E-1,-6.35E-1));
#1279=LINE('',#1278,#1277);
#1280=DIRECTION('',(5.773502691896E-1,5.773502691896E-1,5.773502691896E-1));
#1281=VECTOR('',#1280,1.099852262806E0);
#1282=CARTESIAN_POINT('',(-5.7658E0,4.572E-1,-6.35E-1));
#1283=LINE('',#1282,#1281);
#1284=DIRECTION('',(-1.E0,0.E0,0.E0));
#1285=VECTOR('',#1284,1.1684E0);
#1286=CARTESIAN_POINT('',(-5.7658E0,4.572E-1,-6.35E-1));
#1287=LINE('',#1286,#1285);
#1288=DIRECTION('',(5.773502691896E-1,-5.773502691896E-1,5.773502691896E-1));
#1289=VECTOR('',#1288,1.099852262806E0);
#1290=CARTESIAN_POINT('',(-5.7658E0,-4.572E-1,-6.35E-1));
#1291=LINE('',#1290,#1289);
#1292=DIRECTION('',(0.E0,1.E0,0.E0));
#1293=VECTOR('',#1292,9.144E-1);
#1294=CARTESIAN_POINT('',(-5.7658E0,-4.572E-1,-6.35E-1));
#1295=LINE('',#1294,#1293);
#1296=DIRECTION('',(-5.773502691896E-1,-5.773502691896E-1,5.773502691896E-1));
#1297=VECTOR('',#1296,1.099852262806E0);
#1298=CARTESIAN_POINT('',(-6.9342E0,-4.572E-1,-6.35E-1));
#1299=LINE('',#1298,#1297);
#1300=DIRECTION('',(1.E0,0.E0,0.E0));
#1301=VECTOR('',#1300,1.1684E0);
#1302=CARTESIAN_POINT('',(-6.9342E0,-4.572E-1,-6.35E-1));
#1303=LINE('',#1302,#1301);
#1304=DIRECTION('',(0.E0,0.E0,1.E0));
#1305=VECTOR('',#1304,4.064E-1);
#1306=CARTESIAN_POINT('',(-6.9342E0,-4.572E-1,-1.0414E0));
#1307=LINE('',#1306,#1305);
#1308=DIRECTION('',(0.E0,-1.E0,0.E0));
#1309=VECTOR('',#1308,9.144E-1);
#1310=CARTESIAN_POINT('',(-6.9342E0,4.572E-1,-1.0414E0));
#1311=LINE('',#1310,#1309);
#1312=DIRECTION('',(-1.E0,0.E0,0.E0));
#1313=VECTOR('',#1312,1.1684E0);
#1314=CARTESIAN_POINT('',(-5.7658E0,4.572E-1,-1.0414E0));
#1315=LINE('',#1314,#1313);
#1316=DIRECTION('',(0.E0,1.E0,0.E0));
#1317=VECTOR('',#1316,9.144E-1);
#1318=CARTESIAN_POINT('',(-5.7658E0,-4.572E-1,-1.0414E0));
#1319=LINE('',#1318,#1317);
#1320=DIRECTION('',(1.E0,0.E0,0.E0));
#1321=VECTOR('',#1320,1.1684E0);
#1322=CARTESIAN_POINT('',(-6.9342E0,-4.572E-1,-1.0414E0));
#1323=LINE('',#1322,#1321);
#1324=DIRECTION('',(0.E0,0.E0,1.E0));
#1325=VECTOR('',#1324,4.064E-1);
#1326=CARTESIAN_POINT('',(-6.9342E0,4.572E-1,-1.0414E0));
#1327=LINE('',#1326,#1325);
#1328=DIRECTION('',(0.E0,0.E0,1.E0));
#1329=VECTOR('',#1328,4.064E-1);
#1330=CARTESIAN_POINT('',(-5.7658E0,4.572E-1,-1.0414E0));
#1331=LINE('',#1330,#1329);
#1332=DIRECTION('',(0.E0,0.E0,1.E0));
#1333=VECTOR('',#1332,4.064E-1);
#1334=CARTESIAN_POINT('',(-5.7658E0,-4.572E-1,-1.0414E0));
#1335=LINE('',#1334,#1333);
#1336=DIRECTION('',(-5.773502691896E-1,5.773502691896E-1,5.773502691896E-1));
#1337=VECTOR('',#1336,1.099852262806E0);
#1338=CARTESIAN_POINT('',(-4.3942E0,4.572E-1,-6.35E-1));
#1339=LINE('',#1338,#1337);
#1340=DIRECTION('',(0.E0,-1.E0,0.E0));
#1341=VECTOR('',#1340,9.144E-1);
#1342=CARTESIAN_POINT('',(-4.3942E0,4.572E-1,-6.35E-1));
#1343=LINE('',#1342,#1341);
#1344=DIRECTION('',(5.773502691896E-1,5.773502691896E-1,5.773502691896E-1));
#1345=VECTOR('',#1344,1.099852262806E0);
#1346=CARTESIAN_POINT('',(-3.2258E0,4.572E-1,-6.35E-1));
#1347=LINE('',#1346,#1345);
#1348=DIRECTION('',(-1.E0,0.E0,0.E0));
#1349=VECTOR('',#1348,1.1684E0);
#1350=CARTESIAN_POINT('',(-3.2258E0,4.572E-1,-6.35E-1));
#1351=LINE('',#1350,#1349);
#1352=DIRECTION('',(5.773502691896E-1,-5.773502691896E-1,5.773502691896E-1));
#1353=VECTOR('',#1352,1.099852262806E0);
#1354=CARTESIAN_POINT('',(-3.2258E0,-4.572E-1,-6.35E-1));
#1355=LINE('',#1354,#1353);
#1356=DIRECTION('',(0.E0,1.E0,0.E0));
#1357=VECTOR('',#1356,9.144E-1);
#1358=CARTESIAN_POINT('',(-3.2258E0,-4.572E-1,-6.35E-1));
#1359=LINE('',#1358,#1357);
#1360=DIRECTION('',(-5.773502691896E-1,-5.773502691896E-1,5.773502691896E-1));
#1361=VECTOR('',#1360,1.099852262806E0);
#1362=CARTESIAN_POINT('',(-4.3942E0,-4.572E-1,-6.35E-1));
#1363=LINE('',#1362,#1361);
#1364=DIRECTION('',(1.E0,0.E0,0.E0));
#1365=VECTOR('',#1364,1.1684E0);
#1366=CARTESIAN_POINT('',(-4.3942E0,-4.572E-1,-6.35E-1));
#1367=LINE('',#1366,#1365);
#1368=DIRECTION('',(0.E0,0.E0,1.E0));
#1369=VECTOR('',#1368,4.064E-1);
#1370=CARTESIAN_POINT('',(-4.3942E0,-4.572E-1,-1.0414E0));
#1371=LINE('',#1370,#1369);
#1372=DIRECTION('',(0.E0,-1.E0,0.E0));
#1373=VECTOR('',#1372,9.144E-1);
#1374=CARTESIAN_POINT('',(-4.3942E0,4.572E-1,-1.0414E0));
#1375=LINE('',#1374,#1373);
#1376=DIRECTION('',(-1.E0,0.E0,0.E0));
#1377=VECTOR('',#1376,1.1684E0);
#1378=CARTESIAN_POINT('',(-3.2258E0,4.572E-1,-1.0414E0));
#1379=LINE('',#1378,#1377);
#1380=DIRECTION('',(0.E0,1.E0,0.E0));
#1381=VECTOR('',#1380,9.144E-1);
#1382=CARTESIAN_POINT('',(-3.2258E0,-4.572E-1,-1.0414E0));
#1383=LINE('',#1382,#1381);
#1384=DIRECTION('',(1.E0,0.E0,0.E0));
#1385=VECTOR('',#1384,1.1684E0);
#1386=CARTESIAN_POINT('',(-4.3942E0,-4.572E-1,-1.0414E0));
#1387=LINE('',#1386,#1385);
#1388=DIRECTION('',(0.E0,0.E0,1.E0));
#1389=VECTOR('',#1388,4.064E-1);
#1390=CARTESIAN_POINT('',(-4.3942E0,4.572E-1,-1.0414E0));
#1391=LINE('',#1390,#1389);
#1392=DIRECTION('',(0.E0,0.E0,1.E0));
#1393=VECTOR('',#1392,4.064E-1);
#1394=CARTESIAN_POINT('',(-3.2258E0,4.572E-1,-1.0414E0));
#1395=LINE('',#1394,#1393);
#1396=DIRECTION('',(0.E0,0.E0,1.E0));
#1397=VECTOR('',#1396,4.064E-1);
#1398=CARTESIAN_POINT('',(-3.2258E0,-4.572E-1,-1.0414E0));
#1399=LINE('',#1398,#1397);
#1400=DIRECTION('',(-5.773502691896E-1,5.773502691896E-1,5.773502691896E-1));
#1401=VECTOR('',#1400,1.099852262806E0);
#1402=CARTESIAN_POINT('',(-1.8542E0,4.572E-1,-6.35E-1));
#1403=LINE('',#1402,#1401);
#1404=DIRECTION('',(0.E0,-1.E0,0.E0));
#1405=VECTOR('',#1404,9.144E-1);
#1406=CARTESIAN_POINT('',(-1.8542E0,4.572E-1,-6.35E-1));
#1407=LINE('',#1406,#1405);
#1408=DIRECTION('',(5.773502691896E-1,5.773502691896E-1,5.773502691896E-1));
#1409=VECTOR('',#1408,1.099852262806E0);
#1410=CARTESIAN_POINT('',(-6.858E-1,4.572E-1,-6.35E-1));
#1411=LINE('',#1410,#1409);
#1412=DIRECTION('',(-1.E0,0.E0,0.E0));
#1413=VECTOR('',#1412,1.1684E0);
#1414=CARTESIAN_POINT('',(-6.858E-1,4.572E-1,-6.35E-1));
#1415=LINE('',#1414,#1413);
#1416=DIRECTION('',(5.773502691896E-1,-5.773502691896E-1,5.773502691896E-1));
#1417=VECTOR('',#1416,1.099852262806E0);
#1418=CARTESIAN_POINT('',(-6.858E-1,-4.572E-1,-6.35E-1));
#1419=LINE('',#1418,#1417);
#1420=DIRECTION('',(0.E0,1.E0,0.E0));
#1421=VECTOR('',#1420,9.144E-1);
#1422=CARTESIAN_POINT('',(-6.858E-1,-4.572E-1,-6.35E-1));
#1423=LINE('',#1422,#1421);
#1424=DIRECTION('',(-5.773502691896E-1,-5.773502691896E-1,5.773502691896E-1));
#1425=VECTOR('',#1424,1.099852262806E0);
#1426=CARTESIAN_POINT('',(-1.8542E0,-4.572E-1,-6.35E-1));
#1427=LINE('',#1426,#1425);
#1428=DIRECTION('',(1.E0,0.E0,0.E0));
#1429=VECTOR('',#1428,1.1684E0);
#1430=CARTESIAN_POINT('',(-1.8542E0,-4.572E-1,-6.35E-1));
#1431=LINE('',#1430,#1429);
#1432=DIRECTION('',(0.E0,0.E0,1.E0));
#1433=VECTOR('',#1432,4.064E-1);
#1434=CARTESIAN_POINT('',(-1.8542E0,-4.572E-1,-1.0414E0));
#1435=LINE('',#1434,#1433);
#1436=DIRECTION('',(0.E0,-1.E0,0.E0));
#1437=VECTOR('',#1436,9.144E-1);
#1438=CARTESIAN_POINT('',(-1.8542E0,4.572E-1,-1.0414E0));
#1439=LINE('',#1438,#1437);
#1440=DIRECTION('',(-1.E0,0.E0,0.E0));
#1441=VECTOR('',#1440,1.1684E0);
#1442=CARTESIAN_POINT('',(-6.858E-1,4.572E-1,-1.0414E0));
#1443=LINE('',#1442,#1441);
#1444=DIRECTION('',(0.E0,1.E0,0.E0));
#1445=VECTOR('',#1444,9.144E-1);
#1446=CARTESIAN_POINT('',(-6.858E-1,-4.572E-1,-1.0414E0));
#1447=LINE('',#1446,#1445);
#1448=DIRECTION('',(1.E0,0.E0,0.E0));
#1449=VECTOR('',#1448,1.1684E0);
#1450=CARTESIAN_POINT('',(-1.8542E0,-4.572E-1,-1.0414E0));
#1451=LINE('',#1450,#1449);
#1452=DIRECTION('',(0.E0,0.E0,1.E0));
#1453=VECTOR('',#1452,4.064E-1);
#1454=CARTESIAN_POINT('',(-1.8542E0,4.572E-1,-1.0414E0));
#1455=LINE('',#1454,#1453);
#1456=DIRECTION('',(0.E0,0.E0,1.E0));
#1457=VECTOR('',#1456,4.064E-1);
#1458=CARTESIAN_POINT('',(-6.858E-1,4.572E-1,-1.0414E0));
#1459=LINE('',#1458,#1457);
#1460=DIRECTION('',(0.E0,0.E0,1.E0));
#1461=VECTOR('',#1460,4.064E-1);
#1462=CARTESIAN_POINT('',(-6.858E-1,-4.572E-1,-1.0414E0));
#1463=LINE('',#1462,#1461);
#1464=DIRECTION('',(-5.773502691896E-1,5.773502691896E-1,5.773502691896E-1));
#1465=VECTOR('',#1464,1.099852262806E0);
#1466=CARTESIAN_POINT('',(6.858E-1,4.572E-1,-6.35E-1));
#1467=LINE('',#1466,#1465);
#1468=DIRECTION('',(0.E0,-1.E0,0.E0));
#1469=VECTOR('',#1468,9.144E-1);
#1470=CARTESIAN_POINT('',(6.858E-1,4.572E-1,-6.35E-1));
#1471=LINE('',#1470,#1469);
#1472=DIRECTION('',(5.773502691896E-1,5.773502691896E-1,5.773502691896E-1));
#1473=VECTOR('',#1472,1.099852262806E0);
#1474=CARTESIAN_POINT('',(1.8542E0,4.572E-1,-6.35E-1));
#1475=LINE('',#1474,#1473);
#1476=DIRECTION('',(-1.E0,0.E0,0.E0));
#1477=VECTOR('',#1476,1.1684E0);
#1478=CARTESIAN_POINT('',(1.8542E0,4.572E-1,-6.35E-1));
#1479=LINE('',#1478,#1477);
#1480=DIRECTION('',(5.773502691896E-1,-5.773502691896E-1,5.773502691896E-1));
#1481=VECTOR('',#1480,1.099852262806E0);
#1482=CARTESIAN_POINT('',(1.8542E0,-4.572E-1,-6.35E-1));
#1483=LINE('',#1482,#1481);
#1484=DIRECTION('',(0.E0,1.E0,0.E0));
#1485=VECTOR('',#1484,9.144E-1);
#1486=CARTESIAN_POINT('',(1.8542E0,-4.572E-1,-6.35E-1));
#1487=LINE('',#1486,#1485);
#1488=DIRECTION('',(-5.773502691896E-1,-5.773502691896E-1,5.773502691896E-1));
#1489=VECTOR('',#1488,1.099852262806E0);
#1490=CARTESIAN_POINT('',(6.858E-1,-4.572E-1,-6.35E-1));
#1491=LINE('',#1490,#1489);
#1492=DIRECTION('',(1.E0,0.E0,0.E0));
#1493=VECTOR('',#1492,1.1684E0);
#1494=CARTESIAN_POINT('',(6.858E-1,-4.572E-1,-6.35E-1));
#1495=LINE('',#1494,#1493);
#1496=DIRECTION('',(0.E0,0.E0,1.E0));
#1497=VECTOR('',#1496,4.064E-1);
#1498=CARTESIAN_POINT('',(6.858E-1,-4.572E-1,-1.0414E0));
#1499=LINE('',#1498,#1497);
#1500=DIRECTION('',(0.E0,-1.E0,0.E0));
#1501=VECTOR('',#1500,9.144E-1);
#1502=CARTESIAN_POINT('',(6.858E-1,4.572E-1,-1.0414E0));
#1503=LINE('',#1502,#1501);
#1504=DIRECTION('',(-1.E0,0.E0,0.E0));
#1505=VECTOR('',#1504,1.1684E0);
#1506=CARTESIAN_POINT('',(1.8542E0,4.572E-1,-1.0414E0));
#1507=LINE('',#1506,#1505);
#1508=DIRECTION('',(0.E0,1.E0,0.E0));
#1509=VECTOR('',#1508,9.144E-1);
#1510=CARTESIAN_POINT('',(1.8542E0,-4.572E-1,-1.0414E0));
#1511=LINE('',#1510,#1509);
#1512=DIRECTION('',(1.E0,0.E0,0.E0));
#1513=VECTOR('',#1512,1.1684E0);
#1514=CARTESIAN_POINT('',(6.858E-1,-4.572E-1,-1.0414E0));
#1515=LINE('',#1514,#1513);
#1516=DIRECTION('',(0.E0,0.E0,1.E0));
#1517=VECTOR('',#1516,4.064E-1);
#1518=CARTESIAN_POINT('',(6.858E-1,4.572E-1,-1.0414E0));
#1519=LINE('',#1518,#1517);
#1520=DIRECTION('',(0.E0,0.E0,1.E0));
#1521=VECTOR('',#1520,4.064E-1);
#1522=CARTESIAN_POINT('',(1.8542E0,4.572E-1,-1.0414E0));
#1523=LINE('',#1522,#1521);
#1524=DIRECTION('',(0.E0,0.E0,1.E0));
#1525=VECTOR('',#1524,4.064E-1);
#1526=CARTESIAN_POINT('',(1.8542E0,-4.572E-1,-1.0414E0));
#1527=LINE('',#1526,#1525);
#1528=DIRECTION('',(-5.773502691896E-1,5.773502691896E-1,5.773502691896E-1));
#1529=VECTOR('',#1528,1.099852262806E0);
#1530=CARTESIAN_POINT('',(3.2258E0,4.572E-1,-6.35E-1));
#1531=LINE('',#1530,#1529);
#1532=DIRECTION('',(0.E0,-1.E0,0.E0));
#1533=VECTOR('',#1532,9.144E-1);
#1534=CARTESIAN_POINT('',(3.2258E0,4.572E-1,-6.35E-1));
#1535=LINE('',#1534,#1533);
#1536=DIRECTION('',(5.773502691896E-1,5.773502691896E-1,5.773502691896E-1));
#1537=VECTOR('',#1536,1.099852262806E0);
#1538=CARTESIAN_POINT('',(4.3942E0,4.572E-1,-6.35E-1));
#1539=LINE('',#1538,#1537);
#1540=DIRECTION('',(-1.E0,0.E0,0.E0));
#1541=VECTOR('',#1540,1.1684E0);
#1542=CARTESIAN_POINT('',(4.3942E0,4.572E-1,-6.35E-1));
#1543=LINE('',#1542,#1541);
#1544=DIRECTION('',(5.773502691896E-1,-5.773502691896E-1,5.773502691896E-1));
#1545=VECTOR('',#1544,1.099852262806E0);
#1546=CARTESIAN_POINT('',(4.3942E0,-4.572E-1,-6.35E-1));
#1547=LINE('',#1546,#1545);
#1548=DIRECTION('',(0.E0,1.E0,0.E0));
#1549=VECTOR('',#1548,9.144E-1);
#1550=CARTESIAN_POINT('',(4.3942E0,-4.572E-1,-6.35E-1));
#1551=LINE('',#1550,#1549);
#1552=DIRECTION('',(-5.773502691896E-1,-5.773502691896E-1,5.773502691896E-1));
#1553=VECTOR('',#1552,1.099852262806E0);
#1554=CARTESIAN_POINT('',(3.2258E0,-4.572E-1,-6.35E-1));
#1555=LINE('',#1554,#1553);
#1556=DIRECTION('',(1.E0,0.E0,0.E0));
#1557=VECTOR('',#1556,1.1684E0);
#1558=CARTESIAN_POINT('',(3.2258E0,-4.572E-1,-6.35E-1));
#1559=LINE('',#1558,#1557);
#1560=DIRECTION('',(0.E0,0.E0,1.E0));
#1561=VECTOR('',#1560,4.064E-1);
#1562=CARTESIAN_POINT('',(3.2258E0,-4.572E-1,-1.0414E0));
#1563=LINE('',#1562,#1561);
#1564=DIRECTION('',(0.E0,-1.E0,0.E0));
#1565=VECTOR('',#1564,9.144E-1);
#1566=CARTESIAN_POINT('',(3.2258E0,4.572E-1,-1.0414E0));
#1567=LINE('',#1566,#1565);
#1568=DIRECTION('',(-1.E0,0.E0,0.E0));
#1569=VECTOR('',#1568,1.1684E0);
#1570=CARTESIAN_POINT('',(4.3942E0,4.572E-1,-1.0414E0));
#1571=LINE('',#1570,#1569);
#1572=DIRECTION('',(0.E0,1.E0,0.E0));
#1573=VECTOR('',#1572,9.144E-1);
#1574=CARTESIAN_POINT('',(4.3942E0,-4.572E-1,-1.0414E0));
#1575=LINE('',#1574,#1573);
#1576=DIRECTION('',(1.E0,0.E0,0.E0));
#1577=VECTOR('',#1576,1.1684E0);
#1578=CARTESIAN_POINT('',(3.2258E0,-4.572E-1,-1.0414E0));
#1579=LINE('',#1578,#1577);
#1580=DIRECTION('',(0.E0,0.E0,1.E0));
#1581=VECTOR('',#1580,4.064E-1);
#1582=CARTESIAN_POINT('',(3.2258E0,4.572E-1,-1.0414E0));
#1583=LINE('',#1582,#1581);
#1584=DIRECTION('',(0.E0,0.E0,1.E0));
#1585=VECTOR('',#1584,4.064E-1);
#1586=CARTESIAN_POINT('',(4.3942E0,4.572E-1,-1.0414E0));
#1587=LINE('',#1586,#1585);
#1588=DIRECTION('',(0.E0,0.E0,1.E0));
#1589=VECTOR('',#1588,4.064E-1);
#1590=CARTESIAN_POINT('',(4.3942E0,-4.572E-1,-1.0414E0));
#1591=LINE('',#1590,#1589);
#1592=DIRECTION('',(-5.773502691896E-1,5.773502691896E-1,5.773502691896E-1));
#1593=VECTOR('',#1592,1.099852262806E0);
#1594=CARTESIAN_POINT('',(5.7658E0,4.572E-1,-6.35E-1));
#1595=LINE('',#1594,#1593);
#1596=DIRECTION('',(0.E0,-1.E0,0.E0));
#1597=VECTOR('',#1596,9.144E-1);
#1598=CARTESIAN_POINT('',(5.7658E0,4.572E-1,-6.35E-1));
#1599=LINE('',#1598,#1597);
#1600=DIRECTION('',(5.773502691896E-1,5.773502691896E-1,5.773502691896E-1));
#1601=VECTOR('',#1600,1.099852262806E0);
#1602=CARTESIAN_POINT('',(6.9342E0,4.572E-1,-6.35E-1));
#1603=LINE('',#1602,#1601);
#1604=DIRECTION('',(-1.E0,0.E0,0.E0));
#1605=VECTOR('',#1604,1.1684E0);
#1606=CARTESIAN_POINT('',(6.9342E0,4.572E-1,-6.35E-1));
#1607=LINE('',#1606,#1605);
#1608=DIRECTION('',(5.773502691896E-1,-5.773502691896E-1,5.773502691896E-1));
#1609=VECTOR('',#1608,1.099852262806E0);
#1610=CARTESIAN_POINT('',(6.9342E0,-4.572E-1,-6.35E-1));
#1611=LINE('',#1610,#1609);
#1612=DIRECTION('',(0.E0,1.E0,0.E0));
#1613=VECTOR('',#1612,9.144E-1);
#1614=CARTESIAN_POINT('',(6.9342E0,-4.572E-1,-6.35E-1));
#1615=LINE('',#1614,#1613);
#1616=DIRECTION('',(-5.773502691896E-1,-5.773502691896E-1,5.773502691896E-1));
#1617=VECTOR('',#1616,1.099852262806E0);
#1618=CARTESIAN_POINT('',(5.7658E0,-4.572E-1,-6.35E-1));
#1619=LINE('',#1618,#1617);
#1620=DIRECTION('',(1.E0,0.E0,0.E0));
#1621=VECTOR('',#1620,1.1684E0);
#1622=CARTESIAN_POINT('',(5.7658E0,-4.572E-1,-6.35E-1));
#1623=LINE('',#1622,#1621);
#1624=DIRECTION('',(0.E0,0.E0,1.E0));
#1625=VECTOR('',#1624,4.064E-1);
#1626=CARTESIAN_POINT('',(5.7658E0,-4.572E-1,-1.0414E0));
#1627=LINE('',#1626,#1625);
#1628=DIRECTION('',(0.E0,-1.E0,0.E0));
#1629=VECTOR('',#1628,9.144E-1);
#1630=CARTESIAN_POINT('',(5.7658E0,4.572E-1,-1.0414E0));
#1631=LINE('',#1630,#1629);
#1632=DIRECTION('',(-1.E0,0.E0,0.E0));
#1633=VECTOR('',#1632,1.1684E0);
#1634=CARTESIAN_POINT('',(6.9342E0,4.572E-1,-1.0414E0));
#1635=LINE('',#1634,#1633);
#1636=DIRECTION('',(0.E0,1.E0,0.E0));
#1637=VECTOR('',#1636,9.144E-1);
#1638=CARTESIAN_POINT('',(6.9342E0,-4.572E-1,-1.0414E0));
#1639=LINE('',#1638,#1637);
#1640=DIRECTION('',(1.E0,0.E0,0.E0));
#1641=VECTOR('',#1640,1.1684E0);
#1642=CARTESIAN_POINT('',(5.7658E0,-4.572E-1,-1.0414E0));
#1643=LINE('',#1642,#1641);
#1644=DIRECTION('',(0.E0,0.E0,1.E0));
#1645=VECTOR('',#1644,4.064E-1);
#1646=CARTESIAN_POINT('',(5.7658E0,4.572E-1,-1.0414E0));
#1647=LINE('',#1646,#1645);
#1648=DIRECTION('',(0.E0,0.E0,1.E0));
#1649=VECTOR('',#1648,4.064E-1);
#1650=CARTESIAN_POINT('',(6.9342E0,4.572E-1,-1.0414E0));
#1651=LINE('',#1650,#1649);
#1652=DIRECTION('',(0.E0,0.E0,1.E0));
#1653=VECTOR('',#1652,4.064E-1);
#1654=CARTESIAN_POINT('',(6.9342E0,-4.572E-1,-1.0414E0));
#1655=LINE('',#1654,#1653);
#1656=DIRECTION('',(-5.773502691896E-1,5.773502691896E-1,5.773502691896E-1));
#1657=VECTOR('',#1656,1.099852262806E0);
#1658=CARTESIAN_POINT('',(8.3058E0,4.572E-1,-6.35E-1));
#1659=LINE('',#1658,#1657);
#1660=DIRECTION('',(0.E0,-1.E0,0.E0));
#1661=VECTOR('',#1660,9.144E-1);
#1662=CARTESIAN_POINT('',(8.3058E0,4.572E-1,-6.35E-1));
#1663=LINE('',#1662,#1661);
#1664=DIRECTION('',(5.773502691896E-1,5.773502691896E-1,5.773502691896E-1));
#1665=VECTOR('',#1664,1.099852262806E0);
#1666=CARTESIAN_POINT('',(9.4742E0,4.572E-1,-6.35E-1));
#1667=LINE('',#1666,#1665);
#1668=DIRECTION('',(-1.E0,0.E0,0.E0));
#1669=VECTOR('',#1668,1.1684E0);
#1670=CARTESIAN_POINT('',(9.4742E0,4.572E-1,-6.35E-1));
#1671=LINE('',#1670,#1669);
#1672=DIRECTION('',(5.773502691896E-1,-5.773502691896E-1,5.773502691896E-1));
#1673=VECTOR('',#1672,1.099852262806E0);
#1674=CARTESIAN_POINT('',(9.4742E0,-4.572E-1,-6.35E-1));
#1675=LINE('',#1674,#1673);
#1676=DIRECTION('',(0.E0,1.E0,0.E0));
#1677=VECTOR('',#1676,9.144E-1);
#1678=CARTESIAN_POINT('',(9.4742E0,-4.572E-1,-6.35E-1));
#1679=LINE('',#1678,#1677);
#1680=DIRECTION('',(-5.773502691896E-1,-5.773502691896E-1,5.773502691896E-1));
#1681=VECTOR('',#1680,1.099852262806E0);
#1682=CARTESIAN_POINT('',(8.3058E0,-4.572E-1,-6.35E-1));
#1683=LINE('',#1682,#1681);
#1684=DIRECTION('',(1.E0,0.E0,0.E0));
#1685=VECTOR('',#1684,1.1684E0);
#1686=CARTESIAN_POINT('',(8.3058E0,-4.572E-1,-6.35E-1));
#1687=LINE('',#1686,#1685);
#1688=DIRECTION('',(0.E0,0.E0,1.E0));
#1689=VECTOR('',#1688,4.064E-1);
#1690=CARTESIAN_POINT('',(8.3058E0,-4.572E-1,-1.0414E0));
#1691=LINE('',#1690,#1689);
#1692=DIRECTION('',(0.E0,-1.E0,0.E0));
#1693=VECTOR('',#1692,9.144E-1);
#1694=CARTESIAN_POINT('',(8.3058E0,4.572E-1,-1.0414E0));
#1695=LINE('',#1694,#1693);
#1696=DIRECTION('',(-1.E0,0.E0,0.E0));
#1697=VECTOR('',#1696,1.1684E0);
#1698=CARTESIAN_POINT('',(9.4742E0,4.572E-1,-1.0414E0));
#1699=LINE('',#1698,#1697);
#1700=DIRECTION('',(0.E0,1.E0,0.E0));
#1701=VECTOR('',#1700,9.144E-1);
#1702=CARTESIAN_POINT('',(9.4742E0,-4.572E-1,-1.0414E0));
#1703=LINE('',#1702,#1701);
#1704=DIRECTION('',(1.E0,0.E0,0.E0));
#1705=VECTOR('',#1704,1.1684E0);
#1706=CARTESIAN_POINT('',(8.3058E0,-4.572E-1,-1.0414E0));
#1707=LINE('',#1706,#1705);
#1708=DIRECTION('',(0.E0,0.E0,1.E0));
#1709=VECTOR('',#1708,4.064E-1);
#1710=CARTESIAN_POINT('',(8.3058E0,4.572E-1,-1.0414E0));
#1711=LINE('',#1710,#1709);
#1712=DIRECTION('',(0.E0,0.E0,1.E0));
#1713=VECTOR('',#1712,4.064E-1);
#1714=CARTESIAN_POINT('',(9.4742E0,4.572E-1,-1.0414E0));
#1715=LINE('',#1714,#1713);
#1716=DIRECTION('',(0.E0,0.E0,1.E0));
#1717=VECTOR('',#1716,4.064E-1);
#1718=CARTESIAN_POINT('',(9.4742E0,-4.572E-1,-1.0414E0));
#1719=LINE('',#1718,#1717);
#1720=DIRECTION('',(-5.773502691896E-1,5.773502691896E-1,5.773502691896E-1));
#1721=VECTOR('',#1720,1.099852262806E0);
#1722=CARTESIAN_POINT('',(1.08458E1,4.572E-1,-6.35E-1));
#1723=LINE('',#1722,#1721);
#1724=DIRECTION('',(0.E0,-1.E0,0.E0));
#1725=VECTOR('',#1724,9.144E-1);
#1726=CARTESIAN_POINT('',(1.08458E1,4.572E-1,-6.35E-1));
#1727=LINE('',#1726,#1725);
#1728=DIRECTION('',(5.773502691896E-1,5.773502691896E-1,5.773502691896E-1));
#1729=VECTOR('',#1728,1.099852262806E0);
#1730=CARTESIAN_POINT('',(1.20142E1,4.572E-1,-6.35E-1));
#1731=LINE('',#1730,#1729);
#1732=DIRECTION('',(-1.E0,0.E0,0.E0));
#1733=VECTOR('',#1732,1.1684E0);
#1734=CARTESIAN_POINT('',(1.20142E1,4.572E-1,-6.35E-1));
#1735=LINE('',#1734,#1733);
#1736=DIRECTION('',(5.773502691896E-1,-5.773502691896E-1,5.773502691896E-1));
#1737=VECTOR('',#1736,1.099852262806E0);
#1738=CARTESIAN_POINT('',(1.20142E1,-4.572E-1,-6.35E-1));
#1739=LINE('',#1738,#1737);
#1740=DIRECTION('',(0.E0,1.E0,0.E0));
#1741=VECTOR('',#1740,9.144E-1);
#1742=CARTESIAN_POINT('',(1.20142E1,-4.572E-1,-6.35E-1));
#1743=LINE('',#1742,#1741);
#1744=DIRECTION('',(-5.773502691896E-1,-5.773502691896E-1,5.773502691896E-1));
#1745=VECTOR('',#1744,1.099852262806E0);
#1746=CARTESIAN_POINT('',(1.08458E1,-4.572E-1,-6.35E-1));
#1747=LINE('',#1746,#1745);
#1748=DIRECTION('',(1.E0,0.E0,0.E0));
#1749=VECTOR('',#1748,1.1684E0);
#1750=CARTESIAN_POINT('',(1.08458E1,-4.572E-1,-6.35E-1));
#1751=LINE('',#1750,#1749);
#1752=DIRECTION('',(0.E0,0.E0,1.E0));
#1753=VECTOR('',#1752,4.064E-1);
#1754=CARTESIAN_POINT('',(1.08458E1,-4.572E-1,-1.0414E0));
#1755=LINE('',#1754,#1753);
#1756=DIRECTION('',(0.E0,-1.E0,0.E0));
#1757=VECTOR('',#1756,9.144E-1);
#1758=CARTESIAN_POINT('',(1.08458E1,4.572E-1,-1.0414E0));
#1759=LINE('',#1758,#1757);
#1760=DIRECTION('',(-1.E0,0.E0,0.E0));
#1761=VECTOR('',#1760,1.1684E0);
#1762=CARTESIAN_POINT('',(1.20142E1,4.572E-1,-1.0414E0));
#1763=LINE('',#1762,#1761);
#1764=DIRECTION('',(0.E0,1.E0,0.E0));
#1765=VECTOR('',#1764,9.144E-1);
#1766=CARTESIAN_POINT('',(1.20142E1,-4.572E-1,-1.0414E0));
#1767=LINE('',#1766,#1765);
#1768=DIRECTION('',(1.E0,0.E0,0.E0));
#1769=VECTOR('',#1768,1.1684E0);
#1770=CARTESIAN_POINT('',(1.08458E1,-4.572E-1,-1.0414E0));
#1771=LINE('',#1770,#1769);
#1772=DIRECTION('',(0.E0,0.E0,1.E0));
#1773=VECTOR('',#1772,4.064E-1);
#1774=CARTESIAN_POINT('',(1.08458E1,4.572E-1,-1.0414E0));
#1775=LINE('',#1774,#1773);
#1776=DIRECTION('',(0.E0,0.E0,1.E0));
#1777=VECTOR('',#1776,4.064E-1);
#1778=CARTESIAN_POINT('',(1.20142E1,4.572E-1,-1.0414E0));
#1779=LINE('',#1778,#1777);
#1780=DIRECTION('',(0.E0,0.E0,1.E0));
#1781=VECTOR('',#1780,4.064E-1);
#1782=CARTESIAN_POINT('',(1.20142E1,-4.572E-1,-1.0414E0));
#1783=LINE('',#1782,#1781);
#1784=CARTESIAN_POINT('',(-1.2573E1,1.778E0,0.E0));
#1785=CARTESIAN_POINT('',(-1.2573E1,1.651E0,0.E0));
#1786=VERTEX_POINT('',#1784);
#1787=VERTEX_POINT('',#1785);
#1788=CARTESIAN_POINT('',(-1.27E1,1.651E0,0.E0));
#1789=VERTEX_POINT('',#1788);
#1790=CARTESIAN_POINT('',(-1.27E1,-1.651E0,0.E0));
#1791=VERTEX_POINT('',#1790);
#1792=CARTESIAN_POINT('',(-1.2573E1,-1.651E0,0.E0));
#1793=VERTEX_POINT('',#1792);
#1794=CARTESIAN_POINT('',(-1.2573E1,-1.778E0,0.E0));
#1795=VERTEX_POINT('',#1794);
#1796=CARTESIAN_POINT('',(1.2573E1,-1.778E0,0.E0));
#1797=VERTEX_POINT('',#1796);
#1798=CARTESIAN_POINT('',(1.2573E1,-1.651E0,0.E0));
#1799=VERTEX_POINT('',#1798);
#1800=CARTESIAN_POINT('',(1.27E1,-1.651E0,0.E0));
#1801=VERTEX_POINT('',#1800);
#1802=CARTESIAN_POINT('',(1.27E1,1.651E0,0.E0));
#1803=VERTEX_POINT('',#1802);
#1804=CARTESIAN_POINT('',(1.2573E1,1.651E0,0.E0));
#1805=VERTEX_POINT('',#1804);
#1806=CARTESIAN_POINT('',(1.2573E1,1.778E0,0.E0));
#1807=VERTEX_POINT('',#1806);
#1808=CARTESIAN_POINT('',(-1.2573E1,1.778E0,-6.731E0));
#1809=CARTESIAN_POINT('',(-1.2573E1,1.651E0,-6.731E0));
#1810=VERTEX_POINT('',#1808);
#1811=VERTEX_POINT('',#1809);
#1812=CARTESIAN_POINT('',(-1.27E1,1.651E0,-6.731E0));
#1813=VERTEX_POINT('',#1812);
#1814=CARTESIAN_POINT('',(-1.27E1,-1.651E0,-6.731E0));
#1815=CARTESIAN_POINT('',(-1.2573E1,-1.651E0,-6.731E0));
#1816=VERTEX_POINT('',#1814);
#1817=VERTEX_POINT('',#1815);
#1818=CARTESIAN_POINT('',(-1.2573E1,-1.778E0,-6.731E0));
#1819=VERTEX_POINT('',#1818);
#1820=CARTESIAN_POINT('',(1.2573E1,-1.778E0,-6.731E0));
#1821=VERTEX_POINT('',#1820);
#1822=CARTESIAN_POINT('',(1.2573E1,-1.651E0,-6.731E0));
#1823=VERTEX_POINT('',#1822);
#1824=CARTESIAN_POINT('',(1.27E1,-1.651E0,-6.731E0));
#1825=VERTEX_POINT('',#1824);
#1826=CARTESIAN_POINT('',(1.27E1,1.651E0,-6.731E0));
#1827=CARTESIAN_POINT('',(1.2573E1,1.651E0,-6.731E0));
#1828=VERTEX_POINT('',#1826);
#1829=VERTEX_POINT('',#1827);
#1830=CARTESIAN_POINT('',(1.2573E1,1.778E0,-6.731E0));
#1831=VERTEX_POINT('',#1830);
#1832=CARTESIAN_POINT('',(-1.20142E1,4.572E-1,-1.0414E0));
#1833=CARTESIAN_POINT('',(-1.20142E1,-4.572E-1,-1.0414E0));
#1834=VERTEX_POINT('',#1832);
#1835=VERTEX_POINT('',#1833);
#1836=CARTESIAN_POINT('',(-1.08458E1,-4.572E-1,-1.0414E0));
#1837=VERTEX_POINT('',#1836);
#1838=CARTESIAN_POINT('',(-1.08458E1,4.572E-1,-1.0414E0));
#1839=VERTEX_POINT('',#1838);
#1840=CARTESIAN_POINT('',(-1.20142E1,4.572E-1,-6.35E-1));
#1841=CARTESIAN_POINT('',(-1.20142E1,-4.572E-1,-6.35E-1));
#1842=VERTEX_POINT('',#1840);
#1843=VERTEX_POINT('',#1841);
#1844=CARTESIAN_POINT('',(-1.08458E1,-4.572E-1,-6.35E-1));
#1845=VERTEX_POINT('',#1844);
#1846=CARTESIAN_POINT('',(-1.08458E1,4.572E-1,-6.35E-1));
#1847=VERTEX_POINT('',#1846);
#1848=CARTESIAN_POINT('',(-1.26492E1,1.0922E0,0.E0));
#1849=CARTESIAN_POINT('',(-1.26492E1,-1.0922E0,0.E0));
#1850=VERTEX_POINT('',#1848);
#1851=VERTEX_POINT('',#1849);
#1852=CARTESIAN_POINT('',(-1.02108E1,-1.0922E0,0.E0));
#1853=VERTEX_POINT('',#1852);
#1854=CARTESIAN_POINT('',(-1.02108E1,1.0922E0,0.E0));
#1855=VERTEX_POINT('',#1854);
#1856=CARTESIAN_POINT('',(-9.4742E0,4.572E-1,-1.0414E0));
#1857=CARTESIAN_POINT('',(-9.4742E0,-4.572E-1,-1.0414E0));
#1858=VERTEX_POINT('',#1856);
#1859=VERTEX_POINT('',#1857);
#1860=CARTESIAN_POINT('',(-8.3058E0,-4.572E-1,-1.0414E0));
#1861=VERTEX_POINT('',#1860);
#1862=CARTESIAN_POINT('',(-8.3058E0,4.572E-1,-1.0414E0));
#1863=VERTEX_POINT('',#1862);
#1864=CARTESIAN_POINT('',(-9.4742E0,4.572E-1,-6.35E-1));
#1865=CARTESIAN_POINT('',(-9.4742E0,-4.572E-1,-6.35E-1));
#1866=VERTEX_POINT('',#1864);
#1867=VERTEX_POINT('',#1865);
#1868=CARTESIAN_POINT('',(-8.3058E0,-4.572E-1,-6.35E-1));
#1869=VERTEX_POINT('',#1868);
#1870=CARTESIAN_POINT('',(-8.3058E0,4.572E-1,-6.35E-1));
#1871=VERTEX_POINT('',#1870);
#1872=CARTESIAN_POINT('',(-1.01092E1,1.0922E0,0.E0));
#1873=CARTESIAN_POINT('',(-1.01092E1,-1.0922E0,0.E0));
#1874=VERTEX_POINT('',#1872);
#1875=VERTEX_POINT('',#1873);
#1876=CARTESIAN_POINT('',(-7.6708E0,-1.0922E0,0.E0));
#1877=VERTEX_POINT('',#1876);
#1878=CARTESIAN_POINT('',(-7.6708E0,1.0922E0,0.E0));
#1879=VERTEX_POINT('',#1878);
#1880=CARTESIAN_POINT('',(-6.9342E0,4.572E-1,-1.0414E0));
#1881=CARTESIAN_POINT('',(-6.9342E0,-4.572E-1,-1.0414E0));
#1882=VERTEX_POINT('',#1880);
#1883=VERTEX_POINT('',#1881);
#1884=CARTESIAN_POINT('',(-5.7658E0,-4.572E-1,-1.0414E0));
#1885=VERTEX_POINT('',#1884);
#1886=CARTESIAN_POINT('',(-5.7658E0,4.572E-1,-1.0414E0));
#1887=VERTEX_POINT('',#1886);
#1888=CARTESIAN_POINT('',(-6.9342E0,4.572E-1,-6.35E-1));
#1889=CARTESIAN_POINT('',(-6.9342E0,-4.572E-1,-6.35E-1));
#1890=VERTEX_POINT('',#1888);
#1891=VERTEX_POINT('',#1889);
#1892=CARTESIAN_POINT('',(-5.7658E0,-4.572E-1,-6.35E-1));
#1893=VERTEX_POINT('',#1892);
#1894=CARTESIAN_POINT('',(-5.7658E0,4.572E-1,-6.35E-1));
#1895=VERTEX_POINT('',#1894);
#1896=CARTESIAN_POINT('',(-7.5692E0,1.0922E0,0.E0));
#1897=CARTESIAN_POINT('',(-7.5692E0,-1.0922E0,0.E0));
#1898=VERTEX_POINT('',#1896);
#1899=VERTEX_POINT('',#1897);
#1900=CARTESIAN_POINT('',(-5.1308E0,-1.0922E0,0.E0));
#1901=VERTEX_POINT('',#1900);
#1902=CARTESIAN_POINT('',(-5.1308E0,1.0922E0,0.E0));
#1903=VERTEX_POINT('',#1902);
#1904=CARTESIAN_POINT('',(-4.3942E0,4.572E-1,-1.0414E0));
#1905=CARTESIAN_POINT('',(-4.3942E0,-4.572E-1,-1.0414E0));
#1906=VERTEX_POINT('',#1904);
#1907=VERTEX_POINT('',#1905);
#1908=CARTESIAN_POINT('',(-3.2258E0,-4.572E-1,-1.0414E0));
#1909=VERTEX_POINT('',#1908);
#1910=CARTESIAN_POINT('',(-3.2258E0,4.572E-1,-1.0414E0));
#1911=VERTEX_POINT('',#1910);
#1912=CARTESIAN_POINT('',(-4.3942E0,4.572E-1,-6.35E-1));
#1913=CARTESIAN_POINT('',(-4.3942E0,-4.572E-1,-6.35E-1));
#1914=VERTEX_POINT('',#1912);
#1915=VERTEX_POINT('',#1913);
#1916=CARTESIAN_POINT('',(-3.2258E0,-4.572E-1,-6.35E-1));
#1917=VERTEX_POINT('',#1916);
#1918=CARTESIAN_POINT('',(-3.2258E0,4.572E-1,-6.35E-1));
#1919=VERTEX_POINT('',#1918);
#1920=CARTESIAN_POINT('',(-5.0292E0,1.0922E0,0.E0));
#1921=CARTESIAN_POINT('',(-5.0292E0,-1.0922E0,0.E0));
#1922=VERTEX_POINT('',#1920);
#1923=VERTEX_POINT('',#1921);
#1924=CARTESIAN_POINT('',(-2.5908E0,-1.0922E0,0.E0));
#1925=VERTEX_POINT('',#1924);
#1926=CARTESIAN_POINT('',(-2.5908E0,1.0922E0,0.E0));
#1927=VERTEX_POINT('',#1926);
#1928=CARTESIAN_POINT('',(-1.8542E0,4.572E-1,-1.0414E0));
#1929=CARTESIAN_POINT('',(-1.8542E0,-4.572E-1,-1.0414E0));
#1930=VERTEX_POINT('',#1928);
#1931=VERTEX_POINT('',#1929);
#1932=CARTESIAN_POINT('',(-6.858E-1,-4.572E-1,-1.0414E0));
#1933=VERTEX_POINT('',#1932);
#1934=CARTESIAN_POINT('',(-6.858E-1,4.572E-1,-1.0414E0));
#1935=VERTEX_POINT('',#1934);
#1936=CARTESIAN_POINT('',(-1.8542E0,4.572E-1,-6.35E-1));
#1937=CARTESIAN_POINT('',(-1.8542E0,-4.572E-1,-6.35E-1));
#1938=VERTEX_POINT('',#1936);
#1939=VERTEX_POINT('',#1937);
#1940=CARTESIAN_POINT('',(-6.858E-1,-4.572E-1,-6.35E-1));
#1941=VERTEX_POINT('',#1940);
#1942=CARTESIAN_POINT('',(-6.858E-1,4.572E-1,-6.35E-1));
#1943=VERTEX_POINT('',#1942);
#1944=CARTESIAN_POINT('',(-2.4892E0,1.0922E0,0.E0));
#1945=CARTESIAN_POINT('',(-2.4892E0,-1.0922E0,0.E0));
#1946=VERTEX_POINT('',#1944);
#1947=VERTEX_POINT('',#1945);
#1948=CARTESIAN_POINT('',(-5.08E-2,-1.0922E0,0.E0));
#1949=VERTEX_POINT('',#1948);
#1950=CARTESIAN_POINT('',(-5.08E-2,1.0922E0,0.E0));
#1951=VERTEX_POINT('',#1950);
#1952=CARTESIAN_POINT('',(6.858E-1,4.572E-1,-1.0414E0));
#1953=CARTESIAN_POINT('',(6.858E-1,-4.572E-1,-1.0414E0));
#1954=VERTEX_POINT('',#1952);
#1955=VERTEX_POINT('',#1953);
#1956=CARTESIAN_POINT('',(1.8542E0,-4.572E-1,-1.0414E0));
#1957=VERTEX_POINT('',#1956);
#1958=CARTESIAN_POINT('',(1.8542E0,4.572E-1,-1.0414E0));
#1959=VERTEX_POINT('',#1958);
#1960=CARTESIAN_POINT('',(6.858E-1,4.572E-1,-6.35E-1));
#1961=CARTESIAN_POINT('',(6.858E-1,-4.572E-1,-6.35E-1));
#1962=VERTEX_POINT('',#1960);
#1963=VERTEX_POINT('',#1961);
#1964=CARTESIAN_POINT('',(1.8542E0,-4.572E-1,-6.35E-1));
#1965=VERTEX_POINT('',#1964);
#1966=CARTESIAN_POINT('',(1.8542E0,4.572E-1,-6.35E-1));
#1967=VERTEX_POINT('',#1966);
#1968=CARTESIAN_POINT('',(5.08E-2,1.0922E0,0.E0));
#1969=CARTESIAN_POINT('',(5.08E-2,-1.0922E0,0.E0));
#1970=VERTEX_POINT('',#1968);
#1971=VERTEX_POINT('',#1969);
#1972=CARTESIAN_POINT('',(2.4892E0,-1.0922E0,0.E0));
#1973=VERTEX_POINT('',#1972);
#1974=CARTESIAN_POINT('',(2.4892E0,1.0922E0,0.E0));
#1975=VERTEX_POINT('',#1974);
#1976=CARTESIAN_POINT('',(3.2258E0,4.572E-1,-1.0414E0));
#1977=CARTESIAN_POINT('',(3.2258E0,-4.572E-1,-1.0414E0));
#1978=VERTEX_POINT('',#1976);
#1979=VERTEX_POINT('',#1977);
#1980=CARTESIAN_POINT('',(4.3942E0,-4.572E-1,-1.0414E0));
#1981=VERTEX_POINT('',#1980);
#1982=CARTESIAN_POINT('',(4.3942E0,4.572E-1,-1.0414E0));
#1983=VERTEX_POINT('',#1982);
#1984=CARTESIAN_POINT('',(3.2258E0,4.572E-1,-6.35E-1));
#1985=CARTESIAN_POINT('',(3.2258E0,-4.572E-1,-6.35E-1));
#1986=VERTEX_POINT('',#1984);
#1987=VERTEX_POINT('',#1985);
#1988=CARTESIAN_POINT('',(4.3942E0,-4.572E-1,-6.35E-1));
#1989=VERTEX_POINT('',#1988);
#1990=CARTESIAN_POINT('',(4.3942E0,4.572E-1,-6.35E-1));
#1991=VERTEX_POINT('',#1990);
#1992=CARTESIAN_POINT('',(2.5908E0,1.0922E0,0.E0));
#1993=CARTESIAN_POINT('',(2.5908E0,-1.0922E0,0.E0));
#1994=VERTEX_POINT('',#1992);
#1995=VERTEX_POINT('',#1993);
#1996=CARTESIAN_POINT('',(5.0292E0,-1.0922E0,0.E0));
#1997=VERTEX_POINT('',#1996);
#1998=CARTESIAN_POINT('',(5.0292E0,1.0922E0,0.E0));
#1999=VERTEX_POINT('',#1998);
#2000=CARTESIAN_POINT('',(5.7658E0,4.572E-1,-1.0414E0));
#2001=CARTESIAN_POINT('',(5.7658E0,-4.572E-1,-1.0414E0));
#2002=VERTEX_POINT('',#2000);
#2003=VERTEX_POINT('',#2001);
#2004=CARTESIAN_POINT('',(6.9342E0,-4.572E-1,-1.0414E0));
#2005=VERTEX_POINT('',#2004);
#2006=CARTESIAN_POINT('',(6.9342E0,4.572E-1,-1.0414E0));
#2007=VERTEX_POINT('',#2006);
#2008=CARTESIAN_POINT('',(5.7658E0,4.572E-1,-6.35E-1));
#2009=CARTESIAN_POINT('',(5.7658E0,-4.572E-1,-6.35E-1));
#2010=VERTEX_POINT('',#2008);
#2011=VERTEX_POINT('',#2009);
#2012=CARTESIAN_POINT('',(6.9342E0,-4.572E-1,-6.35E-1));
#2013=VERTEX_POINT('',#2012);
#2014=CARTESIAN_POINT('',(6.9342E0,4.572E-1,-6.35E-1));
#2015=VERTEX_POINT('',#2014);
#2016=CARTESIAN_POINT('',(5.1308E0,1.0922E0,0.E0));
#2017=CARTESIAN_POINT('',(5.1308E0,-1.0922E0,0.E0));
#2018=VERTEX_POINT('',#2016);
#2019=VERTEX_POINT('',#2017);
#2020=CARTESIAN_POINT('',(7.5692E0,-1.0922E0,0.E0));
#2021=VERTEX_POINT('',#2020);
#2022=CARTESIAN_POINT('',(7.5692E0,1.0922E0,0.E0));
#2023=VERTEX_POINT('',#2022);
#2024=CARTESIAN_POINT('',(-1.27E1,1.27E0,-6.731E0));
#2025=CARTESIAN_POINT('',(1.27E1,1.27E0,-6.731E0));
#2026=VERTEX_POINT('',#2024);
#2027=VERTEX_POINT('',#2025);
#2028=CARTESIAN_POINT('',(-1.27E1,-1.27E0,-6.731E0));
#2029=CARTESIAN_POINT('',(1.27E1,-1.27E0,-6.731E0));
#2030=VERTEX_POINT('',#2028);
#2031=VERTEX_POINT('',#2029);
#2032=CARTESIAN_POINT('',(-1.27E1,1.27E0,-6.223E0));
#2033=VERTEX_POINT('',#2032);
#2034=CARTESIAN_POINT('',(-1.27E1,-1.27E0,-6.223E0));
#2035=VERTEX_POINT('',#2034);
#2036=CARTESIAN_POINT('',(1.27E1,1.27E0,-6.223E0));
#2037=VERTEX_POINT('',#2036);
#2038=CARTESIAN_POINT('',(1.27E1,-1.27E0,-6.223E0));
#2039=VERTEX_POINT('',#2038);
#2040=CARTESIAN_POINT('',(-1.177925E1,-1.016E-1,-6.223E0));
#2041=CARTESIAN_POINT('',(-1.108075E1,-1.016E-1,-6.223E0));
#2042=VERTEX_POINT('',#2040);
#2043=VERTEX_POINT('',#2041);
#2044=CARTESIAN_POINT('',(-1.177925E1,1.016E-1,-6.223E0));
#2045=CARTESIAN_POINT('',(-1.108075E1,1.016E-1,-6.223E0));
#2046=VERTEX_POINT('',#2044);
#2047=VERTEX_POINT('',#2045);
#2048=CARTESIAN_POINT('',(-1.108075E1,-1.016E-1,-8.753595534254E0));
#2049=VERTEX_POINT('',#2048);
#2050=CARTESIAN_POINT('',(-1.108075E1,1.016E-1,-8.753595534254E0));
#2051=VERTEX_POINT('',#2050);
#2052=CARTESIAN_POINT('',(-9.23925E0,-1.016E-1,-6.223E0));
#2053=CARTESIAN_POINT('',(-8.54075E0,-1.016E-1,-6.223E0));
#2054=VERTEX_POINT('',#2052);
#2055=VERTEX_POINT('',#2053);
#2056=CARTESIAN_POINT('',(-9.23925E0,1.016E-1,-6.223E0));
#2057=CARTESIAN_POINT('',(-8.54075E0,1.016E-1,-6.223E0));
#2058=VERTEX_POINT('',#2056);
#2059=VERTEX_POINT('',#2057);
#2060=CARTESIAN_POINT('',(-8.54075E0,-1.016E-1,-8.753595534254E0));
#2061=VERTEX_POINT('',#2060);
#2062=CARTESIAN_POINT('',(-8.54075E0,1.016E-1,-8.753595534254E0));
#2063=VERTEX_POINT('',#2062);
#2064=CARTESIAN_POINT('',(-6.69925E0,-1.016E-1,-6.223E0));
#2065=CARTESIAN_POINT('',(-6.00075E0,-1.016E-1,-6.223E0));
#2066=VERTEX_POINT('',#2064);
#2067=VERTEX_POINT('',#2065);
#2068=CARTESIAN_POINT('',(-6.69925E0,1.016E-1,-6.223E0));
#2069=CARTESIAN_POINT('',(-6.00075E0,1.016E-1,-6.223E0));
#2070=VERTEX_POINT('',#2068);
#2071=VERTEX_POINT('',#2069);
#2072=CARTESIAN_POINT('',(-6.00075E0,-1.016E-1,-8.753595534254E0));
#2073=VERTEX_POINT('',#2072);
#2074=CARTESIAN_POINT('',(-6.00075E0,1.016E-1,-8.753595534254E0));
#2075=VERTEX_POINT('',#2074);
#2076=CARTESIAN_POINT('',(-4.15925E0,-1.016E-1,-6.223E0));
#2077=CARTESIAN_POINT('',(-3.46075E0,-1.016E-1,-6.223E0));
#2078=VERTEX_POINT('',#2076);
#2079=VERTEX_POINT('',#2077);
#2080=CARTESIAN_POINT('',(-4.15925E0,1.016E-1,-6.223E0));
#2081=CARTESIAN_POINT('',(-3.46075E0,1.016E-1,-6.223E0));
#2082=VERTEX_POINT('',#2080);
#2083=VERTEX_POINT('',#2081);
#2084=CARTESIAN_POINT('',(-3.46075E0,-1.016E-1,-8.753595534254E0));
#2085=VERTEX_POINT('',#2084);
#2086=CARTESIAN_POINT('',(-3.46075E0,1.016E-1,-8.753595534254E0));
#2087=VERTEX_POINT('',#2086);
#2088=CARTESIAN_POINT('',(-1.61925E0,-1.016E-1,-6.223E0));
#2089=CARTESIAN_POINT('',(-9.2075E-1,-1.016E-1,-6.223E0));
#2090=VERTEX_POINT('',#2088);
#2091=VERTEX_POINT('',#2089);
#2092=CARTESIAN_POINT('',(-1.61925E0,1.016E-1,-6.223E0));
#2093=CARTESIAN_POINT('',(-9.2075E-1,1.016E-1,-6.223E0));
#2094=VERTEX_POINT('',#2092);
#2095=VERTEX_POINT('',#2093);
#2096=CARTESIAN_POINT('',(-9.2075E-1,-1.016E-1,-8.753595534254E0));
#2097=VERTEX_POINT('',#2096);
#2098=CARTESIAN_POINT('',(-9.2075E-1,1.016E-1,-8.753595534254E0));
#2099=VERTEX_POINT('',#2098);
#2100=CARTESIAN_POINT('',(9.2075E-1,-1.016E-1,-6.223E0));
#2101=CARTESIAN_POINT('',(1.61925E0,-1.016E-1,-6.223E0));
#2102=VERTEX_POINT('',#2100);
#2103=VERTEX_POINT('',#2101);
#2104=CARTESIAN_POINT('',(9.2075E-1,1.016E-1,-6.223E0));
#2105=CARTESIAN_POINT('',(1.61925E0,1.016E-1,-6.223E0));
#2106=VERTEX_POINT('',#2104);
#2107=VERTEX_POINT('',#2105);
#2108=CARTESIAN_POINT('',(1.61925E0,-1.016E-1,-8.753595534254E0));
#2109=VERTEX_POINT('',#2108);
#2110=CARTESIAN_POINT('',(1.61925E0,1.016E-1,-8.753595534254E0));
#2111=VERTEX_POINT('',#2110);
#2112=CARTESIAN_POINT('',(3.46075E0,-1.016E-1,-6.223E0));
#2113=CARTESIAN_POINT('',(4.15925E0,-1.016E-1,-6.223E0));
#2114=VERTEX_POINT('',#2112);
#2115=VERTEX_POINT('',#2113);
#2116=CARTESIAN_POINT('',(3.46075E0,1.016E-1,-6.223E0));
#2117=CARTESIAN_POINT('',(4.15925E0,1.016E-1,-6.223E0));
#2118=VERTEX_POINT('',#2116);
#2119=VERTEX_POINT('',#2117);
#2120=CARTESIAN_POINT('',(4.15925E0,-1.016E-1,-8.753595534254E0));
#2121=VERTEX_POINT('',#2120);
#2122=CARTESIAN_POINT('',(4.15925E0,1.016E-1,-8.753595534254E0));
#2123=VERTEX_POINT('',#2122);
#2124=CARTESIAN_POINT('',(6.00075E0,-1.016E-1,-6.223E0));
#2125=CARTESIAN_POINT('',(6.69925E0,-1.016E-1,-6.223E0));
#2126=VERTEX_POINT('',#2124);
#2127=VERTEX_POINT('',#2125);
#2128=CARTESIAN_POINT('',(6.00075E0,1.016E-1,-6.223E0));
#2129=CARTESIAN_POINT('',(6.69925E0,1.016E-1,-6.223E0));
#2130=VERTEX_POINT('',#2128);
#2131=VERTEX_POINT('',#2129);
#2132=CARTESIAN_POINT('',(6.69925E0,-1.016E-1,-8.753595534254E0));
#2133=VERTEX_POINT('',#2132);
#2134=CARTESIAN_POINT('',(6.69925E0,1.016E-1,-8.753595534254E0));
#2135=VERTEX_POINT('',#2134);
#2136=CARTESIAN_POINT('',(-1.128395E1,-1.016E-1,-9.906E0));
#2137=VERTEX_POINT('',#2136);
#2138=CARTESIAN_POINT('',(-1.157605E1,-1.016E-1,-9.906E0));
#2139=VERTEX_POINT('',#2138);
#2140=CARTESIAN_POINT('',(-1.177925E1,-1.016E-1,-8.753595534254E0));
#2141=VERTEX_POINT('',#2140);
#2142=CARTESIAN_POINT('',(-1.128395E1,1.016E-1,-9.906E0));
#2143=VERTEX_POINT('',#2142);
#2144=CARTESIAN_POINT('',(-1.157605E1,1.016E-1,-9.906E0));
#2145=VERTEX_POINT('',#2144);
#2146=CARTESIAN_POINT('',(-1.177925E1,1.016E-1,-8.753595534254E0));
#2147=VERTEX_POINT('',#2146);
#2148=CARTESIAN_POINT('',(-8.74395E0,-1.016E-1,-9.906E0));
#2149=VERTEX_POINT('',#2148);
#2150=CARTESIAN_POINT('',(-9.03605E0,-1.016E-1,-9.906E0));
#2151=VERTEX_POINT('',#2150);
#2152=CARTESIAN_POINT('',(-9.23925E0,-1.016E-1,-8.753595534254E0));
#2153=VERTEX_POINT('',#2152);
#2154=CARTESIAN_POINT('',(-8.74395E0,1.016E-1,-9.906E0));
#2155=VERTEX_POINT('',#2154);
#2156=CARTESIAN_POINT('',(-9.03605E0,1.016E-1,-9.906E0));
#2157=VERTEX_POINT('',#2156);
#2158=CARTESIAN_POINT('',(-9.23925E0,1.016E-1,-8.753595534254E0));
#2159=VERTEX_POINT('',#2158);
#2160=CARTESIAN_POINT('',(-6.20395E0,-1.016E-1,-9.906E0));
#2161=VERTEX_POINT('',#2160);
#2162=CARTESIAN_POINT('',(-6.49605E0,-1.016E-1,-9.906E0));
#2163=VERTEX_POINT('',#2162);
#2164=CARTESIAN_POINT('',(-6.69925E0,-1.016E-1,-8.753595534254E0));
#2165=VERTEX_POINT('',#2164);
#2166=CARTESIAN_POINT('',(-6.20395E0,1.016E-1,-9.906E0));
#2167=VERTEX_POINT('',#2166);
#2168=CARTESIAN_POINT('',(-6.49605E0,1.016E-1,-9.906E0));
#2169=VERTEX_POINT('',#2168);
#2170=CARTESIAN_POINT('',(-6.69925E0,1.016E-1,-8.753595534254E0));
#2171=VERTEX_POINT('',#2170);
#2172=CARTESIAN_POINT('',(-3.66395E0,-1.016E-1,-9.906E0));
#2173=VERTEX_POINT('',#2172);
#2174=CARTESIAN_POINT('',(-3.95605E0,-1.016E-1,-9.906E0));
#2175=VERTEX_POINT('',#2174);
#2176=CARTESIAN_POINT('',(-4.15925E0,-1.016E-1,-8.753595534254E0));
#2177=VERTEX_POINT('',#2176);
#2178=CARTESIAN_POINT('',(-3.66395E0,1.016E-1,-9.906E0));
#2179=VERTEX_POINT('',#2178);
#2180=CARTESIAN_POINT('',(-3.95605E0,1.016E-1,-9.906E0));
#2181=VERTEX_POINT('',#2180);
#2182=CARTESIAN_POINT('',(-4.15925E0,1.016E-1,-8.753595534254E0));
#2183=VERTEX_POINT('',#2182);
#2184=CARTESIAN_POINT('',(-1.12395E0,-1.016E-1,-9.906E0));
#2185=VERTEX_POINT('',#2184);
#2186=CARTESIAN_POINT('',(-1.41605E0,-1.016E-1,-9.906E0));
#2187=VERTEX_POINT('',#2186);
#2188=CARTESIAN_POINT('',(-1.61925E0,-1.016E-1,-8.753595534254E0));
#2189=VERTEX_POINT('',#2188);
#2190=CARTESIAN_POINT('',(-1.12395E0,1.016E-1,-9.906E0));
#2191=VERTEX_POINT('',#2190);
#2192=CARTESIAN_POINT('',(-1.41605E0,1.016E-1,-9.906E0));
#2193=VERTEX_POINT('',#2192);
#2194=CARTESIAN_POINT('',(-1.61925E0,1.016E-1,-8.753595534254E0));
#2195=VERTEX_POINT('',#2194);
#2196=CARTESIAN_POINT('',(1.41605E0,-1.016E-1,-9.906E0));
#2197=VERTEX_POINT('',#2196);
#2198=CARTESIAN_POINT('',(1.12395E0,-1.016E-1,-9.906E0));
#2199=VERTEX_POINT('',#2198);
#2200=CARTESIAN_POINT('',(9.2075E-1,-1.016E-1,-8.753595534254E0));
#2201=VERTEX_POINT('',#2200);
#2202=CARTESIAN_POINT('',(1.41605E0,1.016E-1,-9.906E0));
#2203=VERTEX_POINT('',#2202);
#2204=CARTESIAN_POINT('',(1.12395E0,1.016E-1,-9.906E0));
#2205=VERTEX_POINT('',#2204);
#2206=CARTESIAN_POINT('',(9.2075E-1,1.016E-1,-8.753595534254E0));
#2207=VERTEX_POINT('',#2206);
#2208=CARTESIAN_POINT('',(3.95605E0,-1.016E-1,-9.906E0));
#2209=VERTEX_POINT('',#2208);
#2210=CARTESIAN_POINT('',(3.66395E0,-1.016E-1,-9.906E0));
#2211=VERTEX_POINT('',#2210);
#2212=CARTESIAN_POINT('',(3.46075E0,-1.016E-1,-8.753595534254E0));
#2213=VERTEX_POINT('',#2212);
#2214=CARTESIAN_POINT('',(3.95605E0,1.016E-1,-9.906E0));
#2215=VERTEX_POINT('',#2214);
#2216=CARTESIAN_POINT('',(3.66395E0,1.016E-1,-9.906E0));
#2217=VERTEX_POINT('',#2216);
#2218=CARTESIAN_POINT('',(3.46075E0,1.016E-1,-8.753595534254E0));
#2219=VERTEX_POINT('',#2218);
#2220=CARTESIAN_POINT('',(6.49605E0,-1.016E-1,-9.906E0));
#2221=VERTEX_POINT('',#2220);
#2222=CARTESIAN_POINT('',(6.20395E0,-1.016E-1,-9.906E0));
#2223=VERTEX_POINT('',#2222);
#2224=CARTESIAN_POINT('',(6.00075E0,-1.016E-1,-8.753595534254E0));
#2225=VERTEX_POINT('',#2224);
#2226=CARTESIAN_POINT('',(6.49605E0,1.016E-1,-9.906E0));
#2227=VERTEX_POINT('',#2226);
#2228=CARTESIAN_POINT('',(6.20395E0,1.016E-1,-9.906E0));
#2229=VERTEX_POINT('',#2228);
#2230=CARTESIAN_POINT('',(6.00075E0,1.016E-1,-8.753595534254E0));
#2231=VERTEX_POINT('',#2230);
#2232=CARTESIAN_POINT('',(8.3058E0,4.572E-1,-1.0414E0));
#2233=CARTESIAN_POINT('',(8.3058E0,-4.572E-1,-1.0414E0));
#2234=VERTEX_POINT('',#2232);
#2235=VERTEX_POINT('',#2233);
#2236=CARTESIAN_POINT('',(9.4742E0,-4.572E-1,-1.0414E0));
#2237=VERTEX_POINT('',#2236);
#2238=CARTESIAN_POINT('',(9.4742E0,4.572E-1,-1.0414E0));
#2239=VERTEX_POINT('',#2238);
#2240=CARTESIAN_POINT('',(8.3058E0,4.572E-1,-6.35E-1));
#2241=CARTESIAN_POINT('',(8.3058E0,-4.572E-1,-6.35E-1));
#2242=VERTEX_POINT('',#2240);
#2243=VERTEX_POINT('',#2241);
#2244=CARTESIAN_POINT('',(9.4742E0,-4.572E-1,-6.35E-1));
#2245=VERTEX_POINT('',#2244);
#2246=CARTESIAN_POINT('',(9.4742E0,4.572E-1,-6.35E-1));
#2247=VERTEX_POINT('',#2246);
#2248=CARTESIAN_POINT('',(7.6708E0,1.0922E0,0.E0));
#2249=CARTESIAN_POINT('',(7.6708E0,-1.0922E0,0.E0));
#2250=VERTEX_POINT('',#2248);
#2251=VERTEX_POINT('',#2249);
#2252=CARTESIAN_POINT('',(1.01092E1,-1.0922E0,0.E0));
#2253=VERTEX_POINT('',#2252);
#2254=CARTESIAN_POINT('',(1.01092E1,1.0922E0,0.E0));
#2255=VERTEX_POINT('',#2254);
#2256=CARTESIAN_POINT('',(9.23925E0,-1.016E-1,-8.753595534254E0));
#2257=CARTESIAN_POINT('',(9.03605E0,-1.016E-1,-9.906E0));
#2258=VERTEX_POINT('',#2256);
#2259=VERTEX_POINT('',#2257);
#2260=CARTESIAN_POINT('',(8.74395E0,-1.016E-1,-9.906E0));
#2261=VERTEX_POINT('',#2260);
#2262=CARTESIAN_POINT('',(8.54075E0,-1.016E-1,-8.753595534254E0));
#2263=VERTEX_POINT('',#2262);
#2264=CARTESIAN_POINT('',(9.23925E0,1.016E-1,-8.753595534254E0));
#2265=CARTESIAN_POINT('',(9.03605E0,1.016E-1,-9.906E0));
#2266=VERTEX_POINT('',#2264);
#2267=VERTEX_POINT('',#2265);
#2268=CARTESIAN_POINT('',(8.74395E0,1.016E-1,-9.906E0));
#2269=VERTEX_POINT('',#2268);
#2270=CARTESIAN_POINT('',(8.54075E0,1.016E-1,-8.753595534254E0));
#2271=VERTEX_POINT('',#2270);
#2272=CARTESIAN_POINT('',(8.54075E0,-1.016E-1,-6.223E0));
#2273=CARTESIAN_POINT('',(9.23925E0,-1.016E-1,-6.223E0));
#2274=VERTEX_POINT('',#2272);
#2275=VERTEX_POINT('',#2273);
#2276=CARTESIAN_POINT('',(8.54075E0,1.016E-1,-6.223E0));
#2277=CARTESIAN_POINT('',(9.23925E0,1.016E-1,-6.223E0));
#2278=VERTEX_POINT('',#2276);
#2279=VERTEX_POINT('',#2277);
#2280=CARTESIAN_POINT('',(1.08458E1,4.572E-1,-1.0414E0));
#2281=CARTESIAN_POINT('',(1.08458E1,-4.572E-1,-1.0414E0));
#2282=VERTEX_POINT('',#2280);
#2283=VERTEX_POINT('',#2281);
#2284=CARTESIAN_POINT('',(1.20142E1,-4.572E-1,-1.0414E0));
#2285=VERTEX_POINT('',#2284);
#2286=CARTESIAN_POINT('',(1.20142E1,4.572E-1,-1.0414E0));
#2287=VERTEX_POINT('',#2286);
#2288=CARTESIAN_POINT('',(1.08458E1,4.572E-1,-6.35E-1));
#2289=CARTESIAN_POINT('',(1.08458E1,-4.572E-1,-6.35E-1));
#2290=VERTEX_POINT('',#2288);
#2291=VERTEX_POINT('',#2289);
#2292=CARTESIAN_POINT('',(1.20142E1,-4.572E-1,-6.35E-1));
#2293=VERTEX_POINT('',#2292);
#2294=CARTESIAN_POINT('',(1.20142E1,4.572E-1,-6.35E-1));
#2295=VERTEX_POINT('',#2294);
#2296=CARTESIAN_POINT('',(1.02108E1,1.0922E0,0.E0));
#2297=CARTESIAN_POINT('',(1.02108E1,-1.0922E0,0.E0));
#2298=VERTEX_POINT('',#2296);
#2299=VERTEX_POINT('',#2297);
#2300=CARTESIAN_POINT('',(1.26492E1,-1.0922E0,0.E0));
#2301=VERTEX_POINT('',#2300);
#2302=CARTESIAN_POINT('',(1.26492E1,1.0922E0,0.E0));
#2303=VERTEX_POINT('',#2302);
#2304=CARTESIAN_POINT('',(1.177925E1,-1.016E-1,-8.753595534254E0));
#2305=CARTESIAN_POINT('',(1.157605E1,-1.016E-1,-9.906E0));
#2306=VERTEX_POINT('',#2304);
#2307=VERTEX_POINT('',#2305);
#2308=CARTESIAN_POINT('',(1.128395E1,-1.016E-1,-9.906E0));
#2309=VERTEX_POINT('',#2308);
#2310=CARTESIAN_POINT('',(1.108075E1,-1.016E-1,-8.753595534254E0));
#2311=VERTEX_POINT('',#2310);
#2312=CARTESIAN_POINT('',(1.177925E1,1.016E-1,-8.753595534254E0));
#2313=CARTESIAN_POINT('',(1.157605E1,1.016E-1,-9.906E0));
#2314=VERTEX_POINT('',#2312);
#2315=VERTEX_POINT('',#2313);
#2316=CARTESIAN_POINT('',(1.128395E1,1.016E-1,-9.906E0));
#2317=VERTEX_POINT('',#2316);
#2318=CARTESIAN_POINT('',(1.108075E1,1.016E-1,-8.753595534254E0));
#2319=VERTEX_POINT('',#2318);
#2320=CARTESIAN_POINT('',(1.108075E1,-1.016E-1,-6.223E0));
#2321=CARTESIAN_POINT('',(1.177925E1,-1.016E-1,-6.223E0));
#2322=VERTEX_POINT('',#2320);
#2323=VERTEX_POINT('',#2321);
#2324=CARTESIAN_POINT('',(1.108075E1,1.016E-1,-6.223E0));
#2325=CARTESIAN_POINT('',(1.177925E1,1.016E-1,-6.223E0));
#2326=VERTEX_POINT('',#2324);
#2327=VERTEX_POINT('',#2325);
#2328=CARTESIAN_POINT('',(0.E0,0.E0,0.E0));
#2329=DIRECTION('',(0.E0,0.E0,1.E0));
#2330=DIRECTION('',(1.E0,0.E0,0.E0));
#2331=AXIS2_PLACEMENT_3D('',#2328,#2329,#2330);
#2332=PLANE('',#2331);
#2334=ORIENTED_EDGE('',*,*,#2333,.F.);
#2336=ORIENTED_EDGE('',*,*,#2335,.F.);
#2338=ORIENTED_EDGE('',*,*,#2337,.F.);
#2340=ORIENTED_EDGE('',*,*,#2339,.F.);
#2342=ORIENTED_EDGE('',*,*,#2341,.F.);
#2344=ORIENTED_EDGE('',*,*,#2343,.F.);
#2346=ORIENTED_EDGE('',*,*,#2345,.F.);
#2348=ORIENTED_EDGE('',*,*,#2347,.F.);
#2350=ORIENTED_EDGE('',*,*,#2349,.F.);
#2352=ORIENTED_EDGE('',*,*,#2351,.F.);
#2354=ORIENTED_EDGE('',*,*,#2353,.F.);
#2356=ORIENTED_EDGE('',*,*,#2355,.F.);
#2357=EDGE_LOOP('',(#2334,#2336,#2338,#2340,#2342,#2344,#2346,#2348,#2350,#2352,
#2354,#2356));
#2358=FACE_OUTER_BOUND('',#2357,.F.);
#2360=ORIENTED_EDGE('',*,*,#2359,.T.);
#2362=ORIENTED_EDGE('',*,*,#2361,.T.);
#2364=ORIENTED_EDGE('',*,*,#2363,.T.);
#2366=ORIENTED_EDGE('',*,*,#2365,.T.);
#2367=EDGE_LOOP('',(#2360,#2362,#2364,#2366));
#2368=FACE_BOUND('',#2367,.F.);
#2370=ORIENTED_EDGE('',*,*,#2369,.T.);
#2372=ORIENTED_EDGE('',*,*,#2371,.T.);
#2374=ORIENTED_EDGE('',*,*,#2373,.T.);
#2376=ORIENTED_EDGE('',*,*,#2375,.T.);
#2377=EDGE_LOOP('',(#2370,#2372,#2374,#2376));
#2378=FACE_BOUND('',#2377,.F.);
#2380=ORIENTED_EDGE('',*,*,#2379,.T.);
#2382=ORIENTED_EDGE('',*,*,#2381,.T.);
#2384=ORIENTED_EDGE('',*,*,#2383,.T.);
#2386=ORIENTED_EDGE('',*,*,#2385,.T.);
#2387=EDGE_LOOP('',(#2380,#2382,#2384,#2386));
#2388=FACE_BOUND('',#2387,.F.);
#2390=ORIENTED_EDGE('',*,*,#2389,.T.);
#2392=ORIENTED_EDGE('',*,*,#2391,.T.);
#2394=ORIENTED_EDGE('',*,*,#2393,.T.);
#2396=ORIENTED_EDGE('',*,*,#2395,.T.);
#2397=EDGE_LOOP('',(#2390,#2392,#2394,#2396));
#2398=FACE_BOUND('',#2397,.F.);
#2400=ORIENTED_EDGE('',*,*,#2399,.T.);
#2402=ORIENTED_EDGE('',*,*,#2401,.T.);
#2404=ORIENTED_EDGE('',*,*,#2403,.T.);
#2406=ORIENTED_EDGE('',*,*,#2405,.T.);
#2407=EDGE_LOOP('',(#2400,#2402,#2404,#2406));
#2408=FACE_BOUND('',#2407,.F.);
#2410=ORIENTED_EDGE('',*,*,#2409,.T.);
#2412=ORIENTED_EDGE('',*,*,#2411,.T.);
#2414=ORIENTED_EDGE('',*,*,#2413,.T.);
#2416=ORIENTED_EDGE('',*,*,#2415,.T.);
#2417=EDGE_LOOP('',(#2410,#2412,#2414,#2416));
#2418=FACE_BOUND('',#2417,.F.);
#2420=ORIENTED_EDGE('',*,*,#2419,.T.);
#2422=ORIENTED_EDGE('',*,*,#2421,.T.);
#2424=ORIENTED_EDGE('',*,*,#2423,.T.);
#2426=ORIENTED_EDGE('',*,*,#2425,.T.);
#2427=EDGE_LOOP('',(#2420,#2422,#2424,#2426));
#2428=FACE_BOUND('',#2427,.F.);
#2430=ORIENTED_EDGE('',*,*,#2429,.T.);
#2432=ORIENTED_EDGE('',*,*,#2431,.T.);
#2434=ORIENTED_EDGE('',*,*,#2433,.T.);
#2436=ORIENTED_EDGE('',*,*,#2435,.T.);
#2437=EDGE_LOOP('',(#2430,#2432,#2434,#2436));
#2438=FACE_BOUND('',#2437,.F.);
#2440=ORIENTED_EDGE('',*,*,#2439,.T.);
#2442=ORIENTED_EDGE('',*,*,#2441,.T.);
#2444=ORIENTED_EDGE('',*,*,#2443,.T.);
#2446=ORIENTED_EDGE('',*,*,#2445,.T.);
#2447=EDGE_LOOP('',(#2440,#2442,#2444,#2446));
#2448=FACE_BOUND('',#2447,.F.);
#2450=ORIENTED_EDGE('',*,*,#2449,.T.);
#2452=ORIENTED_EDGE('',*,*,#2451,.T.);
#2454=ORIENTED_EDGE('',*,*,#2453,.T.);
#2456=ORIENTED_EDGE('',*,*,#2455,.T.);
#2457=EDGE_LOOP('',(#2450,#2452,#2454,#2456));
#2458=FACE_BOUND('',#2457,.F.);
#2459=ADVANCED_FACE('',(#2358,#2368,#2378,#2388,#2398,#2408,#2418,#2428,#2438,
#2448,#2458),#2332,.T.);
#2460=CARTESIAN_POINT('',(-1.2573E1,1.778E0,0.E0));
#2461=DIRECTION('',(-1.E0,0.E0,0.E0));
#2462=DIRECTION('',(0.E0,-1.E0,0.E0));
#2463=AXIS2_PLACEMENT_3D('',#2460,#2461,#2462);
#2464=PLANE('',#2463);
#2465=ORIENTED_EDGE('',*,*,#2333,.T.);
#2467=ORIENTED_EDGE('',*,*,#2466,.T.);
#2469=ORIENTED_EDGE('',*,*,#2468,.F.);
#2471=ORIENTED_EDGE('',*,*,#2470,.F.);
#2472=EDGE_LOOP('',(#2465,#2467,#2469,#2471));
#2473=FACE_OUTER_BOUND('',#2472,.F.);
#2474=ADVANCED_FACE('',(#2473),#2464,.T.);
#2475=CARTESIAN_POINT('',(-1.2573E1,1.651E0,0.E0));
#2476=DIRECTION('',(0.E0,1.E0,0.E0));
#2477=DIRECTION('',(-1.E0,0.E0,0.E0));
#2478=AXIS2_PLACEMENT_3D('',#2475,#2476,#2477);
#2479=PLANE('',#2478);
#2480=ORIENTED_EDGE('',*,*,#2355,.T.);
#2482=ORIENTED_EDGE('',*,*,#2481,.T.);
#2484=ORIENTED_EDGE('',*,*,#2483,.F.);
#2485=ORIENTED_EDGE('',*,*,#2466,.F.);
#2486=EDGE_LOOP('',(#2480,#2482,#2484,#2485));
#2487=FACE_OUTER_BOUND('',#2486,.F.);
#2488=ADVANCED_FACE('',(#2487),#2479,.T.);
#2489=CARTESIAN_POINT('',(-1.27E1,1.651E0,0.E0));
#2490=DIRECTION('',(-1.E0,0.E0,0.E0));
#2491=DIRECTION('',(0.E0,-1.E0,0.E0));
#2492=AXIS2_PLACEMENT_3D('',#2489,#2490,#2491);
#2493=PLANE('',#2492);
#2495=ORIENTED_EDGE('',*,*,#2494,.F.);
#2497=ORIENTED_EDGE('',*,*,#2496,.F.);
#2498=ORIENTED_EDGE('',*,*,#2481,.F.);
#2499=ORIENTED_EDGE('',*,*,#2353,.T.);
#2501=ORIENTED_EDGE('',*,*,#2500,.T.);
#2503=ORIENTED_EDGE('',*,*,#2502,.F.);
#2505=ORIENTED_EDGE('',*,*,#2504,.T.);
#2507=ORIENTED_EDGE('',*,*,#2506,.F.);
#2508=EDGE_LOOP('',(#2495,#2497,#2498,#2499,#2501,#2503,#2505,#2507));
#2509=FACE_OUTER_BOUND('',#2508,.F.);
#2510=ADVANCED_FACE('',(#2509),#2493,.T.);
#2511=CARTESIAN_POINT('',(1.27E1,1.27E0,-6.731E0));
#2512=DIRECTION('',(0.E0,1.E0,0.E0));
#2513=DIRECTION('',(0.E0,0.E0,1.E0));
#2514=AXIS2_PLACEMENT_3D('',#2511,#2512,#2513);
#2515=PLANE('',#2514);
#2517=ORIENTED_EDGE('',*,*,#2516,.F.);
#2518=ORIENTED_EDGE('',*,*,#2494,.T.);
#2520=ORIENTED_EDGE('',*,*,#2519,.F.);
#2522=ORIENTED_EDGE('',*,*,#2521,.F.);
#2523=EDGE_LOOP('',(#2517,#2518,#2520,#2522));
#2524=FACE_OUTER_BOUND('',#2523,.F.);
#2525=ADVANCED_FACE('',(#2524),#2515,.F.);
#2526=CARTESIAN_POINT('',(0.E0,0.E0,-6.731E0));
#2527=DIRECTION('',(0.E0,0.E0,1.E0));
#2528=DIRECTION('',(1.E0,0.E0,0.E0));
#2529=AXIS2_PLACEMENT_3D('',#2526,#2527,#2528);
#2530=PLANE('',#2529);
#2531=ORIENTED_EDGE('',*,*,#2516,.T.);
#2533=ORIENTED_EDGE('',*,*,#2532,.T.);
#2535=ORIENTED_EDGE('',*,*,#2534,.T.);
#2537=ORIENTED_EDGE('',*,*,#2536,.T.);
#2539=ORIENTED_EDGE('',*,*,#2538,.T.);
#2540=ORIENTED_EDGE('',*,*,#2468,.T.);
#2541=ORIENTED_EDGE('',*,*,#2483,.T.);
#2542=ORIENTED_EDGE('',*,*,#2496,.T.);
#2543=EDGE_LOOP('',(#2531,#2533,#2535,#2537,#2539,#2540,#2541,#2542));
#2544=FACE_OUTER_BOUND('',#2543,.F.);
#2545=ADVANCED_FACE('',(#2544),#2530,.F.);
#2546=CARTESIAN_POINT('',(0.E0,0.E0,-6.731E0));
#2547=DIRECTION('',(0.E0,0.E0,1.E0));
#2548=DIRECTION('',(1.E0,0.E0,0.E0));
#2549=AXIS2_PLACEMENT_3D('',#2546,#2547,#2548);
#2550=PLANE('',#2549);
#2552=ORIENTED_EDGE('',*,*,#2551,.F.);
#2553=ORIENTED_EDGE('',*,*,#2502,.T.);
#2555=ORIENTED_EDGE('',*,*,#2554,.T.);
#2557=ORIENTED_EDGE('',*,*,#2556,.T.);
#2559=ORIENTED_EDGE('',*,*,#2558,.T.);
#2561=ORIENTED_EDGE('',*,*,#2560,.T.);
#2563=ORIENTED_EDGE('',*,*,#2562,.T.);
#2565=ORIENTED_EDGE('',*,*,#2564,.T.);
#2566=EDGE_LOOP('',(#2552,#2553,#2555,#2557,#2559,#2561,#2563,#2565));
#2567=FACE_OUTER_BOUND('',#2566,.F.);
#2568=ADVANCED_FACE('',(#2567),#2550,.F.);
#2569=CARTESIAN_POINT('',(1.27E1,-1.651E0,0.E0));
#2570=DIRECTION('',(1.E0,0.E0,0.E0));
#2571=DIRECTION('',(0.E0,1.E0,0.E0));
#2572=AXIS2_PLACEMENT_3D('',#2569,#2570,#2571);
#2573=PLANE('',#2572);
#2574=ORIENTED_EDGE('',*,*,#2521,.T.);
#2576=ORIENTED_EDGE('',*,*,#2575,.T.);
#2578=ORIENTED_EDGE('',*,*,#2577,.F.);
#2579=ORIENTED_EDGE('',*,*,#2564,.F.);
#2581=ORIENTED_EDGE('',*,*,#2580,.F.);
#2582=ORIENTED_EDGE('',*,*,#2341,.T.);
#2584=ORIENTED_EDGE('',*,*,#2583,.T.);
#2585=ORIENTED_EDGE('',*,*,#2532,.F.);
#2586=EDGE_LOOP('',(#2574,#2576,#2578,#2579,#2581,#2582,#2584,#2585));
#2587=FACE_OUTER_BOUND('',#2586,.F.);
#2588=ADVANCED_FACE('',(#2587),#2573,.T.);
#2589=CARTESIAN_POINT('',(1.27E1,1.27E0,-6.223E0));
#2590=DIRECTION('',(0.E0,0.E0,1.E0));
#2591=DIRECTION('',(0.E0,-1.E0,0.E0));
#2592=AXIS2_PLACEMENT_3D('',#2589,#2590,#2591);
#2593=PLANE('',#2592);
#2594=ORIENTED_EDGE('',*,*,#2506,.T.);
#2596=ORIENTED_EDGE('',*,*,#2595,.F.);
#2597=ORIENTED_EDGE('',*,*,#2575,.F.);
#2598=ORIENTED_EDGE('',*,*,#2519,.T.);
#2599=EDGE_LOOP('',(#2594,#2596,#2597,#2598));
#2600=FACE_OUTER_BOUND('',#2599,.F.);
#2602=ORIENTED_EDGE('',*,*,#2601,.F.);
#2604=ORIENTED_EDGE('',*,*,#2603,.T.);
#2606=ORIENTED_EDGE('',*,*,#2605,.T.);
#2608=ORIENTED_EDGE('',*,*,#2607,.F.);
#2609=EDGE_LOOP('',(#2602,#2604,#2606,#2608));
#2610=FACE_BOUND('',#2609,.F.);
#2612=ORIENTED_EDGE('',*,*,#2611,.F.);
#2614=ORIENTED_EDGE('',*,*,#2613,.T.);
#2616=ORIENTED_EDGE('',*,*,#2615,.T.);
#2618=ORIENTED_EDGE('',*,*,#2617,.F.);
#2619=EDGE_LOOP('',(#2612,#2614,#2616,#2618));
#2620=FACE_BOUND('',#2619,.F.);
#2622=ORIENTED_EDGE('',*,*,#2621,.F.);
#2624=ORIENTED_EDGE('',*,*,#2623,.T.);
#2626=ORIENTED_EDGE('',*,*,#2625,.T.);
#2628=ORIENTED_EDGE('',*,*,#2627,.F.);
#2629=EDGE_LOOP('',(#2622,#2624,#2626,#2628));
#2630=FACE_BOUND('',#2629,.F.);
#2632=ORIENTED_EDGE('',*,*,#2631,.F.);
#2634=ORIENTED_EDGE('',*,*,#2633,.T.);
#2636=ORIENTED_EDGE('',*,*,#2635,.T.);
#2638=ORIENTED_EDGE('',*,*,#2637,.F.);
#2639=EDGE_LOOP('',(#2632,#2634,#2636,#2638));
#2640=FACE_BOUND('',#2639,.F.);
#2642=ORIENTED_EDGE('',*,*,#2641,.F.);
#2644=ORIENTED_EDGE('',*,*,#2643,.T.);
#2646=ORIENTED_EDGE('',*,*,#2645,.T.);
#2648=ORIENTED_EDGE('',*,*,#2647,.F.);
#2649=EDGE_LOOP('',(#2642,#2644,#2646,#2648));
#2650=FACE_BOUND('',#2649,.F.);
#2652=ORIENTED_EDGE('',*,*,#2651,.F.);
#2654=ORIENTED_EDGE('',*,*,#2653,.T.);
#2656=ORIENTED_EDGE('',*,*,#2655,.T.);
#2658=ORIENTED_EDGE('',*,*,#2657,.F.);
#2659=EDGE_LOOP('',(#2652,#2654,#2656,#2658));
#2660=FACE_BOUND('',#2659,.F.);
#2662=ORIENTED_EDGE('',*,*,#2661,.F.);
#2664=ORIENTED_EDGE('',*,*,#2663,.T.);
#2666=ORIENTED_EDGE('',*,*,#2665,.T.);
#2668=ORIENTED_EDGE('',*,*,#2667,.F.);
#2669=EDGE_LOOP('',(#2662,#2664,#2666,#2668));
#2670=FACE_BOUND('',#2669,.F.);
#2672=ORIENTED_EDGE('',*,*,#2671,.F.);
#2674=ORIENTED_EDGE('',*,*,#2673,.T.);
#2676=ORIENTED_EDGE('',*,*,#2675,.T.);
#2678=ORIENTED_EDGE('',*,*,#2677,.F.);
#2679=EDGE_LOOP('',(#2672,#2674,#2676,#2678));
#2680=FACE_BOUND('',#2679,.F.);
#2682=ORIENTED_EDGE('',*,*,#2681,.F.);
#2684=ORIENTED_EDGE('',*,*,#2683,.T.);
#2686=ORIENTED_EDGE('',*,*,#2685,.T.);
#2688=ORIENTED_EDGE('',*,*,#2687,.F.);
#2689=EDGE_LOOP('',(#2682,#2684,#2686,#2688));
#2690=FACE_BOUND('',#2689,.F.);
#2692=ORIENTED_EDGE('',*,*,#2691,.F.);
#2694=ORIENTED_EDGE('',*,*,#2693,.T.);
#2696=ORIENTED_EDGE('',*,*,#2695,.T.);
#2698=ORIENTED_EDGE('',*,*,#2697,.F.);
#2699=EDGE_LOOP('',(#2692,#2694,#2696,#2698));
#2700=FACE_BOUND('',#2699,.F.);
#2701=ADVANCED_FACE('',(#2600,#2610,#2620,#2630,#2640,#2650,#2660,#2670,#2680,
#2690,#2700),#2593,.F.);
#2702=CARTESIAN_POINT('',(1.27E1,-1.27E0,-6.223E0));
#2703=DIRECTION('',(0.E0,-1.E0,0.E0));
#2704=DIRECTION('',(0.E0,0.E0,-1.E0));
#2705=AXIS2_PLACEMENT_3D('',#2702,#2703,#2704);
#2706=PLANE('',#2705);
#2707=ORIENTED_EDGE('',*,*,#2551,.T.);
#2708=ORIENTED_EDGE('',*,*,#2577,.T.);
#2709=ORIENTED_EDGE('',*,*,#2595,.T.);
#2710=ORIENTED_EDGE('',*,*,#2504,.F.);
#2711=EDGE_LOOP('',(#2707,#2708,#2709,#2710));
#2712=FACE_OUTER_BOUND('',#2711,.F.);
#2713=ADVANCED_FACE('',(#2712),#2706,.F.);
#2714=CARTESIAN_POINT('',(0.E0,-1.016E-1,0.E0));
#2715=DIRECTION('',(0.E0,1.E0,0.E0));
#2716=DIRECTION('',(1.E0,0.E0,0.E0));
#2717=AXIS2_PLACEMENT_3D('',#2714,#2715,#2716);
#2718=PLANE('',#2717);
#2719=ORIENTED_EDGE('',*,*,#2601,.T.);
#2721=ORIENTED_EDGE('',*,*,#2720,.T.);
#2723=ORIENTED_EDGE('',*,*,#2722,.T.);
#2725=ORIENTED_EDGE('',*,*,#2724,.T.);
#2727=ORIENTED_EDGE('',*,*,#2726,.T.);
#2729=ORIENTED_EDGE('',*,*,#2728,.T.);
#2730=EDGE_LOOP('',(#2719,#2721,#2723,#2725,#2727,#2729));
#2731=FACE_OUTER_BOUND('',#2730,.F.);
#2732=ADVANCED_FACE('',(#2731),#2718,.F.);
#2733=CARTESIAN_POINT('',(-1.108075E1,-1.016E-1,-6.223E0));
#2734=DIRECTION('',(1.E0,0.E0,0.E0));
#2735=DIRECTION('',(0.E0,0.E0,-1.E0));
#2736=AXIS2_PLACEMENT_3D('',#2733,#2734,#2735);
#2737=PLANE('',#2736);
#2738=ORIENTED_EDGE('',*,*,#2607,.T.);
#2740=ORIENTED_EDGE('',*,*,#2739,.T.);
#2742=ORIENTED_EDGE('',*,*,#2741,.F.);
#2743=ORIENTED_EDGE('',*,*,#2720,.F.);
#2744=EDGE_LOOP('',(#2738,#2740,#2742,#2743));
#2745=FACE_OUTER_BOUND('',#2744,.F.);
#2746=ADVANCED_FACE('',(#2745),#2737,.T.);
#2747=CARTESIAN_POINT('',(0.E0,1.016E-1,0.E0));
#2748=DIRECTION('',(0.E0,1.E0,0.E0));
#2749=DIRECTION('',(1.E0,0.E0,0.E0));
#2750=AXIS2_PLACEMENT_3D('',#2747,#2748,#2749);
#2751=PLANE('',#2750);
#2752=ORIENTED_EDGE('',*,*,#2605,.F.);
#2754=ORIENTED_EDGE('',*,*,#2753,.F.);
#2756=ORIENTED_EDGE('',*,*,#2755,.F.);
#2758=ORIENTED_EDGE('',*,*,#2757,.F.);
#2760=ORIENTED_EDGE('',*,*,#2759,.F.);
#2761=ORIENTED_EDGE('',*,*,#2739,.F.);
#2762=EDGE_LOOP('',(#2752,#2754,#2756,#2758,#2760,#2761));
#2763=FACE_OUTER_BOUND('',#2762,.F.);
#2764=ADVANCED_FACE('',(#2763),#2751,.T.);
#2765=CARTESIAN_POINT('',(-1.177925E1,-1.016E-1,-8.753595534254E0));
#2766=DIRECTION('',(-1.E0,0.E0,0.E0));
#2767=DIRECTION('',(0.E0,0.E0,1.E0));
#2768=AXIS2_PLACEMENT_3D('',#2765,#2766,#2767);
#2769=PLANE('',#2768);
#2770=ORIENTED_EDGE('',*,*,#2603,.F.);
#2771=ORIENTED_EDGE('',*,*,#2728,.F.);
#2773=ORIENTED_EDGE('',*,*,#2772,.T.);
#2774=ORIENTED_EDGE('',*,*,#2753,.T.);
#2775=EDGE_LOOP('',(#2770,#2771,#2773,#2774));
#2776=FACE_OUTER_BOUND('',#2775,.F.);
#2777=ADVANCED_FACE('',(#2776),#2769,.T.);
#2778=CARTESIAN_POINT('',(-1.157605E1,-1.016E-1,-9.906E0));
#2779=DIRECTION('',(-9.848077530122E-1,0.E0,-1.736481776669E-1));
#2780=DIRECTION('',(-1.736481776669E-1,0.E0,9.848077530122E-1));
#2781=AXIS2_PLACEMENT_3D('',#2778,#2779,#2780);
#2782=PLANE('',#2781);
#2783=ORIENTED_EDGE('',*,*,#2726,.F.);
#2785=ORIENTED_EDGE('',*,*,#2784,.T.);
#2786=ORIENTED_EDGE('',*,*,#2755,.T.);
#2787=ORIENTED_EDGE('',*,*,#2772,.F.);
#2788=EDGE_LOOP('',(#2783,#2785,#2786,#2787));
#2789=FACE_OUTER_BOUND('',#2788,.F.);
#2790=ADVANCED_FACE('',(#2789),#2782,.T.);
#2791=CARTESIAN_POINT('',(-1.128395E1,-1.016E-1,-9.906E0));
#2792=DIRECTION('',(0.E0,0.E0,-1.E0));
#2793=DIRECTION('',(-1.E0,0.E0,0.E0));
#2794=AXIS2_PLACEMENT_3D('',#2791,#2792,#2793);
#2795=PLANE('',#2794);
#2796=ORIENTED_EDGE('',*,*,#2724,.F.);
#2798=ORIENTED_EDGE('',*,*,#2797,.T.);
#2799=ORIENTED_EDGE('',*,*,#2757,.T.);
#2800=ORIENTED_EDGE('',*,*,#2784,.F.);
#2801=EDGE_LOOP('',(#2796,#2798,#2799,#2800));
#2802=FACE_OUTER_BOUND('',#2801,.F.);
#2803=ADVANCED_FACE('',(#2802),#2795,.T.);
#2804=CARTESIAN_POINT('',(-1.108075E1,-1.016E-1,-8.753595534254E0));
#2805=DIRECTION('',(9.848077530122E-1,0.E0,-1.736481776669E-1));
#2806=DIRECTION('',(-1.736481776669E-1,0.E0,-9.848077530122E-1));
#2807=AXIS2_PLACEMENT_3D('',#2804,#2805,#2806);
#2808=PLANE('',#2807);
#2809=ORIENTED_EDGE('',*,*,#2722,.F.);
#2810=ORIENTED_EDGE('',*,*,#2741,.T.);
#2811=ORIENTED_EDGE('',*,*,#2759,.T.);
#2812=ORIENTED_EDGE('',*,*,#2797,.F.);
#2813=EDGE_LOOP('',(#2809,#2810,#2811,#2812));
#2814=FACE_OUTER_BOUND('',#2813,.F.);
#2815=ADVANCED_FACE('',(#2814),#2808,.T.);
#2816=CARTESIAN_POINT('',(0.E0,-1.016E-1,0.E0));
#2817=DIRECTION('',(0.E0,1.E0,0.E0));
#2818=DIRECTION('',(1.E0,0.E0,0.E0));
#2819=AXIS2_PLACEMENT_3D('',#2816,#2817,#2818);
#2820=PLANE('',#2819);
#2821=ORIENTED_EDGE('',*,*,#2611,.T.);
#2823=ORIENTED_EDGE('',*,*,#2822,.T.);
#2825=ORIENTED_EDGE('',*,*,#2824,.T.);
#2827=ORIENTED_EDGE('',*,*,#2826,.T.);
#2829=ORIENTED_EDGE('',*,*,#2828,.T.);
#2831=ORIENTED_EDGE('',*,*,#2830,.T.);
#2832=EDGE_LOOP('',(#2821,#2823,#2825,#2827,#2829,#2831));
#2833=FACE_OUTER_BOUND('',#2832,.F.);
#2834=ADVANCED_FACE('',(#2833),#2820,.F.);
#2835=CARTESIAN_POINT('',(-8.54075E0,-1.016E-1,-6.223E0));
#2836=DIRECTION('',(1.E0,0.E0,0.E0));
#2837=DIRECTION('',(0.E0,0.E0,-1.E0));
#2838=AXIS2_PLACEMENT_3D('',#2835,#2836,#2837);
#2839=PLANE('',#2838);
#2840=ORIENTED_EDGE('',*,*,#2617,.T.);
#2842=ORIENTED_EDGE('',*,*,#2841,.T.);
#2844=ORIENTED_EDGE('',*,*,#2843,.F.);
#2845=ORIENTED_EDGE('',*,*,#2822,.F.);
#2846=EDGE_LOOP('',(#2840,#2842,#2844,#2845));
#2847=FACE_OUTER_BOUND('',#2846,.F.);
#2848=ADVANCED_FACE('',(#2847),#2839,.T.);
#2849=CARTESIAN_POINT('',(0.E0,1.016E-1,0.E0));
#2850=DIRECTION('',(0.E0,1.E0,0.E0));
#2851=DIRECTION('',(1.E0,0.E0,0.E0));
#2852=AXIS2_PLACEMENT_3D('',#2849,#2850,#2851);
#2853=PLANE('',#2852);
#2854=ORIENTED_EDGE('',*,*,#2615,.F.);
#2856=ORIENTED_EDGE('',*,*,#2855,.F.);
#2858=ORIENTED_EDGE('',*,*,#2857,.F.);
#2860=ORIENTED_EDGE('',*,*,#2859,.F.);
#2862=ORIENTED_EDGE('',*,*,#2861,.F.);
#2863=ORIENTED_EDGE('',*,*,#2841,.F.);
#2864=EDGE_LOOP('',(#2854,#2856,#2858,#2860,#2862,#2863));
#2865=FACE_OUTER_BOUND('',#2864,.F.);
#2866=ADVANCED_FACE('',(#2865),#2853,.T.);
#2867=CARTESIAN_POINT('',(-9.23925E0,-1.016E-1,-8.753595534254E0));
#2868=DIRECTION('',(-1.E0,0.E0,0.E0));
#2869=DIRECTION('',(0.E0,0.E0,1.E0));
#2870=AXIS2_PLACEMENT_3D('',#2867,#2868,#2869);
#2871=PLANE('',#2870);
#2872=ORIENTED_EDGE('',*,*,#2613,.F.);
#2873=ORIENTED_EDGE('',*,*,#2830,.F.);
#2875=ORIENTED_EDGE('',*,*,#2874,.T.);
#2876=ORIENTED_EDGE('',*,*,#2855,.T.);
#2877=EDGE_LOOP('',(#2872,#2873,#2875,#2876));
#2878=FACE_OUTER_BOUND('',#2877,.F.);
#2879=ADVANCED_FACE('',(#2878),#2871,.T.);
#2880=CARTESIAN_POINT('',(-9.03605E0,-1.016E-1,-9.906E0));
#2881=DIRECTION('',(-9.848077530122E-1,0.E0,-1.736481776669E-1));
#2882=DIRECTION('',(-1.736481776669E-1,0.E0,9.848077530122E-1));
#2883=AXIS2_PLACEMENT_3D('',#2880,#2881,#2882);
#2884=PLANE('',#2883);
#2885=ORIENTED_EDGE('',*,*,#2828,.F.);
#2887=ORIENTED_EDGE('',*,*,#2886,.T.);
#2888=ORIENTED_EDGE('',*,*,#2857,.T.);
#2889=ORIENTED_EDGE('',*,*,#2874,.F.);
#2890=EDGE_LOOP('',(#2885,#2887,#2888,#2889));
#2891=FACE_OUTER_BOUND('',#2890,.F.);
#2892=ADVANCED_FACE('',(#2891),#2884,.T.);
#2893=CARTESIAN_POINT('',(-8.74395E0,-1.016E-1,-9.906E0));
#2894=DIRECTION('',(0.E0,0.E0,-1.E0));
#2895=DIRECTION('',(-1.E0,0.E0,0.E0));
#2896=AXIS2_PLACEMENT_3D('',#2893,#2894,#2895);
#2897=PLANE('',#2896);
#2898=ORIENTED_EDGE('',*,*,#2826,.F.);
#2900=ORIENTED_EDGE('',*,*,#2899,.T.);
#2901=ORIENTED_EDGE('',*,*,#2859,.T.);
#2902=ORIENTED_EDGE('',*,*,#2886,.F.);
#2903=EDGE_LOOP('',(#2898,#2900,#2901,#2902));
#2904=FACE_OUTER_BOUND('',#2903,.F.);
#2905=ADVANCED_FACE('',(#2904),#2897,.T.);
#2906=CARTESIAN_POINT('',(-8.54075E0,-1.016E-1,-8.753595534254E0));
#2907=DIRECTION('',(9.848077530122E-1,0.E0,-1.736481776669E-1));
#2908=DIRECTION('',(-1.736481776669E-1,0.E0,-9.848077530122E-1));
#2909=AXIS2_PLACEMENT_3D('',#2906,#2907,#2908);
#2910=PLANE('',#2909);
#2911=ORIENTED_EDGE('',*,*,#2824,.F.);
#2912=ORIENTED_EDGE('',*,*,#2843,.T.);
#2913=ORIENTED_EDGE('',*,*,#2861,.T.);
#2914=ORIENTED_EDGE('',*,*,#2899,.F.);
#2915=EDGE_LOOP('',(#2911,#2912,#2913,#2914));
#2916=FACE_OUTER_BOUND('',#2915,.F.);
#2917=ADVANCED_FACE('',(#2916),#2910,.T.);
#2918=CARTESIAN_POINT('',(0.E0,-1.016E-1,0.E0));
#2919=DIRECTION('',(0.E0,1.E0,0.E0));
#2920=DIRECTION('',(1.E0,0.E0,0.E0));
#2921=AXIS2_PLACEMENT_3D('',#2918,#2919,#2920);
#2922=PLANE('',#2921);
#2923=ORIENTED_EDGE('',*,*,#2621,.T.);
#2925=ORIENTED_EDGE('',*,*,#2924,.T.);
#2927=ORIENTED_EDGE('',*,*,#2926,.T.);
#2929=ORIENTED_EDGE('',*,*,#2928,.T.);
#2931=ORIENTED_EDGE('',*,*,#2930,.T.);
#2933=ORIENTED_EDGE('',*,*,#2932,.T.);
#2934=EDGE_LOOP('',(#2923,#2925,#2927,#2929,#2931,#2933));
#2935=FACE_OUTER_BOUND('',#2934,.F.);
#2936=ADVANCED_FACE('',(#2935),#2922,.F.);
#2937=CARTESIAN_POINT('',(-6.00075E0,-1.016E-1,-6.223E0));
#2938=DIRECTION('',(1.E0,0.E0,0.E0));
#2939=DIRECTION('',(0.E0,0.E0,-1.E0));
#2940=AXIS2_PLACEMENT_3D('',#2937,#2938,#2939);
#2941=PLANE('',#2940);
#2942=ORIENTED_EDGE('',*,*,#2627,.T.);
#2944=ORIENTED_EDGE('',*,*,#2943,.T.);
#2946=ORIENTED_EDGE('',*,*,#2945,.F.);
#2947=ORIENTED_EDGE('',*,*,#2924,.F.);
#2948=EDGE_LOOP('',(#2942,#2944,#2946,#2947));
#2949=FACE_OUTER_BOUND('',#2948,.F.);
#2950=ADVANCED_FACE('',(#2949),#2941,.T.);
#2951=CARTESIAN_POINT('',(0.E0,1.016E-1,0.E0));
#2952=DIRECTION('',(0.E0,1.E0,0.E0));
#2953=DIRECTION('',(1.E0,0.E0,0.E0));
#2954=AXIS2_PLACEMENT_3D('',#2951,#2952,#2953);
#2955=PLANE('',#2954);
#2956=ORIENTED_EDGE('',*,*,#2625,.F.);
#2958=ORIENTED_EDGE('',*,*,#2957,.F.);
#2960=ORIENTED_EDGE('',*,*,#2959,.F.);
#2962=ORIENTED_EDGE('',*,*,#2961,.F.);
#2964=ORIENTED_EDGE('',*,*,#2963,.F.);
#2965=ORIENTED_EDGE('',*,*,#2943,.F.);
#2966=EDGE_LOOP('',(#2956,#2958,#2960,#2962,#2964,#2965));
#2967=FACE_OUTER_BOUND('',#2966,.F.);
#2968=ADVANCED_FACE('',(#2967),#2955,.T.);
#2969=CARTESIAN_POINT('',(-6.69925E0,-1.016E-1,-8.753595534254E0));
#2970=DIRECTION('',(-1.E0,0.E0,0.E0));
#2971=DIRECTION('',(0.E0,0.E0,1.E0));
#2972=AXIS2_PLACEMENT_3D('',#2969,#2970,#2971);
#2973=PLANE('',#2972);
#2974=ORIENTED_EDGE('',*,*,#2623,.F.);
#2975=ORIENTED_EDGE('',*,*,#2932,.F.);
#2977=ORIENTED_EDGE('',*,*,#2976,.T.);
#2978=ORIENTED_EDGE('',*,*,#2957,.T.);
#2979=EDGE_LOOP('',(#2974,#2975,#2977,#2978));
#2980=FACE_OUTER_BOUND('',#2979,.F.);
#2981=ADVANCED_FACE('',(#2980),#2973,.T.);
#2982=CARTESIAN_POINT('',(-6.49605E0,-1.016E-1,-9.906E0));
#2983=DIRECTION('',(-9.848077530122E-1,0.E0,-1.736481776669E-1));
#2984=DIRECTION('',(-1.736481776669E-1,0.E0,9.848077530122E-1));
#2985=AXIS2_PLACEMENT_3D('',#2982,#2983,#2984);
#2986=PLANE('',#2985);
#2987=ORIENTED_EDGE('',*,*,#2930,.F.);
#2989=ORIENTED_EDGE('',*,*,#2988,.T.);
#2990=ORIENTED_EDGE('',*,*,#2959,.T.);
#2991=ORIENTED_EDGE('',*,*,#2976,.F.);
#2992=EDGE_LOOP('',(#2987,#2989,#2990,#2991));
#2993=FACE_OUTER_BOUND('',#2992,.F.);
#2994=ADVANCED_FACE('',(#2993),#2986,.T.);
#2995=CARTESIAN_POINT('',(-6.20395E0,-1.016E-1,-9.906E0));
#2996=DIRECTION('',(0.E0,0.E0,-1.E0));
#2997=DIRECTION('',(-1.E0,0.E0,0.E0));
#2998=AXIS2_PLACEMENT_3D('',#2995,#2996,#2997);
#2999=PLANE('',#2998);
#3000=ORIENTED_EDGE('',*,*,#2928,.F.);
#3002=ORIENTED_EDGE('',*,*,#3001,.T.);
#3003=ORIENTED_EDGE('',*,*,#2961,.T.);
#3004=ORIENTED_EDGE('',*,*,#2988,.F.);
#3005=EDGE_LOOP('',(#3000,#3002,#3003,#3004));
#3006=FACE_OUTER_BOUND('',#3005,.F.);
#3007=ADVANCED_FACE('',(#3006),#2999,.T.);
#3008=CARTESIAN_POINT('',(-6.00075E0,-1.016E-1,-8.753595534254E0));
#3009=DIRECTION('',(9.848077530122E-1,0.E0,-1.736481776669E-1));
#3010=DIRECTION('',(-1.736481776669E-1,0.E0,-9.848077530122E-1));
#3011=AXIS2_PLACEMENT_3D('',#3008,#3009,#3010);
#3012=PLANE('',#3011);
#3013=ORIENTED_EDGE('',*,*,#2926,.F.);
#3014=ORIENTED_EDGE('',*,*,#2945,.T.);
#3015=ORIENTED_EDGE('',*,*,#2963,.T.);
#3016=ORIENTED_EDGE('',*,*,#3001,.F.);
#3017=EDGE_LOOP('',(#3013,#3014,#3015,#3016));
#3018=FACE_OUTER_BOUND('',#3017,.F.);
#3019=ADVANCED_FACE('',(#3018),#3012,.T.);
#3020=CARTESIAN_POINT('',(0.E0,-1.016E-1,0.E0));
#3021=DIRECTION('',(0.E0,1.E0,0.E0));
#3022=DIRECTION('',(1.E0,0.E0,0.E0));
#3023=AXIS2_PLACEMENT_3D('',#3020,#3021,#3022);
#3024=PLANE('',#3023);
#3025=ORIENTED_EDGE('',*,*,#2631,.T.);
#3027=ORIENTED_EDGE('',*,*,#3026,.T.);
#3029=ORIENTED_EDGE('',*,*,#3028,.T.);
#3031=ORIENTED_EDGE('',*,*,#3030,.T.);
#3033=ORIENTED_EDGE('',*,*,#3032,.T.);
#3035=ORIENTED_EDGE('',*,*,#3034,.T.);
#3036=EDGE_LOOP('',(#3025,#3027,#3029,#3031,#3033,#3035));
#3037=FACE_OUTER_BOUND('',#3036,.F.);
#3038=ADVANCED_FACE('',(#3037),#3024,.F.);
#3039=CARTESIAN_POINT('',(-3.46075E0,-1.016E-1,-6.223E0));
#3040=DIRECTION('',(1.E0,0.E0,0.E0));
#3041=DIRECTION('',(0.E0,0.E0,-1.E0));
#3042=AXIS2_PLACEMENT_3D('',#3039,#3040,#3041);
#3043=PLANE('',#3042);
#3044=ORIENTED_EDGE('',*,*,#2637,.T.);
#3046=ORIENTED_EDGE('',*,*,#3045,.T.);
#3048=ORIENTED_EDGE('',*,*,#3047,.F.);
#3049=ORIENTED_EDGE('',*,*,#3026,.F.);
#3050=EDGE_LOOP('',(#3044,#3046,#3048,#3049));
#3051=FACE_OUTER_BOUND('',#3050,.F.);
#3052=ADVANCED_FACE('',(#3051),#3043,.T.);
#3053=CARTESIAN_POINT('',(0.E0,1.016E-1,0.E0));
#3054=DIRECTION('',(0.E0,1.E0,0.E0));
#3055=DIRECTION('',(1.E0,0.E0,0.E0));
#3056=AXIS2_PLACEMENT_3D('',#3053,#3054,#3055);
#3057=PLANE('',#3056);
#3058=ORIENTED_EDGE('',*,*,#2635,.F.);
#3060=ORIENTED_EDGE('',*,*,#3059,.F.);
#3062=ORIENTED_EDGE('',*,*,#3061,.F.);
#3064=ORIENTED_EDGE('',*,*,#3063,.F.);
#3066=ORIENTED_EDGE('',*,*,#3065,.F.);
#3067=ORIENTED_EDGE('',*,*,#3045,.F.);
#3068=EDGE_LOOP('',(#3058,#3060,#3062,#3064,#3066,#3067));
#3069=FACE_OUTER_BOUND('',#3068,.F.);
#3070=ADVANCED_FACE('',(#3069),#3057,.T.);
#3071=CARTESIAN_POINT('',(-4.15925E0,-1.016E-1,-8.753595534254E0));
#3072=DIRECTION('',(-1.E0,0.E0,0.E0));
#3073=DIRECTION('',(0.E0,0.E0,1.E0));
#3074=AXIS2_PLACEMENT_3D('',#3071,#3072,#3073);
#3075=PLANE('',#3074);
#3076=ORIENTED_EDGE('',*,*,#2633,.F.);
#3077=ORIENTED_EDGE('',*,*,#3034,.F.);
#3079=ORIENTED_EDGE('',*,*,#3078,.T.);
#3080=ORIENTED_EDGE('',*,*,#3059,.T.);
#3081=EDGE_LOOP('',(#3076,#3077,#3079,#3080));
#3082=FACE_OUTER_BOUND('',#3081,.F.);
#3083=ADVANCED_FACE('',(#3082),#3075,.T.);
#3084=CARTESIAN_POINT('',(-3.95605E0,-1.016E-1,-9.906E0));
#3085=DIRECTION('',(-9.848077530122E-1,0.E0,-1.736481776669E-1));
#3086=DIRECTION('',(-1.736481776669E-1,0.E0,9.848077530122E-1));
#3087=AXIS2_PLACEMENT_3D('',#3084,#3085,#3086);
#3088=PLANE('',#3087);
#3089=ORIENTED_EDGE('',*,*,#3032,.F.);
#3091=ORIENTED_EDGE('',*,*,#3090,.T.);
#3092=ORIENTED_EDGE('',*,*,#3061,.T.);
#3093=ORIENTED_EDGE('',*,*,#3078,.F.);
#3094=EDGE_LOOP('',(#3089,#3091,#3092,#3093));
#3095=FACE_OUTER_BOUND('',#3094,.F.);
#3096=ADVANCED_FACE('',(#3095),#3088,.T.);
#3097=CARTESIAN_POINT('',(-3.66395E0,-1.016E-1,-9.906E0));
#3098=DIRECTION('',(0.E0,0.E0,-1.E0));
#3099=DIRECTION('',(-1.E0,0.E0,0.E0));
#3100=AXIS2_PLACEMENT_3D('',#3097,#3098,#3099);
#3101=PLANE('',#3100);
#3102=ORIENTED_EDGE('',*,*,#3030,.F.);
#3104=ORIENTED_EDGE('',*,*,#3103,.T.);
#3105=ORIENTED_EDGE('',*,*,#3063,.T.);
#3106=ORIENTED_EDGE('',*,*,#3090,.F.);
#3107=EDGE_LOOP('',(#3102,#3104,#3105,#3106));
#3108=FACE_OUTER_BOUND('',#3107,.F.);
#3109=ADVANCED_FACE('',(#3108),#3101,.T.);
#3110=CARTESIAN_POINT('',(-3.46075E0,-1.016E-1,-8.753595534254E0));
#3111=DIRECTION('',(9.848077530122E-1,0.E0,-1.736481776669E-1));
#3112=DIRECTION('',(-1.736481776669E-1,0.E0,-9.848077530122E-1));
#3113=AXIS2_PLACEMENT_3D('',#3110,#3111,#3112);
#3114=PLANE('',#3113);
#3115=ORIENTED_EDGE('',*,*,#3028,.F.);
#3116=ORIENTED_EDGE('',*,*,#3047,.T.);
#3117=ORIENTED_EDGE('',*,*,#3065,.T.);
#3118=ORIENTED_EDGE('',*,*,#3103,.F.);
#3119=EDGE_LOOP('',(#3115,#3116,#3117,#3118));
#3120=FACE_OUTER_BOUND('',#3119,.F.);
#3121=ADVANCED_FACE('',(#3120),#3114,.T.);
#3122=CARTESIAN_POINT('',(0.E0,-1.016E-1,0.E0));
#3123=DIRECTION('',(0.E0,1.E0,0.E0));
#3124=DIRECTION('',(1.E0,0.E0,0.E0));
#3125=AXIS2_PLACEMENT_3D('',#3122,#3123,#3124);
#3126=PLANE('',#3125);
#3127=ORIENTED_EDGE('',*,*,#2641,.T.);
#3129=ORIENTED_EDGE('',*,*,#3128,.T.);
#3131=ORIENTED_EDGE('',*,*,#3130,.T.);
#3133=ORIENTED_EDGE('',*,*,#3132,.T.);
#3135=ORIENTED_EDGE('',*,*,#3134,.T.);
#3137=ORIENTED_EDGE('',*,*,#3136,.T.);
#3138=EDGE_LOOP('',(#3127,#3129,#3131,#3133,#3135,#3137));
#3139=FACE_OUTER_BOUND('',#3138,.F.);
#3140=ADVANCED_FACE('',(#3139),#3126,.F.);
#3141=CARTESIAN_POINT('',(-9.2075E-1,-1.016E-1,-6.223E0));
#3142=DIRECTION('',(1.E0,0.E0,0.E0));
#3143=DIRECTION('',(0.E0,0.E0,-1.E0));
#3144=AXIS2_PLACEMENT_3D('',#3141,#3142,#3143);
#3145=PLANE('',#3144);
#3146=ORIENTED_EDGE('',*,*,#2647,.T.);
#3148=ORIENTED_EDGE('',*,*,#3147,.T.);
#3150=ORIENTED_EDGE('',*,*,#3149,.F.);
#3151=ORIENTED_EDGE('',*,*,#3128,.F.);
#3152=EDGE_LOOP('',(#3146,#3148,#3150,#3151));
#3153=FACE_OUTER_BOUND('',#3152,.F.);
#3154=ADVANCED_FACE('',(#3153),#3145,.T.);
#3155=CARTESIAN_POINT('',(0.E0,1.016E-1,0.E0));
#3156=DIRECTION('',(0.E0,1.E0,0.E0));
#3157=DIRECTION('',(1.E0,0.E0,0.E0));
#3158=AXIS2_PLACEMENT_3D('',#3155,#3156,#3157);
#3159=PLANE('',#3158);
#3160=ORIENTED_EDGE('',*,*,#2645,.F.);
#3162=ORIENTED_EDGE('',*,*,#3161,.F.);
#3164=ORIENTED_EDGE('',*,*,#3163,.F.);
#3166=ORIENTED_EDGE('',*,*,#3165,.F.);
#3168=ORIENTED_EDGE('',*,*,#3167,.F.);
#3169=ORIENTED_EDGE('',*,*,#3147,.F.);
#3170=EDGE_LOOP('',(#3160,#3162,#3164,#3166,#3168,#3169));
#3171=FACE_OUTER_BOUND('',#3170,.F.);
#3172=ADVANCED_FACE('',(#3171),#3159,.T.);
#3173=CARTESIAN_POINT('',(-1.61925E0,-1.016E-1,-8.753595534254E0));
#3174=DIRECTION('',(-1.E0,0.E0,0.E0));
#3175=DIRECTION('',(0.E0,0.E0,1.E0));
#3176=AXIS2_PLACEMENT_3D('',#3173,#3174,#3175);
#3177=PLANE('',#3176);
#3178=ORIENTED_EDGE('',*,*,#2643,.F.);
#3179=ORIENTED_EDGE('',*,*,#3136,.F.);
#3181=ORIENTED_EDGE('',*,*,#3180,.T.);
#3182=ORIENTED_EDGE('',*,*,#3161,.T.);
#3183=EDGE_LOOP('',(#3178,#3179,#3181,#3182));
#3184=FACE_OUTER_BOUND('',#3183,.F.);
#3185=ADVANCED_FACE('',(#3184),#3177,.T.);
#3186=CARTESIAN_POINT('',(-1.41605E0,-1.016E-1,-9.906E0));
#3187=DIRECTION('',(-9.848077530122E-1,0.E0,-1.736481776669E-1));
#3188=DIRECTION('',(-1.736481776669E-1,0.E0,9.848077530122E-1));
#3189=AXIS2_PLACEMENT_3D('',#3186,#3187,#3188);
#3190=PLANE('',#3189);
#3191=ORIENTED_EDGE('',*,*,#3134,.F.);
#3193=ORIENTED_EDGE('',*,*,#3192,.T.);
#3194=ORIENTED_EDGE('',*,*,#3163,.T.);
#3195=ORIENTED_EDGE('',*,*,#3180,.F.);
#3196=EDGE_LOOP('',(#3191,#3193,#3194,#3195));
#3197=FACE_OUTER_BOUND('',#3196,.F.);
#3198=ADVANCED_FACE('',(#3197),#3190,.T.);
#3199=CARTESIAN_POINT('',(-1.12395E0,-1.016E-1,-9.906E0));
#3200=DIRECTION('',(0.E0,0.E0,-1.E0));
#3201=DIRECTION('',(-1.E0,0.E0,0.E0));
#3202=AXIS2_PLACEMENT_3D('',#3199,#3200,#3201);
#3203=PLANE('',#3202);
#3204=ORIENTED_EDGE('',*,*,#3132,.F.);
#3206=ORIENTED_EDGE('',*,*,#3205,.T.);
#3207=ORIENTED_EDGE('',*,*,#3165,.T.);
#3208=ORIENTED_EDGE('',*,*,#3192,.F.);
#3209=EDGE_LOOP('',(#3204,#3206,#3207,#3208));
#3210=FACE_OUTER_BOUND('',#3209,.F.);
#3211=ADVANCED_FACE('',(#3210),#3203,.T.);
#3212=CARTESIAN_POINT('',(-9.2075E-1,-1.016E-1,-8.753595534254E0));
#3213=DIRECTION('',(9.848077530122E-1,0.E0,-1.736481776669E-1));
#3214=DIRECTION('',(-1.736481776669E-1,0.E0,-9.848077530122E-1));
#3215=AXIS2_PLACEMENT_3D('',#3212,#3213,#3214);
#3216=PLANE('',#3215);
#3217=ORIENTED_EDGE('',*,*,#3130,.F.);
#3218=ORIENTED_EDGE('',*,*,#3149,.T.);
#3219=ORIENTED_EDGE('',*,*,#3167,.T.);
#3220=ORIENTED_EDGE('',*,*,#3205,.F.);
#3221=EDGE_LOOP('',(#3217,#3218,#3219,#3220));
#3222=FACE_OUTER_BOUND('',#3221,.F.);
#3223=ADVANCED_FACE('',(#3222),#3216,.T.);
#3224=CARTESIAN_POINT('',(0.E0,-1.016E-1,0.E0));
#3225=DIRECTION('',(0.E0,1.E0,0.E0));
#3226=DIRECTION('',(1.E0,0.E0,0.E0));
#3227=AXIS2_PLACEMENT_3D('',#3224,#3225,#3226);
#3228=PLANE('',#3227);
#3229=ORIENTED_EDGE('',*,*,#2651,.T.);
#3231=ORIENTED_EDGE('',*,*,#3230,.T.);
#3233=ORIENTED_EDGE('',*,*,#3232,.T.);
#3235=ORIENTED_EDGE('',*,*,#3234,.T.);
#3237=ORIENTED_EDGE('',*,*,#3236,.T.);
#3239=ORIENTED_EDGE('',*,*,#3238,.T.);
#3240=EDGE_LOOP('',(#3229,#3231,#3233,#3235,#3237,#3239));
#3241=FACE_OUTER_BOUND('',#3240,.F.);
#3242=ADVANCED_FACE('',(#3241),#3228,.F.);
#3243=CARTESIAN_POINT('',(1.61925E0,-1.016E-1,-6.223E0));
#3244=DIRECTION('',(1.E0,0.E0,0.E0));
#3245=DIRECTION('',(0.E0,0.E0,-1.E0));
#3246=AXIS2_PLACEMENT_3D('',#3243,#3244,#3245);
#3247=PLANE('',#3246);
#3248=ORIENTED_EDGE('',*,*,#2657,.T.);
#3250=ORIENTED_EDGE('',*,*,#3249,.T.);
#3252=ORIENTED_EDGE('',*,*,#3251,.F.);
#3253=ORIENTED_EDGE('',*,*,#3230,.F.);
#3254=EDGE_LOOP('',(#3248,#3250,#3252,#3253));
#3255=FACE_OUTER_BOUND('',#3254,.F.);
#3256=ADVANCED_FACE('',(#3255),#3247,.T.);
#3257=CARTESIAN_POINT('',(0.E0,1.016E-1,0.E0));
#3258=DIRECTION('',(0.E0,1.E0,0.E0));
#3259=DIRECTION('',(1.E0,0.E0,0.E0));
#3260=AXIS2_PLACEMENT_3D('',#3257,#3258,#3259);
#3261=PLANE('',#3260);
#3262=ORIENTED_EDGE('',*,*,#2655,.F.);
#3264=ORIENTED_EDGE('',*,*,#3263,.F.);
#3266=ORIENTED_EDGE('',*,*,#3265,.F.);
#3268=ORIENTED_EDGE('',*,*,#3267,.F.);
#3270=ORIENTED_EDGE('',*,*,#3269,.F.);
#3271=ORIENTED_EDGE('',*,*,#3249,.F.);
#3272=EDGE_LOOP('',(#3262,#3264,#3266,#3268,#3270,#3271));
#3273=FACE_OUTER_BOUND('',#3272,.F.);
#3274=ADVANCED_FACE('',(#3273),#3261,.T.);
#3275=CARTESIAN_POINT('',(9.2075E-1,-1.016E-1,-8.753595534254E0));
#3276=DIRECTION('',(-1.E0,0.E0,0.E0));
#3277=DIRECTION('',(0.E0,0.E0,1.E0));
#3278=AXIS2_PLACEMENT_3D('',#3275,#3276,#3277);
#3279=PLANE('',#3278);
#3280=ORIENTED_EDGE('',*,*,#2653,.F.);
#3281=ORIENTED_EDGE('',*,*,#3238,.F.);
#3283=ORIENTED_EDGE('',*,*,#3282,.T.);
#3284=ORIENTED_EDGE('',*,*,#3263,.T.);
#3285=EDGE_LOOP('',(#3280,#3281,#3283,#3284));
#3286=FACE_OUTER_BOUND('',#3285,.F.);
#3287=ADVANCED_FACE('',(#3286),#3279,.T.);
#3288=CARTESIAN_POINT('',(1.12395E0,-1.016E-1,-9.906E0));
#3289=DIRECTION('',(-9.848077530122E-1,0.E0,-1.736481776669E-1));
#3290=DIRECTION('',(-1.736481776669E-1,0.E0,9.848077530122E-1));
#3291=AXIS2_PLACEMENT_3D('',#3288,#3289,#3290);
#3292=PLANE('',#3291);
#3293=ORIENTED_EDGE('',*,*,#3236,.F.);
#3295=ORIENTED_EDGE('',*,*,#3294,.T.);
#3296=ORIENTED_EDGE('',*,*,#3265,.T.);
#3297=ORIENTED_EDGE('',*,*,#3282,.F.);
#3298=EDGE_LOOP('',(#3293,#3295,#3296,#3297));
#3299=FACE_OUTER_BOUND('',#3298,.F.);
#3300=ADVANCED_FACE('',(#3299),#3292,.T.);
#3301=CARTESIAN_POINT('',(1.41605E0,-1.016E-1,-9.906E0));
#3302=DIRECTION('',(0.E0,0.E0,-1.E0));
#3303=DIRECTION('',(-1.E0,0.E0,0.E0));
#3304=AXIS2_PLACEMENT_3D('',#3301,#3302,#3303);
#3305=PLANE('',#3304);
#3306=ORIENTED_EDGE('',*,*,#3234,.F.);
#3308=ORIENTED_EDGE('',*,*,#3307,.T.);
#3309=ORIENTED_EDGE('',*,*,#3267,.T.);
#3310=ORIENTED_EDGE('',*,*,#3294,.F.);
#3311=EDGE_LOOP('',(#3306,#3308,#3309,#3310));
#3312=FACE_OUTER_BOUND('',#3311,.F.);
#3313=ADVANCED_FACE('',(#3312),#3305,.T.);
#3314=CARTESIAN_POINT('',(1.61925E0,-1.016E-1,-8.753595534254E0));
#3315=DIRECTION('',(9.848077530122E-1,0.E0,-1.736481776669E-1));
#3316=DIRECTION('',(-1.736481776669E-1,0.E0,-9.848077530122E-1));
#3317=AXIS2_PLACEMENT_3D('',#3314,#3315,#3316);
#3318=PLANE('',#3317);
#3319=ORIENTED_EDGE('',*,*,#3232,.F.);
#3320=ORIENTED_EDGE('',*,*,#3251,.T.);
#3321=ORIENTED_EDGE('',*,*,#3269,.T.);
#3322=ORIENTED_EDGE('',*,*,#3307,.F.);
#3323=EDGE_LOOP('',(#3319,#3320,#3321,#3322));
#3324=FACE_OUTER_BOUND('',#3323,.F.);
#3325=ADVANCED_FACE('',(#3324),#3318,.T.);
#3326=CARTESIAN_POINT('',(0.E0,-1.016E-1,0.E0));
#3327=DIRECTION('',(0.E0,1.E0,0.E0));
#3328=DIRECTION('',(1.E0,0.E0,0.E0));
#3329=AXIS2_PLACEMENT_3D('',#3326,#3327,#3328);
#3330=PLANE('',#3329);
#3331=ORIENTED_EDGE('',*,*,#2661,.T.);
#3333=ORIENTED_EDGE('',*,*,#3332,.T.);
#3335=ORIENTED_EDGE('',*,*,#3334,.T.);
#3337=ORIENTED_EDGE('',*,*,#3336,.T.);
#3339=ORIENTED_EDGE('',*,*,#3338,.T.);
#3341=ORIENTED_EDGE('',*,*,#3340,.T.);
#3342=EDGE_LOOP('',(#3331,#3333,#3335,#3337,#3339,#3341));
#3343=FACE_OUTER_BOUND('',#3342,.F.);
#3344=ADVANCED_FACE('',(#3343),#3330,.F.);
#3345=CARTESIAN_POINT('',(4.15925E0,-1.016E-1,-6.223E0));
#3346=DIRECTION('',(1.E0,0.E0,0.E0));
#3347=DIRECTION('',(0.E0,0.E0,-1.E0));
#3348=AXIS2_PLACEMENT_3D('',#3345,#3346,#3347);
#3349=PLANE('',#3348);
#3350=ORIENTED_EDGE('',*,*,#2667,.T.);
#3352=ORIENTED_EDGE('',*,*,#3351,.T.);
#3354=ORIENTED_EDGE('',*,*,#3353,.F.);
#3355=ORIENTED_EDGE('',*,*,#3332,.F.);
#3356=EDGE_LOOP('',(#3350,#3352,#3354,#3355));
#3357=FACE_OUTER_BOUND('',#3356,.F.);
#3358=ADVANCED_FACE('',(#3357),#3349,.T.);
#3359=CARTESIAN_POINT('',(0.E0,1.016E-1,0.E0));
#3360=DIRECTION('',(0.E0,1.E0,0.E0));
#3361=DIRECTION('',(1.E0,0.E0,0.E0));
#3362=AXIS2_PLACEMENT_3D('',#3359,#3360,#3361);
#3363=PLANE('',#3362);
#3364=ORIENTED_EDGE('',*,*,#2665,.F.);
#3366=ORIENTED_EDGE('',*,*,#3365,.F.);
#3368=ORIENTED_EDGE('',*,*,#3367,.F.);
#3370=ORIENTED_EDGE('',*,*,#3369,.F.);
#3372=ORIENTED_EDGE('',*,*,#3371,.F.);
#3373=ORIENTED_EDGE('',*,*,#3351,.F.);
#3374=EDGE_LOOP('',(#3364,#3366,#3368,#3370,#3372,#3373));
#3375=FACE_OUTER_BOUND('',#3374,.F.);
#3376=ADVANCED_FACE('',(#3375),#3363,.T.);
#3377=CARTESIAN_POINT('',(3.46075E0,-1.016E-1,-8.753595534254E0));
#3378=DIRECTION('',(-1.E0,0.E0,0.E0));
#3379=DIRECTION('',(0.E0,0.E0,1.E0));
#3380=AXIS2_PLACEMENT_3D('',#3377,#3378,#3379);
#3381=PLANE('',#3380);
#3382=ORIENTED_EDGE('',*,*,#2663,.F.);
#3383=ORIENTED_EDGE('',*,*,#3340,.F.);
#3385=ORIENTED_EDGE('',*,*,#3384,.T.);
#3386=ORIENTED_EDGE('',*,*,#3365,.T.);
#3387=EDGE_LOOP('',(#3382,#3383,#3385,#3386));
#3388=FACE_OUTER_BOUND('',#3387,.F.);
#3389=ADVANCED_FACE('',(#3388),#3381,.T.);
#3390=CARTESIAN_POINT('',(3.66395E0,-1.016E-1,-9.906E0));
#3391=DIRECTION('',(-9.848077530122E-1,0.E0,-1.736481776669E-1));
#3392=DIRECTION('',(-1.736481776669E-1,0.E0,9.848077530122E-1));
#3393=AXIS2_PLACEMENT_3D('',#3390,#3391,#3392);
#3394=PLANE('',#3393);
#3395=ORIENTED_EDGE('',*,*,#3338,.F.);
#3397=ORIENTED_EDGE('',*,*,#3396,.T.);
#3398=ORIENTED_EDGE('',*,*,#3367,.T.);
#3399=ORIENTED_EDGE('',*,*,#3384,.F.);
#3400=EDGE_LOOP('',(#3395,#3397,#3398,#3399));
#3401=FACE_OUTER_BOUND('',#3400,.F.);
#3402=ADVANCED_FACE('',(#3401),#3394,.T.);
#3403=CARTESIAN_POINT('',(3.95605E0,-1.016E-1,-9.906E0));
#3404=DIRECTION('',(0.E0,0.E0,-1.E0));
#3405=DIRECTION('',(-1.E0,0.E0,0.E0));
#3406=AXIS2_PLACEMENT_3D('',#3403,#3404,#3405);
#3407=PLANE('',#3406);
#3408=ORIENTED_EDGE('',*,*,#3336,.F.);
#3410=ORIENTED_EDGE('',*,*,#3409,.T.);
#3411=ORIENTED_EDGE('',*,*,#3369,.T.);
#3412=ORIENTED_EDGE('',*,*,#3396,.F.);
#3413=EDGE_LOOP('',(#3408,#3410,#3411,#3412));
#3414=FACE_OUTER_BOUND('',#3413,.F.);
#3415=ADVANCED_FACE('',(#3414),#3407,.T.);
#3416=CARTESIAN_POINT('',(4.15925E0,-1.016E-1,-8.753595534254E0));
#3417=DIRECTION('',(9.848077530122E-1,0.E0,-1.736481776669E-1));
#3418=DIRECTION('',(-1.736481776669E-1,0.E0,-9.848077530122E-1));
#3419=AXIS2_PLACEMENT_3D('',#3416,#3417,#3418);
#3420=PLANE('',#3419);
#3421=ORIENTED_EDGE('',*,*,#3334,.F.);
#3422=ORIENTED_EDGE('',*,*,#3353,.T.);
#3423=ORIENTED_EDGE('',*,*,#3371,.T.);
#3424=ORIENTED_EDGE('',*,*,#3409,.F.);
#3425=EDGE_LOOP('',(#3421,#3422,#3423,#3424));
#3426=FACE_OUTER_BOUND('',#3425,.F.);
#3427=ADVANCED_FACE('',(#3426),#3420,.T.);
#3428=CARTESIAN_POINT('',(0.E0,-1.016E-1,0.E0));
#3429=DIRECTION('',(0.E0,1.E0,0.E0));
#3430=DIRECTION('',(1.E0,0.E0,0.E0));
#3431=AXIS2_PLACEMENT_3D('',#3428,#3429,#3430);
#3432=PLANE('',#3431);
#3433=ORIENTED_EDGE('',*,*,#2671,.T.);
#3435=ORIENTED_EDGE('',*,*,#3434,.T.);
#3437=ORIENTED_EDGE('',*,*,#3436,.T.);
#3439=ORIENTED_EDGE('',*,*,#3438,.T.);
#3441=ORIENTED_EDGE('',*,*,#3440,.T.);
#3443=ORIENTED_EDGE('',*,*,#3442,.T.);
#3444=EDGE_LOOP('',(#3433,#3435,#3437,#3439,#3441,#3443));
#3445=FACE_OUTER_BOUND('',#3444,.F.);
#3446=ADVANCED_FACE('',(#3445),#3432,.F.);
#3447=CARTESIAN_POINT('',(6.69925E0,-1.016E-1,-6.223E0));
#3448=DIRECTION('',(1.E0,0.E0,0.E0));
#3449=DIRECTION('',(0.E0,0.E0,-1.E0));
#3450=AXIS2_PLACEMENT_3D('',#3447,#3448,#3449);
#3451=PLANE('',#3450);
#3452=ORIENTED_EDGE('',*,*,#2677,.T.);
#3454=ORIENTED_EDGE('',*,*,#3453,.T.);
#3456=ORIENTED_EDGE('',*,*,#3455,.F.);
#3457=ORIENTED_EDGE('',*,*,#3434,.F.);
#3458=EDGE_LOOP('',(#3452,#3454,#3456,#3457));
#3459=FACE_OUTER_BOUND('',#3458,.F.);
#3460=ADVANCED_FACE('',(#3459),#3451,.T.);
#3461=CARTESIAN_POINT('',(0.E0,1.016E-1,0.E0));
#3462=DIRECTION('',(0.E0,1.E0,0.E0));
#3463=DIRECTION('',(1.E0,0.E0,0.E0));
#3464=AXIS2_PLACEMENT_3D('',#3461,#3462,#3463);
#3465=PLANE('',#3464);
#3466=ORIENTED_EDGE('',*,*,#2675,.F.);
#3468=ORIENTED_EDGE('',*,*,#3467,.F.);
#3470=ORIENTED_EDGE('',*,*,#3469,.F.);
#3472=ORIENTED_EDGE('',*,*,#3471,.F.);
#3474=ORIENTED_EDGE('',*,*,#3473,.F.);
#3475=ORIENTED_EDGE('',*,*,#3453,.F.);
#3476=EDGE_LOOP('',(#3466,#3468,#3470,#3472,#3474,#3475));
#3477=FACE_OUTER_BOUND('',#3476,.F.);
#3478=ADVANCED_FACE('',(#3477),#3465,.T.);
#3479=CARTESIAN_POINT('',(6.00075E0,-1.016E-1,-8.753595534254E0));
#3480=DIRECTION('',(-1.E0,0.E0,0.E0));
#3481=DIRECTION('',(0.E0,0.E0,1.E0));
#3482=AXIS2_PLACEMENT_3D('',#3479,#3480,#3481);
#3483=PLANE('',#3482);
#3484=ORIENTED_EDGE('',*,*,#2673,.F.);
#3485=ORIENTED_EDGE('',*,*,#3442,.F.);
#3487=ORIENTED_EDGE('',*,*,#3486,.T.);
#3488=ORIENTED_EDGE('',*,*,#3467,.T.);
#3489=EDGE_LOOP('',(#3484,#3485,#3487,#3488));
#3490=FACE_OUTER_BOUND('',#3489,.F.);
#3491=ADVANCED_FACE('',(#3490),#3483,.T.);
#3492=CARTESIAN_POINT('',(6.20395E0,-1.016E-1,-9.906E0));
#3493=DIRECTION('',(-9.848077530122E-1,0.E0,-1.736481776669E-1));
#3494=DIRECTION('',(-1.736481776669E-1,0.E0,9.848077530122E-1));
#3495=AXIS2_PLACEMENT_3D('',#3492,#3493,#3494);
#3496=PLANE('',#3495);
#3497=ORIENTED_EDGE('',*,*,#3440,.F.);
#3499=ORIENTED_EDGE('',*,*,#3498,.T.);
#3500=ORIENTED_EDGE('',*,*,#3469,.T.);
#3501=ORIENTED_EDGE('',*,*,#3486,.F.);
#3502=EDGE_LOOP('',(#3497,#3499,#3500,#3501));
#3503=FACE_OUTER_BOUND('',#3502,.F.);
#3504=ADVANCED_FACE('',(#3503),#3496,.T.);
#3505=CARTESIAN_POINT('',(6.49605E0,-1.016E-1,-9.906E0));
#3506=DIRECTION('',(0.E0,0.E0,-1.E0));
#3507=DIRECTION('',(-1.E0,0.E0,0.E0));
#3508=AXIS2_PLACEMENT_3D('',#3505,#3506,#3507);
#3509=PLANE('',#3508);
#3510=ORIENTED_EDGE('',*,*,#3438,.F.);
#3512=ORIENTED_EDGE('',*,*,#3511,.T.);
#3513=ORIENTED_EDGE('',*,*,#3471,.T.);
#3514=ORIENTED_EDGE('',*,*,#3498,.F.);
#3515=EDGE_LOOP('',(#3510,#3512,#3513,#3514));
#3516=FACE_OUTER_BOUND('',#3515,.F.);
#3517=ADVANCED_FACE('',(#3516),#3509,.T.);
#3518=CARTESIAN_POINT('',(6.69925E0,-1.016E-1,-8.753595534254E0));
#3519=DIRECTION('',(9.848077530122E-1,0.E0,-1.736481776669E-1));
#3520=DIRECTION('',(-1.736481776669E-1,0.E0,-9.848077530122E-1));
#3521=AXIS2_PLACEMENT_3D('',#3518,#3519,#3520);
#3522=PLANE('',#3521);
#3523=ORIENTED_EDGE('',*,*,#3436,.F.);
#3524=ORIENTED_EDGE('',*,*,#3455,.T.);
#3525=ORIENTED_EDGE('',*,*,#3473,.T.);
#3526=ORIENTED_EDGE('',*,*,#3511,.F.);
#3527=EDGE_LOOP('',(#3523,#3524,#3525,#3526));
#3528=FACE_OUTER_BOUND('',#3527,.F.);
#3529=ADVANCED_FACE('',(#3528),#3522,.T.);
#3530=CARTESIAN_POINT('',(0.E0,-1.016E-1,0.E0));
#3531=DIRECTION('',(0.E0,1.E0,0.E0));
#3532=DIRECTION('',(1.E0,0.E0,0.E0));
#3533=AXIS2_PLACEMENT_3D('',#3530,#3531,#3532);
#3534=PLANE('',#3533);
#3535=ORIENTED_EDGE('',*,*,#2681,.T.);
#3537=ORIENTED_EDGE('',*,*,#3536,.T.);
#3539=ORIENTED_EDGE('',*,*,#3538,.T.);
#3541=ORIENTED_EDGE('',*,*,#3540,.T.);
#3543=ORIENTED_EDGE('',*,*,#3542,.T.);
#3545=ORIENTED_EDGE('',*,*,#3544,.T.);
#3546=EDGE_LOOP('',(#3535,#3537,#3539,#3541,#3543,#3545));
#3547=FACE_OUTER_BOUND('',#3546,.F.);
#3548=ADVANCED_FACE('',(#3547),#3534,.F.);
#3549=CARTESIAN_POINT('',(9.23925E0,-1.016E-1,-6.223E0));
#3550=DIRECTION('',(1.E0,0.E0,0.E0));
#3551=DIRECTION('',(0.E0,0.E0,-1.E0));
#3552=AXIS2_PLACEMENT_3D('',#3549,#3550,#3551);
#3553=PLANE('',#3552);
#3554=ORIENTED_EDGE('',*,*,#2687,.T.);
#3556=ORIENTED_EDGE('',*,*,#3555,.T.);
#3558=ORIENTED_EDGE('',*,*,#3557,.F.);
#3559=ORIENTED_EDGE('',*,*,#3536,.F.);
#3560=EDGE_LOOP('',(#3554,#3556,#3558,#3559));
#3561=FACE_OUTER_BOUND('',#3560,.F.);
#3562=ADVANCED_FACE('',(#3561),#3553,.T.);
#3563=CARTESIAN_POINT('',(0.E0,1.016E-1,0.E0));
#3564=DIRECTION('',(0.E0,1.E0,0.E0));
#3565=DIRECTION('',(1.E0,0.E0,0.E0));
#3566=AXIS2_PLACEMENT_3D('',#3563,#3564,#3565);
#3567=PLANE('',#3566);
#3568=ORIENTED_EDGE('',*,*,#2685,.F.);
#3570=ORIENTED_EDGE('',*,*,#3569,.F.);
#3572=ORIENTED_EDGE('',*,*,#3571,.F.);
#3574=ORIENTED_EDGE('',*,*,#3573,.F.);
#3576=ORIENTED_EDGE('',*,*,#3575,.F.);
#3577=ORIENTED_EDGE('',*,*,#3555,.F.);
#3578=EDGE_LOOP('',(#3568,#3570,#3572,#3574,#3576,#3577));
#3579=FACE_OUTER_BOUND('',#3578,.F.);
#3580=ADVANCED_FACE('',(#3579),#3567,.T.);
#3581=CARTESIAN_POINT('',(8.54075E0,-1.016E-1,-8.753595534254E0));
#3582=DIRECTION('',(-1.E0,0.E0,0.E0));
#3583=DIRECTION('',(0.E0,0.E0,1.E0));
#3584=AXIS2_PLACEMENT_3D('',#3581,#3582,#3583);
#3585=PLANE('',#3584);
#3586=ORIENTED_EDGE('',*,*,#2683,.F.);
#3587=ORIENTED_EDGE('',*,*,#3544,.F.);
#3589=ORIENTED_EDGE('',*,*,#3588,.T.);
#3590=ORIENTED_EDGE('',*,*,#3569,.T.);
#3591=EDGE_LOOP('',(#3586,#3587,#3589,#3590));
#3592=FACE_OUTER_BOUND('',#3591,.F.);
#3593=ADVANCED_FACE('',(#3592),#3585,.T.);
#3594=CARTESIAN_POINT('',(8.74395E0,-1.016E-1,-9.906E0));
#3595=DIRECTION('',(-9.848077530122E-1,0.E0,-1.736481776669E-1));
#3596=DIRECTION('',(-1.736481776669E-1,0.E0,9.848077530122E-1));
#3597=AXIS2_PLACEMENT_3D('',#3594,#3595,#3596);
#3598=PLANE('',#3597);
#3599=ORIENTED_EDGE('',*,*,#3542,.F.);
#3601=ORIENTED_EDGE('',*,*,#3600,.T.);
#3602=ORIENTED_EDGE('',*,*,#3571,.T.);
#3603=ORIENTED_EDGE('',*,*,#3588,.F.);
#3604=EDGE_LOOP('',(#3599,#3601,#3602,#3603));
#3605=FACE_OUTER_BOUND('',#3604,.F.);
#3606=ADVANCED_FACE('',(#3605),#3598,.T.);
#3607=CARTESIAN_POINT('',(9.03605E0,-1.016E-1,-9.906E0));
#3608=DIRECTION('',(0.E0,0.E0,-1.E0));
#3609=DIRECTION('',(-1.E0,0.E0,0.E0));
#3610=AXIS2_PLACEMENT_3D('',#3607,#3608,#3609);
#3611=PLANE('',#3610);
#3612=ORIENTED_EDGE('',*,*,#3540,.F.);
#3614=ORIENTED_EDGE('',*,*,#3613,.T.);
#3615=ORIENTED_EDGE('',*,*,#3573,.T.);
#3616=ORIENTED_EDGE('',*,*,#3600,.F.);
#3617=EDGE_LOOP('',(#3612,#3614,#3615,#3616));
#3618=FACE_OUTER_BOUND('',#3617,.F.);
#3619=ADVANCED_FACE('',(#3618),#3611,.T.);
#3620=CARTESIAN_POINT('',(9.23925E0,-1.016E-1,-8.753595534254E0));
#3621=DIRECTION('',(9.848077530122E-1,0.E0,-1.736481776669E-1));
#3622=DIRECTION('',(-1.736481776669E-1,0.E0,-9.848077530122E-1));
#3623=AXIS2_PLACEMENT_3D('',#3620,#3621,#3622);
#3624=PLANE('',#3623);
#3625=ORIENTED_EDGE('',*,*,#3538,.F.);
#3626=ORIENTED_EDGE('',*,*,#3557,.T.);
#3627=ORIENTED_EDGE('',*,*,#3575,.T.);
#3628=ORIENTED_EDGE('',*,*,#3613,.F.);
#3629=EDGE_LOOP('',(#3625,#3626,#3627,#3628));
#3630=FACE_OUTER_BOUND('',#3629,.F.);
#3631=ADVANCED_FACE('',(#3630),#3624,.T.);
#3632=CARTESIAN_POINT('',(0.E0,-1.016E-1,0.E0));
#3633=DIRECTION('',(0.E0,1.E0,0.E0));
#3634=DIRECTION('',(1.E0,0.E0,0.E0));
#3635=AXIS2_PLACEMENT_3D('',#3632,#3633,#3634);
#3636=PLANE('',#3635);
#3637=ORIENTED_EDGE('',*,*,#2691,.T.);
#3639=ORIENTED_EDGE('',*,*,#3638,.T.);
#3641=ORIENTED_EDGE('',*,*,#3640,.T.);
#3643=ORIENTED_EDGE('',*,*,#3642,.T.);
#3645=ORIENTED_EDGE('',*,*,#3644,.T.);
#3647=ORIENTED_EDGE('',*,*,#3646,.T.);
#3648=EDGE_LOOP('',(#3637,#3639,#3641,#3643,#3645,#3647));
#3649=FACE_OUTER_BOUND('',#3648,.F.);
#3650=ADVANCED_FACE('',(#3649),#3636,.F.);
#3651=CARTESIAN_POINT('',(1.177925E1,-1.016E-1,-6.223E0));
#3652=DIRECTION('',(1.E0,0.E0,0.E0));
#3653=DIRECTION('',(0.E0,0.E0,-1.E0));
#3654=AXIS2_PLACEMENT_3D('',#3651,#3652,#3653);
#3655=PLANE('',#3654);
#3656=ORIENTED_EDGE('',*,*,#2697,.T.);
#3658=ORIENTED_EDGE('',*,*,#3657,.T.);
#3660=ORIENTED_EDGE('',*,*,#3659,.F.);
#3661=ORIENTED_EDGE('',*,*,#3638,.F.);
#3662=EDGE_LOOP('',(#3656,#3658,#3660,#3661));
#3663=FACE_OUTER_BOUND('',#3662,.F.);
#3664=ADVANCED_FACE('',(#3663),#3655,.T.);
#3665=CARTESIAN_POINT('',(0.E0,1.016E-1,0.E0));
#3666=DIRECTION('',(0.E0,1.E0,0.E0));
#3667=DIRECTION('',(1.E0,0.E0,0.E0));
#3668=AXIS2_PLACEMENT_3D('',#3665,#3666,#3667);
#3669=PLANE('',#3668);
#3670=ORIENTED_EDGE('',*,*,#2695,.F.);
#3672=ORIENTED_EDGE('',*,*,#3671,.F.);
#3674=ORIENTED_EDGE('',*,*,#3673,.F.);
#3676=ORIENTED_EDGE('',*,*,#3675,.F.);
#3678=ORIENTED_EDGE('',*,*,#3677,.F.);
#3679=ORIENTED_EDGE('',*,*,#3657,.F.);
#3680=EDGE_LOOP('',(#3670,#3672,#3674,#3676,#3678,#3679));
#3681=FACE_OUTER_BOUND('',#3680,.F.);
#3682=ADVANCED_FACE('',(#3681),#3669,.T.);
#3683=CARTESIAN_POINT('',(1.108075E1,-1.016E-1,-8.753595534254E0));
#3684=DIRECTION('',(-1.E0,0.E0,0.E0));
#3685=DIRECTION('',(0.E0,0.E0,1.E0));
#3686=AXIS2_PLACEMENT_3D('',#3683,#3684,#3685);
#3687=PLANE('',#3686);
#3688=ORIENTED_EDGE('',*,*,#2693,.F.);
#3689=ORIENTED_EDGE('',*,*,#3646,.F.);
#3691=ORIENTED_EDGE('',*,*,#3690,.T.);
#3692=ORIENTED_EDGE('',*,*,#3671,.T.);
#3693=EDGE_LOOP('',(#3688,#3689,#3691,#3692));
#3694=FACE_OUTER_BOUND('',#3693,.F.);
#3695=ADVANCED_FACE('',(#3694),#3687,.T.);
#3696=CARTESIAN_POINT('',(1.128395E1,-1.016E-1,-9.906E0));
#3697=DIRECTION('',(-9.848077530122E-1,0.E0,-1.736481776669E-1));
#3698=DIRECTION('',(-1.736481776669E-1,0.E0,9.848077530122E-1));
#3699=AXIS2_PLACEMENT_3D('',#3696,#3697,#3698);
#3700=PLANE('',#3699);
#3701=ORIENTED_EDGE('',*,*,#3644,.F.);
#3703=ORIENTED_EDGE('',*,*,#3702,.T.);
#3704=ORIENTED_EDGE('',*,*,#3673,.T.);
#3705=ORIENTED_EDGE('',*,*,#3690,.F.);
#3706=EDGE_LOOP('',(#3701,#3703,#3704,#3705));
#3707=FACE_OUTER_BOUND('',#3706,.F.);
#3708=ADVANCED_FACE('',(#3707),#3700,.T.);
#3709=CARTESIAN_POINT('',(1.157605E1,-1.016E-1,-9.906E0));
#3710=DIRECTION('',(0.E0,0.E0,-1.E0));
#3711=DIRECTION('',(-1.E0,0.E0,0.E0));
#3712=AXIS2_PLACEMENT_3D('',#3709,#3710,#3711);
#3713=PLANE('',#3712);
#3714=ORIENTED_EDGE('',*,*,#3642,.F.);
#3716=ORIENTED_EDGE('',*,*,#3715,.T.);
#3717=ORIENTED_EDGE('',*,*,#3675,.T.);
#3718=ORIENTED_EDGE('',*,*,#3702,.F.);
#3719=EDGE_LOOP('',(#3714,#3716,#3717,#3718));
#3720=FACE_OUTER_BOUND('',#3719,.F.);
#3721=ADVANCED_FACE('',(#3720),#3713,.T.);
#3722=CARTESIAN_POINT('',(1.177925E1,-1.016E-1,-8.753595534254E0));
#3723=DIRECTION('',(9.848077530122E-1,0.E0,-1.736481776669E-1));
#3724=DIRECTION('',(-1.736481776669E-1,0.E0,-9.848077530122E-1));
#3725=AXIS2_PLACEMENT_3D('',#3722,#3723,#3724);
#3726=PLANE('',#3725);
#3727=ORIENTED_EDGE('',*,*,#3640,.F.);
#3728=ORIENTED_EDGE('',*,*,#3659,.T.);
#3729=ORIENTED_EDGE('',*,*,#3677,.T.);
#3730=ORIENTED_EDGE('',*,*,#3715,.F.);
#3731=EDGE_LOOP('',(#3727,#3728,#3729,#3730));
#3732=FACE_OUTER_BOUND('',#3731,.F.);
#3733=ADVANCED_FACE('',(#3732),#3726,.T.);
#3734=CARTESIAN_POINT('',(1.2573E1,-1.651E0,0.E0));
#3735=DIRECTION('',(0.E0,-1.E0,0.E0));
#3736=DIRECTION('',(1.E0,0.E0,0.E0));
#3737=AXIS2_PLACEMENT_3D('',#3734,#3735,#3736);
#3738=PLANE('',#3737);
#3739=ORIENTED_EDGE('',*,*,#2343,.T.);
#3740=ORIENTED_EDGE('',*,*,#2580,.T.);
#3741=ORIENTED_EDGE('',*,*,#2562,.F.);
#3743=ORIENTED_EDGE('',*,*,#3742,.F.);
#3744=EDGE_LOOP('',(#3739,#3740,#3741,#3743));
#3745=FACE_OUTER_BOUND('',#3744,.F.);
#3746=ADVANCED_FACE('',(#3745),#3738,.T.);
#3747=CARTESIAN_POINT('',(1.2573E1,-1.778E0,0.E0));
#3748=DIRECTION('',(1.E0,0.E0,0.E0));
#3749=DIRECTION('',(0.E0,1.E0,0.E0));
#3750=AXIS2_PLACEMENT_3D('',#3747,#3748,#3749);
#3751=PLANE('',#3750);
#3752=ORIENTED_EDGE('',*,*,#2345,.T.);
#3753=ORIENTED_EDGE('',*,*,#3742,.T.);
#3754=ORIENTED_EDGE('',*,*,#2560,.F.);
#3756=ORIENTED_EDGE('',*,*,#3755,.F.);
#3757=EDGE_LOOP('',(#3752,#3753,#3754,#3756));
#3758=FACE_OUTER_BOUND('',#3757,.F.);
#3759=ADVANCED_FACE('',(#3758),#3751,.T.);
#3760=CARTESIAN_POINT('',(-1.2573E1,-1.778E0,0.E0));
#3761=DIRECTION('',(0.E0,-1.E0,0.E0));
#3762=DIRECTION('',(1.E0,0.E0,0.E0));
#3763=AXIS2_PLACEMENT_3D('',#3760,#3761,#3762);
#3764=PLANE('',#3763);
#3765=ORIENTED_EDGE('',*,*,#2347,.T.);
#3766=ORIENTED_EDGE('',*,*,#3755,.T.);
#3767=ORIENTED_EDGE('',*,*,#2558,.F.);
#3769=ORIENTED_EDGE('',*,*,#3768,.F.);
#3770=EDGE_LOOP('',(#3765,#3766,#3767,#3769));
#3771=FACE_OUTER_BOUND('',#3770,.F.);
#3772=ADVANCED_FACE('',(#3771),#3764,.T.);
#3773=CARTESIAN_POINT('',(-1.2573E1,-1.651E0,0.E0));
#3774=DIRECTION('',(-1.E0,0.E0,0.E0));
#3775=DIRECTION('',(0.E0,-1.E0,0.E0));
#3776=AXIS2_PLACEMENT_3D('',#3773,#3774,#3775);
#3777=PLANE('',#3776);
#3778=ORIENTED_EDGE('',*,*,#2349,.T.);
#3779=ORIENTED_EDGE('',*,*,#3768,.T.);
#3780=ORIENTED_EDGE('',*,*,#2556,.F.);
#3782=ORIENTED_EDGE('',*,*,#3781,.F.);
#3783=EDGE_LOOP('',(#3778,#3779,#3780,#3782));
#3784=FACE_OUTER_BOUND('',#3783,.F.);
#3785=ADVANCED_FACE('',(#3784),#3777,.T.);
#3786=CARTESIAN_POINT('',(-1.27E1,-1.651E0,0.E0));
#3787=DIRECTION('',(0.E0,-1.E0,0.E0));
#3788=DIRECTION('',(1.E0,0.E0,0.E0));
#3789=AXIS2_PLACEMENT_3D('',#3786,#3787,#3788);
#3790=PLANE('',#3789);
#3791=ORIENTED_EDGE('',*,*,#2351,.T.);
#3792=ORIENTED_EDGE('',*,*,#3781,.T.);
#3793=ORIENTED_EDGE('',*,*,#2554,.F.);
#3794=ORIENTED_EDGE('',*,*,#2500,.F.);
#3795=EDGE_LOOP('',(#3791,#3792,#3793,#3794));
#3796=FACE_OUTER_BOUND('',#3795,.F.);
#3797=ADVANCED_FACE('',(#3796),#3790,.T.);
#3798=CARTESIAN_POINT('',(1.27E1,1.651E0,0.E0));
#3799=DIRECTION('',(0.E0,1.E0,0.E0));
#3800=DIRECTION('',(-1.E0,0.E0,0.E0));
#3801=AXIS2_PLACEMENT_3D('',#3798,#3799,#3800);
#3802=PLANE('',#3801);
#3803=ORIENTED_EDGE('',*,*,#2339,.T.);
#3805=ORIENTED_EDGE('',*,*,#3804,.T.);
#3806=ORIENTED_EDGE('',*,*,#2534,.F.);
#3807=ORIENTED_EDGE('',*,*,#2583,.F.);
#3808=EDGE_LOOP('',(#3803,#3805,#3806,#3807));
#3809=FACE_OUTER_BOUND('',#3808,.F.);
#3810=ADVANCED_FACE('',(#3809),#3802,.T.);
#3811=CARTESIAN_POINT('',(1.2573E1,1.651E0,0.E0));
#3812=DIRECTION('',(1.E0,0.E0,0.E0));
#3813=DIRECTION('',(0.E0,1.E0,0.E0));
#3814=AXIS2_PLACEMENT_3D('',#3811,#3812,#3813);
#3815=PLANE('',#3814);
#3816=ORIENTED_EDGE('',*,*,#2337,.T.);
#3818=ORIENTED_EDGE('',*,*,#3817,.T.);
#3819=ORIENTED_EDGE('',*,*,#2536,.F.);
#3820=ORIENTED_EDGE('',*,*,#3804,.F.);
#3821=EDGE_LOOP('',(#3816,#3818,#3819,#3820));
#3822=FACE_OUTER_BOUND('',#3821,.F.);
#3823=ADVANCED_FACE('',(#3822),#3815,.T.);
#3824=CARTESIAN_POINT('',(1.2573E1,1.778E0,0.E0));
#3825=DIRECTION('',(0.E0,1.E0,0.E0));
#3826=DIRECTION('',(-1.E0,0.E0,0.E0));
#3827=AXIS2_PLACEMENT_3D('',#3824,#3825,#3826);
#3828=PLANE('',#3827);
#3829=ORIENTED_EDGE('',*,*,#2335,.T.);
#3830=ORIENTED_EDGE('',*,*,#2470,.T.);
#3831=ORIENTED_EDGE('',*,*,#2538,.F.);
#3832=ORIENTED_EDGE('',*,*,#3817,.F.);
#3833=EDGE_LOOP('',(#3829,#3830,#3831,#3832));
#3834=FACE_OUTER_BOUND('',#3833,.F.);
#3835=ADVANCED_FACE('',(#3834),#3828,.T.);
#3836=CARTESIAN_POINT('',(-1.23317E1,0.E0,-3.175E-1));
#3837=DIRECTION('',(-7.071067811865E-1,0.E0,-7.071067811865E-1));
#3838=DIRECTION('',(0.E0,-1.E0,0.E0));
#3839=AXIS2_PLACEMENT_3D('',#3836,#3837,#3838);
#3840=PLANE('',#3839);
#3841=ORIENTED_EDGE('',*,*,#2359,.F.);
#3843=ORIENTED_EDGE('',*,*,#3842,.F.);
#3845=ORIENTED_EDGE('',*,*,#3844,.T.);
#3847=ORIENTED_EDGE('',*,*,#3846,.T.);
#3848=EDGE_LOOP('',(#3841,#3843,#3845,#3847));
#3849=FACE_OUTER_BOUND('',#3848,.F.);
#3850=ADVANCED_FACE('',(#3849),#3840,.F.);
#3851=CARTESIAN_POINT('',(-1.143E1,7.747E-1,-3.175E-1));
#3852=DIRECTION('',(0.E0,7.071067811865E-1,-7.071067811865E-1));
#3853=DIRECTION('',(-1.E0,0.E0,0.E0));
#3854=AXIS2_PLACEMENT_3D('',#3851,#3852,#3853);
#3855=PLANE('',#3854);
#3856=ORIENTED_EDGE('',*,*,#2365,.F.);
#3858=ORIENTED_EDGE('',*,*,#3857,.F.);
#3860=ORIENTED_EDGE('',*,*,#3859,.T.);
#3861=ORIENTED_EDGE('',*,*,#3842,.T.);
#3862=EDGE_LOOP('',(#3856,#3858,#3860,#3861));
#3863=FACE_OUTER_BOUND('',#3862,.F.);
#3864=ADVANCED_FACE('',(#3863),#3855,.F.);
#3865=CARTESIAN_POINT('',(-1.05283E1,0.E0,-3.175E-1));
#3866=DIRECTION('',(7.071067811865E-1,0.E0,-7.071067811865E-1));
#3867=DIRECTION('',(0.E0,1.E0,0.E0));
#3868=AXIS2_PLACEMENT_3D('',#3865,#3866,#3867);
#3869=PLANE('',#3868);
#3870=ORIENTED_EDGE('',*,*,#2363,.F.);
#3872=ORIENTED_EDGE('',*,*,#3871,.F.);
#3874=ORIENTED_EDGE('',*,*,#3873,.T.);
#3875=ORIENTED_EDGE('',*,*,#3857,.T.);
#3876=EDGE_LOOP('',(#3870,#3872,#3874,#3875));
#3877=FACE_OUTER_BOUND('',#3876,.F.);
#3878=ADVANCED_FACE('',(#3877),#3869,.F.);
#3879=CARTESIAN_POINT('',(-1.143E1,-7.747E-1,-3.175E-1));
#3880=DIRECTION('',(0.E0,-7.071067811865E-1,-7.071067811865E-1));
#3881=DIRECTION('',(1.E0,0.E0,0.E0));
#3882=AXIS2_PLACEMENT_3D('',#3879,#3880,#3881);
#3883=PLANE('',#3882);
#3884=ORIENTED_EDGE('',*,*,#2361,.F.);
#3885=ORIENTED_EDGE('',*,*,#3846,.F.);
#3887=ORIENTED_EDGE('',*,*,#3886,.T.);
#3888=ORIENTED_EDGE('',*,*,#3871,.T.);
#3889=EDGE_LOOP('',(#3884,#3885,#3887,#3888));
#3890=FACE_OUTER_BOUND('',#3889,.F.);
#3891=ADVANCED_FACE('',(#3890),#3883,.F.);
#3892=CARTESIAN_POINT('',(-1.143E1,-4.572E-1,-8.382E-1));
#3893=DIRECTION('',(0.E0,-1.E0,0.E0));
#3894=DIRECTION('',(1.E0,0.E0,0.E0));
#3895=AXIS2_PLACEMENT_3D('',#3892,#3893,#3894);
#3896=PLANE('',#3895);
#3898=ORIENTED_EDGE('',*,*,#3897,.T.);
#3900=ORIENTED_EDGE('',*,*,#3899,.T.);
#3901=ORIENTED_EDGE('',*,*,#3886,.F.);
#3903=ORIENTED_EDGE('',*,*,#3902,.F.);
#3904=EDGE_LOOP('',(#3898,#3900,#3901,#3903));
#3905=FACE_OUTER_BOUND('',#3904,.F.);
#3906=ADVANCED_FACE('',(#3905),#3896,.F.);
#3907=CARTESIAN_POINT('',(0.E0,0.E0,-1.0414E0));
#3908=DIRECTION('',(0.E0,0.E0,1.E0));
#3909=DIRECTION('',(1.E0,0.E0,0.E0));
#3910=AXIS2_PLACEMENT_3D('',#3907,#3908,#3909);
#3911=PLANE('',#3910);
#3913=ORIENTED_EDGE('',*,*,#3912,.F.);
#3915=ORIENTED_EDGE('',*,*,#3914,.F.);
#3917=ORIENTED_EDGE('',*,*,#3916,.F.);
#3918=ORIENTED_EDGE('',*,*,#3897,.F.);
#3919=EDGE_LOOP('',(#3913,#3915,#3917,#3918));
#3920=FACE_OUTER_BOUND('',#3919,.F.);
#3921=ADVANCED_FACE('',(#3920),#3911,.T.);
#3922=CARTESIAN_POINT('',(-1.20142E1,0.E0,-8.382E-1));
#3923=DIRECTION('',(-1.E0,0.E0,0.E0));
#3924=DIRECTION('',(0.E0,-1.E0,0.E0));
#3925=AXIS2_PLACEMENT_3D('',#3922,#3923,#3924);
#3926=PLANE('',#3925);
#3927=ORIENTED_EDGE('',*,*,#3912,.T.);
#3928=ORIENTED_EDGE('',*,*,#3902,.T.);
#3929=ORIENTED_EDGE('',*,*,#3844,.F.);
#3931=ORIENTED_EDGE('',*,*,#3930,.F.);
#3932=EDGE_LOOP('',(#3927,#3928,#3929,#3931));
#3933=FACE_OUTER_BOUND('',#3932,.F.);
#3934=ADVANCED_FACE('',(#3933),#3926,.F.);
#3935=CARTESIAN_POINT('',(-1.143E1,4.572E-1,-8.382E-1));
#3936=DIRECTION('',(0.E0,1.E0,0.E0));
#3937=DIRECTION('',(-1.E0,0.E0,0.E0));
#3938=AXIS2_PLACEMENT_3D('',#3935,#3936,#3937);
#3939=PLANE('',#3938);
#3940=ORIENTED_EDGE('',*,*,#3914,.T.);
#3941=ORIENTED_EDGE('',*,*,#3930,.T.);
#3942=ORIENTED_EDGE('',*,*,#3859,.F.);
#3944=ORIENTED_EDGE('',*,*,#3943,.F.);
#3945=EDGE_LOOP('',(#3940,#3941,#3942,#3944));
#3946=FACE_OUTER_BOUND('',#3945,.F.);
#3947=ADVANCED_FACE('',(#3946),#3939,.F.);
#3948=CARTESIAN_POINT('',(-1.08458E1,0.E0,-8.382E-1));
#3949=DIRECTION('',(1.E0,0.E0,0.E0));
#3950=DIRECTION('',(0.E0,1.E0,0.E0));
#3951=AXIS2_PLACEMENT_3D('',#3948,#3949,#3950);
#3952=PLANE('',#3951);
#3953=ORIENTED_EDGE('',*,*,#3916,.T.);
#3954=ORIENTED_EDGE('',*,*,#3943,.T.);
#3955=ORIENTED_EDGE('',*,*,#3873,.F.);
#3956=ORIENTED_EDGE('',*,*,#3899,.F.);
#3957=EDGE_LOOP('',(#3953,#3954,#3955,#3956));
#3958=FACE_OUTER_BOUND('',#3957,.F.);
#3959=ADVANCED_FACE('',(#3958),#3952,.F.);
#3960=CARTESIAN_POINT('',(-9.7917E0,0.E0,-3.175E-1));
#3961=DIRECTION('',(-7.071067811865E-1,0.E0,-7.071067811865E-1));
#3962=DIRECTION('',(0.E0,-1.E0,0.E0));
#3963=AXIS2_PLACEMENT_3D('',#3960,#3961,#3962);
#3964=PLANE('',#3963);
#3965=ORIENTED_EDGE('',*,*,#2369,.F.);
#3967=ORIENTED_EDGE('',*,*,#3966,.F.);
#3969=ORIENTED_EDGE('',*,*,#3968,.T.);
#3971=ORIENTED_EDGE('',*,*,#3970,.T.);
#3972=EDGE_LOOP('',(#3965,#3967,#3969,#3971));
#3973=FACE_OUTER_BOUND('',#3972,.F.);
#3974=ADVANCED_FACE('',(#3973),#3964,.F.);
#3975=CARTESIAN_POINT('',(-8.89E0,7.747E-1,-3.175E-1));
#3976=DIRECTION('',(0.E0,7.071067811865E-1,-7.071067811865E-1));
#3977=DIRECTION('',(-1.E0,0.E0,0.E0));
#3978=AXIS2_PLACEMENT_3D('',#3975,#3976,#3977);
#3979=PLANE('',#3978);
#3980=ORIENTED_EDGE('',*,*,#2375,.F.);
#3982=ORIENTED_EDGE('',*,*,#3981,.F.);
#3984=ORIENTED_EDGE('',*,*,#3983,.T.);
#3985=ORIENTED_EDGE('',*,*,#3966,.T.);
#3986=EDGE_LOOP('',(#3980,#3982,#3984,#3985));
#3987=FACE_OUTER_BOUND('',#3986,.F.);
#3988=ADVANCED_FACE('',(#3987),#3979,.F.);
#3989=CARTESIAN_POINT('',(-7.9883E0,0.E0,-3.175E-1));
#3990=DIRECTION('',(7.071067811865E-1,0.E0,-7.071067811865E-1));
#3991=DIRECTION('',(0.E0,1.E0,0.E0));
#3992=AXIS2_PLACEMENT_3D('',#3989,#3990,#3991);
#3993=PLANE('',#3992);
#3994=ORIENTED_EDGE('',*,*,#2373,.F.);
#3996=ORIENTED_EDGE('',*,*,#3995,.F.);
#3998=ORIENTED_EDGE('',*,*,#3997,.T.);
#3999=ORIENTED_EDGE('',*,*,#3981,.T.);
#4000=EDGE_LOOP('',(#3994,#3996,#3998,#3999));
#4001=FACE_OUTER_BOUND('',#4000,.F.);
#4002=ADVANCED_FACE('',(#4001),#3993,.F.);
#4003=CARTESIAN_POINT('',(-8.89E0,-7.747E-1,-3.175E-1));
#4004=DIRECTION('',(0.E0,-7.071067811865E-1,-7.071067811865E-1));
#4005=DIRECTION('',(1.E0,0.E0,0.E0));
#4006=AXIS2_PLACEMENT_3D('',#4003,#4004,#4005);
#4007=PLANE('',#4006);
#4008=ORIENTED_EDGE('',*,*,#2371,.F.);
#4009=ORIENTED_EDGE('',*,*,#3970,.F.);
#4011=ORIENTED_EDGE('',*,*,#4010,.T.);
#4012=ORIENTED_EDGE('',*,*,#3995,.T.);
#4013=EDGE_LOOP('',(#4008,#4009,#4011,#4012));
#4014=FACE_OUTER_BOUND('',#4013,.F.);
#4015=ADVANCED_FACE('',(#4014),#4007,.F.);
#4016=CARTESIAN_POINT('',(-8.89E0,-4.572E-1,-8.382E-1));
#4017=DIRECTION('',(0.E0,-1.E0,0.E0));
#4018=DIRECTION('',(1.E0,0.E0,0.E0));
#4019=AXIS2_PLACEMENT_3D('',#4016,#4017,#4018);
#4020=PLANE('',#4019);
#4022=ORIENTED_EDGE('',*,*,#4021,.T.);
#4024=ORIENTED_EDGE('',*,*,#4023,.T.);
#4025=ORIENTED_EDGE('',*,*,#4010,.F.);
#4027=ORIENTED_EDGE('',*,*,#4026,.F.);
#4028=EDGE_LOOP('',(#4022,#4024,#4025,#4027));
#4029=FACE_OUTER_BOUND('',#4028,.F.);
#4030=ADVANCED_FACE('',(#4029),#4020,.F.);
#4031=CARTESIAN_POINT('',(2.54E0,0.E0,-1.0414E0));
#4032=DIRECTION('',(0.E0,0.E0,1.E0));
#4033=DIRECTION('',(1.E0,0.E0,0.E0));
#4034=AXIS2_PLACEMENT_3D('',#4031,#4032,#4033);
#4035=PLANE('',#4034);
#4037=ORIENTED_EDGE('',*,*,#4036,.F.);
#4039=ORIENTED_EDGE('',*,*,#4038,.F.);
#4041=ORIENTED_EDGE('',*,*,#4040,.F.);
#4042=ORIENTED_EDGE('',*,*,#4021,.F.);
#4043=EDGE_LOOP('',(#4037,#4039,#4041,#4042));
#4044=FACE_OUTER_BOUND('',#4043,.F.);
#4045=ADVANCED_FACE('',(#4044),#4035,.T.);
#4046=CARTESIAN_POINT('',(-9.4742E0,0.E0,-8.382E-1));
#4047=DIRECTION('',(-1.E0,0.E0,0.E0));
#4048=DIRECTION('',(0.E0,-1.E0,0.E0));
#4049=AXIS2_PLACEMENT_3D('',#4046,#4047,#4048);
#4050=PLANE('',#4049);
#4051=ORIENTED_EDGE('',*,*,#4036,.T.);
#4052=ORIENTED_EDGE('',*,*,#4026,.T.);
#4053=ORIENTED_EDGE('',*,*,#3968,.F.);
#4055=ORIENTED_EDGE('',*,*,#4054,.F.);
#4056=EDGE_LOOP('',(#4051,#4052,#4053,#4055));
#4057=FACE_OUTER_BOUND('',#4056,.F.);
#4058=ADVANCED_FACE('',(#4057),#4050,.F.);
#4059=CARTESIAN_POINT('',(-8.89E0,4.572E-1,-8.382E-1));
#4060=DIRECTION('',(0.E0,1.E0,0.E0));
#4061=DIRECTION('',(-1.E0,0.E0,0.E0));
#4062=AXIS2_PLACEMENT_3D('',#4059,#4060,#4061);
#4063=PLANE('',#4062);
#4064=ORIENTED_EDGE('',*,*,#4038,.T.);
#4065=ORIENTED_EDGE('',*,*,#4054,.T.);
#4066=ORIENTED_EDGE('',*,*,#3983,.F.);
#4068=ORIENTED_EDGE('',*,*,#4067,.F.);
#4069=EDGE_LOOP('',(#4064,#4065,#4066,#4068));
#4070=FACE_OUTER_BOUND('',#4069,.F.);
#4071=ADVANCED_FACE('',(#4070),#4063,.F.);
#4072=CARTESIAN_POINT('',(-8.3058E0,0.E0,-8.382E-1));
#4073=DIRECTION('',(1.E0,0.E0,0.E0));
#4074=DIRECTION('',(0.E0,1.E0,0.E0));
#4075=AXIS2_PLACEMENT_3D('',#4072,#4073,#4074);
#4076=PLANE('',#4075);
#4077=ORIENTED_EDGE('',*,*,#4040,.T.);
#4078=ORIENTED_EDGE('',*,*,#4067,.T.);
#4079=ORIENTED_EDGE('',*,*,#3997,.F.);
#4080=ORIENTED_EDGE('',*,*,#4023,.F.);
#4081=EDGE_LOOP('',(#4077,#4078,#4079,#4080));
#4082=FACE_OUTER_BOUND('',#4081,.F.);
#4083=ADVANCED_FACE('',(#4082),#4076,.F.);
#4084=CARTESIAN_POINT('',(-7.2517E0,0.E0,-3.175E-1));
#4085=DIRECTION('',(-7.071067811865E-1,0.E0,-7.071067811865E-1));
#4086=DIRECTION('',(0.E0,-1.E0,0.E0));
#4087=AXIS2_PLACEMENT_3D('',#4084,#4085,#4086);
#4088=PLANE('',#4087);
#4089=ORIENTED_EDGE('',*,*,#2379,.F.);
#4091=ORIENTED_EDGE('',*,*,#4090,.F.);
#4093=ORIENTED_EDGE('',*,*,#4092,.T.);
#4095=ORIENTED_EDGE('',*,*,#4094,.T.);
#4096=EDGE_LOOP('',(#4089,#4091,#4093,#4095));
#4097=FACE_OUTER_BOUND('',#4096,.F.);
#4098=ADVANCED_FACE('',(#4097),#4088,.F.);
#4099=CARTESIAN_POINT('',(-6.35E0,7.747E-1,-3.175E-1));
#4100=DIRECTION('',(0.E0,7.071067811865E-1,-7.071067811865E-1));
#4101=DIRECTION('',(-1.E0,0.E0,0.E0));
#4102=AXIS2_PLACEMENT_3D('',#4099,#4100,#4101);
#4103=PLANE('',#4102);
#4104=ORIENTED_EDGE('',*,*,#2385,.F.);
#4106=ORIENTED_EDGE('',*,*,#4105,.F.);
#4108=ORIENTED_EDGE('',*,*,#4107,.T.);
#4109=ORIENTED_EDGE('',*,*,#4090,.T.);
#4110=EDGE_LOOP('',(#4104,#4106,#4108,#4109));
#4111=FACE_OUTER_BOUND('',#4110,.F.);
#4112=ADVANCED_FACE('',(#4111),#4103,.F.);
#4113=CARTESIAN_POINT('',(-5.4483E0,0.E0,-3.175E-1));
#4114=DIRECTION('',(7.071067811865E-1,0.E0,-7.071067811865E-1));
#4115=DIRECTION('',(0.E0,1.E0,0.E0));
#4116=AXIS2_PLACEMENT_3D('',#4113,#4114,#4115);
#4117=PLANE('',#4116);
#4118=ORIENTED_EDGE('',*,*,#2383,.F.);
#4120=ORIENTED_EDGE('',*,*,#4119,.F.);
#4122=ORIENTED_EDGE('',*,*,#4121,.T.);
#4123=ORIENTED_EDGE('',*,*,#4105,.T.);
#4124=EDGE_LOOP('',(#4118,#4120,#4122,#4123));
#4125=FACE_OUTER_BOUND('',#4124,.F.);
#4126=ADVANCED_FACE('',(#4125),#4117,.F.);
#4127=CARTESIAN_POINT('',(-6.35E0,-7.747E-1,-3.175E-1));
#4128=DIRECTION('',(0.E0,-7.071067811865E-1,-7.071067811865E-1));
#4129=DIRECTION('',(1.E0,0.E0,0.E0));
#4130=AXIS2_PLACEMENT_3D('',#4127,#4128,#4129);
#4131=PLANE('',#4130);
#4132=ORIENTED_EDGE('',*,*,#2381,.F.);
#4133=ORIENTED_EDGE('',*,*,#4094,.F.);
#4135=ORIENTED_EDGE('',*,*,#4134,.T.);
#4136=ORIENTED_EDGE('',*,*,#4119,.T.);
#4137=EDGE_LOOP('',(#4132,#4133,#4135,#4136));
#4138=FACE_OUTER_BOUND('',#4137,.F.);
#4139=ADVANCED_FACE('',(#4138),#4131,.F.);
#4140=CARTESIAN_POINT('',(-6.35E0,-4.572E-1,-8.382E-1));
#4141=DIRECTION('',(0.E0,-1.E0,0.E0));
#4142=DIRECTION('',(1.E0,0.E0,0.E0));
#4143=AXIS2_PLACEMENT_3D('',#4140,#4141,#4142);
#4144=PLANE('',#4143);
#4146=ORIENTED_EDGE('',*,*,#4145,.T.);
#4148=ORIENTED_EDGE('',*,*,#4147,.T.);
#4149=ORIENTED_EDGE('',*,*,#4134,.F.);
#4151=ORIENTED_EDGE('',*,*,#4150,.F.);
#4152=EDGE_LOOP('',(#4146,#4148,#4149,#4151));
#4153=FACE_OUTER_BOUND('',#4152,.F.);
#4154=ADVANCED_FACE('',(#4153),#4144,.F.);
#4155=CARTESIAN_POINT('',(5.08E0,0.E0,-1.0414E0));
#4156=DIRECTION('',(0.E0,0.E0,1.E0));
#4157=DIRECTION('',(1.E0,0.E0,0.E0));
#4158=AXIS2_PLACEMENT_3D('',#4155,#4156,#4157);
#4159=PLANE('',#4158);
#4161=ORIENTED_EDGE('',*,*,#4160,.F.);
#4163=ORIENTED_EDGE('',*,*,#4162,.F.);
#4165=ORIENTED_EDGE('',*,*,#4164,.F.);
#4166=ORIENTED_EDGE('',*,*,#4145,.F.);
#4167=EDGE_LOOP('',(#4161,#4163,#4165,#4166));
#4168=FACE_OUTER_BOUND('',#4167,.F.);
#4169=ADVANCED_FACE('',(#4168),#4159,.T.);
#4170=CARTESIAN_POINT('',(-6.9342E0,0.E0,-8.382E-1));
#4171=DIRECTION('',(-1.E0,0.E0,0.E0));
#4172=DIRECTION('',(0.E0,-1.E0,0.E0));
#4173=AXIS2_PLACEMENT_3D('',#4170,#4171,#4172);
#4174=PLANE('',#4173);
#4175=ORIENTED_EDGE('',*,*,#4160,.T.);
#4176=ORIENTED_EDGE('',*,*,#4150,.T.);
#4177=ORIENTED_EDGE('',*,*,#4092,.F.);
#4179=ORIENTED_EDGE('',*,*,#4178,.F.);
#4180=EDGE_LOOP('',(#4175,#4176,#4177,#4179));
#4181=FACE_OUTER_BOUND('',#4180,.F.);
#4182=ADVANCED_FACE('',(#4181),#4174,.F.);
#4183=CARTESIAN_POINT('',(-6.35E0,4.572E-1,-8.382E-1));
#4184=DIRECTION('',(0.E0,1.E0,0.E0));
#4185=DIRECTION('',(-1.E0,0.E0,0.E0));
#4186=AXIS2_PLACEMENT_3D('',#4183,#4184,#4185);
#4187=PLANE('',#4186);
#4188=ORIENTED_EDGE('',*,*,#4162,.T.);
#4189=ORIENTED_EDGE('',*,*,#4178,.T.);
#4190=ORIENTED_EDGE('',*,*,#4107,.F.);
#4192=ORIENTED_EDGE('',*,*,#4191,.F.);
#4193=EDGE_LOOP('',(#4188,#4189,#4190,#4192));
#4194=FACE_OUTER_BOUND('',#4193,.F.);
#4195=ADVANCED_FACE('',(#4194),#4187,.F.);
#4196=CARTESIAN_POINT('',(-5.7658E0,0.E0,-8.382E-1));
#4197=DIRECTION('',(1.E0,0.E0,0.E0));
#4198=DIRECTION('',(0.E0,1.E0,0.E0));
#4199=AXIS2_PLACEMENT_3D('',#4196,#4197,#4198);
#4200=PLANE('',#4199);
#4201=ORIENTED_EDGE('',*,*,#4164,.T.);
#4202=ORIENTED_EDGE('',*,*,#4191,.T.);
#4203=ORIENTED_EDGE('',*,*,#4121,.F.);
#4204=ORIENTED_EDGE('',*,*,#4147,.F.);
#4205=EDGE_LOOP('',(#4201,#4202,#4203,#4204));
#4206=FACE_OUTER_BOUND('',#4205,.F.);
#4207=ADVANCED_FACE('',(#4206),#4200,.F.);
#4208=CARTESIAN_POINT('',(-4.7117E0,0.E0,-3.175E-1));
#4209=DIRECTION('',(-7.071067811865E-1,0.E0,-7.071067811865E-1));
#4210=DIRECTION('',(0.E0,-1.E0,0.E0));
#4211=AXIS2_PLACEMENT_3D('',#4208,#4209,#4210);
#4212=PLANE('',#4211);
#4213=ORIENTED_EDGE('',*,*,#2389,.F.);
#4215=ORIENTED_EDGE('',*,*,#4214,.F.);
#4217=ORIENTED_EDGE('',*,*,#4216,.T.);
#4219=ORIENTED_EDGE('',*,*,#4218,.T.);
#4220=EDGE_LOOP('',(#4213,#4215,#4217,#4219));
#4221=FACE_OUTER_BOUND('',#4220,.F.);
#4222=ADVANCED_FACE('',(#4221),#4212,.F.);
#4223=CARTESIAN_POINT('',(-3.81E0,7.747E-1,-3.175E-1));
#4224=DIRECTION('',(0.E0,7.071067811865E-1,-7.071067811865E-1));
#4225=DIRECTION('',(-1.E0,0.E0,0.E0));
#4226=AXIS2_PLACEMENT_3D('',#4223,#4224,#4225);
#4227=PLANE('',#4226);
#4228=ORIENTED_EDGE('',*,*,#2395,.F.);
#4230=ORIENTED_EDGE('',*,*,#4229,.F.);
#4232=ORIENTED_EDGE('',*,*,#4231,.T.);
#4233=ORIENTED_EDGE('',*,*,#4214,.T.);
#4234=EDGE_LOOP('',(#4228,#4230,#4232,#4233));
#4235=FACE_OUTER_BOUND('',#4234,.F.);
#4236=ADVANCED_FACE('',(#4235),#4227,.F.);
#4237=CARTESIAN_POINT('',(-2.9083E0,0.E0,-3.175E-1));
#4238=DIRECTION('',(7.071067811865E-1,0.E0,-7.071067811865E-1));
#4239=DIRECTION('',(0.E0,1.E0,0.E0));
#4240=AXIS2_PLACEMENT_3D('',#4237,#4238,#4239);
#4241=PLANE('',#4240);
#4242=ORIENTED_EDGE('',*,*,#2393,.F.);
#4244=ORIENTED_EDGE('',*,*,#4243,.F.);
#4246=ORIENTED_EDGE('',*,*,#4245,.T.);
#4247=ORIENTED_EDGE('',*,*,#4229,.T.);
#4248=EDGE_LOOP('',(#4242,#4244,#4246,#4247));
#4249=FACE_OUTER_BOUND('',#4248,.F.);
#4250=ADVANCED_FACE('',(#4249),#4241,.F.);
#4251=CARTESIAN_POINT('',(-3.81E0,-7.747E-1,-3.175E-1));
#4252=DIRECTION('',(0.E0,-7.071067811865E-1,-7.071067811865E-1));
#4253=DIRECTION('',(1.E0,0.E0,0.E0));
#4254=AXIS2_PLACEMENT_3D('',#4251,#4252,#4253);
#4255=PLANE('',#4254);
#4256=ORIENTED_EDGE('',*,*,#2391,.F.);
#4257=ORIENTED_EDGE('',*,*,#4218,.F.);
#4259=ORIENTED_EDGE('',*,*,#4258,.T.);
#4260=ORIENTED_EDGE('',*,*,#4243,.T.);
#4261=EDGE_LOOP('',(#4256,#4257,#4259,#4260));
#4262=FACE_OUTER_BOUND('',#4261,.F.);
#4263=ADVANCED_FACE('',(#4262),#4255,.F.);
#4264=CARTESIAN_POINT('',(-3.81E0,-4.572E-1,-8.382E-1));
#4265=DIRECTION('',(0.E0,-1.E0,0.E0));
#4266=DIRECTION('',(1.E0,0.E0,0.E0));
#4267=AXIS2_PLACEMENT_3D('',#4264,#4265,#4266);
#4268=PLANE('',#4267);
#4270=ORIENTED_EDGE('',*,*,#4269,.T.);
#4272=ORIENTED_EDGE('',*,*,#4271,.T.);
#4273=ORIENTED_EDGE('',*,*,#4258,.F.);
#4275=ORIENTED_EDGE('',*,*,#4274,.F.);
#4276=EDGE_LOOP('',(#4270,#4272,#4273,#4275));
#4277=FACE_OUTER_BOUND('',#4276,.F.);
#4278=ADVANCED_FACE('',(#4277),#4268,.F.);
#4279=CARTESIAN_POINT('',(7.62E0,0.E0,-1.0414E0));
#4280=DIRECTION('',(0.E0,0.E0,1.E0));
#4281=DIRECTION('',(1.E0,0.E0,0.E0));
#4282=AXIS2_PLACEMENT_3D('',#4279,#4280,#4281);
#4283=PLANE('',#4282);
#4285=ORIENTED_EDGE('',*,*,#4284,.F.);
#4287=ORIENTED_EDGE('',*,*,#4286,.F.);
#4289=ORIENTED_EDGE('',*,*,#4288,.F.);
#4290=ORIENTED_EDGE('',*,*,#4269,.F.);
#4291=EDGE_LOOP('',(#4285,#4287,#4289,#4290));
#4292=FACE_OUTER_BOUND('',#4291,.F.);
#4293=ADVANCED_FACE('',(#4292),#4283,.T.);
#4294=CARTESIAN_POINT('',(-4.3942E0,0.E0,-8.382E-1));
#4295=DIRECTION('',(-1.E0,0.E0,0.E0));
#4296=DIRECTION('',(0.E0,-1.E0,0.E0));
#4297=AXIS2_PLACEMENT_3D('',#4294,#4295,#4296);
#4298=PLANE('',#4297);
#4299=ORIENTED_EDGE('',*,*,#4284,.T.);
#4300=ORIENTED_EDGE('',*,*,#4274,.T.);
#4301=ORIENTED_EDGE('',*,*,#4216,.F.);
#4303=ORIENTED_EDGE('',*,*,#4302,.F.);
#4304=EDGE_LOOP('',(#4299,#4300,#4301,#4303));
#4305=FACE_OUTER_BOUND('',#4304,.F.);
#4306=ADVANCED_FACE('',(#4305),#4298,.F.);
#4307=CARTESIAN_POINT('',(-3.81E0,4.572E-1,-8.382E-1));
#4308=DIRECTION('',(0.E0,1.E0,0.E0));
#4309=DIRECTION('',(-1.E0,0.E0,0.E0));
#4310=AXIS2_PLACEMENT_3D('',#4307,#4308,#4309);
#4311=PLANE('',#4310);
#4312=ORIENTED_EDGE('',*,*,#4286,.T.);
#4313=ORIENTED_EDGE('',*,*,#4302,.T.);
#4314=ORIENTED_EDGE('',*,*,#4231,.F.);
#4316=ORIENTED_EDGE('',*,*,#4315,.F.);
#4317=EDGE_LOOP('',(#4312,#4313,#4314,#4316));
#4318=FACE_OUTER_BOUND('',#4317,.F.);
#4319=ADVANCED_FACE('',(#4318),#4311,.F.);
#4320=CARTESIAN_POINT('',(-3.2258E0,0.E0,-8.382E-1));
#4321=DIRECTION('',(1.E0,0.E0,0.E0));
#4322=DIRECTION('',(0.E0,1.E0,0.E0));
#4323=AXIS2_PLACEMENT_3D('',#4320,#4321,#4322);
#4324=PLANE('',#4323);
#4325=ORIENTED_EDGE('',*,*,#4288,.T.);
#4326=ORIENTED_EDGE('',*,*,#4315,.T.);
#4327=ORIENTED_EDGE('',*,*,#4245,.F.);
#4328=ORIENTED_EDGE('',*,*,#4271,.F.);
#4329=EDGE_LOOP('',(#4325,#4326,#4327,#4328));
#4330=FACE_OUTER_BOUND('',#4329,.F.);
#4331=ADVANCED_FACE('',(#4330),#4324,.F.);
#4332=CARTESIAN_POINT('',(-2.1717E0,0.E0,-3.175E-1));
#4333=DIRECTION('',(-7.071067811865E-1,0.E0,-7.071067811865E-1));
#4334=DIRECTION('',(0.E0,-1.E0,0.E0));
#4335=AXIS2_PLACEMENT_3D('',#4332,#4333,#4334);
#4336=PLANE('',#4335);
#4337=ORIENTED_EDGE('',*,*,#2399,.F.);
#4339=ORIENTED_EDGE('',*,*,#4338,.F.);
#4341=ORIENTED_EDGE('',*,*,#4340,.T.);
#4343=ORIENTED_EDGE('',*,*,#4342,.T.);
#4344=EDGE_LOOP('',(#4337,#4339,#4341,#4343));
#4345=FACE_OUTER_BOUND('',#4344,.F.);
#4346=ADVANCED_FACE('',(#4345),#4336,.F.);
#4347=CARTESIAN_POINT('',(-1.27E0,7.747E-1,-3.175E-1));
#4348=DIRECTION('',(0.E0,7.071067811865E-1,-7.071067811865E-1));
#4349=DIRECTION('',(-1.E0,0.E0,0.E0));
#4350=AXIS2_PLACEMENT_3D('',#4347,#4348,#4349);
#4351=PLANE('',#4350);
#4352=ORIENTED_EDGE('',*,*,#2405,.F.);
#4354=ORIENTED_EDGE('',*,*,#4353,.F.);
#4356=ORIENTED_EDGE('',*,*,#4355,.T.);
#4357=ORIENTED_EDGE('',*,*,#4338,.T.);
#4358=EDGE_LOOP('',(#4352,#4354,#4356,#4357));
#4359=FACE_OUTER_BOUND('',#4358,.F.);
#4360=ADVANCED_FACE('',(#4359),#4351,.F.);
#4361=CARTESIAN_POINT('',(-3.683E-1,0.E0,-3.175E-1));
#4362=DIRECTION('',(7.071067811865E-1,0.E0,-7.071067811865E-1));
#4363=DIRECTION('',(0.E0,1.E0,0.E0));
#4364=AXIS2_PLACEMENT_3D('',#4361,#4362,#4363);
#4365=PLANE('',#4364);
#4366=ORIENTED_EDGE('',*,*,#2403,.F.);
#4368=ORIENTED_EDGE('',*,*,#4367,.F.);
#4370=ORIENTED_EDGE('',*,*,#4369,.T.);
#4371=ORIENTED_EDGE('',*,*,#4353,.T.);
#4372=EDGE_LOOP('',(#4366,#4368,#4370,#4371));
#4373=FACE_OUTER_BOUND('',#4372,.F.);
#4374=ADVANCED_FACE('',(#4373),#4365,.F.);
#4375=CARTESIAN_POINT('',(-1.27E0,-7.747E-1,-3.175E-1));
#4376=DIRECTION('',(0.E0,-7.071067811865E-1,-7.071067811865E-1));
#4377=DIRECTION('',(1.E0,0.E0,0.E0));
#4378=AXIS2_PLACEMENT_3D('',#4375,#4376,#4377);
#4379=PLANE('',#4378);
#4380=ORIENTED_EDGE('',*,*,#2401,.F.);
#4381=ORIENTED_EDGE('',*,*,#4342,.F.);
#4383=ORIENTED_EDGE('',*,*,#4382,.T.);
#4384=ORIENTED_EDGE('',*,*,#4367,.T.);
#4385=EDGE_LOOP('',(#4380,#4381,#4383,#4384));
#4386=FACE_OUTER_BOUND('',#4385,.F.);
#4387=ADVANCED_FACE('',(#4386),#4379,.F.);
#4388=CARTESIAN_POINT('',(-1.27E0,-4.572E-1,-8.382E-1));
#4389=DIRECTION('',(0.E0,-1.E0,0.E0));
#4390=DIRECTION('',(1.E0,0.E0,0.E0));
#4391=AXIS2_PLACEMENT_3D('',#4388,#4389,#4390);
#4392=PLANE('',#4391);
#4394=ORIENTED_EDGE('',*,*,#4393,.T.);
#4396=ORIENTED_EDGE('',*,*,#4395,.T.);
#4397=ORIENTED_EDGE('',*,*,#4382,.F.);
#4399=ORIENTED_EDGE('',*,*,#4398,.F.);
#4400=EDGE_LOOP('',(#4394,#4396,#4397,#4399));
#4401=FACE_OUTER_BOUND('',#4400,.F.);
#4402=ADVANCED_FACE('',(#4401),#4392,.F.);
#4403=CARTESIAN_POINT('',(1.016E1,0.E0,-1.0414E0));
#4404=DIRECTION('',(0.E0,0.E0,1.E0));
#4405=DIRECTION('',(1.E0,0.E0,0.E0));
#4406=AXIS2_PLACEMENT_3D('',#4403,#4404,#4405);
#4407=PLANE('',#4406);
#4409=ORIENTED_EDGE('',*,*,#4408,.F.);
#4411=ORIENTED_EDGE('',*,*,#4410,.F.);
#4413=ORIENTED_EDGE('',*,*,#4412,.F.);
#4414=ORIENTED_EDGE('',*,*,#4393,.F.);
#4415=EDGE_LOOP('',(#4409,#4411,#4413,#4414));
#4416=FACE_OUTER_BOUND('',#4415,.F.);
#4417=ADVANCED_FACE('',(#4416),#4407,.T.);
#4418=CARTESIAN_POINT('',(-1.8542E0,0.E0,-8.382E-1));
#4419=DIRECTION('',(-1.E0,0.E0,0.E0));
#4420=DIRECTION('',(0.E0,-1.E0,0.E0));
#4421=AXIS2_PLACEMENT_3D('',#4418,#4419,#4420);
#4422=PLANE('',#4421);
#4423=ORIENTED_EDGE('',*,*,#4408,.T.);
#4424=ORIENTED_EDGE('',*,*,#4398,.T.);
#4425=ORIENTED_EDGE('',*,*,#4340,.F.);
#4427=ORIENTED_EDGE('',*,*,#4426,.F.);
#4428=EDGE_LOOP('',(#4423,#4424,#4425,#4427));
#4429=FACE_OUTER_BOUND('',#4428,.F.);
#4430=ADVANCED_FACE('',(#4429),#4422,.F.);
#4431=CARTESIAN_POINT('',(-1.27E0,4.572E-1,-8.382E-1));
#4432=DIRECTION('',(0.E0,1.E0,0.E0));
#4433=DIRECTION('',(-1.E0,0.E0,0.E0));
#4434=AXIS2_PLACEMENT_3D('',#4431,#4432,#4433);
#4435=PLANE('',#4434);
#4436=ORIENTED_EDGE('',*,*,#4410,.T.);
#4437=ORIENTED_EDGE('',*,*,#4426,.T.);
#4438=ORIENTED_EDGE('',*,*,#4355,.F.);
#4440=ORIENTED_EDGE('',*,*,#4439,.F.);
#4441=EDGE_LOOP('',(#4436,#4437,#4438,#4440));
#4442=FACE_OUTER_BOUND('',#4441,.F.);
#4443=ADVANCED_FACE('',(#4442),#4435,.F.);
#4444=CARTESIAN_POINT('',(-6.858E-1,0.E0,-8.382E-1));
#4445=DIRECTION('',(1.E0,0.E0,0.E0));
#4446=DIRECTION('',(0.E0,1.E0,0.E0));
#4447=AXIS2_PLACEMENT_3D('',#4444,#4445,#4446);
#4448=PLANE('',#4447);
#4449=ORIENTED_EDGE('',*,*,#4412,.T.);
#4450=ORIENTED_EDGE('',*,*,#4439,.T.);
#4451=ORIENTED_EDGE('',*,*,#4369,.F.);
#4452=ORIENTED_EDGE('',*,*,#4395,.F.);
#4453=EDGE_LOOP('',(#4449,#4450,#4451,#4452));
#4454=FACE_OUTER_BOUND('',#4453,.F.);
#4455=ADVANCED_FACE('',(#4454),#4448,.F.);
#4456=CARTESIAN_POINT('',(3.683E-1,0.E0,-3.175E-1));
#4457=DIRECTION('',(-7.071067811865E-1,0.E0,-7.071067811865E-1));
#4458=DIRECTION('',(0.E0,-1.E0,0.E0));
#4459=AXIS2_PLACEMENT_3D('',#4456,#4457,#4458);
#4460=PLANE('',#4459);
#4461=ORIENTED_EDGE('',*,*,#2409,.F.);
#4463=ORIENTED_EDGE('',*,*,#4462,.F.);
#4465=ORIENTED_EDGE('',*,*,#4464,.T.);
#4467=ORIENTED_EDGE('',*,*,#4466,.T.);
#4468=EDGE_LOOP('',(#4461,#4463,#4465,#4467));
#4469=FACE_OUTER_BOUND('',#4468,.F.);
#4470=ADVANCED_FACE('',(#4469),#4460,.F.);
#4471=CARTESIAN_POINT('',(1.27E0,7.747E-1,-3.175E-1));
#4472=DIRECTION('',(0.E0,7.071067811865E-1,-7.071067811865E-1));
#4473=DIRECTION('',(-1.E0,0.E0,0.E0));
#4474=AXIS2_PLACEMENT_3D('',#4471,#4472,#4473);
#4475=PLANE('',#4474);
#4476=ORIENTED_EDGE('',*,*,#2415,.F.);
#4478=ORIENTED_EDGE('',*,*,#4477,.F.);
#4480=ORIENTED_EDGE('',*,*,#4479,.T.);
#4481=ORIENTED_EDGE('',*,*,#4462,.T.);
#4482=EDGE_LOOP('',(#4476,#4478,#4480,#4481));
#4483=FACE_OUTER_BOUND('',#4482,.F.);
#4484=ADVANCED_FACE('',(#4483),#4475,.F.);
#4485=CARTESIAN_POINT('',(2.1717E0,0.E0,-3.175E-1));
#4486=DIRECTION('',(7.071067811865E-1,0.E0,-7.071067811865E-1));
#4487=DIRECTION('',(0.E0,1.E0,0.E0));
#4488=AXIS2_PLACEMENT_3D('',#4485,#4486,#4487);
#4489=PLANE('',#4488);
#4490=ORIENTED_EDGE('',*,*,#2413,.F.);
#4492=ORIENTED_EDGE('',*,*,#4491,.F.);
#4494=ORIENTED_EDGE('',*,*,#4493,.T.);
#4495=ORIENTED_EDGE('',*,*,#4477,.T.);
#4496=EDGE_LOOP('',(#4490,#4492,#4494,#4495));
#4497=FACE_OUTER_BOUND('',#4496,.F.);
#4498=ADVANCED_FACE('',(#4497),#4489,.F.);
#4499=CARTESIAN_POINT('',(1.27E0,-7.747E-1,-3.175E-1));
#4500=DIRECTION('',(0.E0,-7.071067811865E-1,-7.071067811865E-1));
#4501=DIRECTION('',(1.E0,0.E0,0.E0));
#4502=AXIS2_PLACEMENT_3D('',#4499,#4500,#4501);
#4503=PLANE('',#4502);
#4504=ORIENTED_EDGE('',*,*,#2411,.F.);
#4505=ORIENTED_EDGE('',*,*,#4466,.F.);
#4507=ORIENTED_EDGE('',*,*,#4506,.T.);
#4508=ORIENTED_EDGE('',*,*,#4491,.T.);
#4509=EDGE_LOOP('',(#4504,#4505,#4507,#4508));
#4510=FACE_OUTER_BOUND('',#4509,.F.);
#4511=ADVANCED_FACE('',(#4510),#4503,.F.);
#4512=CARTESIAN_POINT('',(1.27E0,-4.572E-1,-8.382E-1));
#4513=DIRECTION('',(0.E0,-1.E0,0.E0));
#4514=DIRECTION('',(1.E0,0.E0,0.E0));
#4515=AXIS2_PLACEMENT_3D('',#4512,#4513,#4514);
#4516=PLANE('',#4515);
#4518=ORIENTED_EDGE('',*,*,#4517,.T.);
#4520=ORIENTED_EDGE('',*,*,#4519,.T.);
#4521=ORIENTED_EDGE('',*,*,#4506,.F.);
#4523=ORIENTED_EDGE('',*,*,#4522,.F.);
#4524=EDGE_LOOP('',(#4518,#4520,#4521,#4523));
#4525=FACE_OUTER_BOUND('',#4524,.F.);
#4526=ADVANCED_FACE('',(#4525),#4516,.F.);
#4527=CARTESIAN_POINT('',(1.27E1,0.E0,-1.0414E0));
#4528=DIRECTION('',(0.E0,0.E0,1.E0));
#4529=DIRECTION('',(1.E0,0.E0,0.E0));
#4530=AXIS2_PLACEMENT_3D('',#4527,#4528,#4529);
#4531=PLANE('',#4530);
#4533=ORIENTED_EDGE('',*,*,#4532,.F.);
#4535=ORIENTED_EDGE('',*,*,#4534,.F.);
#4537=ORIENTED_EDGE('',*,*,#4536,.F.);
#4538=ORIENTED_EDGE('',*,*,#4517,.F.);
#4539=EDGE_LOOP('',(#4533,#4535,#4537,#4538));
#4540=FACE_OUTER_BOUND('',#4539,.F.);
#4541=ADVANCED_FACE('',(#4540),#4531,.T.);
#4542=CARTESIAN_POINT('',(6.858E-1,0.E0,-8.382E-1));
#4543=DIRECTION('',(-1.E0,0.E0,0.E0));
#4544=DIRECTION('',(0.E0,-1.E0,0.E0));
#4545=AXIS2_PLACEMENT_3D('',#4542,#4543,#4544);
#4546=PLANE('',#4545);
#4547=ORIENTED_EDGE('',*,*,#4532,.T.);
#4548=ORIENTED_EDGE('',*,*,#4522,.T.);
#4549=ORIENTED_EDGE('',*,*,#4464,.F.);
#4551=ORIENTED_EDGE('',*,*,#4550,.F.);
#4552=EDGE_LOOP('',(#4547,#4548,#4549,#4551));
#4553=FACE_OUTER_BOUND('',#4552,.F.);
#4554=ADVANCED_FACE('',(#4553),#4546,.F.);
#4555=CARTESIAN_POINT('',(1.27E0,4.572E-1,-8.382E-1));
#4556=DIRECTION('',(0.E0,1.E0,0.E0));
#4557=DIRECTION('',(-1.E0,0.E0,0.E0));
#4558=AXIS2_PLACEMENT_3D('',#4555,#4556,#4557);
#4559=PLANE('',#4558);
#4560=ORIENTED_EDGE('',*,*,#4534,.T.);
#4561=ORIENTED_EDGE('',*,*,#4550,.T.);
#4562=ORIENTED_EDGE('',*,*,#4479,.F.);
#4564=ORIENTED_EDGE('',*,*,#4563,.F.);
#4565=EDGE_LOOP('',(#4560,#4561,#4562,#4564));
#4566=FACE_OUTER_BOUND('',#4565,.F.);
#4567=ADVANCED_FACE('',(#4566),#4559,.F.);
#4568=CARTESIAN_POINT('',(1.8542E0,0.E0,-8.382E-1));
#4569=DIRECTION('',(1.E0,0.E0,0.E0));
#4570=DIRECTION('',(0.E0,1.E0,0.E0));
#4571=AXIS2_PLACEMENT_3D('',#4568,#4569,#4570);
#4572=PLANE('',#4571);
#4573=ORIENTED_EDGE('',*,*,#4536,.T.);
#4574=ORIENTED_EDGE('',*,*,#4563,.T.);
#4575=ORIENTED_EDGE('',*,*,#4493,.F.);
#4576=ORIENTED_EDGE('',*,*,#4519,.F.);
#4577=EDGE_LOOP('',(#4573,#4574,#4575,#4576));
#4578=FACE_OUTER_BOUND('',#4577,.F.);
#4579=ADVANCED_FACE('',(#4578),#4572,.F.);
#4580=CARTESIAN_POINT('',(2.9083E0,0.E0,-3.175E-1));
#4581=DIRECTION('',(-7.071067811865E-1,0.E0,-7.071067811865E-1));
#4582=DIRECTION('',(0.E0,-1.E0,0.E0));
#4583=AXIS2_PLACEMENT_3D('',#4580,#4581,#4582);
#4584=PLANE('',#4583);
#4585=ORIENTED_EDGE('',*,*,#2419,.F.);
#4587=ORIENTED_EDGE('',*,*,#4586,.F.);
#4589=ORIENTED_EDGE('',*,*,#4588,.T.);
#4591=ORIENTED_EDGE('',*,*,#4590,.T.);
#4592=EDGE_LOOP('',(#4585,#4587,#4589,#4591));
#4593=FACE_OUTER_BOUND('',#4592,.F.);
#4594=ADVANCED_FACE('',(#4593),#4584,.F.);
#4595=CARTESIAN_POINT('',(3.81E0,7.747E-1,-3.175E-1));
#4596=DIRECTION('',(0.E0,7.071067811865E-1,-7.071067811865E-1));
#4597=DIRECTION('',(-1.E0,0.E0,0.E0));
#4598=AXIS2_PLACEMENT_3D('',#4595,#4596,#4597);
#4599=PLANE('',#4598);
#4600=ORIENTED_EDGE('',*,*,#2425,.F.);
#4602=ORIENTED_EDGE('',*,*,#4601,.F.);
#4604=ORIENTED_EDGE('',*,*,#4603,.T.);
#4605=ORIENTED_EDGE('',*,*,#4586,.T.);
#4606=EDGE_LOOP('',(#4600,#4602,#4604,#4605));
#4607=FACE_OUTER_BOUND('',#4606,.F.);
#4608=ADVANCED_FACE('',(#4607),#4599,.F.);
#4609=CARTESIAN_POINT('',(4.7117E0,0.E0,-3.175E-1));
#4610=DIRECTION('',(7.071067811865E-1,0.E0,-7.071067811865E-1));
#4611=DIRECTION('',(0.E0,1.E0,0.E0));
#4612=AXIS2_PLACEMENT_3D('',#4609,#4610,#4611);
#4613=PLANE('',#4612);
#4614=ORIENTED_EDGE('',*,*,#2423,.F.);
#4616=ORIENTED_EDGE('',*,*,#4615,.F.);
#4618=ORIENTED_EDGE('',*,*,#4617,.T.);
#4619=ORIENTED_EDGE('',*,*,#4601,.T.);
#4620=EDGE_LOOP('',(#4614,#4616,#4618,#4619));
#4621=FACE_OUTER_BOUND('',#4620,.F.);
#4622=ADVANCED_FACE('',(#4621),#4613,.F.);
#4623=CARTESIAN_POINT('',(3.81E0,-7.747E-1,-3.175E-1));
#4624=DIRECTION('',(0.E0,-7.071067811865E-1,-7.071067811865E-1));
#4625=DIRECTION('',(1.E0,0.E0,0.E0));
#4626=AXIS2_PLACEMENT_3D('',#4623,#4624,#4625);
#4627=PLANE('',#4626);
#4628=ORIENTED_EDGE('',*,*,#2421,.F.);
#4629=ORIENTED_EDGE('',*,*,#4590,.F.);
#4631=ORIENTED_EDGE('',*,*,#4630,.T.);
#4632=ORIENTED_EDGE('',*,*,#4615,.T.);
#4633=EDGE_LOOP('',(#4628,#4629,#4631,#4632));
#4634=FACE_OUTER_BOUND('',#4633,.F.);
#4635=ADVANCED_FACE('',(#4634),#4627,.F.);
#4636=CARTESIAN_POINT('',(3.81E0,-4.572E-1,-8.382E-1));
#4637=DIRECTION('',(0.E0,-1.E0,0.E0));
#4638=DIRECTION('',(1.E0,0.E0,0.E0));
#4639=AXIS2_PLACEMENT_3D('',#4636,#4637,#4638);
#4640=PLANE('',#4639);
#4642=ORIENTED_EDGE('',*,*,#4641,.T.);
#4644=ORIENTED_EDGE('',*,*,#4643,.T.);
#4645=ORIENTED_EDGE('',*,*,#4630,.F.);
#4647=ORIENTED_EDGE('',*,*,#4646,.F.);
#4648=EDGE_LOOP('',(#4642,#4644,#4645,#4647));
#4649=FACE_OUTER_BOUND('',#4648,.F.);
#4650=ADVANCED_FACE('',(#4649),#4640,.F.);
#4651=CARTESIAN_POINT('',(1.524E1,0.E0,-1.0414E0));
#4652=DIRECTION('',(0.E0,0.E0,1.E0));
#4653=DIRECTION('',(1.E0,0.E0,0.E0));
#4654=AXIS2_PLACEMENT_3D('',#4651,#4652,#4653);
#4655=PLANE('',#4654);
#4657=ORIENTED_EDGE('',*,*,#4656,.F.);
#4659=ORIENTED_EDGE('',*,*,#4658,.F.);
#4661=ORIENTED_EDGE('',*,*,#4660,.F.);
#4662=ORIENTED_EDGE('',*,*,#4641,.F.);
#4663=EDGE_LOOP('',(#4657,#4659,#4661,#4662));
#4664=FACE_OUTER_BOUND('',#4663,.F.);
#4665=ADVANCED_FACE('',(#4664),#4655,.T.);
#4666=CARTESIAN_POINT('',(3.2258E0,0.E0,-8.382E-1));
#4667=DIRECTION('',(-1.E0,0.E0,0.E0));
#4668=DIRECTION('',(0.E0,-1.E0,0.E0));
#4669=AXIS2_PLACEMENT_3D('',#4666,#4667,#4668);
#4670=PLANE('',#4669);
#4671=ORIENTED_EDGE('',*,*,#4656,.T.);
#4672=ORIENTED_EDGE('',*,*,#4646,.T.);
#4673=ORIENTED_EDGE('',*,*,#4588,.F.);
#4675=ORIENTED_EDGE('',*,*,#4674,.F.);
#4676=EDGE_LOOP('',(#4671,#4672,#4673,#4675));
#4677=FACE_OUTER_BOUND('',#4676,.F.);
#4678=ADVANCED_FACE('',(#4677),#4670,.F.);
#4679=CARTESIAN_POINT('',(3.81E0,4.572E-1,-8.382E-1));
#4680=DIRECTION('',(0.E0,1.E0,0.E0));
#4681=DIRECTION('',(-1.E0,0.E0,0.E0));
#4682=AXIS2_PLACEMENT_3D('',#4679,#4680,#4681);
#4683=PLANE('',#4682);
#4684=ORIENTED_EDGE('',*,*,#4658,.T.);
#4685=ORIENTED_EDGE('',*,*,#4674,.T.);
#4686=ORIENTED_EDGE('',*,*,#4603,.F.);
#4688=ORIENTED_EDGE('',*,*,#4687,.F.);
#4689=EDGE_LOOP('',(#4684,#4685,#4686,#4688));
#4690=FACE_OUTER_BOUND('',#4689,.F.);
#4691=ADVANCED_FACE('',(#4690),#4683,.F.);
#4692=CARTESIAN_POINT('',(4.3942E0,0.E0,-8.382E-1));
#4693=DIRECTION('',(1.E0,0.E0,0.E0));
#4694=DIRECTION('',(0.E0,1.E0,0.E0));
#4695=AXIS2_PLACEMENT_3D('',#4692,#4693,#4694);
#4696=PLANE('',#4695);
#4697=ORIENTED_EDGE('',*,*,#4660,.T.);
#4698=ORIENTED_EDGE('',*,*,#4687,.T.);
#4699=ORIENTED_EDGE('',*,*,#4617,.F.);
#4700=ORIENTED_EDGE('',*,*,#4643,.F.);
#4701=EDGE_LOOP('',(#4697,#4698,#4699,#4700));
#4702=FACE_OUTER_BOUND('',#4701,.F.);
#4703=ADVANCED_FACE('',(#4702),#4696,.F.);
#4704=CARTESIAN_POINT('',(5.4483E0,0.E0,-3.175E-1));
#4705=DIRECTION('',(-7.071067811865E-1,0.E0,-7.071067811865E-1));
#4706=DIRECTION('',(0.E0,-1.E0,0.E0));
#4707=AXIS2_PLACEMENT_3D('',#4704,#4705,#4706);
#4708=PLANE('',#4707);
#4709=ORIENTED_EDGE('',*,*,#2429,.F.);
#4711=ORIENTED_EDGE('',*,*,#4710,.F.);
#4713=ORIENTED_EDGE('',*,*,#4712,.T.);
#4715=ORIENTED_EDGE('',*,*,#4714,.T.);
#4716=EDGE_LOOP('',(#4709,#4711,#4713,#4715));
#4717=FACE_OUTER_BOUND('',#4716,.F.);
#4718=ADVANCED_FACE('',(#4717),#4708,.F.);
#4719=CARTESIAN_POINT('',(6.35E0,7.747E-1,-3.175E-1));
#4720=DIRECTION('',(0.E0,7.071067811865E-1,-7.071067811865E-1));
#4721=DIRECTION('',(-1.E0,0.E0,0.E0));
#4722=AXIS2_PLACEMENT_3D('',#4719,#4720,#4721);
#4723=PLANE('',#4722);
#4724=ORIENTED_EDGE('',*,*,#2435,.F.);
#4726=ORIENTED_EDGE('',*,*,#4725,.F.);
#4728=ORIENTED_EDGE('',*,*,#4727,.T.);
#4729=ORIENTED_EDGE('',*,*,#4710,.T.);
#4730=EDGE_LOOP('',(#4724,#4726,#4728,#4729));
#4731=FACE_OUTER_BOUND('',#4730,.F.);
#4732=ADVANCED_FACE('',(#4731),#4723,.F.);
#4733=CARTESIAN_POINT('',(7.2517E0,0.E0,-3.175E-1));
#4734=DIRECTION('',(7.071067811865E-1,0.E0,-7.071067811865E-1));
#4735=DIRECTION('',(0.E0,1.E0,0.E0));
#4736=AXIS2_PLACEMENT_3D('',#4733,#4734,#4735);
#4737=PLANE('',#4736);
#4738=ORIENTED_EDGE('',*,*,#2433,.F.);
#4740=ORIENTED_EDGE('',*,*,#4739,.F.);
#4742=ORIENTED_EDGE('',*,*,#4741,.T.);
#4743=ORIENTED_EDGE('',*,*,#4725,.T.);
#4744=EDGE_LOOP('',(#4738,#4740,#4742,#4743));
#4745=FACE_OUTER_BOUND('',#4744,.F.);
#4746=ADVANCED_FACE('',(#4745),#4737,.F.);
#4747=CARTESIAN_POINT('',(6.35E0,-7.747E-1,-3.175E-1));
#4748=DIRECTION('',(0.E0,-7.071067811865E-1,-7.071067811865E-1));
#4749=DIRECTION('',(1.E0,0.E0,0.E0));
#4750=AXIS2_PLACEMENT_3D('',#4747,#4748,#4749);
#4751=PLANE('',#4750);
#4752=ORIENTED_EDGE('',*,*,#2431,.F.);
#4753=ORIENTED_EDGE('',*,*,#4714,.F.);
#4755=ORIENTED_EDGE('',*,*,#4754,.T.);
#4756=ORIENTED_EDGE('',*,*,#4739,.T.);
#4757=EDGE_LOOP('',(#4752,#4753,#4755,#4756));
#4758=FACE_OUTER_BOUND('',#4757,.F.);
#4759=ADVANCED_FACE('',(#4758),#4751,.F.);
#4760=CARTESIAN_POINT('',(6.35E0,-4.572E-1,-8.382E-1));
#4761=DIRECTION('',(0.E0,-1.E0,0.E0));
#4762=DIRECTION('',(1.E0,0.E0,0.E0));
#4763=AXIS2_PLACEMENT_3D('',#4760,#4761,#4762);
#4764=PLANE('',#4763);
#4766=ORIENTED_EDGE('',*,*,#4765,.T.);
#4768=ORIENTED_EDGE('',*,*,#4767,.T.);
#4769=ORIENTED_EDGE('',*,*,#4754,.F.);
#4771=ORIENTED_EDGE('',*,*,#4770,.F.);
#4772=EDGE_LOOP('',(#4766,#4768,#4769,#4771));
#4773=FACE_OUTER_BOUND('',#4772,.F.);
#4774=ADVANCED_FACE('',(#4773),#4764,.F.);
#4775=CARTESIAN_POINT('',(1.778E1,0.E0,-1.0414E0));
#4776=DIRECTION('',(0.E0,0.E0,1.E0));
#4777=DIRECTION('',(1.E0,0.E0,0.E0));
#4778=AXIS2_PLACEMENT_3D('',#4775,#4776,#4777);
#4779=PLANE('',#4778);
#4781=ORIENTED_EDGE('',*,*,#4780,.F.);
#4783=ORIENTED_EDGE('',*,*,#4782,.F.);
#4785=ORIENTED_EDGE('',*,*,#4784,.F.);
#4786=ORIENTED_EDGE('',*,*,#4765,.F.);
#4787=EDGE_LOOP('',(#4781,#4783,#4785,#4786));
#4788=FACE_OUTER_BOUND('',#4787,.F.);
#4789=ADVANCED_FACE('',(#4788),#4779,.T.);
#4790=CARTESIAN_POINT('',(5.7658E0,0.E0,-8.382E-1));
#4791=DIRECTION('',(-1.E0,0.E0,0.E0));
#4792=DIRECTION('',(0.E0,-1.E0,0.E0));
#4793=AXIS2_PLACEMENT_3D('',#4790,#4791,#4792);
#4794=PLANE('',#4793);
#4795=ORIENTED_EDGE('',*,*,#4780,.T.);
#4796=ORIENTED_EDGE('',*,*,#4770,.T.);
#4797=ORIENTED_EDGE('',*,*,#4712,.F.);
#4799=ORIENTED_EDGE('',*,*,#4798,.F.);
#4800=EDGE_LOOP('',(#4795,#4796,#4797,#4799));
#4801=FACE_OUTER_BOUND('',#4800,.F.);
#4802=ADVANCED_FACE('',(#4801),#4794,.F.);
#4803=CARTESIAN_POINT('',(6.35E0,4.572E-1,-8.382E-1));
#4804=DIRECTION('',(0.E0,1.E0,0.E0));
#4805=DIRECTION('',(-1.E0,0.E0,0.E0));
#4806=AXIS2_PLACEMENT_3D('',#4803,#4804,#4805);
#4807=PLANE('',#4806);
#4808=ORIENTED_EDGE('',*,*,#4782,.T.);
#4809=ORIENTED_EDGE('',*,*,#4798,.T.);
#4810=ORIENTED_EDGE('',*,*,#4727,.F.);
#4812=ORIENTED_EDGE('',*,*,#4811,.F.);
#4813=EDGE_LOOP('',(#4808,#4809,#4810,#4812));
#4814=FACE_OUTER_BOUND('',#4813,.F.);
#4815=ADVANCED_FACE('',(#4814),#4807,.F.);
#4816=CARTESIAN_POINT('',(6.9342E0,0.E0,-8.382E-1));
#4817=DIRECTION('',(1.E0,0.E0,0.E0));
#4818=DIRECTION('',(0.E0,1.E0,0.E0));
#4819=AXIS2_PLACEMENT_3D('',#4816,#4817,#4818);
#4820=PLANE('',#4819);
#4821=ORIENTED_EDGE('',*,*,#4784,.T.);
#4822=ORIENTED_EDGE('',*,*,#4811,.T.);
#4823=ORIENTED_EDGE('',*,*,#4741,.F.);
#4824=ORIENTED_EDGE('',*,*,#4767,.F.);
#4825=EDGE_LOOP('',(#4821,#4822,#4823,#4824));
#4826=FACE_OUTER_BOUND('',#4825,.F.);
#4827=ADVANCED_FACE('',(#4826),#4820,.F.);
#4828=CARTESIAN_POINT('',(7.9883E0,0.E0,-3.175E-1));
#4829=DIRECTION('',(-7.071067811865E-1,0.E0,-7.071067811865E-1));
#4830=DIRECTION('',(0.E0,-1.E0,0.E0));
#4831=AXIS2_PLACEMENT_3D('',#4828,#4829,#4830);
#4832=PLANE('',#4831);
#4833=ORIENTED_EDGE('',*,*,#2439,.F.);
#4835=ORIENTED_EDGE('',*,*,#4834,.F.);
#4837=ORIENTED_EDGE('',*,*,#4836,.T.);
#4839=ORIENTED_EDGE('',*,*,#4838,.T.);
#4840=EDGE_LOOP('',(#4833,#4835,#4837,#4839));
#4841=FACE_OUTER_BOUND('',#4840,.F.);
#4842=ADVANCED_FACE('',(#4841),#4832,.F.);
#4843=CARTESIAN_POINT('',(8.89E0,7.747E-1,-3.175E-1));
#4844=DIRECTION('',(0.E0,7.071067811865E-1,-7.071067811865E-1));
#4845=DIRECTION('',(-1.E0,0.E0,0.E0));
#4846=AXIS2_PLACEMENT_3D('',#4843,#4844,#4845);
#4847=PLANE('',#4846);
#4848=ORIENTED_EDGE('',*,*,#2445,.F.);
#4850=ORIENTED_EDGE('',*,*,#4849,.F.);
#4852=ORIENTED_EDGE('',*,*,#4851,.T.);
#4853=ORIENTED_EDGE('',*,*,#4834,.T.);
#4854=EDGE_LOOP('',(#4848,#4850,#4852,#4853));
#4855=FACE_OUTER_BOUND('',#4854,.F.);
#4856=ADVANCED_FACE('',(#4855),#4847,.F.);
#4857=CARTESIAN_POINT('',(9.7917E0,0.E0,-3.175E-1));
#4858=DIRECTION('',(7.071067811865E-1,0.E0,-7.071067811865E-1));
#4859=DIRECTION('',(0.E0,1.E0,0.E0));
#4860=AXIS2_PLACEMENT_3D('',#4857,#4858,#4859);
#4861=PLANE('',#4860);
#4862=ORIENTED_EDGE('',*,*,#2443,.F.);
#4864=ORIENTED_EDGE('',*,*,#4863,.F.);
#4866=ORIENTED_EDGE('',*,*,#4865,.T.);
#4867=ORIENTED_EDGE('',*,*,#4849,.T.);
#4868=EDGE_LOOP('',(#4862,#4864,#4866,#4867));
#4869=FACE_OUTER_BOUND('',#4868,.F.);
#4870=ADVANCED_FACE('',(#4869),#4861,.F.);
#4871=CARTESIAN_POINT('',(8.89E0,-7.747E-1,-3.175E-1));
#4872=DIRECTION('',(0.E0,-7.071067811865E-1,-7.071067811865E-1));
#4873=DIRECTION('',(1.E0,0.E0,0.E0));
#4874=AXIS2_PLACEMENT_3D('',#4871,#4872,#4873);
#4875=PLANE('',#4874);
#4876=ORIENTED_EDGE('',*,*,#2441,.F.);
#4877=ORIENTED_EDGE('',*,*,#4838,.F.);
#4879=ORIENTED_EDGE('',*,*,#4878,.T.);
#4880=ORIENTED_EDGE('',*,*,#4863,.T.);
#4881=EDGE_LOOP('',(#4876,#4877,#4879,#4880));
#4882=FACE_OUTER_BOUND('',#4881,.F.);
#4883=ADVANCED_FACE('',(#4882),#4875,.F.);
#4884=CARTESIAN_POINT('',(8.89E0,-4.572E-1,-8.382E-1));
#4885=DIRECTION('',(0.E0,-1.E0,0.E0));
#4886=DIRECTION('',(1.E0,0.E0,0.E0));
#4887=AXIS2_PLACEMENT_3D('',#4884,#4885,#4886);
#4888=PLANE('',#4887);
#4890=ORIENTED_EDGE('',*,*,#4889,.T.);
#4892=ORIENTED_EDGE('',*,*,#4891,.T.);
#4893=ORIENTED_EDGE('',*,*,#4878,.F.);
#4895=ORIENTED_EDGE('',*,*,#4894,.F.);
#4896=EDGE_LOOP('',(#4890,#4892,#4893,#4895));
#4897=FACE_OUTER_BOUND('',#4896,.F.);
#4898=ADVANCED_FACE('',(#4897),#4888,.F.);
#4899=CARTESIAN_POINT('',(2.032E1,0.E0,-1.0414E0));
#4900=DIRECTION('',(0.E0,0.E0,1.E0));
#4901=DIRECTION('',(1.E0,0.E0,0.E0));
#4902=AXIS2_PLACEMENT_3D('',#4899,#4900,#4901);
#4903=PLANE('',#4902);
#4905=ORIENTED_EDGE('',*,*,#4904,.F.);
#4907=ORIENTED_EDGE('',*,*,#4906,.F.);
#4909=ORIENTED_EDGE('',*,*,#4908,.F.);
#4910=ORIENTED_EDGE('',*,*,#4889,.F.);
#4911=EDGE_LOOP('',(#4905,#4907,#4909,#4910));
#4912=FACE_OUTER_BOUND('',#4911,.F.);
#4913=ADVANCED_FACE('',(#4912),#4903,.T.);
#4914=CARTESIAN_POINT('',(8.3058E0,0.E0,-8.382E-1));
#4915=DIRECTION('',(-1.E0,0.E0,0.E0));
#4916=DIRECTION('',(0.E0,-1.E0,0.E0));
#4917=AXIS2_PLACEMENT_3D('',#4914,#4915,#4916);
#4918=PLANE('',#4917);
#4919=ORIENTED_EDGE('',*,*,#4904,.T.);
#4920=ORIENTED_EDGE('',*,*,#4894,.T.);
#4921=ORIENTED_EDGE('',*,*,#4836,.F.);
#4923=ORIENTED_EDGE('',*,*,#4922,.F.);
#4924=EDGE_LOOP('',(#4919,#4920,#4921,#4923));
#4925=FACE_OUTER_BOUND('',#4924,.F.);
#4926=ADVANCED_FACE('',(#4925),#4918,.F.);
#4927=CARTESIAN_POINT('',(8.89E0,4.572E-1,-8.382E-1));
#4928=DIRECTION('',(0.E0,1.E0,0.E0));
#4929=DIRECTION('',(-1.E0,0.E0,0.E0));
#4930=AXIS2_PLACEMENT_3D('',#4927,#4928,#4929);
#4931=PLANE('',#4930);
#4932=ORIENTED_EDGE('',*,*,#4906,.T.);
#4933=ORIENTED_EDGE('',*,*,#4922,.T.);
#4934=ORIENTED_EDGE('',*,*,#4851,.F.);
#4936=ORIENTED_EDGE('',*,*,#4935,.F.);
#4937=EDGE_LOOP('',(#4932,#4933,#4934,#4936));
#4938=FACE_OUTER_BOUND('',#4937,.F.);
#4939=ADVANCED_FACE('',(#4938),#4931,.F.);
#4940=CARTESIAN_POINT('',(9.4742E0,0.E0,-8.382E-1));
#4941=DIRECTION('',(1.E0,0.E0,0.E0));
#4942=DIRECTION('',(0.E0,1.E0,0.E0));
#4943=AXIS2_PLACEMENT_3D('',#4940,#4941,#4942);
#4944=PLANE('',#4943);
#4945=ORIENTED_EDGE('',*,*,#4908,.T.);
#4946=ORIENTED_EDGE('',*,*,#4935,.T.);
#4947=ORIENTED_EDGE('',*,*,#4865,.F.);
#4948=ORIENTED_EDGE('',*,*,#4891,.F.);
#4949=EDGE_LOOP('',(#4945,#4946,#4947,#4948));
#4950=FACE_OUTER_BOUND('',#4949,.F.);
#4951=ADVANCED_FACE('',(#4950),#4944,.F.);
#4952=CARTESIAN_POINT('',(1.05283E1,0.E0,-3.175E-1));
#4953=DIRECTION('',(-7.071067811865E-1,0.E0,-7.071067811865E-1));
#4954=DIRECTION('',(0.E0,-1.E0,0.E0));
#4955=AXIS2_PLACEMENT_3D('',#4952,#4953,#4954);
#4956=PLANE('',#4955);
#4957=ORIENTED_EDGE('',*,*,#2449,.F.);
#4959=ORIENTED_EDGE('',*,*,#4958,.F.);
#4961=ORIENTED_EDGE('',*,*,#4960,.T.);
#4963=ORIENTED_EDGE('',*,*,#4962,.T.);
#4964=EDGE_LOOP('',(#4957,#4959,#4961,#4963));
#4965=FACE_OUTER_BOUND('',#4964,.F.);
#4966=ADVANCED_FACE('',(#4965),#4956,.F.);
#4967=CARTESIAN_POINT('',(1.143E1,7.747E-1,-3.175E-1));
#4968=DIRECTION('',(0.E0,7.071067811865E-1,-7.071067811865E-1));
#4969=DIRECTION('',(-1.E0,0.E0,0.E0));
#4970=AXIS2_PLACEMENT_3D('',#4967,#4968,#4969);
#4971=PLANE('',#4970);
#4972=ORIENTED_EDGE('',*,*,#2455,.F.);
#4974=ORIENTED_EDGE('',*,*,#4973,.F.);
#4976=ORIENTED_EDGE('',*,*,#4975,.T.);
#4977=ORIENTED_EDGE('',*,*,#4958,.T.);
#4978=EDGE_LOOP('',(#4972,#4974,#4976,#4977));
#4979=FACE_OUTER_BOUND('',#4978,.F.);
#4980=ADVANCED_FACE('',(#4979),#4971,.F.);
#4981=CARTESIAN_POINT('',(1.23317E1,0.E0,-3.175E-1));
#4982=DIRECTION('',(7.071067811865E-1,0.E0,-7.071067811865E-1));
#4983=DIRECTION('',(0.E0,1.E0,0.E0));
#4984=AXIS2_PLACEMENT_3D('',#4981,#4982,#4983);
#4985=PLANE('',#4984);
#4986=ORIENTED_EDGE('',*,*,#2453,.F.);
#4988=ORIENTED_EDGE('',*,*,#4987,.F.);
#4990=ORIENTED_EDGE('',*,*,#4989,.T.);
#4991=ORIENTED_EDGE('',*,*,#4973,.T.);
#4992=EDGE_LOOP('',(#4986,#4988,#4990,#4991));
#4993=FACE_OUTER_BOUND('',#4992,.F.);
#4994=ADVANCED_FACE('',(#4993),#4985,.F.);
#4995=CARTESIAN_POINT('',(1.143E1,-7.747E-1,-3.175E-1));
#4996=DIRECTION('',(0.E0,-7.071067811865E-1,-7.071067811865E-1));
#4997=DIRECTION('',(1.E0,0.E0,0.E0));
#4998=AXIS2_PLACEMENT_3D('',#4995,#4996,#4997);
#4999=PLANE('',#4998);
#5000=ORIENTED_EDGE('',*,*,#2451,.F.);
#5001=ORIENTED_EDGE('',*,*,#4962,.F.);
#5003=ORIENTED_EDGE('',*,*,#5002,.T.);
#5004=ORIENTED_EDGE('',*,*,#4987,.T.);
#5005=EDGE_LOOP('',(#5000,#5001,#5003,#5004));
#5006=FACE_OUTER_BOUND('',#5005,.F.);
#5007=ADVANCED_FACE('',(#5006),#4999,.F.);
#5008=CARTESIAN_POINT('',(1.143E1,-4.572E-1,-8.382E-1));
#5009=DIRECTION('',(0.E0,-1.E0,0.E0));
#5010=DIRECTION('',(1.E0,0.E0,0.E0));
#5011=AXIS2_PLACEMENT_3D('',#5008,#5009,#5010);
#5012=PLANE('',#5011);
#5014=ORIENTED_EDGE('',*,*,#5013,.T.);
#5016=ORIENTED_EDGE('',*,*,#5015,.T.);
#5017=ORIENTED_EDGE('',*,*,#5002,.F.);
#5019=ORIENTED_EDGE('',*,*,#5018,.F.);
#5020=EDGE_LOOP('',(#5014,#5016,#5017,#5019));
#5021=FACE_OUTER_BOUND('',#5020,.F.);
#5022=ADVANCED_FACE('',(#5021),#5012,.F.);
#5023=CARTESIAN_POINT('',(2.286E1,0.E0,-1.0414E0));
#5024=DIRECTION('',(0.E0,0.E0,1.E0));
#5025=DIRECTION('',(1.E0,0.E0,0.E0));
#5026=AXIS2_PLACEMENT_3D('',#5023,#5024,#5025);
#5027=PLANE('',#5026);
#5029=ORIENTED_EDGE('',*,*,#5028,.F.);
#5031=ORIENTED_EDGE('',*,*,#5030,.F.);
#5033=ORIENTED_EDGE('',*,*,#5032,.F.);
#5034=ORIENTED_EDGE('',*,*,#5013,.F.);
#5035=EDGE_LOOP('',(#5029,#5031,#5033,#5034));
#5036=FACE_OUTER_BOUND('',#5035,.F.);
#5037=ADVANCED_FACE('',(#5036),#5027,.T.);
#5038=CARTESIAN_POINT('',(1.08458E1,0.E0,-8.382E-1));
#5039=DIRECTION('',(-1.E0,0.E0,0.E0));
#5040=DIRECTION('',(0.E0,-1.E0,0.E0));
#5041=AXIS2_PLACEMENT_3D('',#5038,#5039,#5040);
#5042=PLANE('',#5041);
#5043=ORIENTED_EDGE('',*,*,#5028,.T.);
#5044=ORIENTED_EDGE('',*,*,#5018,.T.);
#5045=ORIENTED_EDGE('',*,*,#4960,.F.);
#5047=ORIENTED_EDGE('',*,*,#5046,.F.);
#5048=EDGE_LOOP('',(#5043,#5044,#5045,#5047));
#5049=FACE_OUTER_BOUND('',#5048,.F.);
#5050=ADVANCED_FACE('',(#5049),#5042,.F.);
#5051=CARTESIAN_POINT('',(1.143E1,4.572E-1,-8.382E-1));
#5052=DIRECTION('',(0.E0,1.E0,0.E0));
#5053=DIRECTION('',(-1.E0,0.E0,0.E0));
#5054=AXIS2_PLACEMENT_3D('',#5051,#5052,#5053);
#5055=PLANE('',#5054);
#5056=ORIENTED_EDGE('',*,*,#5030,.T.);
#5057=ORIENTED_EDGE('',*,*,#5046,.T.);
#5058=ORIENTED_EDGE('',*,*,#4975,.F.);
#5060=ORIENTED_EDGE('',*,*,#5059,.F.);
#5061=EDGE_LOOP('',(#5056,#5057,#5058,#5060));
#5062=FACE_OUTER_BOUND('',#5061,.F.);
#5063=ADVANCED_FACE('',(#5062),#5055,.F.);
#5064=CARTESIAN_POINT('',(1.20142E1,0.E0,-8.382E-1));
#5065=DIRECTION('',(1.E0,0.E0,0.E0));
#5066=DIRECTION('',(0.E0,1.E0,0.E0));
#5067=AXIS2_PLACEMENT_3D('',#5064,#5065,#5066);
#5068=PLANE('',#5067);
#5069=ORIENTED_EDGE('',*,*,#5032,.T.);
#5070=ORIENTED_EDGE('',*,*,#5059,.T.);
#5071=ORIENTED_EDGE('',*,*,#4989,.F.);
#5072=ORIENTED_EDGE('',*,*,#5015,.F.);
#5073=EDGE_LOOP('',(#5069,#5070,#5071,#5072));
#5074=FACE_OUTER_BOUND('',#5073,.F.);
#5075=ADVANCED_FACE('',(#5074),#5068,.F.);
#5076=CLOSED_SHELL('',(#2459,#2474,#2488,#2510,#2525,#2545,#2568,#2588,#2701,
#2713,#2732,#2746,#2764,#2777,#2790,#2803,#2815,#2834,#2848,#2866,#2879,#2892,
#2905,#2917,#2936,#2950,#2968,#2981,#2994,#3007,#3019,#3038,#3052,#3070,#3083,
#3096,#3109,#3121,#3140,#3154,#3172,#3185,#3198,#3211,#3223,#3242,#3256,#3274,
#3287,#3300,#3313,#3325,#3344,#3358,#3376,#3389,#3402,#3415,#3427,#3446,#3460,
#3478,#3491,#3504,#3517,#3529,#3548,#3562,#3580,#3593,#3606,#3619,#3631,#3650,
#3664,#3682,#3695,#3708,#3721,#3733,#3746,#3759,#3772,#3785,#3797,#3810,#3823,
#3835,#3850,#3864,#3878,#3891,#3906,#3921,#3934,#3947,#3959,#3974,#3988,#4002,
#4015,#4030,#4045,#4058,#4071,#4083,#4098,#4112,#4126,#4139,#4154,#4169,#4182,
#4195,#4207,#4222,#4236,#4250,#4263,#4278,#4293,#4306,#4319,#4331,#4346,#4360,
#4374,#4387,#4402,#4417,#4430,#4443,#4455,#4470,#4484,#4498,#4511,#4526,#4541,
#4554,#4567,#4579,#4594,#4608,#4622,#4635,#4650,#4665,#4678,#4691,#4703,#4718,
#4732,#4746,#4759,#4774,#4789,#4802,#4815,#4827,#4842,#4856,#4870,#4883,#4898,
#4913,#4926,#4939,#4951,#4966,#4980,#4994,#5007,#5022,#5037,#5050,#5063,#5075));
#5077=MANIFOLD_SOLID_BREP('',#5076);
#5078=(LENGTH_UNIT()NAMED_UNIT(*)SI_UNIT(.MILLI.,.METRE.));
#5079=DIMENSIONAL_EXPONENTS(0.E0,0.E0,0.E0,0.E0,0.E0,0.E0,0.E0);
#5080=(NAMED_UNIT(*)PLANE_ANGLE_UNIT()SI_UNIT($,.RADIAN.));
#5081=PLANE_ANGLE_MEASURE_WITH_UNIT(PLANE_ANGLE_MEASURE(1.745329251994E-2),
#5080);
#5082=(CONVERSION_BASED_UNIT('DEGREE',#5081)NAMED_UNIT(#5079)PLANE_ANGLE_UNIT(
));
#5083=(NAMED_UNIT(*)SI_UNIT($,.STERADIAN.)SOLID_ANGLE_UNIT());
#5084=UNCERTAINTY_MEASURE_WITH_UNIT(LENGTH_MEASURE(2.821135481143E-3),#5078,
'closure',
'Maximum model space distance between geometric entities at asserted connectivities');
#5085=(GEOMETRIC_REPRESENTATION_CONTEXT(3)GLOBAL_UNCERTAINTY_ASSIGNED_CONTEXT((
#5084))GLOBAL_UNIT_ASSIGNED_CONTEXT((#5078,#5082,#5083))REPRESENTATION_CONTEXT(
'ID1','3'));
#5087=APPLICATION_CONTEXT(
'CONFIGURATION CONTROLLED 3D DESIGNS OF MECHANICAL PARTS AND ASSEMBLIES');
#5088=APPLICATION_PROTOCOL_DEFINITION('international standard',
'ccd_cla_gvp_ast_asd',1995,#5087);
#5089=DESIGN_CONTEXT('',#5087,'design');
#5090=MECHANICAL_CONTEXT('',#5087,'mechanical');
#5091=PRODUCT('C-5-535541-8','C-5-535541-8','NOT SPECIFIED',(#5090));
#5092=PRODUCT_DEFINITION_FORMATION_WITH_SPECIFIED_SOURCE('2','LAST_VERSION',
#5091,.MADE.);
#5099=(LENGTH_UNIT()NAMED_UNIT(*)SI_UNIT(.MILLI.,.METRE.));
#5100=DERIVED_UNIT_ELEMENT(#5099,2.E0);
#5101=DERIVED_UNIT((#5100));
#5102=MEASURE_REPRESENTATION_ITEM('surface area measure',AREA_MEASURE(
6.890959378549E2),#5101);
#5106=(LENGTH_UNIT()NAMED_UNIT(*)SI_UNIT(.MILLI.,.METRE.));
#5107=DERIVED_UNIT_ELEMENT(#5106,3.E0);
#5108=DERIVED_UNIT((#5107));
#5109=MEASURE_REPRESENTATION_ITEM('volume measure',VOLUME_MEASURE(
5.565648291102E2),#5108);
#5113=CARTESIAN_POINT('centre point',(0.E0,0.E0,-3.345276530470E0));
#5118=PRODUCT_CATEGORY('part','');
#5119=PRODUCT_RELATED_PRODUCT_CATEGORY('detail','',(#5091));
#5120=PRODUCT_CATEGORY_RELATIONSHIP('','',#5118,#5119);
#5121=SECURITY_CLASSIFICATION_LEVEL('unclassified');
#5122=SECURITY_CLASSIFICATION('','',#5121);
#5123=CC_DESIGN_SECURITY_CLASSIFICATION(#5122,(#5092));
#5124=APPROVAL_STATUS('approved');
#5125=APPROVAL(#5124,'');
#5126=CC_DESIGN_APPROVAL(#5125,(#5122,#5092,#5093));
#5127=CALENDAR_DATE(108,4,2);
#5128=COORDINATED_UNIVERSAL_TIME_OFFSET(5,0,.BEHIND.);
#5129=LOCAL_TIME(14,43,4.2E1,#5128);
#5130=DATE_AND_TIME(#5127,#5129);
#5131=APPROVAL_DATE_TIME(#5130,#5125);
#5132=DATE_TIME_ROLE('creation_date');
#5133=CC_DESIGN_DATE_AND_TIME_ASSIGNMENT(#5130,#5132,(#5093));
#5134=DATE_TIME_ROLE('classification_date');
#5135=CC_DESIGN_DATE_AND_TIME_ASSIGNMENT(#5130,#5134,(#5122));
#5136=PERSON('UNSPECIFIED','UNSPECIFIED',$,$,$,$);
#5137=ORGANIZATION('UNSPECIFIED','UNSPECIFIED','UNSPECIFIED');
#5138=PERSON_AND_ORGANIZATION(#5136,#5137);
#5139=APPROVAL_ROLE('approver');
#5140=APPROVAL_PERSON_ORGANIZATION(#5138,#5125,#5139);
#5141=PERSON_AND_ORGANIZATION_ROLE('creator');
#5142=CC_DESIGN_PERSON_AND_ORGANIZATION_ASSIGNMENT(#5138,#5141,(#5092,#5093));
#5143=PERSON_AND_ORGANIZATION_ROLE('design_supplier');
#5144=CC_DESIGN_PERSON_AND_ORGANIZATION_ASSIGNMENT(#5138,#5143,(#5092));
#5145=PERSON_AND_ORGANIZATION_ROLE('classification_officer');
#5146=CC_DESIGN_PERSON_AND_ORGANIZATION_ASSIGNMENT(#5138,#5145,(#5122));
#5147=PERSON_AND_ORGANIZATION_ROLE('design_owner');
#5148=CC_DESIGN_PERSON_AND_ORGANIZATION_ASSIGNMENT(#5138,#5147,(#5091));
#2333=EDGE_CURVE('',#1786,#1787,#75,.T.);
#2335=EDGE_CURVE('',#1807,#1786,#79,.T.);
#2337=EDGE_CURVE('',#1805,#1807,#83,.T.);
#2339=EDGE_CURVE('',#1803,#1805,#87,.T.);
#2341=EDGE_CURVE('',#1801,#1803,#91,.T.);
#2343=EDGE_CURVE('',#1799,#1801,#95,.T.);
#2345=EDGE_CURVE('',#1797,#1799,#99,.T.);
#2347=EDGE_CURVE('',#1795,#1797,#103,.T.);
#2349=EDGE_CURVE('',#1793,#1795,#107,.T.);
#2351=EDGE_CURVE('',#1791,#1793,#111,.T.);
#2353=EDGE_CURVE('',#1789,#1791,#115,.T.);
#2355=EDGE_CURVE('',#1787,#1789,#119,.T.);
#2359=EDGE_CURVE('',#1850,#1851,#123,.T.);
#2361=EDGE_CURVE('',#1851,#1853,#127,.T.);
#2363=EDGE_CURVE('',#1853,#1855,#131,.T.);
#2365=EDGE_CURVE('',#1855,#1850,#135,.T.);
#2369=EDGE_CURVE('',#1874,#1875,#139,.T.);
#2371=EDGE_CURVE('',#1875,#1877,#143,.T.);
#2373=EDGE_CURVE('',#1877,#1879,#147,.T.);
#2375=EDGE_CURVE('',#1879,#1874,#151,.T.);
#2379=EDGE_CURVE('',#1898,#1899,#155,.T.);
#2381=EDGE_CURVE('',#1899,#1901,#159,.T.);
#2383=EDGE_CURVE('',#1901,#1903,#163,.T.);
#2385=EDGE_CURVE('',#1903,#1898,#167,.T.);
#2389=EDGE_CURVE('',#1922,#1923,#171,.T.);
#2391=EDGE_CURVE('',#1923,#1925,#175,.T.);
#2393=EDGE_CURVE('',#1925,#1927,#179,.T.);
#2395=EDGE_CURVE('',#1927,#1922,#183,.T.);
#2399=EDGE_CURVE('',#1946,#1947,#187,.T.);
#2401=EDGE_CURVE('',#1947,#1949,#191,.T.);
#2403=EDGE_CURVE('',#1949,#1951,#195,.T.);
#2405=EDGE_CURVE('',#1951,#1946,#199,.T.);
#2409=EDGE_CURVE('',#1970,#1971,#203,.T.);
#2411=EDGE_CURVE('',#1971,#1973,#207,.T.);
#2413=EDGE_CURVE('',#1973,#1975,#211,.T.);
#2415=EDGE_CURVE('',#1975,#1970,#215,.T.);
#2419=EDGE_CURVE('',#1994,#1995,#219,.T.);
#2421=EDGE_CURVE('',#1995,#1997,#223,.T.);
#2423=EDGE_CURVE('',#1997,#1999,#227,.T.);
#2425=EDGE_CURVE('',#1999,#1994,#231,.T.);
#2429=EDGE_CURVE('',#2018,#2019,#235,.T.);
#2431=EDGE_CURVE('',#2019,#2021,#239,.T.);
#2433=EDGE_CURVE('',#2021,#2023,#243,.T.);
#2435=EDGE_CURVE('',#2023,#2018,#247,.T.);
#2439=EDGE_CURVE('',#2250,#2251,#251,.T.);
#2441=EDGE_CURVE('',#2251,#2253,#255,.T.);
#2443=EDGE_CURVE('',#2253,#2255,#259,.T.);
#2445=EDGE_CURVE('',#2255,#2250,#263,.T.);
#2449=EDGE_CURVE('',#2298,#2299,#267,.T.);
#2451=EDGE_CURVE('',#2299,#2301,#271,.T.);
#2453=EDGE_CURVE('',#2301,#2303,#275,.T.);
#2455=EDGE_CURVE('',#2303,#2298,#279,.T.);
#2466=EDGE_CURVE('',#1787,#1811,#287,.T.);
#2468=EDGE_CURVE('',#1810,#1811,#327,.T.);
#2470=EDGE_CURVE('',#1786,#1810,#283,.T.);
#2481=EDGE_CURVE('',#1789,#1813,#295,.T.);
#2483=EDGE_CURVE('',#1811,#1813,#331,.T.);
#2494=EDGE_CURVE('',#2026,#2033,#291,.T.);
#2496=EDGE_CURVE('',#1813,#2026,#335,.T.);
#2500=EDGE_CURVE('',#1791,#1816,#1131,.T.);
#2502=EDGE_CURVE('',#2030,#1816,#343,.T.);
#2504=EDGE_CURVE('',#2030,#2035,#299,.T.);
#2506=EDGE_CURVE('',#2033,#2035,#303,.T.);
#2516=EDGE_CURVE('',#2026,#2027,#307,.T.);
#2519=EDGE_CURVE('',#2037,#2033,#387,.T.);
#2521=EDGE_CURVE('',#2027,#2037,#371,.T.);
#2532=EDGE_CURVE('',#2027,#1828,#311,.T.);
#2534=EDGE_CURVE('',#1828,#1829,#315,.T.);
#2536=EDGE_CURVE('',#1829,#1831,#319,.T.);
#2538=EDGE_CURVE('',#1831,#1810,#323,.T.);
#2551=EDGE_CURVE('',#2030,#2031,#339,.T.);
#2554=EDGE_CURVE('',#1816,#1817,#347,.T.);
#2556=EDGE_CURVE('',#1817,#1819,#351,.T.);
#2558=EDGE_CURVE('',#1819,#1821,#355,.T.);
#2560=EDGE_CURVE('',#1821,#1823,#359,.T.);
#2562=EDGE_CURVE('',#1823,#1825,#363,.T.);
#2564=EDGE_CURVE('',#1825,#2031,#367,.T.);
#2575=EDGE_CURVE('',#2037,#2039,#375,.T.);
#2577=EDGE_CURVE('',#2031,#2039,#379,.T.);
#2580=EDGE_CURVE('',#1801,#1825,#383,.T.);
#2583=EDGE_CURVE('',#1803,#1828,#1135,.T.);
#2595=EDGE_CURVE('',#2039,#2035,#551,.T.);
#2601=EDGE_CURVE('',#2042,#2043,#391,.T.);
#2603=EDGE_CURVE('',#2042,#2046,#395,.T.);
#2605=EDGE_CURVE('',#2046,#2047,#399,.T.);
#2607=EDGE_CURVE('',#2043,#2047,#403,.T.);
#2611=EDGE_CURVE('',#2054,#2055,#407,.T.);
#2613=EDGE_CURVE('',#2054,#2058,#411,.T.);
#2615=EDGE_CURVE('',#2058,#2059,#415,.T.);
#2617=EDGE_CURVE('',#2055,#2059,#419,.T.);
#2621=EDGE_CURVE('',#2066,#2067,#423,.T.);
#2623=EDGE_CURVE('',#2066,#2070,#427,.T.);
#2625=EDGE_CURVE('',#2070,#2071,#431,.T.);
#2627=EDGE_CURVE('',#2067,#2071,#435,.T.);
#2631=EDGE_CURVE('',#2078,#2079,#439,.T.);
#2633=EDGE_CURVE('',#2078,#2082,#443,.T.);
#2635=EDGE_CURVE('',#2082,#2083,#447,.T.);
#2637=EDGE_CURVE('',#2079,#2083,#451,.T.);
#2641=EDGE_CURVE('',#2090,#2091,#455,.T.);
#2643=EDGE_CURVE('',#2090,#2094,#459,.T.);
#2645=EDGE_CURVE('',#2094,#2095,#463,.T.);
#2647=EDGE_CURVE('',#2091,#2095,#467,.T.);
#2651=EDGE_CURVE('',#2102,#2103,#471,.T.);
#2653=EDGE_CURVE('',#2102,#2106,#475,.T.);
#2655=EDGE_CURVE('',#2106,#2107,#479,.T.);
#2657=EDGE_CURVE('',#2103,#2107,#483,.T.);
#2661=EDGE_CURVE('',#2114,#2115,#487,.T.);
#2663=EDGE_CURVE('',#2114,#2118,#491,.T.);
#2665=EDGE_CURVE('',#2118,#2119,#495,.T.);
#2667=EDGE_CURVE('',#2115,#2119,#499,.T.);
#2671=EDGE_CURVE('',#2126,#2127,#503,.T.);
#2673=EDGE_CURVE('',#2126,#2130,#507,.T.);
#2675=EDGE_CURVE('',#2130,#2131,#511,.T.);
#2677=EDGE_CURVE('',#2127,#2131,#515,.T.);
#2681=EDGE_CURVE('',#2274,#2275,#519,.T.);
#2683=EDGE_CURVE('',#2274,#2278,#523,.T.);
#2685=EDGE_CURVE('',#2278,#2279,#527,.T.);
#2687=EDGE_CURVE('',#2275,#2279,#531,.T.);
#2691=EDGE_CURVE('',#2322,#2323,#535,.T.);
#2693=EDGE_CURVE('',#2322,#2326,#539,.T.);
#2695=EDGE_CURVE('',#2326,#2327,#543,.T.);
#2697=EDGE_CURVE('',#2323,#2327,#547,.T.);
#2720=EDGE_CURVE('',#2043,#2049,#555,.T.);
#2722=EDGE_CURVE('',#2049,#2137,#559,.T.);
#2724=EDGE_CURVE('',#2137,#2139,#563,.T.);
#2726=EDGE_CURVE('',#2139,#2141,#567,.T.);
#2728=EDGE_CURVE('',#2141,#2042,#571,.T.);
#2739=EDGE_CURVE('',#2047,#2051,#591,.T.);
#2741=EDGE_CURVE('',#2049,#2051,#607,.T.);
#2753=EDGE_CURVE('',#2147,#2046,#575,.T.);
#2755=EDGE_CURVE('',#2145,#2147,#579,.T.);
#2757=EDGE_CURVE('',#2143,#2145,#583,.T.);
#2759=EDGE_CURVE('',#2051,#2143,#587,.T.);
#2772=EDGE_CURVE('',#2141,#2147,#595,.T.);
#2784=EDGE_CURVE('',#2139,#2145,#599,.T.);
#2797=EDGE_CURVE('',#2137,#2143,#603,.T.);
#2822=EDGE_CURVE('',#2055,#2061,#611,.T.);
#2824=EDGE_CURVE('',#2061,#2149,#615,.T.);
#2826=EDGE_CURVE('',#2149,#2151,#619,.T.);
#2828=EDGE_CURVE('',#2151,#2153,#623,.T.);
#2830=EDGE_CURVE('',#2153,#2054,#627,.T.);
#2841=EDGE_CURVE('',#2059,#2063,#647,.T.);
#2843=EDGE_CURVE('',#2061,#2063,#663,.T.);
#2855=EDGE_CURVE('',#2159,#2058,#631,.T.);
#2857=EDGE_CURVE('',#2157,#2159,#635,.T.);
#2859=EDGE_CURVE('',#2155,#2157,#639,.T.);
#2861=EDGE_CURVE('',#2063,#2155,#643,.T.);
#2874=EDGE_CURVE('',#2153,#2159,#651,.T.);
#2886=EDGE_CURVE('',#2151,#2157,#655,.T.);
#2899=EDGE_CURVE('',#2149,#2155,#659,.T.);
#2924=EDGE_CURVE('',#2067,#2073,#667,.T.);
#2926=EDGE_CURVE('',#2073,#2161,#671,.T.);
#2928=EDGE_CURVE('',#2161,#2163,#675,.T.);
#2930=EDGE_CURVE('',#2163,#2165,#679,.T.);
#2932=EDGE_CURVE('',#2165,#2066,#683,.T.);
#2943=EDGE_CURVE('',#2071,#2075,#703,.T.);
#2945=EDGE_CURVE('',#2073,#2075,#719,.T.);
#2957=EDGE_CURVE('',#2171,#2070,#687,.T.);
#2959=EDGE_CURVE('',#2169,#2171,#691,.T.);
#2961=EDGE_CURVE('',#2167,#2169,#695,.T.);
#2963=EDGE_CURVE('',#2075,#2167,#699,.T.);
#2976=EDGE_CURVE('',#2165,#2171,#707,.T.);
#2988=EDGE_CURVE('',#2163,#2169,#711,.T.);
#3001=EDGE_CURVE('',#2161,#2167,#715,.T.);
#3026=EDGE_CURVE('',#2079,#2085,#723,.T.);
#3028=EDGE_CURVE('',#2085,#2173,#727,.T.);
#3030=EDGE_CURVE('',#2173,#2175,#731,.T.);
#3032=EDGE_CURVE('',#2175,#2177,#735,.T.);
#3034=EDGE_CURVE('',#2177,#2078,#739,.T.);
#3045=EDGE_CURVE('',#2083,#2087,#759,.T.);
#3047=EDGE_CURVE('',#2085,#2087,#775,.T.);
#3059=EDGE_CURVE('',#2183,#2082,#743,.T.);
#3061=EDGE_CURVE('',#2181,#2183,#747,.T.);
#3063=EDGE_CURVE('',#2179,#2181,#751,.T.);
#3065=EDGE_CURVE('',#2087,#2179,#755,.T.);
#3078=EDGE_CURVE('',#2177,#2183,#763,.T.);
#3090=EDGE_CURVE('',#2175,#2181,#767,.T.);
#3103=EDGE_CURVE('',#2173,#2179,#771,.T.);
#3128=EDGE_CURVE('',#2091,#2097,#779,.T.);
#3130=EDGE_CURVE('',#2097,#2185,#783,.T.);
#3132=EDGE_CURVE('',#2185,#2187,#787,.T.);
#3134=EDGE_CURVE('',#2187,#2189,#791,.T.);
#3136=EDGE_CURVE('',#2189,#2090,#795,.T.);
#3147=EDGE_CURVE('',#2095,#2099,#815,.T.);
#3149=EDGE_CURVE('',#2097,#2099,#831,.T.);
#3161=EDGE_CURVE('',#2195,#2094,#799,.T.);
#3163=EDGE_CURVE('',#2193,#2195,#803,.T.);
#3165=EDGE_CURVE('',#2191,#2193,#807,.T.);
#3167=EDGE_CURVE('',#2099,#2191,#811,.T.);
#3180=EDGE_CURVE('',#2189,#2195,#819,.T.);
#3192=EDGE_CURVE('',#2187,#2193,#823,.T.);
#3205=EDGE_CURVE('',#2185,#2191,#827,.T.);
#3230=EDGE_CURVE('',#2103,#2109,#835,.T.);
#3232=EDGE_CURVE('',#2109,#2197,#839,.T.);
#3234=EDGE_CURVE('',#2197,#2199,#843,.T.);
#3236=EDGE_CURVE('',#2199,#2201,#847,.T.);
#3238=EDGE_CURVE('',#2201,#2102,#851,.T.);
#3249=EDGE_CURVE('',#2107,#2111,#871,.T.);
#3251=EDGE_CURVE('',#2109,#2111,#887,.T.);
#3263=EDGE_CURVE('',#2207,#2106,#855,.T.);
#3265=EDGE_CURVE('',#2205,#2207,#859,.T.);
#3267=EDGE_CURVE('',#2203,#2205,#863,.T.);
#3269=EDGE_CURVE('',#2111,#2203,#867,.T.);
#3282=EDGE_CURVE('',#2201,#2207,#875,.T.);
#3294=EDGE_CURVE('',#2199,#2205,#879,.T.);
#3307=EDGE_CURVE('',#2197,#2203,#883,.T.);
#3332=EDGE_CURVE('',#2115,#2121,#891,.T.);
#3334=EDGE_CURVE('',#2121,#2209,#895,.T.);
#3336=EDGE_CURVE('',#2209,#2211,#899,.T.);
#3338=EDGE_CURVE('',#2211,#2213,#903,.T.);
#3340=EDGE_CURVE('',#2213,#2114,#907,.T.);
#3351=EDGE_CURVE('',#2119,#2123,#927,.T.);
#3353=EDGE_CURVE('',#2121,#2123,#943,.T.);
#3365=EDGE_CURVE('',#2219,#2118,#911,.T.);
#3367=EDGE_CURVE('',#2217,#2219,#915,.T.);
#3369=EDGE_CURVE('',#2215,#2217,#919,.T.);
#3371=EDGE_CURVE('',#2123,#2215,#923,.T.);
#3384=EDGE_CURVE('',#2213,#2219,#931,.T.);
#3396=EDGE_CURVE('',#2211,#2217,#935,.T.);
#3409=EDGE_CURVE('',#2209,#2215,#939,.T.);
#3434=EDGE_CURVE('',#2127,#2133,#947,.T.);
#3436=EDGE_CURVE('',#2133,#2221,#951,.T.);
#3438=EDGE_CURVE('',#2221,#2223,#955,.T.);
#3440=EDGE_CURVE('',#2223,#2225,#959,.T.);
#3442=EDGE_CURVE('',#2225,#2126,#963,.T.);
#3453=EDGE_CURVE('',#2131,#2135,#983,.T.);
#3455=EDGE_CURVE('',#2133,#2135,#999,.T.);
#3467=EDGE_CURVE('',#2231,#2130,#967,.T.);
#3469=EDGE_CURVE('',#2229,#2231,#971,.T.);
#3471=EDGE_CURVE('',#2227,#2229,#975,.T.);
#3473=EDGE_CURVE('',#2135,#2227,#979,.T.);
#3486=EDGE_CURVE('',#2225,#2231,#987,.T.);
#3498=EDGE_CURVE('',#2223,#2229,#991,.T.);
#3511=EDGE_CURVE('',#2221,#2227,#995,.T.);
#3536=EDGE_CURVE('',#2275,#2258,#1003,.T.);
#3538=EDGE_CURVE('',#2258,#2259,#1007,.T.);
#3540=EDGE_CURVE('',#2259,#2261,#1011,.T.);
#3542=EDGE_CURVE('',#2261,#2263,#1015,.T.);
#3544=EDGE_CURVE('',#2263,#2274,#1019,.T.);
#3555=EDGE_CURVE('',#2279,#2266,#1039,.T.);
#3557=EDGE_CURVE('',#2258,#2266,#1055,.T.);
#3569=EDGE_CURVE('',#2271,#2278,#1023,.T.);
#3571=EDGE_CURVE('',#2269,#2271,#1027,.T.);
#3573=EDGE_CURVE('',#2267,#2269,#1031,.T.);
#3575=EDGE_CURVE('',#2266,#2267,#1035,.T.);
#3588=EDGE_CURVE('',#2263,#2271,#1043,.T.);
#3600=EDGE_CURVE('',#2261,#2269,#1047,.T.);
#3613=EDGE_CURVE('',#2259,#2267,#1051,.T.);
#3638=EDGE_CURVE('',#2323,#2306,#1059,.T.);
#3640=EDGE_CURVE('',#2306,#2307,#1063,.T.);
#3642=EDGE_CURVE('',#2307,#2309,#1067,.T.);
#3644=EDGE_CURVE('',#2309,#2311,#1071,.T.);
#3646=EDGE_CURVE('',#2311,#2322,#1075,.T.);
#3657=EDGE_CURVE('',#2327,#2314,#1095,.T.);
#3659=EDGE_CURVE('',#2306,#2314,#1111,.T.);
#3671=EDGE_CURVE('',#2319,#2326,#1079,.T.);
#3673=EDGE_CURVE('',#2317,#2319,#1083,.T.);
#3675=EDGE_CURVE('',#2315,#2317,#1087,.T.);
#3677=EDGE_CURVE('',#2314,#2315,#1091,.T.);
#3690=EDGE_CURVE('',#2311,#2319,#1099,.T.);
#3702=EDGE_CURVE('',#2309,#2317,#1103,.T.);
#3715=EDGE_CURVE('',#2307,#2315,#1107,.T.);
#3742=EDGE_CURVE('',#1799,#1823,#1115,.T.);
#3755=EDGE_CURVE('',#1797,#1821,#1119,.T.);
#3768=EDGE_CURVE('',#1795,#1819,#1123,.T.);
#3781=EDGE_CURVE('',#1793,#1817,#1127,.T.);
#3804=EDGE_CURVE('',#1805,#1829,#1139,.T.);
#3817=EDGE_CURVE('',#1807,#1831,#1143,.T.);
#3842=EDGE_CURVE('',#1842,#1850,#1147,.T.);
#3844=EDGE_CURVE('',#1842,#1843,#1151,.T.);
#3846=EDGE_CURVE('',#1843,#1851,#1171,.T.);
#3857=EDGE_CURVE('',#1847,#1855,#1155,.T.);
#3859=EDGE_CURVE('',#1847,#1842,#1159,.T.);
#3871=EDGE_CURVE('',#1845,#1853,#1163,.T.);
#3873=EDGE_CURVE('',#1845,#1847,#1167,.T.);
#3886=EDGE_CURVE('',#1843,#1845,#1175,.T.);
#3897=EDGE_CURVE('',#1835,#1837,#1195,.T.);
#3899=EDGE_CURVE('',#1837,#1845,#1207,.T.);
#3902=EDGE_CURVE('',#1835,#1843,#1179,.T.);
#3912=EDGE_CURVE('',#1834,#1835,#1183,.T.);
#3914=EDGE_CURVE('',#1839,#1834,#1187,.T.);
#3916=EDGE_CURVE('',#1837,#1839,#1191,.T.);
#3930=EDGE_CURVE('',#1834,#1842,#1199,.T.);
#3943=EDGE_CURVE('',#1839,#1847,#1203,.T.);
#3966=EDGE_CURVE('',#1866,#1874,#1211,.T.);
#3968=EDGE_CURVE('',#1866,#1867,#1215,.T.);
#3970=EDGE_CURVE('',#1867,#1875,#1235,.T.);
#3981=EDGE_CURVE('',#1871,#1879,#1219,.T.);
#3983=EDGE_CURVE('',#1871,#1866,#1223,.T.);
#3995=EDGE_CURVE('',#1869,#1877,#1227,.T.);
#3997=EDGE_CURVE('',#1869,#1871,#1231,.T.);
#4010=EDGE_CURVE('',#1867,#1869,#1239,.T.);
#4021=EDGE_CURVE('',#1859,#1861,#1259,.T.);
#4023=EDGE_CURVE('',#1861,#1869,#1271,.T.);
#4026=EDGE_CURVE('',#1859,#1867,#1243,.T.);
#4036=EDGE_CURVE('',#1858,#1859,#1247,.T.);
#4038=EDGE_CURVE('',#1863,#1858,#1251,.T.);
#4040=EDGE_CURVE('',#1861,#1863,#1255,.T.);
#4054=EDGE_CURVE('',#1858,#1866,#1263,.T.);
#4067=EDGE_CURVE('',#1863,#1871,#1267,.T.);
#4090=EDGE_CURVE('',#1890,#1898,#1275,.T.);
#4092=EDGE_CURVE('',#1890,#1891,#1279,.T.);
#4094=EDGE_CURVE('',#1891,#1899,#1299,.T.);
#4105=EDGE_CURVE('',#1895,#1903,#1283,.T.);
#4107=EDGE_CURVE('',#1895,#1890,#1287,.T.);
#4119=EDGE_CURVE('',#1893,#1901,#1291,.T.);
#4121=EDGE_CURVE('',#1893,#1895,#1295,.T.);
#4134=EDGE_CURVE('',#1891,#1893,#1303,.T.);
#4145=EDGE_CURVE('',#1883,#1885,#1323,.T.);
#4147=EDGE_CURVE('',#1885,#1893,#1335,.T.);
#4150=EDGE_CURVE('',#1883,#1891,#1307,.T.);
#4160=EDGE_CURVE('',#1882,#1883,#1311,.T.);
#4162=EDGE_CURVE('',#1887,#1882,#1315,.T.);
#4164=EDGE_CURVE('',#1885,#1887,#1319,.T.);
#4178=EDGE_CURVE('',#1882,#1890,#1327,.T.);
#4191=EDGE_CURVE('',#1887,#1895,#1331,.T.);
#4214=EDGE_CURVE('',#1914,#1922,#1339,.T.);
#4216=EDGE_CURVE('',#1914,#1915,#1343,.T.);
#4218=EDGE_CURVE('',#1915,#1923,#1363,.T.);
#4229=EDGE_CURVE('',#1919,#1927,#1347,.T.);
#4231=EDGE_CURVE('',#1919,#1914,#1351,.T.);
#4243=EDGE_CURVE('',#1917,#1925,#1355,.T.);
#4245=EDGE_CURVE('',#1917,#1919,#1359,.T.);
#4258=EDGE_CURVE('',#1915,#1917,#1367,.T.);
#4269=EDGE_CURVE('',#1907,#1909,#1387,.T.);
#4271=EDGE_CURVE('',#1909,#1917,#1399,.T.);
#4274=EDGE_CURVE('',#1907,#1915,#1371,.T.);
#4284=EDGE_CURVE('',#1906,#1907,#1375,.T.);
#4286=EDGE_CURVE('',#1911,#1906,#1379,.T.);
#4288=EDGE_CURVE('',#1909,#1911,#1383,.T.);
#4302=EDGE_CURVE('',#1906,#1914,#1391,.T.);
#4315=EDGE_CURVE('',#1911,#1919,#1395,.T.);
#4338=EDGE_CURVE('',#1938,#1946,#1403,.T.);
#4340=EDGE_CURVE('',#1938,#1939,#1407,.T.);
#4342=EDGE_CURVE('',#1939,#1947,#1427,.T.);
#4353=EDGE_CURVE('',#1943,#1951,#1411,.T.);
#4355=EDGE_CURVE('',#1943,#1938,#1415,.T.);
#4367=EDGE_CURVE('',#1941,#1949,#1419,.T.);
#4369=EDGE_CURVE('',#1941,#1943,#1423,.T.);
#4382=EDGE_CURVE('',#1939,#1941,#1431,.T.);
#4393=EDGE_CURVE('',#1931,#1933,#1451,.T.);
#4395=EDGE_CURVE('',#1933,#1941,#1463,.T.);
#4398=EDGE_CURVE('',#1931,#1939,#1435,.T.);
#4408=EDGE_CURVE('',#1930,#1931,#1439,.T.);
#4410=EDGE_CURVE('',#1935,#1930,#1443,.T.);
#4412=EDGE_CURVE('',#1933,#1935,#1447,.T.);
#4426=EDGE_CURVE('',#1930,#1938,#1455,.T.);
#4439=EDGE_CURVE('',#1935,#1943,#1459,.T.);
#4462=EDGE_CURVE('',#1962,#1970,#1467,.T.);
#4464=EDGE_CURVE('',#1962,#1963,#1471,.T.);
#4466=EDGE_CURVE('',#1963,#1971,#1491,.T.);
#4477=EDGE_CURVE('',#1967,#1975,#1475,.T.);
#4479=EDGE_CURVE('',#1967,#1962,#1479,.T.);
#4491=EDGE_CURVE('',#1965,#1973,#1483,.T.);
#4493=EDGE_CURVE('',#1965,#1967,#1487,.T.);
#4506=EDGE_CURVE('',#1963,#1965,#1495,.T.);
#4517=EDGE_CURVE('',#1955,#1957,#1515,.T.);
#4519=EDGE_CURVE('',#1957,#1965,#1527,.T.);
#4522=EDGE_CURVE('',#1955,#1963,#1499,.T.);
#4532=EDGE_CURVE('',#1954,#1955,#1503,.T.);
#4534=EDGE_CURVE('',#1959,#1954,#1507,.T.);
#4536=EDGE_CURVE('',#1957,#1959,#1511,.T.);
#4550=EDGE_CURVE('',#1954,#1962,#1519,.T.);
#4563=EDGE_CURVE('',#1959,#1967,#1523,.T.);
#4586=EDGE_CURVE('',#1986,#1994,#1531,.T.);
#4588=EDGE_CURVE('',#1986,#1987,#1535,.T.);
#4590=EDGE_CURVE('',#1987,#1995,#1555,.T.);
#4601=EDGE_CURVE('',#1991,#1999,#1539,.T.);
#4603=EDGE_CURVE('',#1991,#1986,#1543,.T.);
#4615=EDGE_CURVE('',#1989,#1997,#1547,.T.);
#4617=EDGE_CURVE('',#1989,#1991,#1551,.T.);
#4630=EDGE_CURVE('',#1987,#1989,#1559,.T.);
#4641=EDGE_CURVE('',#1979,#1981,#1579,.T.);
#4643=EDGE_CURVE('',#1981,#1989,#1591,.T.);
#4646=EDGE_CURVE('',#1979,#1987,#1563,.T.);
#4656=EDGE_CURVE('',#1978,#1979,#1567,.T.);
#4658=EDGE_CURVE('',#1983,#1978,#1571,.T.);
#4660=EDGE_CURVE('',#1981,#1983,#1575,.T.);
#4674=EDGE_CURVE('',#1978,#1986,#1583,.T.);
#4687=EDGE_CURVE('',#1983,#1991,#1587,.T.);
#4710=EDGE_CURVE('',#2010,#2018,#1595,.T.);
#4712=EDGE_CURVE('',#2010,#2011,#1599,.T.);
#4714=EDGE_CURVE('',#2011,#2019,#1619,.T.);
#4725=EDGE_CURVE('',#2015,#2023,#1603,.T.);
#4727=EDGE_CURVE('',#2015,#2010,#1607,.T.);
#4739=EDGE_CURVE('',#2013,#2021,#1611,.T.);
#4741=EDGE_CURVE('',#2013,#2015,#1615,.T.);
#4754=EDGE_CURVE('',#2011,#2013,#1623,.T.);
#4765=EDGE_CURVE('',#2003,#2005,#1643,.T.);
#4767=EDGE_CURVE('',#2005,#2013,#1655,.T.);
#4770=EDGE_CURVE('',#2003,#2011,#1627,.T.);
#4780=EDGE_CURVE('',#2002,#2003,#1631,.T.);
#4782=EDGE_CURVE('',#2007,#2002,#1635,.T.);
#4784=EDGE_CURVE('',#2005,#2007,#1639,.T.);
#4798=EDGE_CURVE('',#2002,#2010,#1647,.T.);
#4811=EDGE_CURVE('',#2007,#2015,#1651,.T.);
#4834=EDGE_CURVE('',#2242,#2250,#1659,.T.);
#4836=EDGE_CURVE('',#2242,#2243,#1663,.T.);
#4838=EDGE_CURVE('',#2243,#2251,#1683,.T.);
#4849=EDGE_CURVE('',#2247,#2255,#1667,.T.);
#4851=EDGE_CURVE('',#2247,#2242,#1671,.T.);
#4863=EDGE_CURVE('',#2245,#2253,#1675,.T.);
#4865=EDGE_CURVE('',#2245,#2247,#1679,.T.);
#4878=EDGE_CURVE('',#2243,#2245,#1687,.T.);
#4889=EDGE_CURVE('',#2235,#2237,#1707,.T.);
#4891=EDGE_CURVE('',#2237,#2245,#1719,.T.);
#4894=EDGE_CURVE('',#2235,#2243,#1691,.T.);
#4904=EDGE_CURVE('',#2234,#2235,#1695,.T.);
#4906=EDGE_CURVE('',#2239,#2234,#1699,.T.);
#4908=EDGE_CURVE('',#2237,#2239,#1703,.T.);
#4922=EDGE_CURVE('',#2234,#2242,#1711,.T.);
#4935=EDGE_CURVE('',#2239,#2247,#1715,.T.);
#4958=EDGE_CURVE('',#2290,#2298,#1723,.T.);
#4960=EDGE_CURVE('',#2290,#2291,#1727,.T.);
#4962=EDGE_CURVE('',#2291,#2299,#1747,.T.);
#4973=EDGE_CURVE('',#2295,#2303,#1731,.T.);
#4975=EDGE_CURVE('',#2295,#2290,#1735,.T.);
#4987=EDGE_CURVE('',#2293,#2301,#1739,.T.);
#4989=EDGE_CURVE('',#2293,#2295,#1743,.T.);
#5002=EDGE_CURVE('',#2291,#2293,#1751,.T.);
#5013=EDGE_CURVE('',#2283,#2285,#1771,.T.);
#5015=EDGE_CURVE('',#2285,#2293,#1783,.T.);
#5018=EDGE_CURVE('',#2283,#2291,#1755,.T.);
#5028=EDGE_CURVE('',#2282,#2283,#1759,.T.);
#5030=EDGE_CURVE('',#2287,#2282,#1763,.T.);
#5032=EDGE_CURVE('',#2285,#2287,#1767,.T.);
#5046=EDGE_CURVE('',#2282,#2290,#1775,.T.);
#5059=EDGE_CURVE('',#2287,#2295,#1779,.T.);
#5086=ADVANCED_BREP_SHAPE_REPRESENTATION('',(#5077),#5085);
#5093=PRODUCT_DEFINITION('design','',#5092,#5089);
#5094=PRODUCT_DEFINITION_SHAPE('','SHAPE FOR C-5-535541-8.',#5093);
#5095=SHAPE_REPRESENTATION('',(#5077),#5085);
#5096=SHAPE_ASPECT('','solid data associated with C-5-535541-8',#5094,.F.);
#5097=PROPERTY_DEFINITION('',
'shape for solid data with which properties are associated',#5096);
#5098=SHAPE_DEFINITION_REPRESENTATION(#5097,#5095);
#5103=PROPERTY_DEFINITION('geometric_validation_property',
'area of C-5-535541-8',#5096);
#5104=REPRESENTATION('surface area',(#5102),#5085);
#5105=PROPERTY_DEFINITION_REPRESENTATION(#5103,#5104);
#5110=PROPERTY_DEFINITION('geometric_validation_property',
'volume of C-5-535541-8',#5096);
#5111=REPRESENTATION('volume',(#5109),#5085);
#5112=PROPERTY_DEFINITION_REPRESENTATION(#5110,#5111);
#5114=PROPERTY_DEFINITION('geometric_validation_property',
'centroid of C-5-535541-8',#5096);
#5115=REPRESENTATION('centroid',(#5113),#5085);
#5116=PROPERTY_DEFINITION_REPRESENTATION(#5114,#5115);
#5117=SHAPE_DEFINITION_REPRESENTATION(#5094,#5086);
ENDSEC;
END-ISO-10303-21;
